plan,run_id,network,algorithm,policy,instance,provenance,result,logs
ablation_v1,ablation_ND_benders_basic,ND,benders_basic,proposed,research/runs/ablation_v1/ablation_ND_benders_basic/instance.json,research/runs/ablation_v1/ablation_ND_benders_basic/provenance.json,research/runs/ablation_v1/ablation_ND_benders_basic/result.json,research/runs/ablation_v1/ablation_ND_benders_basic/stage1.log | research/runs/ablation_v1/ablation_ND_benders_basic/stage2.log
ablation_v1,ablation_ND_benders_bounds,ND,benders_bounds,proposed,research/runs/ablation_v1/ablation_ND_benders_bounds/instance.json,research/runs/ablation_v1/ablation_ND_benders_bounds/provenance.json,research/runs/ablation_v1/ablation_ND_benders_bounds/result.json,research/runs/ablation_v1/ablation_ND_benders_bounds/stage1.log | research/runs/ablation_v1/ablation_ND_benders_bounds/stage2.log
ablation_v1,ablation_ND_benders_fractional,ND,benders_fractional,proposed,research/runs/ablation_v1/ablation_ND_benders_fractional/instance.json,research/runs/ablation_v1/ablation_ND_benders_fractional/provenance.json,research/runs/ablation_v1/ablation_ND_benders_fractional/result.json,research/runs/ablation_v1/ablation_ND_benders_fractional/stage1.log | research/runs/ablation_v1/ablation_ND_benders_fractional/stage2.log
ablation_v1,ablation_ND_benders_warm,ND,benders_warm,proposed,research/runs/ablation_v1/ablation_ND_benders_warm/instance.json,research/runs/ablation_v1/ablation_ND_benders_warm/provenance.json,research/runs/ablation_v1/ablation_ND_benders_warm/result.json,research/runs/ablation_v1/ablation_ND_benders_warm/stage1.log | research/runs/ablation_v1/ablation_ND_benders_warm/stage2.log
ablation_v1,ablation_ND_benders_flow,ND,benders_flow,proposed,research/runs/ablation_v1/ablation_ND_benders_flow/instance.json,research/runs/ablation_v1/ablation_ND_benders_flow/provenance.json,research/runs/ablation_v1/ablation_ND_benders_flow/result.json,research/runs/ablation_v1/ablation_ND_benders_flow/stage1.log | research/runs/ablation_v1/ablation_ND_benders_flow/stage2.log
ablation_v1,ablation_SF_benders_basic,SF,benders_basic,proposed,research/runs/ablation_v1/ablation_SF_benders_basic/instance.json,research/runs/ablation_v1/ablation_SF_benders_basic/provenance.json,research/runs/ablation_v1/ablation_SF_benders_basic/result.json,research/runs/ablation_v1/ablation_SF_benders_basic/stage1.log | research/runs/ablation_v1/ablation_SF_benders_basic/stage2.log
ablation_v1,ablation_SF_benders_bounds,SF,benders_bounds,proposed,research/runs/ablation_v1/ablation_SF_benders_bounds/instance.json,research/runs/ablation_v1/ablation_SF_benders_bounds/provenance.json,research/runs/ablation_v1/ablation_SF_benders_bounds/result.json,research/runs/ablation_v1/ablation_SF_benders_bounds/stage1.log | research/runs/ablation_v1/ablation_SF_benders_bounds/stage2.log
ablation_v1,ablation_SF_benders_fractional,SF,benders_fractional,proposed,research/runs/ablation_v1/ablation_SF_benders_fractional/instance.json,research/runs/ablation_v1/ablation_SF_benders_fractional/provenance.json,research/runs/ablation_v1/ablation_SF_benders_fractional/result.json,research/runs/ablation_v1/ablation_SF_benders_fractional/stage1.log | research/runs/ablation_v1/ablation_SF_benders_fractional/stage2.log
ablation_v1,ablation_SF_benders_warm,SF,benders_warm,proposed,research/runs/ablation_v1/ablation_SF_benders_warm/instance.json,research/runs/ablation_v1/ablation_SF_benders_warm/provenance.json,research/runs/ablation_v1/ablation_SF_benders_warm/result.json,research/runs/ablation_v1/ablation_SF_benders_warm/stage1.log | research/runs/ablation_v1/ablation_SF_benders_warm/stage2.log
ablation_v1,ablation_SF_benders_flow,SF,benders_flow,proposed,research/runs/ablation_v1/ablation_SF_benders_flow/instance.json,research/runs/ablation_v1/ablation_SF_benders_flow/provenance.json,research/runs/ablation_v1/ablation_SF_benders_flow/result.json,research/runs/ablation_v1/ablation_SF_benders_flow/stage1.log | research/runs/ablation_v1/ablation_SF_benders_flow/stage2.log
ablation_v1,ablation_Anaheim_benders_basic,Anaheim,benders_basic,proposed,research/runs/ablation_v1/ablation_Anaheim_benders_basic/instance.json,research/runs/ablation_v1/ablation_Anaheim_benders_basic/provenance.json,research/runs/ablation_v1/ablation_Anaheim_benders_basic/result.json,research/runs/ablation_v1/ablation_Anaheim_benders_basic/stage1.log | research/runs/ablation_v1/ablation_Anaheim_benders_basic/stage2.log
ablation_v1,ablation_Anaheim_benders_bounds,Anaheim,benders_bounds,proposed,research/runs/ablation_v1/ablation_Anaheim_benders_bounds/instance.json,research/runs/ablation_v1/ablation_Anaheim_benders_bounds/provenance.json,research/runs/ablation_v1/ablation_Anaheim_benders_bounds/result.json,research/runs/ablation_v1/ablation_Anaheim_benders_bounds/stage1.log | research/runs/ablation_v1/ablation_Anaheim_benders_bounds/stage2.log
ablation_v1,ablation_Anaheim_benders_fractional,Anaheim,benders_fractional,proposed,research/runs/ablation_v1/ablation_Anaheim_benders_fractional/instance.json,research/runs/ablation_v1/ablation_Anaheim_benders_fractional/provenance.json,research/runs/ablation_v1/ablation_Anaheim_benders_fractional/result.json,research/runs/ablation_v1/ablation_Anaheim_benders_fractional/stage1.log | research/runs/ablation_v1/ablation_Anaheim_benders_fractional/stage2.log
ablation_v1,ablation_Anaheim_benders_warm,Anaheim,benders_warm,proposed,research/runs/ablation_v1/ablation_Anaheim_benders_warm/instance.json,research/runs/ablation_v1/ablation_Anaheim_benders_warm/provenance.json,research/runs/ablation_v1/ablation_Anaheim_benders_warm/result.json,research/runs/ablation_v1/ablation_Anaheim_benders_warm/stage1.log | research/runs/ablation_v1/ablation_Anaheim_benders_warm/stage2.log
ablation_v1,ablation_Anaheim_benders_flow,Anaheim,benders_flow,proposed,research/runs/ablation_v1/ablation_Anaheim_benders_flow/instance.json,research/runs/ablation_v1/ablation_Anaheim_benders_flow/provenance.json,research/runs/ablation_v1/ablation_Anaheim_benders_flow/result.json,research/runs/ablation_v1/ablation_Anaheim_benders_flow/stage1.log | research/runs/ablation_v1/ablation_Anaheim_benders_flow/stage2.log
ablation_v1,ablation_Winnipeg_benders_basic,Winnipeg,benders_basic,proposed,research/runs/ablation_v1/ablation_Winnipeg_benders_basic/instance.json,research/runs/ablation_v1/ablation_Winnipeg_benders_basic/provenance.json,research/runs/ablation_v1/ablation_Winnipeg_benders_basic/result.json,research/runs/ablation_v1/ablation_Winnipeg_benders_basic/stage1.log | research/runs/ablation_v1/ablation_Winnipeg_benders_basic/stage2.log
ablation_v1,ablation_Winnipeg_benders_bounds,Winnipeg,benders_bounds,proposed,research/runs/ablation_v1/ablation_Winnipeg_benders_bounds/instance.json,research/runs/ablation_v1/ablation_Winnipeg_benders_bounds/provenance.json,research/runs/ablation_v1/ablation_Winnipeg_benders_bounds/result.json,research/runs/ablation_v1/ablation_Winnipeg_benders_bounds/stage1.log | research/runs/ablation_v1/ablation_Winnipeg_benders_bounds/stage2.log
ablation_v1,ablation_Winnipeg_benders_fractional,Winnipeg,benders_fractional,proposed,research/runs/ablation_v1/ablation_Winnipeg_benders_fractional/instance.json,research/runs/ablation_v1/ablation_Winnipeg_benders_fractional/provenance.json,research/runs/ablation_v1/ablation_Winnipeg_benders_fractional/result.json,research/runs/ablation_v1/ablation_Winnipeg_benders_fractional/stage1.log | research/runs/ablation_v1/ablation_Winnipeg_benders_fractional/stage2.log
ablation_v1,ablation_Winnipeg_benders_warm,Winnipeg,benders_warm,proposed,research/runs/ablation_v1/ablation_Winnipeg_benders_warm/instance.json,research/runs/ablation_v1/ablation_Winnipeg_benders_warm/provenance.json,research/runs/ablation_v1/ablation_Winnipeg_benders_warm/result.json,research/runs/ablation_v1/ablation_Winnipeg_benders_warm/stage1.log | research/runs/ablation_v1/ablation_Winnipeg_benders_warm/stage2.log
ablation_v1,ablation_Winnipeg_benders_flow,Winnipeg,benders_flow,proposed,research/runs/ablation_v1/ablation_Winnipeg_benders_flow/instance.json,research/runs/ablation_v1/ablation_Winnipeg_benders_flow/provenance.json,research/runs/ablation_v1/ablation_Winnipeg_benders_flow/result.json,research/runs/ablation_v1/ablation_Winnipeg_benders_flow/stage1.log | research/runs/ablation_v1/ablation_Winnipeg_benders_flow/stage2.log
assistance_v1,aid_ND_shared_r1,ND,benders_flow,proposed,research/runs/assistance_v1/aid_ND_shared_r1/instance.json,research/runs/assistance_v1/aid_ND_shared_r1/provenance.json,research/runs/assistance_v1/aid_ND_shared_r1/result.json,research/runs/assistance_v1/aid_ND_shared_r1/stage1.log | research/runs/assistance_v1/aid_ND_shared_r1/stage2.log
assistance_v1,aid_ND_beta0.1_r1,ND,benders_flow,proposed,research/runs/assistance_v1/aid_ND_beta0.1_r1/instance.json,research/runs/assistance_v1/aid_ND_beta0.1_r1/provenance.json,research/runs/assistance_v1/aid_ND_beta0.1_r1/result.json,research/runs/assistance_v1/aid_ND_beta0.1_r1/stage1.log | research/runs/assistance_v1/aid_ND_beta0.1_r1/stage2.log
assistance_v1,aid_ND_beta0.2_r1,ND,benders_flow,proposed,research/runs/assistance_v1/aid_ND_beta0.2_r1/instance.json,research/runs/assistance_v1/aid_ND_beta0.2_r1/provenance.json,research/runs/assistance_v1/aid_ND_beta0.2_r1/result.json,research/runs/assistance_v1/aid_ND_beta0.2_r1/stage1.log | research/runs/assistance_v1/aid_ND_beta0.2_r1/stage2.log
assistance_v1,aid_ND_beta0.35_r1,ND,benders_flow,proposed,research/runs/assistance_v1/aid_ND_beta0.35_r1/instance.json,research/runs/assistance_v1/aid_ND_beta0.35_r1/provenance.json,research/runs/assistance_v1/aid_ND_beta0.35_r1/result.json,research/runs/assistance_v1/aid_ND_beta0.35_r1/stage1.log | research/runs/assistance_v1/aid_ND_beta0.35_r1/stage2.log
assistance_v1,aid_ND_beta0.8_r1,ND,benders_flow,proposed,research/runs/assistance_v1/aid_ND_beta0.8_r1/instance.json,research/runs/assistance_v1/aid_ND_beta0.8_r1/provenance.json,research/runs/assistance_v1/aid_ND_beta0.8_r1/result.json,research/runs/assistance_v1/aid_ND_beta0.8_r1/stage1.log | research/runs/assistance_v1/aid_ND_beta0.8_r1/stage2.log
assistance_v1,aid_ND_shared_r2,ND,benders_flow,proposed,research/runs/assistance_v1/aid_ND_shared_r2/instance.json,research/runs/assistance_v1/aid_ND_shared_r2/provenance.json,research/runs/assistance_v1/aid_ND_shared_r2/result.json,research/runs/assistance_v1/aid_ND_shared_r2/stage1.log | research/runs/assistance_v1/aid_ND_shared_r2/stage2.log
assistance_v1,aid_ND_beta0.1_r2,ND,benders_flow,proposed,research/runs/assistance_v1/aid_ND_beta0.1_r2/instance.json,research/runs/assistance_v1/aid_ND_beta0.1_r2/provenance.json,research/runs/assistance_v1/aid_ND_beta0.1_r2/result.json,research/runs/assistance_v1/aid_ND_beta0.1_r2/stage1.log | research/runs/assistance_v1/aid_ND_beta0.1_r2/stage2.log
assistance_v1,aid_ND_beta0.2_r2,ND,benders_flow,proposed,research/runs/assistance_v1/aid_ND_beta0.2_r2/instance.json,research/runs/assistance_v1/aid_ND_beta0.2_r2/provenance.json,research/runs/assistance_v1/aid_ND_beta0.2_r2/result.json,research/runs/assistance_v1/aid_ND_beta0.2_r2/stage1.log | research/runs/assistance_v1/aid_ND_beta0.2_r2/stage2.log
assistance_v1,aid_ND_beta0.35_r2,ND,benders_flow,proposed,research/runs/assistance_v1/aid_ND_beta0.35_r2/instance.json,research/runs/assistance_v1/aid_ND_beta0.35_r2/provenance.json,research/runs/assistance_v1/aid_ND_beta0.35_r2/result.json,research/runs/assistance_v1/aid_ND_beta0.35_r2/stage1.log | research/runs/assistance_v1/aid_ND_beta0.35_r2/stage2.log
assistance_v1,aid_ND_beta0.8_r2,ND,benders_flow,proposed,research/runs/assistance_v1/aid_ND_beta0.8_r2/instance.json,research/runs/assistance_v1/aid_ND_beta0.8_r2/provenance.json,research/runs/assistance_v1/aid_ND_beta0.8_r2/result.json,research/runs/assistance_v1/aid_ND_beta0.8_r2/stage1.log | research/runs/assistance_v1/aid_ND_beta0.8_r2/stage2.log
assistance_v1,aid_ND_shared_r3,ND,benders_flow,proposed,research/runs/assistance_v1/aid_ND_shared_r3/instance.json,research/runs/assistance_v1/aid_ND_shared_r3/provenance.json,research/runs/assistance_v1/aid_ND_shared_r3/result.json,research/runs/assistance_v1/aid_ND_shared_r3/stage1.log | research/runs/assistance_v1/aid_ND_shared_r3/stage2.log
assistance_v1,aid_ND_beta0.1_r3,ND,benders_flow,proposed,research/runs/assistance_v1/aid_ND_beta0.1_r3/instance.json,research/runs/assistance_v1/aid_ND_beta0.1_r3/provenance.json,research/runs/assistance_v1/aid_ND_beta0.1_r3/result.json,research/runs/assistance_v1/aid_ND_beta0.1_r3/stage1.log | research/runs/assistance_v1/aid_ND_beta0.1_r3/stage2.log
assistance_v1,aid_ND_beta0.2_r3,ND,benders_flow,proposed,research/runs/assistance_v1/aid_ND_beta0.2_r3/instance.json,research/runs/assistance_v1/aid_ND_beta0.2_r3/provenance.json,research/runs/assistance_v1/aid_ND_beta0.2_r3/result.json,research/runs/assistance_v1/aid_ND_beta0.2_r3/stage1.log | research/runs/assistance_v1/aid_ND_beta0.2_r3/stage2.log
assistance_v1,aid_ND_beta0.35_r3,ND,benders_flow,proposed,research/runs/assistance_v1/aid_ND_beta0.35_r3/instance.json,research/runs/assistance_v1/aid_ND_beta0.35_r3/provenance.json,research/runs/assistance_v1/aid_ND_beta0.35_r3/result.json,research/runs/assistance_v1/aid_ND_beta0.35_r3/stage1.log | research/runs/assistance_v1/aid_ND_beta0.35_r3/stage2.log
assistance_v1,aid_ND_beta0.8_r3,ND,benders_flow,proposed,research/runs/assistance_v1/aid_ND_beta0.8_r3/instance.json,research/runs/assistance_v1/aid_ND_beta0.8_r3/provenance.json,research/runs/assistance_v1/aid_ND_beta0.8_r3/result.json,research/runs/assistance_v1/aid_ND_beta0.8_r3/stage1.log | research/runs/assistance_v1/aid_ND_beta0.8_r3/stage2.log
assistance_v1,aid_SF_shared_r1,SF,benders_flow,proposed,research/runs/assistance_v1/aid_SF_shared_r1/instance.json,research/runs/assistance_v1/aid_SF_shared_r1/provenance.json,research/runs/assistance_v1/aid_SF_shared_r1/result.json,research/runs/assistance_v1/aid_SF_shared_r1/stage1.log | research/runs/assistance_v1/aid_SF_shared_r1/stage2.log
assistance_v1,aid_SF_beta0.1_r1,SF,benders_flow,proposed,research/runs/assistance_v1/aid_SF_beta0.1_r1/instance.json,research/runs/assistance_v1/aid_SF_beta0.1_r1/provenance.json,research/runs/assistance_v1/aid_SF_beta0.1_r1/result.json,research/runs/assistance_v1/aid_SF_beta0.1_r1/stage1.log | research/runs/assistance_v1/aid_SF_beta0.1_r1/stage2.log
assistance_v1,aid_SF_beta0.2_r1,SF,benders_flow,proposed,research/runs/assistance_v1/aid_SF_beta0.2_r1/instance.json,research/runs/assistance_v1/aid_SF_beta0.2_r1/provenance.json,research/runs/assistance_v1/aid_SF_beta0.2_r1/result.json,research/runs/assistance_v1/aid_SF_beta0.2_r1/stage1.log | research/runs/assistance_v1/aid_SF_beta0.2_r1/stage2.log
assistance_v1,aid_SF_beta0.35_r1,SF,benders_flow,proposed,research/runs/assistance_v1/aid_SF_beta0.35_r1/instance.json,research/runs/assistance_v1/aid_SF_beta0.35_r1/provenance.json,research/runs/assistance_v1/aid_SF_beta0.35_r1/result.json,research/runs/assistance_v1/aid_SF_beta0.35_r1/stage1.log | research/runs/assistance_v1/aid_SF_beta0.35_r1/stage2.log
assistance_v1,aid_SF_beta0.8_r1,SF,benders_flow,proposed,research/runs/assistance_v1/aid_SF_beta0.8_r1/instance.json,research/runs/assistance_v1/aid_SF_beta0.8_r1/provenance.json,research/runs/assistance_v1/aid_SF_beta0.8_r1/result.json,research/runs/assistance_v1/aid_SF_beta0.8_r1/stage1.log | research/runs/assistance_v1/aid_SF_beta0.8_r1/stage2.log
assistance_v1,aid_SF_shared_r2,SF,benders_flow,proposed,research/runs/assistance_v1/aid_SF_shared_r2/instance.json,research/runs/assistance_v1/aid_SF_shared_r2/provenance.json,research/runs/assistance_v1/aid_SF_shared_r2/result.json,research/runs/assistance_v1/aid_SF_shared_r2/stage1.log | research/runs/assistance_v1/aid_SF_shared_r2/stage2.log
assistance_v1,aid_SF_beta0.1_r2,SF,benders_flow,proposed,research/runs/assistance_v1/aid_SF_beta0.1_r2/instance.json,research/runs/assistance_v1/aid_SF_beta0.1_r2/provenance.json,research/runs/assistance_v1/aid_SF_beta0.1_r2/result.json,research/runs/assistance_v1/aid_SF_beta0.1_r2/stage1.log | research/runs/assistance_v1/aid_SF_beta0.1_r2/stage2.log
assistance_v1,aid_SF_beta0.2_r2,SF,benders_flow,proposed,research/runs/assistance_v1/aid_SF_beta0.2_r2/instance.json,research/runs/assistance_v1/aid_SF_beta0.2_r2/provenance.json,research/runs/assistance_v1/aid_SF_beta0.2_r2/result.json,research/runs/assistance_v1/aid_SF_beta0.2_r2/stage1.log | research/runs/assistance_v1/aid_SF_beta0.2_r2/stage2.log
assistance_v1,aid_SF_beta0.35_r2,SF,benders_flow,proposed,research/runs/assistance_v1/aid_SF_beta0.35_r2/instance.json,research/runs/assistance_v1/aid_SF_beta0.35_r2/provenance.json,research/runs/assistance_v1/aid_SF_beta0.35_r2/result.json,research/runs/assistance_v1/aid_SF_beta0.35_r2/stage1.log | research/runs/assistance_v1/aid_SF_beta0.35_r2/stage2.log
assistance_v1,aid_SF_beta0.8_r2,SF,benders_flow,proposed,research/runs/assistance_v1/aid_SF_beta0.8_r2/instance.json,research/runs/assistance_v1/aid_SF_beta0.8_r2/provenance.json,research/runs/assistance_v1/aid_SF_beta0.8_r2/result.json,research/runs/assistance_v1/aid_SF_beta0.8_r2/stage1.log | research/runs/assistance_v1/aid_SF_beta0.8_r2/stage2.log
assistance_v1,aid_SF_shared_r3,SF,benders_flow,proposed,research/runs/assistance_v1/aid_SF_shared_r3/instance.json,research/runs/assistance_v1/aid_SF_shared_r3/provenance.json,research/runs/assistance_v1/aid_SF_shared_r3/result.json,research/runs/assistance_v1/aid_SF_shared_r3/stage1.log | research/runs/assistance_v1/aid_SF_shared_r3/stage2.log
assistance_v1,aid_SF_beta0.1_r3,SF,benders_flow,proposed,research/runs/assistance_v1/aid_SF_beta0.1_r3/instance.json,research/runs/assistance_v1/aid_SF_beta0.1_r3/provenance.json,research/runs/assistance_v1/aid_SF_beta0.1_r3/result.json,research/runs/assistance_v1/aid_SF_beta0.1_r3/stage1.log | research/runs/assistance_v1/aid_SF_beta0.1_r3/stage2.log
assistance_v1,aid_SF_beta0.2_r3,SF,benders_flow,proposed,research/runs/assistance_v1/aid_SF_beta0.2_r3/instance.json,research/runs/assistance_v1/aid_SF_beta0.2_r3/provenance.json,research/runs/assistance_v1/aid_SF_beta0.2_r3/result.json,research/runs/assistance_v1/aid_SF_beta0.2_r3/stage1.log | research/runs/assistance_v1/aid_SF_beta0.2_r3/stage2.log
assistance_v1,aid_SF_beta0.35_r3,SF,benders_flow,proposed,research/runs/assistance_v1/aid_SF_beta0.35_r3/instance.json,research/runs/assistance_v1/aid_SF_beta0.35_r3/provenance.json,research/runs/assistance_v1/aid_SF_beta0.35_r3/result.json,research/runs/assistance_v1/aid_SF_beta0.35_r3/stage1.log | research/runs/assistance_v1/aid_SF_beta0.35_r3/stage2.log
assistance_v1,aid_SF_beta0.8_r3,SF,benders_flow,proposed,research/runs/assistance_v1/aid_SF_beta0.8_r3/instance.json,research/runs/assistance_v1/aid_SF_beta0.8_r3/provenance.json,research/runs/assistance_v1/aid_SF_beta0.8_r3/result.json,research/runs/assistance_v1/aid_SF_beta0.8_r3/stage1.log | research/runs/assistance_v1/aid_SF_beta0.8_r3/stage2.log
assistance_v1,aid_Anaheim_shared_r1,Anaheim,benders_flow,proposed,research/runs/assistance_v1/aid_Anaheim_shared_r1/instance.json,research/runs/assistance_v1/aid_Anaheim_shared_r1/provenance.json,research/runs/assistance_v1/aid_Anaheim_shared_r1/result.json,research/runs/assistance_v1/aid_Anaheim_shared_r1/stage1.log | research/runs/assistance_v1/aid_Anaheim_shared_r1/stage2.log
assistance_v1,aid_Anaheim_beta0.1_r1,Anaheim,benders_flow,proposed,research/runs/assistance_v1/aid_Anaheim_beta0.1_r1/instance.json,research/runs/assistance_v1/aid_Anaheim_beta0.1_r1/provenance.json,research/runs/assistance_v1/aid_Anaheim_beta0.1_r1/result.json,research/runs/assistance_v1/aid_Anaheim_beta0.1_r1/stage1.log | research/runs/assistance_v1/aid_Anaheim_beta0.1_r1/stage2.log
assistance_v1,aid_Anaheim_beta0.2_r1,Anaheim,benders_flow,proposed,research/runs/assistance_v1/aid_Anaheim_beta0.2_r1/instance.json,research/runs/assistance_v1/aid_Anaheim_beta0.2_r1/provenance.json,research/runs/assistance_v1/aid_Anaheim_beta0.2_r1/result.json,research/runs/assistance_v1/aid_Anaheim_beta0.2_r1/stage1.log | research/runs/assistance_v1/aid_Anaheim_beta0.2_r1/stage2.log
assistance_v1,aid_Anaheim_beta0.35_r1,Anaheim,benders_flow,proposed,research/runs/assistance_v1/aid_Anaheim_beta0.35_r1/instance.json,research/runs/assistance_v1/aid_Anaheim_beta0.35_r1/provenance.json,research/runs/assistance_v1/aid_Anaheim_beta0.35_r1/result.json,research/runs/assistance_v1/aid_Anaheim_beta0.35_r1/stage1.log | research/runs/assistance_v1/aid_Anaheim_beta0.35_r1/stage2.log
assistance_v1,aid_Anaheim_beta0.8_r1,Anaheim,benders_flow,proposed,research/runs/assistance_v1/aid_Anaheim_beta0.8_r1/instance.json,research/runs/assistance_v1/aid_Anaheim_beta0.8_r1/provenance.json,research/runs/assistance_v1/aid_Anaheim_beta0.8_r1/result.json,research/runs/assistance_v1/aid_Anaheim_beta0.8_r1/stage1.log | research/runs/assistance_v1/aid_Anaheim_beta0.8_r1/stage2.log
assistance_v1,aid_Anaheim_shared_r2,Anaheim,benders_flow,proposed,research/runs/assistance_v1/aid_Anaheim_shared_r2/instance.json,research/runs/assistance_v1/aid_Anaheim_shared_r2/provenance.json,research/runs/assistance_v1/aid_Anaheim_shared_r2/result.json,research/runs/assistance_v1/aid_Anaheim_shared_r2/stage1.log | research/runs/assistance_v1/aid_Anaheim_shared_r2/stage2.log
assistance_v1,aid_Anaheim_beta0.1_r2,Anaheim,benders_flow,proposed,research/runs/assistance_v1/aid_Anaheim_beta0.1_r2/instance.json,research/runs/assistance_v1/aid_Anaheim_beta0.1_r2/provenance.json,research/runs/assistance_v1/aid_Anaheim_beta0.1_r2/result.json,research/runs/assistance_v1/aid_Anaheim_beta0.1_r2/stage1.log | research/runs/assistance_v1/aid_Anaheim_beta0.1_r2/stage2.log
assistance_v1,aid_Anaheim_beta0.2_r2,Anaheim,benders_flow,proposed,research/runs/assistance_v1/aid_Anaheim_beta0.2_r2/instance.json,research/runs/assistance_v1/aid_Anaheim_beta0.2_r2/provenance.json,research/runs/assistance_v1/aid_Anaheim_beta0.2_r2/result.json,research/runs/assistance_v1/aid_Anaheim_beta0.2_r2/stage1.log | research/runs/assistance_v1/aid_Anaheim_beta0.2_r2/stage2.log
assistance_v1,aid_Anaheim_beta0.35_r2,Anaheim,benders_flow,proposed,research/runs/assistance_v1/aid_Anaheim_beta0.35_r2/instance.json,research/runs/assistance_v1/aid_Anaheim_beta0.35_r2/provenance.json,research/runs/assistance_v1/aid_Anaheim_beta0.35_r2/result.json,research/runs/assistance_v1/aid_Anaheim_beta0.35_r2/stage1.log | research/runs/assistance_v1/aid_Anaheim_beta0.35_r2/stage2.log
assistance_v1,aid_Anaheim_beta0.8_r2,Anaheim,benders_flow,proposed,research/runs/assistance_v1/aid_Anaheim_beta0.8_r2/instance.json,research/runs/assistance_v1/aid_Anaheim_beta0.8_r2/provenance.json,research/runs/assistance_v1/aid_Anaheim_beta0.8_r2/result.json,research/runs/assistance_v1/aid_Anaheim_beta0.8_r2/stage1.log | research/runs/assistance_v1/aid_Anaheim_beta0.8_r2/stage2.log
assistance_v1,aid_Anaheim_shared_r3,Anaheim,benders_flow,proposed,research/runs/assistance_v1/aid_Anaheim_shared_r3/instance.json,research/runs/assistance_v1/aid_Anaheim_shared_r3/provenance.json,research/runs/assistance_v1/aid_Anaheim_shared_r3/result.json,research/runs/assistance_v1/aid_Anaheim_shared_r3/stage1.log | research/runs/assistance_v1/aid_Anaheim_shared_r3/stage2.log
assistance_v1,aid_Anaheim_beta0.1_r3,Anaheim,benders_flow,proposed,research/runs/assistance_v1/aid_Anaheim_beta0.1_r3/instance.json,research/runs/assistance_v1/aid_Anaheim_beta0.1_r3/provenance.json,research/runs/assistance_v1/aid_Anaheim_beta0.1_r3/result.json,research/runs/assistance_v1/aid_Anaheim_beta0.1_r3/stage1.log | research/runs/assistance_v1/aid_Anaheim_beta0.1_r3/stage2.log
assistance_v1,aid_Anaheim_beta0.2_r3,Anaheim,benders_flow,proposed,research/runs/assistance_v1/aid_Anaheim_beta0.2_r3/instance.json,research/runs/assistance_v1/aid_Anaheim_beta0.2_r3/provenance.json,research/runs/assistance_v1/aid_Anaheim_beta0.2_r3/result.json,research/runs/assistance_v1/aid_Anaheim_beta0.2_r3/stage1.log | research/runs/assistance_v1/aid_Anaheim_beta0.2_r3/stage2.log
assistance_v1,aid_Anaheim_beta0.35_r3,Anaheim,benders_flow,proposed,research/runs/assistance_v1/aid_Anaheim_beta0.35_r3/instance.json,research/runs/assistance_v1/aid_Anaheim_beta0.35_r3/provenance.json,research/runs/assistance_v1/aid_Anaheim_beta0.35_r3/result.json,research/runs/assistance_v1/aid_Anaheim_beta0.35_r3/stage1.log | research/runs/assistance_v1/aid_Anaheim_beta0.35_r3/stage2.log
assistance_v1,aid_Anaheim_beta0.8_r3,Anaheim,benders_flow,proposed,research/runs/assistance_v1/aid_Anaheim_beta0.8_r3/instance.json,research/runs/assistance_v1/aid_Anaheim_beta0.8_r3/provenance.json,research/runs/assistance_v1/aid_Anaheim_beta0.8_r3/result.json,research/runs/assistance_v1/aid_Anaheim_beta0.8_r3/stage1.log | research/runs/assistance_v1/aid_Anaheim_beta0.8_r3/stage2.log
assistance_v1,aid_Winnipeg_shared_r1,Winnipeg,benders_flow,proposed,research/runs/assistance_v1/aid_Winnipeg_shared_r1/instance.json,research/runs/assistance_v1/aid_Winnipeg_shared_r1/provenance.json,research/runs/assistance_v1/aid_Winnipeg_shared_r1/result.json,research/runs/assistance_v1/aid_Winnipeg_shared_r1/stage1.log | research/runs/assistance_v1/aid_Winnipeg_shared_r1/stage2.log
assistance_v1,aid_Winnipeg_beta0.1_r1,Winnipeg,benders_flow,proposed,research/runs/assistance_v1/aid_Winnipeg_beta0.1_r1/instance.json,research/runs/assistance_v1/aid_Winnipeg_beta0.1_r1/provenance.json,research/runs/assistance_v1/aid_Winnipeg_beta0.1_r1/result.json,research/runs/assistance_v1/aid_Winnipeg_beta0.1_r1/stage1.log | research/runs/assistance_v1/aid_Winnipeg_beta0.1_r1/stage2.log
assistance_v1,aid_Winnipeg_beta0.2_r1,Winnipeg,benders_flow,proposed,research/runs/assistance_v1/aid_Winnipeg_beta0.2_r1/instance.json,research/runs/assistance_v1/aid_Winnipeg_beta0.2_r1/provenance.json,research/runs/assistance_v1/aid_Winnipeg_beta0.2_r1/result.json,research/runs/assistance_v1/aid_Winnipeg_beta0.2_r1/stage1.log | research/runs/assistance_v1/aid_Winnipeg_beta0.2_r1/stage2.log
assistance_v1,aid_Winnipeg_beta0.35_r1,Winnipeg,benders_flow,proposed,research/runs/assistance_v1/aid_Winnipeg_beta0.35_r1/instance.json,research/runs/assistance_v1/aid_Winnipeg_beta0.35_r1/provenance.json,research/runs/assistance_v1/aid_Winnipeg_beta0.35_r1/result.json,research/runs/assistance_v1/aid_Winnipeg_beta0.35_r1/stage1.log | research/runs/assistance_v1/aid_Winnipeg_beta0.35_r1/stage2.log
assistance_v1,aid_Winnipeg_beta0.8_r1,Winnipeg,benders_flow,proposed,research/runs/assistance_v1/aid_Winnipeg_beta0.8_r1/instance.json,research/runs/assistance_v1/aid_Winnipeg_beta0.8_r1/provenance.json,research/runs/assistance_v1/aid_Winnipeg_beta0.8_r1/result.json,research/runs/assistance_v1/aid_Winnipeg_beta0.8_r1/stage1.log | research/runs/assistance_v1/aid_Winnipeg_beta0.8_r1/stage2.log
assistance_v1,aid_Winnipeg_shared_r2,Winnipeg,benders_flow,proposed,research/runs/assistance_v1/aid_Winnipeg_shared_r2/instance.json,research/runs/assistance_v1/aid_Winnipeg_shared_r2/provenance.json,research/runs/assistance_v1/aid_Winnipeg_shared_r2/result.json,research/runs/assistance_v1/aid_Winnipeg_shared_r2/stage1.log | research/runs/assistance_v1/aid_Winnipeg_shared_r2/stage2.log
assistance_v1,aid_Winnipeg_beta0.1_r2,Winnipeg,benders_flow,proposed,research/runs/assistance_v1/aid_Winnipeg_beta0.1_r2/instance.json,research/runs/assistance_v1/aid_Winnipeg_beta0.1_r2/provenance.json,research/runs/assistance_v1/aid_Winnipeg_beta0.1_r2/result.json,research/runs/assistance_v1/aid_Winnipeg_beta0.1_r2/stage1.log | research/runs/assistance_v1/aid_Winnipeg_beta0.1_r2/stage2.log
assistance_v1,aid_Winnipeg_beta0.2_r2,Winnipeg,benders_flow,proposed,research/runs/assistance_v1/aid_Winnipeg_beta0.2_r2/instance.json,research/runs/assistance_v1/aid_Winnipeg_beta0.2_r2/provenance.json,research/runs/assistance_v1/aid_Winnipeg_beta0.2_r2/result.json,research/runs/assistance_v1/aid_Winnipeg_beta0.2_r2/stage1.log | research/runs/assistance_v1/aid_Winnipeg_beta0.2_r2/stage2.log
assistance_v1,aid_Winnipeg_beta0.35_r2,Winnipeg,benders_flow,proposed,research/runs/assistance_v1/aid_Winnipeg_beta0.35_r2/instance.json,research/runs/assistance_v1/aid_Winnipeg_beta0.35_r2/provenance.json,research/runs/assistance_v1/aid_Winnipeg_beta0.35_r2/result.json,research/runs/assistance_v1/aid_Winnipeg_beta0.35_r2/stage1.log | research/runs/assistance_v1/aid_Winnipeg_beta0.35_r2/stage2.log
assistance_v1,aid_Winnipeg_beta0.8_r2,Winnipeg,benders_flow,proposed,research/runs/assistance_v1/aid_Winnipeg_beta0.8_r2/instance.json,research/runs/assistance_v1/aid_Winnipeg_beta0.8_r2/provenance.json,research/runs/assistance_v1/aid_Winnipeg_beta0.8_r2/result.json,research/runs/assistance_v1/aid_Winnipeg_beta0.8_r2/stage1.log | research/runs/assistance_v1/aid_Winnipeg_beta0.8_r2/stage2.log
assistance_v1,aid_Winnipeg_shared_r3,Winnipeg,benders_flow,proposed,research/runs/assistance_v1/aid_Winnipeg_shared_r3/instance.json,research/runs/assistance_v1/aid_Winnipeg_shared_r3/provenance.json,research/runs/assistance_v1/aid_Winnipeg_shared_r3/result.json,research/runs/assistance_v1/aid_Winnipeg_shared_r3/stage1.log | research/runs/assistance_v1/aid_Winnipeg_shared_r3/stage2.log
assistance_v1,aid_Winnipeg_beta0.1_r3,Winnipeg,benders_flow,proposed,research/runs/assistance_v1/aid_Winnipeg_beta0.1_r3/instance.json,research/runs/assistance_v1/aid_Winnipeg_beta0.1_r3/provenance.json,research/runs/assistance_v1/aid_Winnipeg_beta0.1_r3/result.json,research/runs/assistance_v1/aid_Winnipeg_beta0.1_r3/stage1.log | research/runs/assistance_v1/aid_Winnipeg_beta0.1_r3/stage2.log
assistance_v1,aid_Winnipeg_beta0.2_r3,Winnipeg,benders_flow,proposed,research/runs/assistance_v1/aid_Winnipeg_beta0.2_r3/instance.json,research/runs/assistance_v1/aid_Winnipeg_beta0.2_r3/provenance.json,research/runs/assistance_v1/aid_Winnipeg_beta0.2_r3/result.json,research/runs/assistance_v1/aid_Winnipeg_beta0.2_r3/stage1.log | research/runs/assistance_v1/aid_Winnipeg_beta0.2_r3/stage2.log
assistance_v1,aid_Winnipeg_beta0.35_r3,Winnipeg,benders_flow,proposed,research/runs/assistance_v1/aid_Winnipeg_beta0.35_r3/instance.json,research/runs/assistance_v1/aid_Winnipeg_beta0.35_r3/provenance.json,research/runs/assistance_v1/aid_Winnipeg_beta0.35_r3/result.json,research/runs/assistance_v1/aid_Winnipeg_beta0.35_r3/stage1.log | research/runs/assistance_v1/aid_Winnipeg_beta0.35_r3/stage2.log
assistance_v1,aid_Winnipeg_beta0.8_r3,Winnipeg,benders_flow,proposed,research/runs/assistance_v1/aid_Winnipeg_beta0.8_r3/instance.json,research/runs/assistance_v1/aid_Winnipeg_beta0.8_r3/provenance.json,research/runs/assistance_v1/aid_Winnipeg_beta0.8_r3/result.json,research/runs/assistance_v1/aid_Winnipeg_beta0.8_r3/stage1.log | research/runs/assistance_v1/aid_Winnipeg_beta0.8_r3/stage2.log
budget_sensitivity_v1,budget_Anaheim_direct_r1,Anaheim,direct,proposed,research/runs/budget_sensitivity_v1/budget_Anaheim_direct_r1/instance.json,research/runs/budget_sensitivity_v1/budget_Anaheim_direct_r1/provenance.json,research/runs/budget_sensitivity_v1/budget_Anaheim_direct_r1/result.json,research/runs/budget_sensitivity_v1/budget_Anaheim_direct_r1/stage1.log | research/runs/budget_sensitivity_v1/budget_Anaheim_direct_r1/stage2.log
budget_sensitivity_v1,budget_Anaheim_benders_flow_r1,Anaheim,benders_flow,proposed,research/runs/budget_sensitivity_v1/budget_Anaheim_benders_flow_r1/instance.json,research/runs/budget_sensitivity_v1/budget_Anaheim_benders_flow_r1/provenance.json,research/runs/budget_sensitivity_v1/budget_Anaheim_benders_flow_r1/result.json,research/runs/budget_sensitivity_v1/budget_Anaheim_benders_flow_r1/stage1.log | research/runs/budget_sensitivity_v1/budget_Anaheim_benders_flow_r1/stage2.log
budget_sensitivity_v1,budget_Anaheim_direct_r2,Anaheim,direct,proposed,research/runs/budget_sensitivity_v1/budget_Anaheim_direct_r2/instance.json,research/runs/budget_sensitivity_v1/budget_Anaheim_direct_r2/provenance.json,research/runs/budget_sensitivity_v1/budget_Anaheim_direct_r2/result.json,research/runs/budget_sensitivity_v1/budget_Anaheim_direct_r2/stage1.log | research/runs/budget_sensitivity_v1/budget_Anaheim_direct_r2/stage2.log
budget_sensitivity_v1,budget_Anaheim_benders_flow_r2,Anaheim,benders_flow,proposed,research/runs/budget_sensitivity_v1/budget_Anaheim_benders_flow_r2/instance.json,research/runs/budget_sensitivity_v1/budget_Anaheim_benders_flow_r2/provenance.json,research/runs/budget_sensitivity_v1/budget_Anaheim_benders_flow_r2/result.json,research/runs/budget_sensitivity_v1/budget_Anaheim_benders_flow_r2/stage1.log | research/runs/budget_sensitivity_v1/budget_Anaheim_benders_flow_r2/stage2.log
budget_sensitivity_v1,budget_Anaheim_direct_r3,Anaheim,direct,proposed,research/runs/budget_sensitivity_v1/budget_Anaheim_direct_r3/instance.json,research/runs/budget_sensitivity_v1/budget_Anaheim_direct_r3/provenance.json,research/runs/budget_sensitivity_v1/budget_Anaheim_direct_r3/result.json,research/runs/budget_sensitivity_v1/budget_Anaheim_direct_r3/stage1.log | research/runs/budget_sensitivity_v1/budget_Anaheim_direct_r3/stage2.log
budget_sensitivity_v1,budget_Anaheim_benders_flow_r3,Anaheim,benders_flow,proposed,research/runs/budget_sensitivity_v1/budget_Anaheim_benders_flow_r3/instance.json,research/runs/budget_sensitivity_v1/budget_Anaheim_benders_flow_r3/provenance.json,research/runs/budget_sensitivity_v1/budget_Anaheim_benders_flow_r3/result.json,research/runs/budget_sensitivity_v1/budget_Anaheim_benders_flow_r3/stage1.log | research/runs/budget_sensitivity_v1/budget_Anaheim_benders_flow_r3/stage2.log
budget_sensitivity_v1,budget_Winnipeg_direct_r1,Winnipeg,direct,proposed,research/runs/budget_sensitivity_v1/budget_Winnipeg_direct_r1/instance.json,research/runs/budget_sensitivity_v1/budget_Winnipeg_direct_r1/provenance.json,research/runs/budget_sensitivity_v1/budget_Winnipeg_direct_r1/result.json,research/runs/budget_sensitivity_v1/budget_Winnipeg_direct_r1/stage1.log | research/runs/budget_sensitivity_v1/budget_Winnipeg_direct_r1/stage2.log
budget_sensitivity_v1,budget_Winnipeg_benders_flow_r1,Winnipeg,benders_flow,proposed,research/runs/budget_sensitivity_v1/budget_Winnipeg_benders_flow_r1/instance.json,research/runs/budget_sensitivity_v1/budget_Winnipeg_benders_flow_r1/provenance.json,research/runs/budget_sensitivity_v1/budget_Winnipeg_benders_flow_r1/result.json,research/runs/budget_sensitivity_v1/budget_Winnipeg_benders_flow_r1/stage1.log | research/runs/budget_sensitivity_v1/budget_Winnipeg_benders_flow_r1/stage2.log
budget_sensitivity_v1,budget_Winnipeg_direct_r2,Winnipeg,direct,proposed,research/runs/budget_sensitivity_v1/budget_Winnipeg_direct_r2/instance.json,research/runs/budget_sensitivity_v1/budget_Winnipeg_direct_r2/provenance.json,research/runs/budget_sensitivity_v1/budget_Winnipeg_direct_r2/result.json,research/runs/budget_sensitivity_v1/budget_Winnipeg_direct_r2/stage1.log | research/runs/budget_sensitivity_v1/budget_Winnipeg_direct_r2/stage2.log
budget_sensitivity_v1,budget_Winnipeg_benders_flow_r2,Winnipeg,benders_flow,proposed,research/runs/budget_sensitivity_v1/budget_Winnipeg_benders_flow_r2/instance.json,research/runs/budget_sensitivity_v1/budget_Winnipeg_benders_flow_r2/provenance.json,research/runs/budget_sensitivity_v1/budget_Winnipeg_benders_flow_r2/result.json,research/runs/budget_sensitivity_v1/budget_Winnipeg_benders_flow_r2/stage1.log | research/runs/budget_sensitivity_v1/budget_Winnipeg_benders_flow_r2/stage2.log
budget_sensitivity_v1,budget_Winnipeg_direct_r3,Winnipeg,direct,proposed,research/runs/budget_sensitivity_v1/budget_Winnipeg_direct_r3/instance.json,research/runs/budget_sensitivity_v1/budget_Winnipeg_direct_r3/provenance.json,research/runs/budget_sensitivity_v1/budget_Winnipeg_direct_r3/result.json,research/runs/budget_sensitivity_v1/budget_Winnipeg_direct_r3/stage1.log | research/runs/budget_sensitivity_v1/budget_Winnipeg_direct_r3/stage2.log
budget_sensitivity_v1,budget_Winnipeg_benders_flow_r3,Winnipeg,benders_flow,proposed,research/runs/budget_sensitivity_v1/budget_Winnipeg_benders_flow_r3/instance.json,research/runs/budget_sensitivity_v1/budget_Winnipeg_benders_flow_r3/provenance.json,research/runs/budget_sensitivity_v1/budget_Winnipeg_benders_flow_r3/result.json,research/runs/budget_sensitivity_v1/budget_Winnipeg_benders_flow_r3/stage1.log | research/runs/budget_sensitivity_v1/budget_Winnipeg_benders_flow_r3/stage2.log
core_v1,core_ND_balanced_base_r1,ND,benders_flow,proposed,research/runs/core_v1/core_ND_balanced_base_r1/instance.json,research/runs/core_v1/core_ND_balanced_base_r1/provenance.json,research/runs/core_v1/core_ND_balanced_base_r1/result.json,research/runs/core_v1/core_ND_balanced_base_r1/stage1.log | research/runs/core_v1/core_ND_balanced_base_r1/stage2.log
core_v1,core_ND_balanced_base_r2,ND,benders_flow,proposed,research/runs/core_v1/core_ND_balanced_base_r2/instance.json,research/runs/core_v1/core_ND_balanced_base_r2/provenance.json,research/runs/core_v1/core_ND_balanced_base_r2/result.json,research/runs/core_v1/core_ND_balanced_base_r2/stage1.log | research/runs/core_v1/core_ND_balanced_base_r2/stage2.log
core_v1,core_ND_balanced_base_r3,ND,benders_flow,proposed,research/runs/core_v1/core_ND_balanced_base_r3/instance.json,research/runs/core_v1/core_ND_balanced_base_r3/provenance.json,research/runs/core_v1/core_ND_balanced_base_r3/result.json,research/runs/core_v1/core_ND_balanced_base_r3/stage1.log | research/runs/core_v1/core_ND_balanced_base_r3/stage2.log
core_v1,core_ND_balanced_moderate_r1,ND,benders_flow,proposed,research/runs/core_v1/core_ND_balanced_moderate_r1/instance.json,research/runs/core_v1/core_ND_balanced_moderate_r1/provenance.json,research/runs/core_v1/core_ND_balanced_moderate_r1/result.json,research/runs/core_v1/core_ND_balanced_moderate_r1/stage1.log | research/runs/core_v1/core_ND_balanced_moderate_r1/stage2.log
core_v1,core_ND_balanced_moderate_r2,ND,benders_flow,proposed,research/runs/core_v1/core_ND_balanced_moderate_r2/instance.json,research/runs/core_v1/core_ND_balanced_moderate_r2/provenance.json,research/runs/core_v1/core_ND_balanced_moderate_r2/result.json,research/runs/core_v1/core_ND_balanced_moderate_r2/stage1.log | research/runs/core_v1/core_ND_balanced_moderate_r2/stage2.log
core_v1,core_ND_balanced_moderate_r3,ND,benders_flow,proposed,research/runs/core_v1/core_ND_balanced_moderate_r3/instance.json,research/runs/core_v1/core_ND_balanced_moderate_r3/provenance.json,research/runs/core_v1/core_ND_balanced_moderate_r3/result.json,research/runs/core_v1/core_ND_balanced_moderate_r3/stage1.log | research/runs/core_v1/core_ND_balanced_moderate_r3/stage2.log
core_v1,core_ND_balanced_severe_r1,ND,benders_flow,proposed,research/runs/core_v1/core_ND_balanced_severe_r1/instance.json,research/runs/core_v1/core_ND_balanced_severe_r1/provenance.json,research/runs/core_v1/core_ND_balanced_severe_r1/result.json,research/runs/core_v1/core_ND_balanced_severe_r1/stage1.log | research/runs/core_v1/core_ND_balanced_severe_r1/stage2.log
core_v1,core_ND_balanced_severe_r2,ND,benders_flow,proposed,research/runs/core_v1/core_ND_balanced_severe_r2/instance.json,research/runs/core_v1/core_ND_balanced_severe_r2/provenance.json,research/runs/core_v1/core_ND_balanced_severe_r2/result.json,research/runs/core_v1/core_ND_balanced_severe_r2/stage1.log | research/runs/core_v1/core_ND_balanced_severe_r2/stage2.log
core_v1,core_ND_balanced_severe_r3,ND,benders_flow,proposed,research/runs/core_v1/core_ND_balanced_severe_r3/instance.json,research/runs/core_v1/core_ND_balanced_severe_r3/provenance.json,research/runs/core_v1/core_ND_balanced_severe_r3/result.json,research/runs/core_v1/core_ND_balanced_severe_r3/stage1.log | research/runs/core_v1/core_ND_balanced_severe_r3/stage2.log
core_v1,core_ND_concentrated_base_r1,ND,benders_flow,proposed,research/runs/core_v1/core_ND_concentrated_base_r1/instance.json,research/runs/core_v1/core_ND_concentrated_base_r1/provenance.json,research/runs/core_v1/core_ND_concentrated_base_r1/result.json,research/runs/core_v1/core_ND_concentrated_base_r1/stage1.log | research/runs/core_v1/core_ND_concentrated_base_r1/stage2.log
core_v1,core_ND_concentrated_base_r2,ND,benders_flow,proposed,research/runs/core_v1/core_ND_concentrated_base_r2/instance.json,research/runs/core_v1/core_ND_concentrated_base_r2/provenance.json,research/runs/core_v1/core_ND_concentrated_base_r2/result.json,research/runs/core_v1/core_ND_concentrated_base_r2/stage1.log | research/runs/core_v1/core_ND_concentrated_base_r2/stage2.log
core_v1,core_ND_concentrated_base_r3,ND,benders_flow,proposed,research/runs/core_v1/core_ND_concentrated_base_r3/instance.json,research/runs/core_v1/core_ND_concentrated_base_r3/provenance.json,research/runs/core_v1/core_ND_concentrated_base_r3/result.json,research/runs/core_v1/core_ND_concentrated_base_r3/stage1.log | research/runs/core_v1/core_ND_concentrated_base_r3/stage2.log
core_v1,core_ND_concentrated_moderate_r1,ND,benders_flow,proposed,research/runs/core_v1/core_ND_concentrated_moderate_r1/instance.json,research/runs/core_v1/core_ND_concentrated_moderate_r1/provenance.json,research/runs/core_v1/core_ND_concentrated_moderate_r1/result.json,research/runs/core_v1/core_ND_concentrated_moderate_r1/stage1.log | research/runs/core_v1/core_ND_concentrated_moderate_r1/stage2.log
core_v1,core_ND_concentrated_moderate_r2,ND,benders_flow,proposed,research/runs/core_v1/core_ND_concentrated_moderate_r2/instance.json,research/runs/core_v1/core_ND_concentrated_moderate_r2/provenance.json,research/runs/core_v1/core_ND_concentrated_moderate_r2/result.json,research/runs/core_v1/core_ND_concentrated_moderate_r2/stage1.log | research/runs/core_v1/core_ND_concentrated_moderate_r2/stage2.log
core_v1,core_ND_concentrated_moderate_r3,ND,benders_flow,proposed,research/runs/core_v1/core_ND_concentrated_moderate_r3/instance.json,research/runs/core_v1/core_ND_concentrated_moderate_r3/provenance.json,research/runs/core_v1/core_ND_concentrated_moderate_r3/result.json,research/runs/core_v1/core_ND_concentrated_moderate_r3/stage1.log | research/runs/core_v1/core_ND_concentrated_moderate_r3/stage2.log
core_v1,core_ND_concentrated_severe_r1,ND,benders_flow,proposed,research/runs/core_v1/core_ND_concentrated_severe_r1/instance.json,research/runs/core_v1/core_ND_concentrated_severe_r1/provenance.json,research/runs/core_v1/core_ND_concentrated_severe_r1/result.json,research/runs/core_v1/core_ND_concentrated_severe_r1/stage1.log | research/runs/core_v1/core_ND_concentrated_severe_r1/stage2.log
core_v1,core_ND_concentrated_severe_r2,ND,benders_flow,proposed,research/runs/core_v1/core_ND_concentrated_severe_r2/instance.json,research/runs/core_v1/core_ND_concentrated_severe_r2/provenance.json,research/runs/core_v1/core_ND_concentrated_severe_r2/result.json,research/runs/core_v1/core_ND_concentrated_severe_r2/stage1.log | research/runs/core_v1/core_ND_concentrated_severe_r2/stage2.log
core_v1,core_ND_concentrated_severe_r3,ND,benders_flow,proposed,research/runs/core_v1/core_ND_concentrated_severe_r3/instance.json,research/runs/core_v1/core_ND_concentrated_severe_r3/provenance.json,research/runs/core_v1/core_ND_concentrated_severe_r3/result.json,research/runs/core_v1/core_ND_concentrated_severe_r3/stage1.log | research/runs/core_v1/core_ND_concentrated_severe_r3/stage2.log
core_v1,core_ND_loss_moderate_r1,ND,benders_flow,proposed,research/runs/core_v1/core_ND_loss_moderate_r1/instance.json,research/runs/core_v1/core_ND_loss_moderate_r1/provenance.json,research/runs/core_v1/core_ND_loss_moderate_r1/result.json,research/runs/core_v1/core_ND_loss_moderate_r1/stage1.log | research/runs/core_v1/core_ND_loss_moderate_r1/stage2.log
core_v1,core_ND_loss_moderate_r2,ND,benders_flow,proposed,research/runs/core_v1/core_ND_loss_moderate_r2/instance.json,research/runs/core_v1/core_ND_loss_moderate_r2/provenance.json,research/runs/core_v1/core_ND_loss_moderate_r2/result.json,research/runs/core_v1/core_ND_loss_moderate_r2/stage1.log | research/runs/core_v1/core_ND_loss_moderate_r2/stage2.log
core_v1,core_ND_loss_moderate_r3,ND,benders_flow,proposed,research/runs/core_v1/core_ND_loss_moderate_r3/instance.json,research/runs/core_v1/core_ND_loss_moderate_r3/provenance.json,research/runs/core_v1/core_ND_loss_moderate_r3/result.json,research/runs/core_v1/core_ND_loss_moderate_r3/stage1.log | research/runs/core_v1/core_ND_loss_moderate_r3/stage2.log
core_v1,core_ND_loss_severe_r1,ND,benders_flow,proposed,research/runs/core_v1/core_ND_loss_severe_r1/instance.json,research/runs/core_v1/core_ND_loss_severe_r1/provenance.json,research/runs/core_v1/core_ND_loss_severe_r1/result.json,research/runs/core_v1/core_ND_loss_severe_r1/stage1.log | research/runs/core_v1/core_ND_loss_severe_r1/stage2.log
core_v1,core_ND_loss_severe_r2,ND,benders_flow,proposed,research/runs/core_v1/core_ND_loss_severe_r2/instance.json,research/runs/core_v1/core_ND_loss_severe_r2/provenance.json,research/runs/core_v1/core_ND_loss_severe_r2/result.json,research/runs/core_v1/core_ND_loss_severe_r2/stage1.log | research/runs/core_v1/core_ND_loss_severe_r2/stage2.log
core_v1,core_ND_loss_severe_r3,ND,benders_flow,proposed,research/runs/core_v1/core_ND_loss_severe_r3/instance.json,research/runs/core_v1/core_ND_loss_severe_r3/provenance.json,research/runs/core_v1/core_ND_loss_severe_r3/result.json,research/runs/core_v1/core_ND_loss_severe_r3/stage1.log | research/runs/core_v1/core_ND_loss_severe_r3/stage2.log
core_v1,core_SF_balanced_base_r1,SF,benders_flow,proposed,research/runs/core_v1/core_SF_balanced_base_r1/instance.json,research/runs/core_v1/core_SF_balanced_base_r1/provenance.json,research/runs/core_v1/core_SF_balanced_base_r1/result.json,research/runs/core_v1/core_SF_balanced_base_r1/stage1.log | research/runs/core_v1/core_SF_balanced_base_r1/stage2.log
core_v1,core_SF_balanced_base_r2,SF,benders_flow,proposed,research/runs/core_v1/core_SF_balanced_base_r2/instance.json,research/runs/core_v1/core_SF_balanced_base_r2/provenance.json,research/runs/core_v1/core_SF_balanced_base_r2/result.json,research/runs/core_v1/core_SF_balanced_base_r2/stage1.log | research/runs/core_v1/core_SF_balanced_base_r2/stage2.log
core_v1,core_SF_balanced_base_r3,SF,benders_flow,proposed,research/runs/core_v1/core_SF_balanced_base_r3/instance.json,research/runs/core_v1/core_SF_balanced_base_r3/provenance.json,research/runs/core_v1/core_SF_balanced_base_r3/result.json,research/runs/core_v1/core_SF_balanced_base_r3/stage1.log | research/runs/core_v1/core_SF_balanced_base_r3/stage2.log
core_v1,core_SF_balanced_moderate_r1,SF,benders_flow,proposed,research/runs/core_v1/core_SF_balanced_moderate_r1/instance.json,research/runs/core_v1/core_SF_balanced_moderate_r1/provenance.json,research/runs/core_v1/core_SF_balanced_moderate_r1/result.json,research/runs/core_v1/core_SF_balanced_moderate_r1/stage1.log | research/runs/core_v1/core_SF_balanced_moderate_r1/stage2.log
core_v1,core_SF_balanced_moderate_r2,SF,benders_flow,proposed,research/runs/core_v1/core_SF_balanced_moderate_r2/instance.json,research/runs/core_v1/core_SF_balanced_moderate_r2/provenance.json,research/runs/core_v1/core_SF_balanced_moderate_r2/result.json,research/runs/core_v1/core_SF_balanced_moderate_r2/stage1.log | research/runs/core_v1/core_SF_balanced_moderate_r2/stage2.log
core_v1,core_SF_balanced_moderate_r3,SF,benders_flow,proposed,research/runs/core_v1/core_SF_balanced_moderate_r3/instance.json,research/runs/core_v1/core_SF_balanced_moderate_r3/provenance.json,research/runs/core_v1/core_SF_balanced_moderate_r3/result.json,research/runs/core_v1/core_SF_balanced_moderate_r3/stage1.log | research/runs/core_v1/core_SF_balanced_moderate_r3/stage2.log
core_v1,core_SF_balanced_severe_r1,SF,benders_flow,proposed,research/runs/core_v1/core_SF_balanced_severe_r1/instance.json,research/runs/core_v1/core_SF_balanced_severe_r1/provenance.json,research/runs/core_v1/core_SF_balanced_severe_r1/result.json,research/runs/core_v1/core_SF_balanced_severe_r1/stage1.log | research/runs/core_v1/core_SF_balanced_severe_r1/stage2.log
core_v1,core_SF_balanced_severe_r2,SF,benders_flow,proposed,research/runs/core_v1/core_SF_balanced_severe_r2/instance.json,research/runs/core_v1/core_SF_balanced_severe_r2/provenance.json,research/runs/core_v1/core_SF_balanced_severe_r2/result.json,research/runs/core_v1/core_SF_balanced_severe_r2/stage1.log | research/runs/core_v1/core_SF_balanced_severe_r2/stage2.log
core_v1,core_SF_balanced_severe_r3,SF,benders_flow,proposed,research/runs/core_v1/core_SF_balanced_severe_r3/instance.json,research/runs/core_v1/core_SF_balanced_severe_r3/provenance.json,research/runs/core_v1/core_SF_balanced_severe_r3/result.json,research/runs/core_v1/core_SF_balanced_severe_r3/stage1.log | research/runs/core_v1/core_SF_balanced_severe_r3/stage2.log
core_v1,core_SF_concentrated_base_r1,SF,benders_flow,proposed,research/runs/core_v1/core_SF_concentrated_base_r1/instance.json,research/runs/core_v1/core_SF_concentrated_base_r1/provenance.json,research/runs/core_v1/core_SF_concentrated_base_r1/result.json,research/runs/core_v1/core_SF_concentrated_base_r1/stage1.log | research/runs/core_v1/core_SF_concentrated_base_r1/stage2.log
core_v1,core_SF_concentrated_base_r2,SF,benders_flow,proposed,research/runs/core_v1/core_SF_concentrated_base_r2/instance.json,research/runs/core_v1/core_SF_concentrated_base_r2/provenance.json,research/runs/core_v1/core_SF_concentrated_base_r2/result.json,research/runs/core_v1/core_SF_concentrated_base_r2/stage1.log | research/runs/core_v1/core_SF_concentrated_base_r2/stage2.log
core_v1,core_SF_concentrated_base_r3,SF,benders_flow,proposed,research/runs/core_v1/core_SF_concentrated_base_r3/instance.json,research/runs/core_v1/core_SF_concentrated_base_r3/provenance.json,research/runs/core_v1/core_SF_concentrated_base_r3/result.json,research/runs/core_v1/core_SF_concentrated_base_r3/stage1.log | research/runs/core_v1/core_SF_concentrated_base_r3/stage2.log
core_v1,core_SF_concentrated_moderate_r1,SF,benders_flow,proposed,research/runs/core_v1/core_SF_concentrated_moderate_r1/instance.json,research/runs/core_v1/core_SF_concentrated_moderate_r1/provenance.json,research/runs/core_v1/core_SF_concentrated_moderate_r1/result.json,research/runs/core_v1/core_SF_concentrated_moderate_r1/stage1.log | research/runs/core_v1/core_SF_concentrated_moderate_r1/stage2.log
core_v1,core_SF_concentrated_moderate_r2,SF,benders_flow,proposed,research/runs/core_v1/core_SF_concentrated_moderate_r2/instance.json,research/runs/core_v1/core_SF_concentrated_moderate_r2/provenance.json,research/runs/core_v1/core_SF_concentrated_moderate_r2/result.json,research/runs/core_v1/core_SF_concentrated_moderate_r2/stage1.log | research/runs/core_v1/core_SF_concentrated_moderate_r2/stage2.log
core_v1,core_SF_concentrated_moderate_r3,SF,benders_flow,proposed,research/runs/core_v1/core_SF_concentrated_moderate_r3/instance.json,research/runs/core_v1/core_SF_concentrated_moderate_r3/provenance.json,research/runs/core_v1/core_SF_concentrated_moderate_r3/result.json,research/runs/core_v1/core_SF_concentrated_moderate_r3/stage1.log | research/runs/core_v1/core_SF_concentrated_moderate_r3/stage2.log
core_v1,core_SF_concentrated_severe_r1,SF,benders_flow,proposed,research/runs/core_v1/core_SF_concentrated_severe_r1/instance.json,research/runs/core_v1/core_SF_concentrated_severe_r1/provenance.json,research/runs/core_v1/core_SF_concentrated_severe_r1/result.json,research/runs/core_v1/core_SF_concentrated_severe_r1/stage1.log | research/runs/core_v1/core_SF_concentrated_severe_r1/stage2.log
core_v1,core_SF_concentrated_severe_r2,SF,benders_flow,proposed,research/runs/core_v1/core_SF_concentrated_severe_r2/instance.json,research/runs/core_v1/core_SF_concentrated_severe_r2/provenance.json,research/runs/core_v1/core_SF_concentrated_severe_r2/result.json,research/runs/core_v1/core_SF_concentrated_severe_r2/stage1.log | research/runs/core_v1/core_SF_concentrated_severe_r2/stage2.log
core_v1,core_SF_concentrated_severe_r3,SF,benders_flow,proposed,research/runs/core_v1/core_SF_concentrated_severe_r3/instance.json,research/runs/core_v1/core_SF_concentrated_severe_r3/provenance.json,research/runs/core_v1/core_SF_concentrated_severe_r3/result.json,research/runs/core_v1/core_SF_concentrated_severe_r3/stage1.log | research/runs/core_v1/core_SF_concentrated_severe_r3/stage2.log
core_v1,core_SF_loss_moderate_r1,SF,benders_flow,proposed,research/runs/core_v1/core_SF_loss_moderate_r1/instance.json,research/runs/core_v1/core_SF_loss_moderate_r1/provenance.json,research/runs/core_v1/core_SF_loss_moderate_r1/result.json,research/runs/core_v1/core_SF_loss_moderate_r1/stage1.log | research/runs/core_v1/core_SF_loss_moderate_r1/stage2.log
core_v1,core_SF_loss_moderate_r2,SF,benders_flow,proposed,research/runs/core_v1/core_SF_loss_moderate_r2/instance.json,research/runs/core_v1/core_SF_loss_moderate_r2/provenance.json,research/runs/core_v1/core_SF_loss_moderate_r2/result.json,research/runs/core_v1/core_SF_loss_moderate_r2/stage1.log | research/runs/core_v1/core_SF_loss_moderate_r2/stage2.log
core_v1,core_SF_loss_moderate_r3,SF,benders_flow,proposed,research/runs/core_v1/core_SF_loss_moderate_r3/instance.json,research/runs/core_v1/core_SF_loss_moderate_r3/provenance.json,research/runs/core_v1/core_SF_loss_moderate_r3/result.json,research/runs/core_v1/core_SF_loss_moderate_r3/stage1.log | research/runs/core_v1/core_SF_loss_moderate_r3/stage2.log
core_v1,core_SF_loss_severe_r1,SF,benders_flow,proposed,research/runs/core_v1/core_SF_loss_severe_r1/instance.json,research/runs/core_v1/core_SF_loss_severe_r1/provenance.json,research/runs/core_v1/core_SF_loss_severe_r1/result.json,research/runs/core_v1/core_SF_loss_severe_r1/stage1.log | research/runs/core_v1/core_SF_loss_severe_r1/stage2.log
core_v1,core_SF_loss_severe_r2,SF,benders_flow,proposed,research/runs/core_v1/core_SF_loss_severe_r2/instance.json,research/runs/core_v1/core_SF_loss_severe_r2/provenance.json,research/runs/core_v1/core_SF_loss_severe_r2/result.json,research/runs/core_v1/core_SF_loss_severe_r2/stage1.log | research/runs/core_v1/core_SF_loss_severe_r2/stage2.log
core_v1,core_SF_loss_severe_r3,SF,benders_flow,proposed,research/runs/core_v1/core_SF_loss_severe_r3/instance.json,research/runs/core_v1/core_SF_loss_severe_r3/provenance.json,research/runs/core_v1/core_SF_loss_severe_r3/result.json,research/runs/core_v1/core_SF_loss_severe_r3/stage1.log | research/runs/core_v1/core_SF_loss_severe_r3/stage2.log
core_v1,core_Anaheim_balanced_base_r1,Anaheim,benders_flow,proposed,research/runs/core_v1/core_Anaheim_balanced_base_r1/instance.json,research/runs/core_v1/core_Anaheim_balanced_base_r1/provenance.json,research/runs/core_v1/core_Anaheim_balanced_base_r1/result.json,research/runs/core_v1/core_Anaheim_balanced_base_r1/stage1.log | research/runs/core_v1/core_Anaheim_balanced_base_r1/stage2.log
core_v1,core_Anaheim_balanced_base_r2,Anaheim,benders_flow,proposed,research/runs/core_v1/core_Anaheim_balanced_base_r2/instance.json,research/runs/core_v1/core_Anaheim_balanced_base_r2/provenance.json,research/runs/core_v1/core_Anaheim_balanced_base_r2/result.json,research/runs/core_v1/core_Anaheim_balanced_base_r2/stage1.log | research/runs/core_v1/core_Anaheim_balanced_base_r2/stage2.log
core_v1,core_Anaheim_balanced_base_r3,Anaheim,benders_flow,proposed,research/runs/core_v1/core_Anaheim_balanced_base_r3/instance.json,research/runs/core_v1/core_Anaheim_balanced_base_r3/provenance.json,research/runs/core_v1/core_Anaheim_balanced_base_r3/result.json,research/runs/core_v1/core_Anaheim_balanced_base_r3/stage1.log | research/runs/core_v1/core_Anaheim_balanced_base_r3/stage2.log
core_v1,core_Anaheim_balanced_moderate_r1,Anaheim,benders_flow,proposed,research/runs/core_v1/core_Anaheim_balanced_moderate_r1/instance.json,research/runs/core_v1/core_Anaheim_balanced_moderate_r1/provenance.json,research/runs/core_v1/core_Anaheim_balanced_moderate_r1/result.json,research/runs/core_v1/core_Anaheim_balanced_moderate_r1/stage1.log | research/runs/core_v1/core_Anaheim_balanced_moderate_r1/stage2.log
core_v1,core_Anaheim_balanced_moderate_r2,Anaheim,benders_flow,proposed,research/runs/core_v1/core_Anaheim_balanced_moderate_r2/instance.json,research/runs/core_v1/core_Anaheim_balanced_moderate_r2/provenance.json,research/runs/core_v1/core_Anaheim_balanced_moderate_r2/result.json,research/runs/core_v1/core_Anaheim_balanced_moderate_r2/stage1.log | research/runs/core_v1/core_Anaheim_balanced_moderate_r2/stage2.log
core_v1,core_Anaheim_balanced_moderate_r3,Anaheim,benders_flow,proposed,research/runs/core_v1/core_Anaheim_balanced_moderate_r3/instance.json,research/runs/core_v1/core_Anaheim_balanced_moderate_r3/provenance.json,research/runs/core_v1/core_Anaheim_balanced_moderate_r3/result.json,research/runs/core_v1/core_Anaheim_balanced_moderate_r3/stage1.log | research/runs/core_v1/core_Anaheim_balanced_moderate_r3/stage2.log
core_v1,core_Anaheim_balanced_severe_r1,Anaheim,benders_flow,proposed,research/runs/core_v1/core_Anaheim_balanced_severe_r1/instance.json,research/runs/core_v1/core_Anaheim_balanced_severe_r1/provenance.json,research/runs/core_v1/core_Anaheim_balanced_severe_r1/result.json,research/runs/core_v1/core_Anaheim_balanced_severe_r1/stage1.log | research/runs/core_v1/core_Anaheim_balanced_severe_r1/stage2.log
core_v1,core_Anaheim_balanced_severe_r2,Anaheim,benders_flow,proposed,research/runs/core_v1/core_Anaheim_balanced_severe_r2/instance.json,research/runs/core_v1/core_Anaheim_balanced_severe_r2/provenance.json,research/runs/core_v1/core_Anaheim_balanced_severe_r2/result.json,research/runs/core_v1/core_Anaheim_balanced_severe_r2/stage1.log | research/runs/core_v1/core_Anaheim_balanced_severe_r2/stage2.log
core_v1,core_Anaheim_balanced_severe_r3,Anaheim,benders_flow,proposed,research/runs/core_v1/core_Anaheim_balanced_severe_r3/instance.json,research/runs/core_v1/core_Anaheim_balanced_severe_r3/provenance.json,research/runs/core_v1/core_Anaheim_balanced_severe_r3/result.json,research/runs/core_v1/core_Anaheim_balanced_severe_r3/stage1.log | research/runs/core_v1/core_Anaheim_balanced_severe_r3/stage2.log
core_v1,core_Anaheim_concentrated_base_r1,Anaheim,benders_flow,proposed,research/runs/core_v1/core_Anaheim_concentrated_base_r1/instance.json,research/runs/core_v1/core_Anaheim_concentrated_base_r1/provenance.json,research/runs/core_v1/core_Anaheim_concentrated_base_r1/result.json,research/runs/core_v1/core_Anaheim_concentrated_base_r1/stage1.log | research/runs/core_v1/core_Anaheim_concentrated_base_r1/stage2.log
core_v1,core_Anaheim_concentrated_base_r2,Anaheim,benders_flow,proposed,research/runs/core_v1/core_Anaheim_concentrated_base_r2/instance.json,research/runs/core_v1/core_Anaheim_concentrated_base_r2/provenance.json,research/runs/core_v1/core_Anaheim_concentrated_base_r2/result.json,research/runs/core_v1/core_Anaheim_concentrated_base_r2/stage1.log | research/runs/core_v1/core_Anaheim_concentrated_base_r2/stage2.log
core_v1,core_Anaheim_concentrated_base_r3,Anaheim,benders_flow,proposed,research/runs/core_v1/core_Anaheim_concentrated_base_r3/instance.json,research/runs/core_v1/core_Anaheim_concentrated_base_r3/provenance.json,research/runs/core_v1/core_Anaheim_concentrated_base_r3/result.json,research/runs/core_v1/core_Anaheim_concentrated_base_r3/stage1.log | research/runs/core_v1/core_Anaheim_concentrated_base_r3/stage2.log
core_v1,core_Anaheim_concentrated_moderate_r1,Anaheim,benders_flow,proposed,research/runs/core_v1/core_Anaheim_concentrated_moderate_r1/instance.json,research/runs/core_v1/core_Anaheim_concentrated_moderate_r1/provenance.json,research/runs/core_v1/core_Anaheim_concentrated_moderate_r1/result.json,research/runs/core_v1/core_Anaheim_concentrated_moderate_r1/stage1.log | research/runs/core_v1/core_Anaheim_concentrated_moderate_r1/stage2.log
core_v1,core_Anaheim_concentrated_moderate_r2,Anaheim,benders_flow,proposed,research/runs/core_v1/core_Anaheim_concentrated_moderate_r2/instance.json,research/runs/core_v1/core_Anaheim_concentrated_moderate_r2/provenance.json,research/runs/core_v1/core_Anaheim_concentrated_moderate_r2/result.json,research/runs/core_v1/core_Anaheim_concentrated_moderate_r2/stage1.log | research/runs/core_v1/core_Anaheim_concentrated_moderate_r2/stage2.log
core_v1,core_Anaheim_concentrated_moderate_r3,Anaheim,benders_flow,proposed,research/runs/core_v1/core_Anaheim_concentrated_moderate_r3/instance.json,research/runs/core_v1/core_Anaheim_concentrated_moderate_r3/provenance.json,research/runs/core_v1/core_Anaheim_concentrated_moderate_r3/result.json,research/runs/core_v1/core_Anaheim_concentrated_moderate_r3/stage1.log | research/runs/core_v1/core_Anaheim_concentrated_moderate_r3/stage2.log
core_v1,core_Anaheim_concentrated_severe_r1,Anaheim,benders_flow,proposed,research/runs/core_v1/core_Anaheim_concentrated_severe_r1/instance.json,research/runs/core_v1/core_Anaheim_concentrated_severe_r1/provenance.json,research/runs/core_v1/core_Anaheim_concentrated_severe_r1/result.json,research/runs/core_v1/core_Anaheim_concentrated_severe_r1/stage1.log | research/runs/core_v1/core_Anaheim_concentrated_severe_r1/stage2.log
core_v1,core_Anaheim_concentrated_severe_r2,Anaheim,benders_flow,proposed,research/runs/core_v1/core_Anaheim_concentrated_severe_r2/instance.json,research/runs/core_v1/core_Anaheim_concentrated_severe_r2/provenance.json,research/runs/core_v1/core_Anaheim_concentrated_severe_r2/result.json,research/runs/core_v1/core_Anaheim_concentrated_severe_r2/stage1.log | research/runs/core_v1/core_Anaheim_concentrated_severe_r2/stage2.log
core_v1,core_Anaheim_concentrated_severe_r3,Anaheim,benders_flow,proposed,research/runs/core_v1/core_Anaheim_concentrated_severe_r3/instance.json,research/runs/core_v1/core_Anaheim_concentrated_severe_r3/provenance.json,research/runs/core_v1/core_Anaheim_concentrated_severe_r3/result.json,research/runs/core_v1/core_Anaheim_concentrated_severe_r3/stage1.log | research/runs/core_v1/core_Anaheim_concentrated_severe_r3/stage2.log
core_v1,core_Anaheim_loss_moderate_r1,Anaheim,benders_flow,proposed,research/runs/core_v1/core_Anaheim_loss_moderate_r1/instance.json,research/runs/core_v1/core_Anaheim_loss_moderate_r1/provenance.json,research/runs/core_v1/core_Anaheim_loss_moderate_r1/result.json,research/runs/core_v1/core_Anaheim_loss_moderate_r1/stage1.log | research/runs/core_v1/core_Anaheim_loss_moderate_r1/stage2.log
core_v1,core_Anaheim_loss_moderate_r2,Anaheim,benders_flow,proposed,research/runs/core_v1/core_Anaheim_loss_moderate_r2/instance.json,research/runs/core_v1/core_Anaheim_loss_moderate_r2/provenance.json,research/runs/core_v1/core_Anaheim_loss_moderate_r2/result.json,research/runs/core_v1/core_Anaheim_loss_moderate_r2/stage1.log | research/runs/core_v1/core_Anaheim_loss_moderate_r2/stage2.log
core_v1,core_Anaheim_loss_moderate_r3,Anaheim,benders_flow,proposed,research/runs/core_v1/core_Anaheim_loss_moderate_r3/instance.json,research/runs/core_v1/core_Anaheim_loss_moderate_r3/provenance.json,research/runs/core_v1/core_Anaheim_loss_moderate_r3/result.json,research/runs/core_v1/core_Anaheim_loss_moderate_r3/stage1.log | research/runs/core_v1/core_Anaheim_loss_moderate_r3/stage2.log
core_v1,core_Anaheim_loss_severe_r1,Anaheim,benders_flow,proposed,research/runs/core_v1/core_Anaheim_loss_severe_r1/instance.json,research/runs/core_v1/core_Anaheim_loss_severe_r1/provenance.json,research/runs/core_v1/core_Anaheim_loss_severe_r1/result.json,research/runs/core_v1/core_Anaheim_loss_severe_r1/stage1.log | research/runs/core_v1/core_Anaheim_loss_severe_r1/stage2.log
core_v1,core_Anaheim_loss_severe_r2,Anaheim,benders_flow,proposed,research/runs/core_v1/core_Anaheim_loss_severe_r2/instance.json,research/runs/core_v1/core_Anaheim_loss_severe_r2/provenance.json,research/runs/core_v1/core_Anaheim_loss_severe_r2/result.json,research/runs/core_v1/core_Anaheim_loss_severe_r2/stage1.log | research/runs/core_v1/core_Anaheim_loss_severe_r2/stage2.log
core_v1,core_Anaheim_loss_severe_r3,Anaheim,benders_flow,proposed,research/runs/core_v1/core_Anaheim_loss_severe_r3/instance.json,research/runs/core_v1/core_Anaheim_loss_severe_r3/provenance.json,research/runs/core_v1/core_Anaheim_loss_severe_r3/result.json,research/runs/core_v1/core_Anaheim_loss_severe_r3/stage1.log | research/runs/core_v1/core_Anaheim_loss_severe_r3/stage2.log
core_v1,core_Winnipeg_balanced_base_r1,Winnipeg,benders_flow,proposed,research/runs/core_v1/core_Winnipeg_balanced_base_r1/instance.json,research/runs/core_v1/core_Winnipeg_balanced_base_r1/provenance.json,research/runs/core_v1/core_Winnipeg_balanced_base_r1/result.json,research/runs/core_v1/core_Winnipeg_balanced_base_r1/stage1.log | research/runs/core_v1/core_Winnipeg_balanced_base_r1/stage2.log
core_v1,core_Winnipeg_balanced_base_r2,Winnipeg,benders_flow,proposed,research/runs/core_v1/core_Winnipeg_balanced_base_r2/instance.json,research/runs/core_v1/core_Winnipeg_balanced_base_r2/provenance.json,research/runs/core_v1/core_Winnipeg_balanced_base_r2/result.json,research/runs/core_v1/core_Winnipeg_balanced_base_r2/stage1.log | research/runs/core_v1/core_Winnipeg_balanced_base_r2/stage2.log
core_v1,core_Winnipeg_balanced_base_r3,Winnipeg,benders_flow,proposed,research/runs/core_v1/core_Winnipeg_balanced_base_r3/instance.json,research/runs/core_v1/core_Winnipeg_balanced_base_r3/provenance.json,research/runs/core_v1/core_Winnipeg_balanced_base_r3/result.json,research/runs/core_v1/core_Winnipeg_balanced_base_r3/stage1.log | research/runs/core_v1/core_Winnipeg_balanced_base_r3/stage2.log
core_v1,core_Winnipeg_balanced_moderate_r1,Winnipeg,benders_flow,proposed,research/runs/core_v1/core_Winnipeg_balanced_moderate_r1/instance.json,research/runs/core_v1/core_Winnipeg_balanced_moderate_r1/provenance.json,research/runs/core_v1/core_Winnipeg_balanced_moderate_r1/result.json,research/runs/core_v1/core_Winnipeg_balanced_moderate_r1/stage1.log | research/runs/core_v1/core_Winnipeg_balanced_moderate_r1/stage2.log
core_v1,core_Winnipeg_balanced_moderate_r2,Winnipeg,benders_flow,proposed,research/runs/core_v1/core_Winnipeg_balanced_moderate_r2/instance.json,research/runs/core_v1/core_Winnipeg_balanced_moderate_r2/provenance.json,research/runs/core_v1/core_Winnipeg_balanced_moderate_r2/result.json,research/runs/core_v1/core_Winnipeg_balanced_moderate_r2/stage1.log | research/runs/core_v1/core_Winnipeg_balanced_moderate_r2/stage2.log
core_v1,core_Winnipeg_balanced_moderate_r3,Winnipeg,benders_flow,proposed,research/runs/core_v1/core_Winnipeg_balanced_moderate_r3/instance.json,research/runs/core_v1/core_Winnipeg_balanced_moderate_r3/provenance.json,research/runs/core_v1/core_Winnipeg_balanced_moderate_r3/result.json,research/runs/core_v1/core_Winnipeg_balanced_moderate_r3/stage1.log | research/runs/core_v1/core_Winnipeg_balanced_moderate_r3/stage2.log
core_v1,core_Winnipeg_balanced_severe_r1,Winnipeg,benders_flow,proposed,research/runs/core_v1/core_Winnipeg_balanced_severe_r1/instance.json,research/runs/core_v1/core_Winnipeg_balanced_severe_r1/provenance.json,research/runs/core_v1/core_Winnipeg_balanced_severe_r1/result.json,research/runs/core_v1/core_Winnipeg_balanced_severe_r1/stage1.log | research/runs/core_v1/core_Winnipeg_balanced_severe_r1/stage2.log
core_v1,core_Winnipeg_balanced_severe_r2,Winnipeg,benders_flow,proposed,research/runs/core_v1/core_Winnipeg_balanced_severe_r2/instance.json,research/runs/core_v1/core_Winnipeg_balanced_severe_r2/provenance.json,research/runs/core_v1/core_Winnipeg_balanced_severe_r2/result.json,research/runs/core_v1/core_Winnipeg_balanced_severe_r2/stage1.log | research/runs/core_v1/core_Winnipeg_balanced_severe_r2/stage2.log
core_v1,core_Winnipeg_balanced_severe_r3,Winnipeg,benders_flow,proposed,research/runs/core_v1/core_Winnipeg_balanced_severe_r3/instance.json,research/runs/core_v1/core_Winnipeg_balanced_severe_r3/provenance.json,research/runs/core_v1/core_Winnipeg_balanced_severe_r3/result.json,research/runs/core_v1/core_Winnipeg_balanced_severe_r3/stage1.log | research/runs/core_v1/core_Winnipeg_balanced_severe_r3/stage2.log
core_v1,core_Winnipeg_concentrated_base_r1,Winnipeg,benders_flow,proposed,research/runs/core_v1/core_Winnipeg_concentrated_base_r1/instance.json,research/runs/core_v1/core_Winnipeg_concentrated_base_r1/provenance.json,research/runs/core_v1/core_Winnipeg_concentrated_base_r1/result.json,research/runs/core_v1/core_Winnipeg_concentrated_base_r1/stage1.log | research/runs/core_v1/core_Winnipeg_concentrated_base_r1/stage2.log
core_v1,core_Winnipeg_concentrated_base_r2,Winnipeg,benders_flow,proposed,research/runs/core_v1/core_Winnipeg_concentrated_base_r2/instance.json,research/runs/core_v1/core_Winnipeg_concentrated_base_r2/provenance.json,research/runs/core_v1/core_Winnipeg_concentrated_base_r2/result.json,research/runs/core_v1/core_Winnipeg_concentrated_base_r2/stage1.log | research/runs/core_v1/core_Winnipeg_concentrated_base_r2/stage2.log
core_v1,core_Winnipeg_concentrated_base_r3,Winnipeg,benders_flow,proposed,research/runs/core_v1/core_Winnipeg_concentrated_base_r3/instance.json,research/runs/core_v1/core_Winnipeg_concentrated_base_r3/provenance.json,research/runs/core_v1/core_Winnipeg_concentrated_base_r3/result.json,research/runs/core_v1/core_Winnipeg_concentrated_base_r3/stage1.log | research/runs/core_v1/core_Winnipeg_concentrated_base_r3/stage2.log
core_v1,core_Winnipeg_concentrated_moderate_r1,Winnipeg,benders_flow,proposed,research/runs/core_v1/core_Winnipeg_concentrated_moderate_r1/instance.json,research/runs/core_v1/core_Winnipeg_concentrated_moderate_r1/provenance.json,research/runs/core_v1/core_Winnipeg_concentrated_moderate_r1/result.json,research/runs/core_v1/core_Winnipeg_concentrated_moderate_r1/stage1.log | research/runs/core_v1/core_Winnipeg_concentrated_moderate_r1/stage2.log
core_v1,core_Winnipeg_concentrated_moderate_r2,Winnipeg,benders_flow,proposed,research/runs/core_v1/core_Winnipeg_concentrated_moderate_r2/instance.json,research/runs/core_v1/core_Winnipeg_concentrated_moderate_r2/provenance.json,research/runs/core_v1/core_Winnipeg_concentrated_moderate_r2/result.json,research/runs/core_v1/core_Winnipeg_concentrated_moderate_r2/stage1.log | research/runs/core_v1/core_Winnipeg_concentrated_moderate_r2/stage2.log
core_v1,core_Winnipeg_concentrated_moderate_r3,Winnipeg,benders_flow,proposed,research/runs/core_v1/core_Winnipeg_concentrated_moderate_r3/instance.json,research/runs/core_v1/core_Winnipeg_concentrated_moderate_r3/provenance.json,research/runs/core_v1/core_Winnipeg_concentrated_moderate_r3/result.json,research/runs/core_v1/core_Winnipeg_concentrated_moderate_r3/stage1.log | research/runs/core_v1/core_Winnipeg_concentrated_moderate_r3/stage2.log
core_v1,core_Winnipeg_concentrated_severe_r1,Winnipeg,benders_flow,proposed,research/runs/core_v1/core_Winnipeg_concentrated_severe_r1/instance.json,research/runs/core_v1/core_Winnipeg_concentrated_severe_r1/provenance.json,research/runs/core_v1/core_Winnipeg_concentrated_severe_r1/result.json,research/runs/core_v1/core_Winnipeg_concentrated_severe_r1/stage1.log | research/runs/core_v1/core_Winnipeg_concentrated_severe_r1/stage2.log
core_v1,core_Winnipeg_concentrated_severe_r2,Winnipeg,benders_flow,proposed,research/runs/core_v1/core_Winnipeg_concentrated_severe_r2/instance.json,research/runs/core_v1/core_Winnipeg_concentrated_severe_r2/provenance.json,research/runs/core_v1/core_Winnipeg_concentrated_severe_r2/result.json,research/runs/core_v1/core_Winnipeg_concentrated_severe_r2/stage1.log | research/runs/core_v1/core_Winnipeg_concentrated_severe_r2/stage2.log
core_v1,core_Winnipeg_concentrated_severe_r3,Winnipeg,benders_flow,proposed,research/runs/core_v1/core_Winnipeg_concentrated_severe_r3/instance.json,research/runs/core_v1/core_Winnipeg_concentrated_severe_r3/provenance.json,research/runs/core_v1/core_Winnipeg_concentrated_severe_r3/result.json,research/runs/core_v1/core_Winnipeg_concentrated_severe_r3/stage1.log | research/runs/core_v1/core_Winnipeg_concentrated_severe_r3/stage2.log
core_v1,core_Winnipeg_loss_moderate_r1,Winnipeg,benders_flow,proposed,research/runs/core_v1/core_Winnipeg_loss_moderate_r1/instance.json,research/runs/core_v1/core_Winnipeg_loss_moderate_r1/provenance.json,research/runs/core_v1/core_Winnipeg_loss_moderate_r1/result.json,research/runs/core_v1/core_Winnipeg_loss_moderate_r1/stage1.log | research/runs/core_v1/core_Winnipeg_loss_moderate_r1/stage2.log
core_v1,core_Winnipeg_loss_moderate_r2,Winnipeg,benders_flow,proposed,research/runs/core_v1/core_Winnipeg_loss_moderate_r2/instance.json,research/runs/core_v1/core_Winnipeg_loss_moderate_r2/provenance.json,research/runs/core_v1/core_Winnipeg_loss_moderate_r2/result.json,research/runs/core_v1/core_Winnipeg_loss_moderate_r2/stage1.log | research/runs/core_v1/core_Winnipeg_loss_moderate_r2/stage2.log
core_v1,core_Winnipeg_loss_moderate_r3,Winnipeg,benders_flow,proposed,research/runs/core_v1/core_Winnipeg_loss_moderate_r3/instance.json,research/runs/core_v1/core_Winnipeg_loss_moderate_r3/provenance.json,research/runs/core_v1/core_Winnipeg_loss_moderate_r3/result.json,research/runs/core_v1/core_Winnipeg_loss_moderate_r3/stage1.log | research/runs/core_v1/core_Winnipeg_loss_moderate_r3/stage2.log
core_v1,core_Winnipeg_loss_severe_r1,Winnipeg,benders_flow,proposed,research/runs/core_v1/core_Winnipeg_loss_severe_r1/instance.json,research/runs/core_v1/core_Winnipeg_loss_severe_r1/provenance.json,research/runs/core_v1/core_Winnipeg_loss_severe_r1/result.json,research/runs/core_v1/core_Winnipeg_loss_severe_r1/stage1.log | research/runs/core_v1/core_Winnipeg_loss_severe_r1/stage2.log
core_v1,core_Winnipeg_loss_severe_r2,Winnipeg,benders_flow,proposed,research/runs/core_v1/core_Winnipeg_loss_severe_r2/instance.json,research/runs/core_v1/core_Winnipeg_loss_severe_r2/provenance.json,research/runs/core_v1/core_Winnipeg_loss_severe_r2/result.json,research/runs/core_v1/core_Winnipeg_loss_severe_r2/stage1.log | research/runs/core_v1/core_Winnipeg_loss_severe_r2/stage2.log
core_v1,core_Winnipeg_loss_severe_r3,Winnipeg,benders_flow,proposed,research/runs/core_v1/core_Winnipeg_loss_severe_r3/instance.json,research/runs/core_v1/core_Winnipeg_loss_severe_r3/provenance.json,research/runs/core_v1/core_Winnipeg_loss_severe_r3/result.json,research/runs/core_v1/core_Winnipeg_loss_severe_r3/stage1.log | research/runs/core_v1/core_Winnipeg_loss_severe_r3/stage2.log
direct_comparison_v1,direct_ND_balanced_moderate_r1,ND,direct,proposed,research/runs/direct_comparison_v1/direct_ND_balanced_moderate_r1/instance.json,research/runs/direct_comparison_v1/direct_ND_balanced_moderate_r1/provenance.json,research/runs/direct_comparison_v1/direct_ND_balanced_moderate_r1/result.json,research/runs/direct_comparison_v1/direct_ND_balanced_moderate_r1/stage1.log | research/runs/direct_comparison_v1/direct_ND_balanced_moderate_r1/stage2.log
direct_comparison_v1,direct_ND_balanced_moderate_r2,ND,direct,proposed,research/runs/direct_comparison_v1/direct_ND_balanced_moderate_r2/instance.json,research/runs/direct_comparison_v1/direct_ND_balanced_moderate_r2/provenance.json,research/runs/direct_comparison_v1/direct_ND_balanced_moderate_r2/result.json,research/runs/direct_comparison_v1/direct_ND_balanced_moderate_r2/stage1.log | research/runs/direct_comparison_v1/direct_ND_balanced_moderate_r2/stage2.log
direct_comparison_v1,direct_ND_balanced_moderate_r3,ND,direct,proposed,research/runs/direct_comparison_v1/direct_ND_balanced_moderate_r3/instance.json,research/runs/direct_comparison_v1/direct_ND_balanced_moderate_r3/provenance.json,research/runs/direct_comparison_v1/direct_ND_balanced_moderate_r3/result.json,research/runs/direct_comparison_v1/direct_ND_balanced_moderate_r3/stage1.log | research/runs/direct_comparison_v1/direct_ND_balanced_moderate_r3/stage2.log
direct_comparison_v1,direct_ND_concentrated_moderate_r1,ND,direct,proposed,research/runs/direct_comparison_v1/direct_ND_concentrated_moderate_r1/instance.json,research/runs/direct_comparison_v1/direct_ND_concentrated_moderate_r1/provenance.json,research/runs/direct_comparison_v1/direct_ND_concentrated_moderate_r1/result.json,research/runs/direct_comparison_v1/direct_ND_concentrated_moderate_r1/stage1.log | research/runs/direct_comparison_v1/direct_ND_concentrated_moderate_r1/stage2.log
direct_comparison_v1,direct_ND_concentrated_moderate_r2,ND,direct,proposed,research/runs/direct_comparison_v1/direct_ND_concentrated_moderate_r2/instance.json,research/runs/direct_comparison_v1/direct_ND_concentrated_moderate_r2/provenance.json,research/runs/direct_comparison_v1/direct_ND_concentrated_moderate_r2/result.json,research/runs/direct_comparison_v1/direct_ND_concentrated_moderate_r2/stage1.log | research/runs/direct_comparison_v1/direct_ND_concentrated_moderate_r2/stage2.log
direct_comparison_v1,direct_ND_concentrated_moderate_r3,ND,direct,proposed,research/runs/direct_comparison_v1/direct_ND_concentrated_moderate_r3/instance.json,research/runs/direct_comparison_v1/direct_ND_concentrated_moderate_r3/provenance.json,research/runs/direct_comparison_v1/direct_ND_concentrated_moderate_r3/result.json,research/runs/direct_comparison_v1/direct_ND_concentrated_moderate_r3/stage1.log | research/runs/direct_comparison_v1/direct_ND_concentrated_moderate_r3/stage2.log
direct_comparison_v1,direct_ND_concentrated_severe_r1,ND,direct,proposed,research/runs/direct_comparison_v1/direct_ND_concentrated_severe_r1/instance.json,research/runs/direct_comparison_v1/direct_ND_concentrated_severe_r1/provenance.json,research/runs/direct_comparison_v1/direct_ND_concentrated_severe_r1/result.json,research/runs/direct_comparison_v1/direct_ND_concentrated_severe_r1/stage1.log | research/runs/direct_comparison_v1/direct_ND_concentrated_severe_r1/stage2.log
direct_comparison_v1,direct_ND_concentrated_severe_r2,ND,direct,proposed,research/runs/direct_comparison_v1/direct_ND_concentrated_severe_r2/instance.json,research/runs/direct_comparison_v1/direct_ND_concentrated_severe_r2/provenance.json,research/runs/direct_comparison_v1/direct_ND_concentrated_severe_r2/result.json,research/runs/direct_comparison_v1/direct_ND_concentrated_severe_r2/stage1.log | research/runs/direct_comparison_v1/direct_ND_concentrated_severe_r2/stage2.log
direct_comparison_v1,direct_ND_concentrated_severe_r3,ND,direct,proposed,research/runs/direct_comparison_v1/direct_ND_concentrated_severe_r3/instance.json,research/runs/direct_comparison_v1/direct_ND_concentrated_severe_r3/provenance.json,research/runs/direct_comparison_v1/direct_ND_concentrated_severe_r3/result.json,research/runs/direct_comparison_v1/direct_ND_concentrated_severe_r3/stage1.log | research/runs/direct_comparison_v1/direct_ND_concentrated_severe_r3/stage2.log
direct_comparison_v1,direct_ND_loss_severe_r1,ND,direct,proposed,research/runs/direct_comparison_v1/direct_ND_loss_severe_r1/instance.json,research/runs/direct_comparison_v1/direct_ND_loss_severe_r1/provenance.json,research/runs/direct_comparison_v1/direct_ND_loss_severe_r1/result.json,research/runs/direct_comparison_v1/direct_ND_loss_severe_r1/stage1.log | research/runs/direct_comparison_v1/direct_ND_loss_severe_r1/stage2.log
direct_comparison_v1,direct_ND_loss_severe_r2,ND,direct,proposed,research/runs/direct_comparison_v1/direct_ND_loss_severe_r2/instance.json,research/runs/direct_comparison_v1/direct_ND_loss_severe_r2/provenance.json,research/runs/direct_comparison_v1/direct_ND_loss_severe_r2/result.json,research/runs/direct_comparison_v1/direct_ND_loss_severe_r2/stage1.log | research/runs/direct_comparison_v1/direct_ND_loss_severe_r2/stage2.log
direct_comparison_v1,direct_ND_loss_severe_r3,ND,direct,proposed,research/runs/direct_comparison_v1/direct_ND_loss_severe_r3/instance.json,research/runs/direct_comparison_v1/direct_ND_loss_severe_r3/provenance.json,research/runs/direct_comparison_v1/direct_ND_loss_severe_r3/result.json,research/runs/direct_comparison_v1/direct_ND_loss_severe_r3/stage1.log | research/runs/direct_comparison_v1/direct_ND_loss_severe_r3/stage2.log
direct_comparison_v1,direct_SF_balanced_moderate_r1,SF,direct,proposed,research/runs/direct_comparison_v1/direct_SF_balanced_moderate_r1/instance.json,research/runs/direct_comparison_v1/direct_SF_balanced_moderate_r1/provenance.json,research/runs/direct_comparison_v1/direct_SF_balanced_moderate_r1/result.json,research/runs/direct_comparison_v1/direct_SF_balanced_moderate_r1/stage1.log | research/runs/direct_comparison_v1/direct_SF_balanced_moderate_r1/stage2.log
direct_comparison_v1,direct_SF_balanced_moderate_r2,SF,direct,proposed,research/runs/direct_comparison_v1/direct_SF_balanced_moderate_r2/instance.json,research/runs/direct_comparison_v1/direct_SF_balanced_moderate_r2/provenance.json,research/runs/direct_comparison_v1/direct_SF_balanced_moderate_r2/result.json,research/runs/direct_comparison_v1/direct_SF_balanced_moderate_r2/stage1.log | research/runs/direct_comparison_v1/direct_SF_balanced_moderate_r2/stage2.log
direct_comparison_v1,direct_SF_balanced_moderate_r3,SF,direct,proposed,research/runs/direct_comparison_v1/direct_SF_balanced_moderate_r3/instance.json,research/runs/direct_comparison_v1/direct_SF_balanced_moderate_r3/provenance.json,research/runs/direct_comparison_v1/direct_SF_balanced_moderate_r3/result.json,research/runs/direct_comparison_v1/direct_SF_balanced_moderate_r3/stage1.log | research/runs/direct_comparison_v1/direct_SF_balanced_moderate_r3/stage2.log
direct_comparison_v1,direct_SF_concentrated_moderate_r1,SF,direct,proposed,research/runs/direct_comparison_v1/direct_SF_concentrated_moderate_r1/instance.json,research/runs/direct_comparison_v1/direct_SF_concentrated_moderate_r1/provenance.json,research/runs/direct_comparison_v1/direct_SF_concentrated_moderate_r1/result.json,research/runs/direct_comparison_v1/direct_SF_concentrated_moderate_r1/stage1.log | research/runs/direct_comparison_v1/direct_SF_concentrated_moderate_r1/stage2.log
direct_comparison_v1,direct_SF_concentrated_moderate_r2,SF,direct,proposed,research/runs/direct_comparison_v1/direct_SF_concentrated_moderate_r2/instance.json,research/runs/direct_comparison_v1/direct_SF_concentrated_moderate_r2/provenance.json,research/runs/direct_comparison_v1/direct_SF_concentrated_moderate_r2/result.json,research/runs/direct_comparison_v1/direct_SF_concentrated_moderate_r2/stage1.log | research/runs/direct_comparison_v1/direct_SF_concentrated_moderate_r2/stage2.log
direct_comparison_v1,direct_SF_concentrated_moderate_r3,SF,direct,proposed,research/runs/direct_comparison_v1/direct_SF_concentrated_moderate_r3/instance.json,research/runs/direct_comparison_v1/direct_SF_concentrated_moderate_r3/provenance.json,research/runs/direct_comparison_v1/direct_SF_concentrated_moderate_r3/result.json,research/runs/direct_comparison_v1/direct_SF_concentrated_moderate_r3/stage1.log | research/runs/direct_comparison_v1/direct_SF_concentrated_moderate_r3/stage2.log
direct_comparison_v1,direct_SF_concentrated_severe_r1,SF,direct,proposed,research/runs/direct_comparison_v1/direct_SF_concentrated_severe_r1/instance.json,research/runs/direct_comparison_v1/direct_SF_concentrated_severe_r1/provenance.json,research/runs/direct_comparison_v1/direct_SF_concentrated_severe_r1/result.json,research/runs/direct_comparison_v1/direct_SF_concentrated_severe_r1/stage1.log | research/runs/direct_comparison_v1/direct_SF_concentrated_severe_r1/stage2.log
direct_comparison_v1,direct_SF_concentrated_severe_r2,SF,direct,proposed,research/runs/direct_comparison_v1/direct_SF_concentrated_severe_r2/instance.json,research/runs/direct_comparison_v1/direct_SF_concentrated_severe_r2/provenance.json,research/runs/direct_comparison_v1/direct_SF_concentrated_severe_r2/result.json,research/runs/direct_comparison_v1/direct_SF_concentrated_severe_r2/stage1.log | research/runs/direct_comparison_v1/direct_SF_concentrated_severe_r2/stage2.log
direct_comparison_v1,direct_SF_concentrated_severe_r3,SF,direct,proposed,research/runs/direct_comparison_v1/direct_SF_concentrated_severe_r3/instance.json,research/runs/direct_comparison_v1/direct_SF_concentrated_severe_r3/provenance.json,research/runs/direct_comparison_v1/direct_SF_concentrated_severe_r3/result.json,research/runs/direct_comparison_v1/direct_SF_concentrated_severe_r3/stage1.log | research/runs/direct_comparison_v1/direct_SF_concentrated_severe_r3/stage2.log
direct_comparison_v1,direct_SF_loss_severe_r1,SF,direct,proposed,research/runs/direct_comparison_v1/direct_SF_loss_severe_r1/instance.json,research/runs/direct_comparison_v1/direct_SF_loss_severe_r1/provenance.json,research/runs/direct_comparison_v1/direct_SF_loss_severe_r1/result.json,research/runs/direct_comparison_v1/direct_SF_loss_severe_r1/stage1.log | research/runs/direct_comparison_v1/direct_SF_loss_severe_r1/stage2.log
direct_comparison_v1,direct_SF_loss_severe_r2,SF,direct,proposed,research/runs/direct_comparison_v1/direct_SF_loss_severe_r2/instance.json,research/runs/direct_comparison_v1/direct_SF_loss_severe_r2/provenance.json,research/runs/direct_comparison_v1/direct_SF_loss_severe_r2/result.json,research/runs/direct_comparison_v1/direct_SF_loss_severe_r2/stage1.log | research/runs/direct_comparison_v1/direct_SF_loss_severe_r2/stage2.log
direct_comparison_v1,direct_SF_loss_severe_r3,SF,direct,proposed,research/runs/direct_comparison_v1/direct_SF_loss_severe_r3/instance.json,research/runs/direct_comparison_v1/direct_SF_loss_severe_r3/provenance.json,research/runs/direct_comparison_v1/direct_SF_loss_severe_r3/result.json,research/runs/direct_comparison_v1/direct_SF_loss_severe_r3/stage1.log | research/runs/direct_comparison_v1/direct_SF_loss_severe_r3/stage2.log
direct_comparison_v1,direct_Anaheim_balanced_moderate_r1,Anaheim,direct,proposed,research/runs/direct_comparison_v1/direct_Anaheim_balanced_moderate_r1/instance.json,research/runs/direct_comparison_v1/direct_Anaheim_balanced_moderate_r1/provenance.json,research/runs/direct_comparison_v1/direct_Anaheim_balanced_moderate_r1/result.json,research/runs/direct_comparison_v1/direct_Anaheim_balanced_moderate_r1/stage1.log | research/runs/direct_comparison_v1/direct_Anaheim_balanced_moderate_r1/stage2.log
direct_comparison_v1,direct_Anaheim_balanced_moderate_r2,Anaheim,direct,proposed,research/runs/direct_comparison_v1/direct_Anaheim_balanced_moderate_r2/instance.json,research/runs/direct_comparison_v1/direct_Anaheim_balanced_moderate_r2/provenance.json,research/runs/direct_comparison_v1/direct_Anaheim_balanced_moderate_r2/result.json,research/runs/direct_comparison_v1/direct_Anaheim_balanced_moderate_r2/stage1.log | research/runs/direct_comparison_v1/direct_Anaheim_balanced_moderate_r2/stage2.log
direct_comparison_v1,direct_Anaheim_balanced_moderate_r3,Anaheim,direct,proposed,research/runs/direct_comparison_v1/direct_Anaheim_balanced_moderate_r3/instance.json,research/runs/direct_comparison_v1/direct_Anaheim_balanced_moderate_r3/provenance.json,research/runs/direct_comparison_v1/direct_Anaheim_balanced_moderate_r3/result.json,research/runs/direct_comparison_v1/direct_Anaheim_balanced_moderate_r3/stage1.log | research/runs/direct_comparison_v1/direct_Anaheim_balanced_moderate_r3/stage2.log
direct_comparison_v1,direct_Anaheim_concentrated_moderate_r1,Anaheim,direct,proposed,research/runs/direct_comparison_v1/direct_Anaheim_concentrated_moderate_r1/instance.json,research/runs/direct_comparison_v1/direct_Anaheim_concentrated_moderate_r1/provenance.json,research/runs/direct_comparison_v1/direct_Anaheim_concentrated_moderate_r1/result.json,research/runs/direct_comparison_v1/direct_Anaheim_concentrated_moderate_r1/stage1.log | research/runs/direct_comparison_v1/direct_Anaheim_concentrated_moderate_r1/stage2.log
direct_comparison_v1,direct_Anaheim_concentrated_moderate_r2,Anaheim,direct,proposed,research/runs/direct_comparison_v1/direct_Anaheim_concentrated_moderate_r2/instance.json,research/runs/direct_comparison_v1/direct_Anaheim_concentrated_moderate_r2/provenance.json,research/runs/direct_comparison_v1/direct_Anaheim_concentrated_moderate_r2/result.json,research/runs/direct_comparison_v1/direct_Anaheim_concentrated_moderate_r2/stage1.log | research/runs/direct_comparison_v1/direct_Anaheim_concentrated_moderate_r2/stage2.log
direct_comparison_v1,direct_Anaheim_concentrated_moderate_r3,Anaheim,direct,proposed,research/runs/direct_comparison_v1/direct_Anaheim_concentrated_moderate_r3/instance.json,research/runs/direct_comparison_v1/direct_Anaheim_concentrated_moderate_r3/provenance.json,research/runs/direct_comparison_v1/direct_Anaheim_concentrated_moderate_r3/result.json,research/runs/direct_comparison_v1/direct_Anaheim_concentrated_moderate_r3/stage1.log | research/runs/direct_comparison_v1/direct_Anaheim_concentrated_moderate_r3/stage2.log
direct_comparison_v1,direct_Anaheim_concentrated_severe_r1,Anaheim,direct,proposed,research/runs/direct_comparison_v1/direct_Anaheim_concentrated_severe_r1/instance.json,research/runs/direct_comparison_v1/direct_Anaheim_concentrated_severe_r1/provenance.json,research/runs/direct_comparison_v1/direct_Anaheim_concentrated_severe_r1/result.json,research/runs/direct_comparison_v1/direct_Anaheim_concentrated_severe_r1/stage1.log | research/runs/direct_comparison_v1/direct_Anaheim_concentrated_severe_r1/stage2.log
direct_comparison_v1,direct_Anaheim_concentrated_severe_r2,Anaheim,direct,proposed,research/runs/direct_comparison_v1/direct_Anaheim_concentrated_severe_r2/instance.json,research/runs/direct_comparison_v1/direct_Anaheim_concentrated_severe_r2/provenance.json,research/runs/direct_comparison_v1/direct_Anaheim_concentrated_severe_r2/result.json,research/runs/direct_comparison_v1/direct_Anaheim_concentrated_severe_r2/stage1.log | research/runs/direct_comparison_v1/direct_Anaheim_concentrated_severe_r2/stage2.log
direct_comparison_v1,direct_Anaheim_concentrated_severe_r3,Anaheim,direct,proposed,research/runs/direct_comparison_v1/direct_Anaheim_concentrated_severe_r3/instance.json,research/runs/direct_comparison_v1/direct_Anaheim_concentrated_severe_r3/provenance.json,research/runs/direct_comparison_v1/direct_Anaheim_concentrated_severe_r3/result.json,research/runs/direct_comparison_v1/direct_Anaheim_concentrated_severe_r3/stage1.log | research/runs/direct_comparison_v1/direct_Anaheim_concentrated_severe_r3/stage2.log
direct_comparison_v1,direct_Anaheim_loss_severe_r1,Anaheim,direct,proposed,research/runs/direct_comparison_v1/direct_Anaheim_loss_severe_r1/instance.json,research/runs/direct_comparison_v1/direct_Anaheim_loss_severe_r1/provenance.json,research/runs/direct_comparison_v1/direct_Anaheim_loss_severe_r1/result.json,research/runs/direct_comparison_v1/direct_Anaheim_loss_severe_r1/stage1.log | research/runs/direct_comparison_v1/direct_Anaheim_loss_severe_r1/stage2.log
direct_comparison_v1,direct_Anaheim_loss_severe_r2,Anaheim,direct,proposed,research/runs/direct_comparison_v1/direct_Anaheim_loss_severe_r2/instance.json,research/runs/direct_comparison_v1/direct_Anaheim_loss_severe_r2/provenance.json,research/runs/direct_comparison_v1/direct_Anaheim_loss_severe_r2/result.json,research/runs/direct_comparison_v1/direct_Anaheim_loss_severe_r2/stage1.log | research/runs/direct_comparison_v1/direct_Anaheim_loss_severe_r2/stage2.log
direct_comparison_v1,direct_Anaheim_loss_severe_r3,Anaheim,direct,proposed,research/runs/direct_comparison_v1/direct_Anaheim_loss_severe_r3/instance.json,research/runs/direct_comparison_v1/direct_Anaheim_loss_severe_r3/provenance.json,research/runs/direct_comparison_v1/direct_Anaheim_loss_severe_r3/result.json,research/runs/direct_comparison_v1/direct_Anaheim_loss_severe_r3/stage1.log | research/runs/direct_comparison_v1/direct_Anaheim_loss_severe_r3/stage2.log
direct_comparison_v1,direct_Winnipeg_balanced_moderate_r1,Winnipeg,direct,proposed,research/runs/direct_comparison_v1/direct_Winnipeg_balanced_moderate_r1/instance.json,research/runs/direct_comparison_v1/direct_Winnipeg_balanced_moderate_r1/provenance.json,research/runs/direct_comparison_v1/direct_Winnipeg_balanced_moderate_r1/result.json,research/runs/direct_comparison_v1/direct_Winnipeg_balanced_moderate_r1/stage1.log | research/runs/direct_comparison_v1/direct_Winnipeg_balanced_moderate_r1/stage2.log
direct_comparison_v1,direct_Winnipeg_balanced_moderate_r2,Winnipeg,direct,proposed,research/runs/direct_comparison_v1/direct_Winnipeg_balanced_moderate_r2/instance.json,research/runs/direct_comparison_v1/direct_Winnipeg_balanced_moderate_r2/provenance.json,research/runs/direct_comparison_v1/direct_Winnipeg_balanced_moderate_r2/result.json,research/runs/direct_comparison_v1/direct_Winnipeg_balanced_moderate_r2/stage1.log | research/runs/direct_comparison_v1/direct_Winnipeg_balanced_moderate_r2/stage2.log
direct_comparison_v1,direct_Winnipeg_balanced_moderate_r3,Winnipeg,direct,proposed,research/runs/direct_comparison_v1/direct_Winnipeg_balanced_moderate_r3/instance.json,research/runs/direct_comparison_v1/direct_Winnipeg_balanced_moderate_r3/provenance.json,research/runs/direct_comparison_v1/direct_Winnipeg_balanced_moderate_r3/result.json,research/runs/direct_comparison_v1/direct_Winnipeg_balanced_moderate_r3/stage1.log | research/runs/direct_comparison_v1/direct_Winnipeg_balanced_moderate_r3/stage2.log
direct_comparison_v1,direct_Winnipeg_concentrated_moderate_r1,Winnipeg,direct,proposed,research/runs/direct_comparison_v1/direct_Winnipeg_concentrated_moderate_r1/instance.json,research/runs/direct_comparison_v1/direct_Winnipeg_concentrated_moderate_r1/provenance.json,research/runs/direct_comparison_v1/direct_Winnipeg_concentrated_moderate_r1/result.json,research/runs/direct_comparison_v1/direct_Winnipeg_concentrated_moderate_r1/stage1.log | research/runs/direct_comparison_v1/direct_Winnipeg_concentrated_moderate_r1/stage2.log
direct_comparison_v1,direct_Winnipeg_concentrated_moderate_r2,Winnipeg,direct,proposed,research/runs/direct_comparison_v1/direct_Winnipeg_concentrated_moderate_r2/instance.json,research/runs/direct_comparison_v1/direct_Winnipeg_concentrated_moderate_r2/provenance.json,research/runs/direct_comparison_v1/direct_Winnipeg_concentrated_moderate_r2/result.json,research/runs/direct_comparison_v1/direct_Winnipeg_concentrated_moderate_r2/stage1.log | research/runs/direct_comparison_v1/direct_Winnipeg_concentrated_moderate_r2/stage2.log
direct_comparison_v1,direct_Winnipeg_concentrated_moderate_r3,Winnipeg,direct,proposed,research/runs/direct_comparison_v1/direct_Winnipeg_concentrated_moderate_r3/instance.json,research/runs/direct_comparison_v1/direct_Winnipeg_concentrated_moderate_r3/provenance.json,research/runs/direct_comparison_v1/direct_Winnipeg_concentrated_moderate_r3/result.json,research/runs/direct_comparison_v1/direct_Winnipeg_concentrated_moderate_r3/stage1.log | research/runs/direct_comparison_v1/direct_Winnipeg_concentrated_moderate_r3/stage2.log
direct_comparison_v1,direct_Winnipeg_concentrated_severe_r1,Winnipeg,direct,proposed,research/runs/direct_comparison_v1/direct_Winnipeg_concentrated_severe_r1/instance.json,research/runs/direct_comparison_v1/direct_Winnipeg_concentrated_severe_r1/provenance.json,research/runs/direct_comparison_v1/direct_Winnipeg_concentrated_severe_r1/result.json,research/runs/direct_comparison_v1/direct_Winnipeg_concentrated_severe_r1/stage1.log | research/runs/direct_comparison_v1/direct_Winnipeg_concentrated_severe_r1/stage2.log
direct_comparison_v1,direct_Winnipeg_concentrated_severe_r2,Winnipeg,direct,proposed,research/runs/direct_comparison_v1/direct_Winnipeg_concentrated_severe_r2/instance.json,research/runs/direct_comparison_v1/direct_Winnipeg_concentrated_severe_r2/provenance.json,research/runs/direct_comparison_v1/direct_Winnipeg_concentrated_severe_r2/result.json,research/runs/direct_comparison_v1/direct_Winnipeg_concentrated_severe_r2/stage1.log | research/runs/direct_comparison_v1/direct_Winnipeg_concentrated_severe_r2/stage2.log
direct_comparison_v1,direct_Winnipeg_concentrated_severe_r3,Winnipeg,direct,proposed,research/runs/direct_comparison_v1/direct_Winnipeg_concentrated_severe_r3/instance.json,research/runs/direct_comparison_v1/direct_Winnipeg_concentrated_severe_r3/provenance.json,research/runs/direct_comparison_v1/direct_Winnipeg_concentrated_severe_r3/result.json,research/runs/direct_comparison_v1/direct_Winnipeg_concentrated_severe_r3/stage1.log | research/runs/direct_comparison_v1/direct_Winnipeg_concentrated_severe_r3/stage2.log
direct_comparison_v1,direct_Winnipeg_loss_severe_r1,Winnipeg,direct,proposed,research/runs/direct_comparison_v1/direct_Winnipeg_loss_severe_r1/instance.json,research/runs/direct_comparison_v1/direct_Winnipeg_loss_severe_r1/provenance.json,research/runs/direct_comparison_v1/direct_Winnipeg_loss_severe_r1/result.json,research/runs/direct_comparison_v1/direct_Winnipeg_loss_severe_r1/stage1.log | research/runs/direct_comparison_v1/direct_Winnipeg_loss_severe_r1/stage2.log
direct_comparison_v1,direct_Winnipeg_loss_severe_r2,Winnipeg,direct,proposed,research/runs/direct_comparison_v1/direct_Winnipeg_loss_severe_r2/instance.json,research/runs/direct_comparison_v1/direct_Winnipeg_loss_severe_r2/provenance.json,research/runs/direct_comparison_v1/direct_Winnipeg_loss_severe_r2/result.json,research/runs/direct_comparison_v1/direct_Winnipeg_loss_severe_r2/stage1.log | research/runs/direct_comparison_v1/direct_Winnipeg_loss_severe_r2/stage2.log
direct_comparison_v1,direct_Winnipeg_loss_severe_r3,Winnipeg,direct,proposed,research/runs/direct_comparison_v1/direct_Winnipeg_loss_severe_r3/instance.json,research/runs/direct_comparison_v1/direct_Winnipeg_loss_severe_r3/provenance.json,research/runs/direct_comparison_v1/direct_Winnipeg_loss_severe_r3/result.json,research/runs/direct_comparison_v1/direct_Winnipeg_loss_severe_r3/stage1.log | research/runs/direct_comparison_v1/direct_Winnipeg_loss_severe_r3/stage2.log
groups_v1,shares_SF_q0.0_r1,SF,benders_flow,proposed,research/runs/groups_v1/shares_SF_q0.0_r1/instance.json,research/runs/groups_v1/shares_SF_q0.0_r1/provenance.json,research/runs/groups_v1/shares_SF_q0.0_r1/result.json,research/runs/groups_v1/shares_SF_q0.0_r1/stage1.log | research/runs/groups_v1/shares_SF_q0.0_r1/stage2.log
groups_v1,shares_SF_q0.3_r1,SF,benders_flow,proposed,research/runs/groups_v1/shares_SF_q0.3_r1/instance.json,research/runs/groups_v1/shares_SF_q0.3_r1/provenance.json,research/runs/groups_v1/shares_SF_q0.3_r1/result.json,research/runs/groups_v1/shares_SF_q0.3_r1/stage1.log | research/runs/groups_v1/shares_SF_q0.3_r1/stage2.log
groups_v1,shares_SF_q0.6_r1,SF,benders_flow,proposed,research/runs/groups_v1/shares_SF_q0.6_r1/instance.json,research/runs/groups_v1/shares_SF_q0.6_r1/provenance.json,research/runs/groups_v1/shares_SF_q0.6_r1/result.json,research/runs/groups_v1/shares_SF_q0.6_r1/stage1.log | research/runs/groups_v1/shares_SF_q0.6_r1/stage2.log
groups_v1,shares_SF_q0.9_r1,SF,benders_flow,proposed,research/runs/groups_v1/shares_SF_q0.9_r1/instance.json,research/runs/groups_v1/shares_SF_q0.9_r1/provenance.json,research/runs/groups_v1/shares_SF_q0.9_r1/result.json,research/runs/groups_v1/shares_SF_q0.9_r1/stage1.log | research/runs/groups_v1/shares_SF_q0.9_r1/stage2.log
groups_v1,shares_SF_q1.2_r1,SF,benders_flow,proposed,research/runs/groups_v1/shares_SF_q1.2_r1/instance.json,research/runs/groups_v1/shares_SF_q1.2_r1/provenance.json,research/runs/groups_v1/shares_SF_q1.2_r1/result.json,research/runs/groups_v1/shares_SF_q1.2_r1/stage1.log | research/runs/groups_v1/shares_SF_q1.2_r1/stage2.log
groups_v1,shares_SF_q1.5_r1,SF,benders_flow,proposed,research/runs/groups_v1/shares_SF_q1.5_r1/instance.json,research/runs/groups_v1/shares_SF_q1.5_r1/provenance.json,research/runs/groups_v1/shares_SF_q1.5_r1/result.json,research/runs/groups_v1/shares_SF_q1.5_r1/stage1.log | research/runs/groups_v1/shares_SF_q1.5_r1/stage2.log
groups_v1,shares_SF_q1.8_r1,SF,benders_flow,proposed,research/runs/groups_v1/shares_SF_q1.8_r1/instance.json,research/runs/groups_v1/shares_SF_q1.8_r1/provenance.json,research/runs/groups_v1/shares_SF_q1.8_r1/result.json,research/runs/groups_v1/shares_SF_q1.8_r1/stage1.log | research/runs/groups_v1/shares_SF_q1.8_r1/stage2.log
groups_v1,shares_SF_p0.005_r1,SF,benders_flow,proposed,research/runs/groups_v1/shares_SF_p0.005_r1/instance.json,research/runs/groups_v1/shares_SF_p0.005_r1/provenance.json,research/runs/groups_v1/shares_SF_p0.005_r1/result.json,research/runs/groups_v1/shares_SF_p0.005_r1/stage1.log | research/runs/groups_v1/shares_SF_p0.005_r1/stage2.log
groups_v1,shares_SF_p0.02_r1,SF,benders_flow,proposed,research/runs/groups_v1/shares_SF_p0.02_r1/instance.json,research/runs/groups_v1/shares_SF_p0.02_r1/provenance.json,research/runs/groups_v1/shares_SF_p0.02_r1/result.json,research/runs/groups_v1/shares_SF_p0.02_r1/stage1.log | research/runs/groups_v1/shares_SF_p0.02_r1/stage2.log
groups_v1,shares_SF_p0.05_r1,SF,benders_flow,proposed,research/runs/groups_v1/shares_SF_p0.05_r1/instance.json,research/runs/groups_v1/shares_SF_p0.05_r1/provenance.json,research/runs/groups_v1/shares_SF_p0.05_r1/result.json,research/runs/groups_v1/shares_SF_p0.05_r1/stage1.log | research/runs/groups_v1/shares_SF_p0.05_r1/stage2.log
groups_v1,shares_SF_p0.1_r1,SF,benders_flow,proposed,research/runs/groups_v1/shares_SF_p0.1_r1/instance.json,research/runs/groups_v1/shares_SF_p0.1_r1/provenance.json,research/runs/groups_v1/shares_SF_p0.1_r1/result.json,research/runs/groups_v1/shares_SF_p0.1_r1/stage1.log | research/runs/groups_v1/shares_SF_p0.1_r1/stage2.log
groups_v1,shares_SF_p0.2_r1,SF,benders_flow,proposed,research/runs/groups_v1/shares_SF_p0.2_r1/instance.json,research/runs/groups_v1/shares_SF_p0.2_r1/provenance.json,research/runs/groups_v1/shares_SF_p0.2_r1/result.json,research/runs/groups_v1/shares_SF_p0.2_r1/stage1.log | research/runs/groups_v1/shares_SF_p0.2_r1/stage2.log
groups_v1,shares_SF_p0.3_r1,SF,benders_flow,proposed,research/runs/groups_v1/shares_SF_p0.3_r1/instance.json,research/runs/groups_v1/shares_SF_p0.3_r1/provenance.json,research/runs/groups_v1/shares_SF_p0.3_r1/result.json,research/runs/groups_v1/shares_SF_p0.3_r1/stage1.log | research/runs/groups_v1/shares_SF_p0.3_r1/stage2.log
groups_v1,groups_SF_two_fine_r1,SF,benders_flow,proposed,research/runs/groups_v1/groups_SF_two_fine_r1/instance.json,research/runs/groups_v1/groups_SF_two_fine_r1/provenance.json,research/runs/groups_v1/groups_SF_two_fine_r1/result.json,research/runs/groups_v1/groups_SF_two_fine_r1/stage1.log | research/runs/groups_v1/groups_SF_two_fine_r1/stage2.log
groups_v1,groups_SF_three_fine_r1,SF,benders_flow,proposed,research/runs/groups_v1/groups_SF_three_fine_r1/instance.json,research/runs/groups_v1/groups_SF_three_fine_r1/provenance.json,research/runs/groups_v1/groups_SF_three_fine_r1/result.json,research/runs/groups_v1/groups_SF_three_fine_r1/stage1.log | research/runs/groups_v1/groups_SF_three_fine_r1/stage2.log
groups_v1,groups_SF_six_r1,SF,benders_flow,proposed,research/runs/groups_v1/groups_SF_six_r1/instance.json,research/runs/groups_v1/groups_SF_six_r1/provenance.json,research/runs/groups_v1/groups_SF_six_r1/result.json,research/runs/groups_v1/groups_SF_six_r1/stage1.log | research/runs/groups_v1/groups_SF_six_r1/stage2.log
groups_v1,groups_SF_rare_r1,SF,benders_flow,proposed,research/runs/groups_v1/groups_SF_rare_r1/instance.json,research/runs/groups_v1/groups_SF_rare_r1/provenance.json,research/runs/groups_v1/groups_SF_rare_r1/result.json,research/runs/groups_v1/groups_SF_rare_r1/stage1.log | research/runs/groups_v1/groups_SF_rare_r1/stage2.log
groups_v1,shares_SF_q0.0_r2,SF,benders_flow,proposed,research/runs/groups_v1/shares_SF_q0.0_r2/instance.json,research/runs/groups_v1/shares_SF_q0.0_r2/provenance.json,research/runs/groups_v1/shares_SF_q0.0_r2/result.json,research/runs/groups_v1/shares_SF_q0.0_r2/stage1.log | research/runs/groups_v1/shares_SF_q0.0_r2/stage2.log
groups_v1,shares_SF_q0.3_r2,SF,benders_flow,proposed,research/runs/groups_v1/shares_SF_q0.3_r2/instance.json,research/runs/groups_v1/shares_SF_q0.3_r2/provenance.json,research/runs/groups_v1/shares_SF_q0.3_r2/result.json,research/runs/groups_v1/shares_SF_q0.3_r2/stage1.log | research/runs/groups_v1/shares_SF_q0.3_r2/stage2.log
groups_v1,shares_SF_q0.6_r2,SF,benders_flow,proposed,research/runs/groups_v1/shares_SF_q0.6_r2/instance.json,research/runs/groups_v1/shares_SF_q0.6_r2/provenance.json,research/runs/groups_v1/shares_SF_q0.6_r2/result.json,research/runs/groups_v1/shares_SF_q0.6_r2/stage1.log | research/runs/groups_v1/shares_SF_q0.6_r2/stage2.log
groups_v1,shares_SF_q0.9_r2,SF,benders_flow,proposed,research/runs/groups_v1/shares_SF_q0.9_r2/instance.json,research/runs/groups_v1/shares_SF_q0.9_r2/provenance.json,research/runs/groups_v1/shares_SF_q0.9_r2/result.json,research/runs/groups_v1/shares_SF_q0.9_r2/stage1.log | research/runs/groups_v1/shares_SF_q0.9_r2/stage2.log
groups_v1,shares_SF_q1.2_r2,SF,benders_flow,proposed,research/runs/groups_v1/shares_SF_q1.2_r2/instance.json,research/runs/groups_v1/shares_SF_q1.2_r2/provenance.json,research/runs/groups_v1/shares_SF_q1.2_r2/result.json,research/runs/groups_v1/shares_SF_q1.2_r2/stage1.log | research/runs/groups_v1/shares_SF_q1.2_r2/stage2.log
groups_v1,shares_SF_q1.5_r2,SF,benders_flow,proposed,research/runs/groups_v1/shares_SF_q1.5_r2/instance.json,research/runs/groups_v1/shares_SF_q1.5_r2/provenance.json,research/runs/groups_v1/shares_SF_q1.5_r2/result.json,research/runs/groups_v1/shares_SF_q1.5_r2/stage1.log | research/runs/groups_v1/shares_SF_q1.5_r2/stage2.log
groups_v1,shares_SF_q1.8_r2,SF,benders_flow,proposed,research/runs/groups_v1/shares_SF_q1.8_r2/instance.json,research/runs/groups_v1/shares_SF_q1.8_r2/provenance.json,research/runs/groups_v1/shares_SF_q1.8_r2/result.json,research/runs/groups_v1/shares_SF_q1.8_r2/stage1.log | research/runs/groups_v1/shares_SF_q1.8_r2/stage2.log
groups_v1,shares_SF_p0.005_r2,SF,benders_flow,proposed,research/runs/groups_v1/shares_SF_p0.005_r2/instance.json,research/runs/groups_v1/shares_SF_p0.005_r2/provenance.json,research/runs/groups_v1/shares_SF_p0.005_r2/result.json,research/runs/groups_v1/shares_SF_p0.005_r2/stage1.log | research/runs/groups_v1/shares_SF_p0.005_r2/stage2.log
groups_v1,shares_SF_p0.02_r2,SF,benders_flow,proposed,research/runs/groups_v1/shares_SF_p0.02_r2/instance.json,research/runs/groups_v1/shares_SF_p0.02_r2/provenance.json,research/runs/groups_v1/shares_SF_p0.02_r2/result.json,research/runs/groups_v1/shares_SF_p0.02_r2/stage1.log | research/runs/groups_v1/shares_SF_p0.02_r2/stage2.log
groups_v1,shares_SF_p0.05_r2,SF,benders_flow,proposed,research/runs/groups_v1/shares_SF_p0.05_r2/instance.json,research/runs/groups_v1/shares_SF_p0.05_r2/provenance.json,research/runs/groups_v1/shares_SF_p0.05_r2/result.json,research/runs/groups_v1/shares_SF_p0.05_r2/stage1.log | research/runs/groups_v1/shares_SF_p0.05_r2/stage2.log
groups_v1,shares_SF_p0.1_r2,SF,benders_flow,proposed,research/runs/groups_v1/shares_SF_p0.1_r2/instance.json,research/runs/groups_v1/shares_SF_p0.1_r2/provenance.json,research/runs/groups_v1/shares_SF_p0.1_r2/result.json,research/runs/groups_v1/shares_SF_p0.1_r2/stage1.log | research/runs/groups_v1/shares_SF_p0.1_r2/stage2.log
groups_v1,shares_SF_p0.2_r2,SF,benders_flow,proposed,research/runs/groups_v1/shares_SF_p0.2_r2/instance.json,research/runs/groups_v1/shares_SF_p0.2_r2/provenance.json,research/runs/groups_v1/shares_SF_p0.2_r2/result.json,research/runs/groups_v1/shares_SF_p0.2_r2/stage1.log | research/runs/groups_v1/shares_SF_p0.2_r2/stage2.log
groups_v1,shares_SF_p0.3_r2,SF,benders_flow,proposed,research/runs/groups_v1/shares_SF_p0.3_r2/instance.json,research/runs/groups_v1/shares_SF_p0.3_r2/provenance.json,research/runs/groups_v1/shares_SF_p0.3_r2/result.json,research/runs/groups_v1/shares_SF_p0.3_r2/stage1.log | research/runs/groups_v1/shares_SF_p0.3_r2/stage2.log
groups_v1,groups_SF_two_fine_r2,SF,benders_flow,proposed,research/runs/groups_v1/groups_SF_two_fine_r2/instance.json,research/runs/groups_v1/groups_SF_two_fine_r2/provenance.json,research/runs/groups_v1/groups_SF_two_fine_r2/result.json,research/runs/groups_v1/groups_SF_two_fine_r2/stage1.log | research/runs/groups_v1/groups_SF_two_fine_r2/stage2.log
groups_v1,groups_SF_three_fine_r2,SF,benders_flow,proposed,research/runs/groups_v1/groups_SF_three_fine_r2/instance.json,research/runs/groups_v1/groups_SF_three_fine_r2/provenance.json,research/runs/groups_v1/groups_SF_three_fine_r2/result.json,research/runs/groups_v1/groups_SF_three_fine_r2/stage1.log | research/runs/groups_v1/groups_SF_three_fine_r2/stage2.log
groups_v1,groups_SF_six_r2,SF,benders_flow,proposed,research/runs/groups_v1/groups_SF_six_r2/instance.json,research/runs/groups_v1/groups_SF_six_r2/provenance.json,research/runs/groups_v1/groups_SF_six_r2/result.json,research/runs/groups_v1/groups_SF_six_r2/stage1.log | research/runs/groups_v1/groups_SF_six_r2/stage2.log
groups_v1,groups_SF_rare_r2,SF,benders_flow,proposed,research/runs/groups_v1/groups_SF_rare_r2/instance.json,research/runs/groups_v1/groups_SF_rare_r2/provenance.json,research/runs/groups_v1/groups_SF_rare_r2/result.json,research/runs/groups_v1/groups_SF_rare_r2/stage1.log | research/runs/groups_v1/groups_SF_rare_r2/stage2.log
groups_v1,shares_SF_q0.0_r3,SF,benders_flow,proposed,research/runs/groups_v1/shares_SF_q0.0_r3/instance.json,research/runs/groups_v1/shares_SF_q0.0_r3/provenance.json,research/runs/groups_v1/shares_SF_q0.0_r3/result.json,research/runs/groups_v1/shares_SF_q0.0_r3/stage1.log | research/runs/groups_v1/shares_SF_q0.0_r3/stage2.log
groups_v1,shares_SF_q0.3_r3,SF,benders_flow,proposed,research/runs/groups_v1/shares_SF_q0.3_r3/instance.json,research/runs/groups_v1/shares_SF_q0.3_r3/provenance.json,research/runs/groups_v1/shares_SF_q0.3_r3/result.json,research/runs/groups_v1/shares_SF_q0.3_r3/stage1.log | research/runs/groups_v1/shares_SF_q0.3_r3/stage2.log
groups_v1,shares_SF_q0.6_r3,SF,benders_flow,proposed,research/runs/groups_v1/shares_SF_q0.6_r3/instance.json,research/runs/groups_v1/shares_SF_q0.6_r3/provenance.json,research/runs/groups_v1/shares_SF_q0.6_r3/result.json,research/runs/groups_v1/shares_SF_q0.6_r3/stage1.log | research/runs/groups_v1/shares_SF_q0.6_r3/stage2.log
groups_v1,shares_SF_q0.9_r3,SF,benders_flow,proposed,research/runs/groups_v1/shares_SF_q0.9_r3/instance.json,research/runs/groups_v1/shares_SF_q0.9_r3/provenance.json,research/runs/groups_v1/shares_SF_q0.9_r3/result.json,research/runs/groups_v1/shares_SF_q0.9_r3/stage1.log | research/runs/groups_v1/shares_SF_q0.9_r3/stage2.log
groups_v1,shares_SF_q1.2_r3,SF,benders_flow,proposed,research/runs/groups_v1/shares_SF_q1.2_r3/instance.json,research/runs/groups_v1/shares_SF_q1.2_r3/provenance.json,research/runs/groups_v1/shares_SF_q1.2_r3/result.json,research/runs/groups_v1/shares_SF_q1.2_r3/stage1.log | research/runs/groups_v1/shares_SF_q1.2_r3/stage2.log
groups_v1,shares_SF_q1.5_r3,SF,benders_flow,proposed,research/runs/groups_v1/shares_SF_q1.5_r3/instance.json,research/runs/groups_v1/shares_SF_q1.5_r3/provenance.json,research/runs/groups_v1/shares_SF_q1.5_r3/result.json,research/runs/groups_v1/shares_SF_q1.5_r3/stage1.log | research/runs/groups_v1/shares_SF_q1.5_r3/stage2.log
groups_v1,shares_SF_q1.8_r3,SF,benders_flow,proposed,research/runs/groups_v1/shares_SF_q1.8_r3/instance.json,research/runs/groups_v1/shares_SF_q1.8_r3/provenance.json,research/runs/groups_v1/shares_SF_q1.8_r3/result.json,research/runs/groups_v1/shares_SF_q1.8_r3/stage1.log | research/runs/groups_v1/shares_SF_q1.8_r3/stage2.log
groups_v1,shares_SF_p0.005_r3,SF,benders_flow,proposed,research/runs/groups_v1/shares_SF_p0.005_r3/instance.json,research/runs/groups_v1/shares_SF_p0.005_r3/provenance.json,research/runs/groups_v1/shares_SF_p0.005_r3/result.json,research/runs/groups_v1/shares_SF_p0.005_r3/stage1.log | research/runs/groups_v1/shares_SF_p0.005_r3/stage2.log
groups_v1,shares_SF_p0.02_r3,SF,benders_flow,proposed,research/runs/groups_v1/shares_SF_p0.02_r3/instance.json,research/runs/groups_v1/shares_SF_p0.02_r3/provenance.json,research/runs/groups_v1/shares_SF_p0.02_r3/result.json,research/runs/groups_v1/shares_SF_p0.02_r3/stage1.log | research/runs/groups_v1/shares_SF_p0.02_r3/stage2.log
groups_v1,shares_SF_p0.05_r3,SF,benders_flow,proposed,research/runs/groups_v1/shares_SF_p0.05_r3/instance.json,research/runs/groups_v1/shares_SF_p0.05_r3/provenance.json,research/runs/groups_v1/shares_SF_p0.05_r3/result.json,research/runs/groups_v1/shares_SF_p0.05_r3/stage1.log | research/runs/groups_v1/shares_SF_p0.05_r3/stage2.log
groups_v1,shares_SF_p0.1_r3,SF,benders_flow,proposed,research/runs/groups_v1/shares_SF_p0.1_r3/instance.json,research/runs/groups_v1/shares_SF_p0.1_r3/provenance.json,research/runs/groups_v1/shares_SF_p0.1_r3/result.json,research/runs/groups_v1/shares_SF_p0.1_r3/stage1.log | research/runs/groups_v1/shares_SF_p0.1_r3/stage2.log
groups_v1,shares_SF_p0.2_r3,SF,benders_flow,proposed,research/runs/groups_v1/shares_SF_p0.2_r3/instance.json,research/runs/groups_v1/shares_SF_p0.2_r3/provenance.json,research/runs/groups_v1/shares_SF_p0.2_r3/result.json,research/runs/groups_v1/shares_SF_p0.2_r3/stage1.log | research/runs/groups_v1/shares_SF_p0.2_r3/stage2.log
groups_v1,shares_SF_p0.3_r3,SF,benders_flow,proposed,research/runs/groups_v1/shares_SF_p0.3_r3/instance.json,research/runs/groups_v1/shares_SF_p0.3_r3/provenance.json,research/runs/groups_v1/shares_SF_p0.3_r3/result.json,research/runs/groups_v1/shares_SF_p0.3_r3/stage1.log | research/runs/groups_v1/shares_SF_p0.3_r3/stage2.log
groups_v1,groups_SF_two_fine_r3,SF,benders_flow,proposed,research/runs/groups_v1/groups_SF_two_fine_r3/instance.json,research/runs/groups_v1/groups_SF_two_fine_r3/provenance.json,research/runs/groups_v1/groups_SF_two_fine_r3/result.json,research/runs/groups_v1/groups_SF_two_fine_r3/stage1.log | research/runs/groups_v1/groups_SF_two_fine_r3/stage2.log
groups_v1,groups_SF_three_fine_r3,SF,benders_flow,proposed,research/runs/groups_v1/groups_SF_three_fine_r3/instance.json,research/runs/groups_v1/groups_SF_three_fine_r3/provenance.json,research/runs/groups_v1/groups_SF_three_fine_r3/result.json,research/runs/groups_v1/groups_SF_three_fine_r3/stage1.log | research/runs/groups_v1/groups_SF_three_fine_r3/stage2.log
groups_v1,groups_SF_six_r3,SF,benders_flow,proposed,research/runs/groups_v1/groups_SF_six_r3/instance.json,research/runs/groups_v1/groups_SF_six_r3/provenance.json,research/runs/groups_v1/groups_SF_six_r3/result.json,research/runs/groups_v1/groups_SF_six_r3/stage1.log | research/runs/groups_v1/groups_SF_six_r3/stage2.log
groups_v1,groups_SF_rare_r3,SF,benders_flow,proposed,research/runs/groups_v1/groups_SF_rare_r3/instance.json,research/runs/groups_v1/groups_SF_rare_r3/provenance.json,research/runs/groups_v1/groups_SF_rare_r3/result.json,research/runs/groups_v1/groups_SF_rare_r3/stage1.log | research/runs/groups_v1/groups_SF_rare_r3/stage2.log
groups_v1,shares_Winnipeg_q0.0_r1,Winnipeg,benders_flow,proposed,research/runs/groups_v1/shares_Winnipeg_q0.0_r1/instance.json,research/runs/groups_v1/shares_Winnipeg_q0.0_r1/provenance.json,research/runs/groups_v1/shares_Winnipeg_q0.0_r1/result.json,research/runs/groups_v1/shares_Winnipeg_q0.0_r1/stage1.log | research/runs/groups_v1/shares_Winnipeg_q0.0_r1/stage2.log
groups_v1,shares_Winnipeg_q0.3_r1,Winnipeg,benders_flow,proposed,research/runs/groups_v1/shares_Winnipeg_q0.3_r1/instance.json,research/runs/groups_v1/shares_Winnipeg_q0.3_r1/provenance.json,research/runs/groups_v1/shares_Winnipeg_q0.3_r1/result.json,research/runs/groups_v1/shares_Winnipeg_q0.3_r1/stage1.log | research/runs/groups_v1/shares_Winnipeg_q0.3_r1/stage2.log
groups_v1,shares_Winnipeg_q0.6_r1,Winnipeg,benders_flow,proposed,research/runs/groups_v1/shares_Winnipeg_q0.6_r1/instance.json,research/runs/groups_v1/shares_Winnipeg_q0.6_r1/provenance.json,research/runs/groups_v1/shares_Winnipeg_q0.6_r1/result.json,research/runs/groups_v1/shares_Winnipeg_q0.6_r1/stage1.log | research/runs/groups_v1/shares_Winnipeg_q0.6_r1/stage2.log
groups_v1,shares_Winnipeg_q0.9_r1,Winnipeg,benders_flow,proposed,research/runs/groups_v1/shares_Winnipeg_q0.9_r1/instance.json,research/runs/groups_v1/shares_Winnipeg_q0.9_r1/provenance.json,research/runs/groups_v1/shares_Winnipeg_q0.9_r1/result.json,research/runs/groups_v1/shares_Winnipeg_q0.9_r1/stage1.log | research/runs/groups_v1/shares_Winnipeg_q0.9_r1/stage2.log
groups_v1,shares_Winnipeg_q1.2_r1,Winnipeg,benders_flow,proposed,research/runs/groups_v1/shares_Winnipeg_q1.2_r1/instance.json,research/runs/groups_v1/shares_Winnipeg_q1.2_r1/provenance.json,research/runs/groups_v1/shares_Winnipeg_q1.2_r1/result.json,research/runs/groups_v1/shares_Winnipeg_q1.2_r1/stage1.log | research/runs/groups_v1/shares_Winnipeg_q1.2_r1/stage2.log
groups_v1,shares_Winnipeg_q1.5_r1,Winnipeg,benders_flow,proposed,research/runs/groups_v1/shares_Winnipeg_q1.5_r1/instance.json,research/runs/groups_v1/shares_Winnipeg_q1.5_r1/provenance.json,research/runs/groups_v1/shares_Winnipeg_q1.5_r1/result.json,research/runs/groups_v1/shares_Winnipeg_q1.5_r1/stage1.log | research/runs/groups_v1/shares_Winnipeg_q1.5_r1/stage2.log
groups_v1,shares_Winnipeg_q1.8_r1,Winnipeg,benders_flow,proposed,research/runs/groups_v1/shares_Winnipeg_q1.8_r1/instance.json,research/runs/groups_v1/shares_Winnipeg_q1.8_r1/provenance.json,research/runs/groups_v1/shares_Winnipeg_q1.8_r1/result.json,research/runs/groups_v1/shares_Winnipeg_q1.8_r1/stage1.log | research/runs/groups_v1/shares_Winnipeg_q1.8_r1/stage2.log
groups_v1,shares_Winnipeg_p0.005_r1,Winnipeg,benders_flow,proposed,research/runs/groups_v1/shares_Winnipeg_p0.005_r1/instance.json,research/runs/groups_v1/shares_Winnipeg_p0.005_r1/provenance.json,research/runs/groups_v1/shares_Winnipeg_p0.005_r1/result.json,research/runs/groups_v1/shares_Winnipeg_p0.005_r1/stage1.log | research/runs/groups_v1/shares_Winnipeg_p0.005_r1/stage2.log
groups_v1,shares_Winnipeg_p0.02_r1,Winnipeg,benders_flow,proposed,research/runs/groups_v1/shares_Winnipeg_p0.02_r1/instance.json,research/runs/groups_v1/shares_Winnipeg_p0.02_r1/provenance.json,research/runs/groups_v1/shares_Winnipeg_p0.02_r1/result.json,research/runs/groups_v1/shares_Winnipeg_p0.02_r1/stage1.log | research/runs/groups_v1/shares_Winnipeg_p0.02_r1/stage2.log
groups_v1,shares_Winnipeg_p0.05_r1,Winnipeg,benders_flow,proposed,research/runs/groups_v1/shares_Winnipeg_p0.05_r1/instance.json,research/runs/groups_v1/shares_Winnipeg_p0.05_r1/provenance.json,research/runs/groups_v1/shares_Winnipeg_p0.05_r1/result.json,research/runs/groups_v1/shares_Winnipeg_p0.05_r1/stage1.log | research/runs/groups_v1/shares_Winnipeg_p0.05_r1/stage2.log
groups_v1,shares_Winnipeg_p0.1_r1,Winnipeg,benders_flow,proposed,research/runs/groups_v1/shares_Winnipeg_p0.1_r1/instance.json,research/runs/groups_v1/shares_Winnipeg_p0.1_r1/provenance.json,research/runs/groups_v1/shares_Winnipeg_p0.1_r1/result.json,research/runs/groups_v1/shares_Winnipeg_p0.1_r1/stage1.log | research/runs/groups_v1/shares_Winnipeg_p0.1_r1/stage2.log
groups_v1,shares_Winnipeg_p0.2_r1,Winnipeg,benders_flow,proposed,research/runs/groups_v1/shares_Winnipeg_p0.2_r1/instance.json,research/runs/groups_v1/shares_Winnipeg_p0.2_r1/provenance.json,research/runs/groups_v1/shares_Winnipeg_p0.2_r1/result.json,research/runs/groups_v1/shares_Winnipeg_p0.2_r1/stage1.log | research/runs/groups_v1/shares_Winnipeg_p0.2_r1/stage2.log
groups_v1,shares_Winnipeg_p0.3_r1,Winnipeg,benders_flow,proposed,research/runs/groups_v1/shares_Winnipeg_p0.3_r1/instance.json,research/runs/groups_v1/shares_Winnipeg_p0.3_r1/provenance.json,research/runs/groups_v1/shares_Winnipeg_p0.3_r1/result.json,research/runs/groups_v1/shares_Winnipeg_p0.3_r1/stage1.log | research/runs/groups_v1/shares_Winnipeg_p0.3_r1/stage2.log
groups_v1,groups_Winnipeg_two_fine_r1,Winnipeg,benders_flow,proposed,research/runs/groups_v1/groups_Winnipeg_two_fine_r1/instance.json,research/runs/groups_v1/groups_Winnipeg_two_fine_r1/provenance.json,research/runs/groups_v1/groups_Winnipeg_two_fine_r1/result.json,research/runs/groups_v1/groups_Winnipeg_two_fine_r1/stage1.log | research/runs/groups_v1/groups_Winnipeg_two_fine_r1/stage2.log
groups_v1,groups_Winnipeg_three_fine_r1,Winnipeg,benders_flow,proposed,research/runs/groups_v1/groups_Winnipeg_three_fine_r1/instance.json,research/runs/groups_v1/groups_Winnipeg_three_fine_r1/provenance.json,research/runs/groups_v1/groups_Winnipeg_three_fine_r1/result.json,research/runs/groups_v1/groups_Winnipeg_three_fine_r1/stage1.log | research/runs/groups_v1/groups_Winnipeg_three_fine_r1/stage2.log
groups_v1,groups_Winnipeg_six_r1,Winnipeg,benders_flow,proposed,research/runs/groups_v1/groups_Winnipeg_six_r1/instance.json,research/runs/groups_v1/groups_Winnipeg_six_r1/provenance.json,research/runs/groups_v1/groups_Winnipeg_six_r1/result.json,research/runs/groups_v1/groups_Winnipeg_six_r1/stage1.log | research/runs/groups_v1/groups_Winnipeg_six_r1/stage2.log
groups_v1,groups_Winnipeg_rare_r1,Winnipeg,benders_flow,proposed,research/runs/groups_v1/groups_Winnipeg_rare_r1/instance.json,research/runs/groups_v1/groups_Winnipeg_rare_r1/provenance.json,research/runs/groups_v1/groups_Winnipeg_rare_r1/result.json,research/runs/groups_v1/groups_Winnipeg_rare_r1/stage1.log | research/runs/groups_v1/groups_Winnipeg_rare_r1/stage2.log
groups_v1,shares_Winnipeg_q0.0_r2,Winnipeg,benders_flow,proposed,research/runs/groups_v1/shares_Winnipeg_q0.0_r2/instance.json,research/runs/groups_v1/shares_Winnipeg_q0.0_r2/provenance.json,research/runs/groups_v1/shares_Winnipeg_q0.0_r2/result.json,research/runs/groups_v1/shares_Winnipeg_q0.0_r2/stage1.log | research/runs/groups_v1/shares_Winnipeg_q0.0_r2/stage2.log
groups_v1,shares_Winnipeg_q0.3_r2,Winnipeg,benders_flow,proposed,research/runs/groups_v1/shares_Winnipeg_q0.3_r2/instance.json,research/runs/groups_v1/shares_Winnipeg_q0.3_r2/provenance.json,research/runs/groups_v1/shares_Winnipeg_q0.3_r2/result.json,research/runs/groups_v1/shares_Winnipeg_q0.3_r2/stage1.log | research/runs/groups_v1/shares_Winnipeg_q0.3_r2/stage2.log
groups_v1,shares_Winnipeg_q0.6_r2,Winnipeg,benders_flow,proposed,research/runs/groups_v1/shares_Winnipeg_q0.6_r2/instance.json,research/runs/groups_v1/shares_Winnipeg_q0.6_r2/provenance.json,research/runs/groups_v1/shares_Winnipeg_q0.6_r2/result.json,research/runs/groups_v1/shares_Winnipeg_q0.6_r2/stage1.log | research/runs/groups_v1/shares_Winnipeg_q0.6_r2/stage2.log
groups_v1,shares_Winnipeg_q0.9_r2,Winnipeg,benders_flow,proposed,research/runs/groups_v1/shares_Winnipeg_q0.9_r2/instance.json,research/runs/groups_v1/shares_Winnipeg_q0.9_r2/provenance.json,research/runs/groups_v1/shares_Winnipeg_q0.9_r2/result.json,research/runs/groups_v1/shares_Winnipeg_q0.9_r2/stage1.log | research/runs/groups_v1/shares_Winnipeg_q0.9_r2/stage2.log
groups_v1,shares_Winnipeg_q1.2_r2,Winnipeg,benders_flow,proposed,research/runs/groups_v1/shares_Winnipeg_q1.2_r2/instance.json,research/runs/groups_v1/shares_Winnipeg_q1.2_r2/provenance.json,research/runs/groups_v1/shares_Winnipeg_q1.2_r2/result.json,research/runs/groups_v1/shares_Winnipeg_q1.2_r2/stage1.log | research/runs/groups_v1/shares_Winnipeg_q1.2_r2/stage2.log
groups_v1,shares_Winnipeg_q1.5_r2,Winnipeg,benders_flow,proposed,research/runs/groups_v1/shares_Winnipeg_q1.5_r2/instance.json,research/runs/groups_v1/shares_Winnipeg_q1.5_r2/provenance.json,research/runs/groups_v1/shares_Winnipeg_q1.5_r2/result.json,research/runs/groups_v1/shares_Winnipeg_q1.5_r2/stage1.log | research/runs/groups_v1/shares_Winnipeg_q1.5_r2/stage2.log
groups_v1,shares_Winnipeg_q1.8_r2,Winnipeg,benders_flow,proposed,research/runs/groups_v1/shares_Winnipeg_q1.8_r2/instance.json,research/runs/groups_v1/shares_Winnipeg_q1.8_r2/provenance.json,research/runs/groups_v1/shares_Winnipeg_q1.8_r2/result.json,research/runs/groups_v1/shares_Winnipeg_q1.8_r2/stage1.log | research/runs/groups_v1/shares_Winnipeg_q1.8_r2/stage2.log
groups_v1,shares_Winnipeg_p0.005_r2,Winnipeg,benders_flow,proposed,research/runs/groups_v1/shares_Winnipeg_p0.005_r2/instance.json,research/runs/groups_v1/shares_Winnipeg_p0.005_r2/provenance.json,research/runs/groups_v1/shares_Winnipeg_p0.005_r2/result.json,research/runs/groups_v1/shares_Winnipeg_p0.005_r2/stage1.log | research/runs/groups_v1/shares_Winnipeg_p0.005_r2/stage2.log
groups_v1,shares_Winnipeg_p0.02_r2,Winnipeg,benders_flow,proposed,research/runs/groups_v1/shares_Winnipeg_p0.02_r2/instance.json,research/runs/groups_v1/shares_Winnipeg_p0.02_r2/provenance.json,research/runs/groups_v1/shares_Winnipeg_p0.02_r2/result.json,research/runs/groups_v1/shares_Winnipeg_p0.02_r2/stage1.log | research/runs/groups_v1/shares_Winnipeg_p0.02_r2/stage2.log
groups_v1,shares_Winnipeg_p0.05_r2,Winnipeg,benders_flow,proposed,research/runs/groups_v1/shares_Winnipeg_p0.05_r2/instance.json,research/runs/groups_v1/shares_Winnipeg_p0.05_r2/provenance.json,research/runs/groups_v1/shares_Winnipeg_p0.05_r2/result.json,research/runs/groups_v1/shares_Winnipeg_p0.05_r2/stage1.log | research/runs/groups_v1/shares_Winnipeg_p0.05_r2/stage2.log
groups_v1,shares_Winnipeg_p0.1_r2,Winnipeg,benders_flow,proposed,research/runs/groups_v1/shares_Winnipeg_p0.1_r2/instance.json,research/runs/groups_v1/shares_Winnipeg_p0.1_r2/provenance.json,research/runs/groups_v1/shares_Winnipeg_p0.1_r2/result.json,research/runs/groups_v1/shares_Winnipeg_p0.1_r2/stage1.log | research/runs/groups_v1/shares_Winnipeg_p0.1_r2/stage2.log
groups_v1,shares_Winnipeg_p0.2_r2,Winnipeg,benders_flow,proposed,research/runs/groups_v1/shares_Winnipeg_p0.2_r2/instance.json,research/runs/groups_v1/shares_Winnipeg_p0.2_r2/provenance.json,research/runs/groups_v1/shares_Winnipeg_p0.2_r2/result.json,research/runs/groups_v1/shares_Winnipeg_p0.2_r2/stage1.log | research/runs/groups_v1/shares_Winnipeg_p0.2_r2/stage2.log
groups_v1,shares_Winnipeg_p0.3_r2,Winnipeg,benders_flow,proposed,research/runs/groups_v1/shares_Winnipeg_p0.3_r2/instance.json,research/runs/groups_v1/shares_Winnipeg_p0.3_r2/provenance.json,research/runs/groups_v1/shares_Winnipeg_p0.3_r2/result.json,research/runs/groups_v1/shares_Winnipeg_p0.3_r2/stage1.log | research/runs/groups_v1/shares_Winnipeg_p0.3_r2/stage2.log
groups_v1,groups_Winnipeg_two_fine_r2,Winnipeg,benders_flow,proposed,research/runs/groups_v1/groups_Winnipeg_two_fine_r2/instance.json,research/runs/groups_v1/groups_Winnipeg_two_fine_r2/provenance.json,research/runs/groups_v1/groups_Winnipeg_two_fine_r2/result.json,research/runs/groups_v1/groups_Winnipeg_two_fine_r2/stage1.log | research/runs/groups_v1/groups_Winnipeg_two_fine_r2/stage2.log
groups_v1,groups_Winnipeg_three_fine_r2,Winnipeg,benders_flow,proposed,research/runs/groups_v1/groups_Winnipeg_three_fine_r2/instance.json,research/runs/groups_v1/groups_Winnipeg_three_fine_r2/provenance.json,research/runs/groups_v1/groups_Winnipeg_three_fine_r2/result.json,research/runs/groups_v1/groups_Winnipeg_three_fine_r2/stage1.log | research/runs/groups_v1/groups_Winnipeg_three_fine_r2/stage2.log
groups_v1,groups_Winnipeg_six_r2,Winnipeg,benders_flow,proposed,research/runs/groups_v1/groups_Winnipeg_six_r2/instance.json,research/runs/groups_v1/groups_Winnipeg_six_r2/provenance.json,research/runs/groups_v1/groups_Winnipeg_six_r2/result.json,research/runs/groups_v1/groups_Winnipeg_six_r2/stage1.log | research/runs/groups_v1/groups_Winnipeg_six_r2/stage2.log
groups_v1,groups_Winnipeg_rare_r2,Winnipeg,benders_flow,proposed,research/runs/groups_v1/groups_Winnipeg_rare_r2/instance.json,research/runs/groups_v1/groups_Winnipeg_rare_r2/provenance.json,research/runs/groups_v1/groups_Winnipeg_rare_r2/result.json,research/runs/groups_v1/groups_Winnipeg_rare_r2/stage1.log | research/runs/groups_v1/groups_Winnipeg_rare_r2/stage2.log
groups_v1,shares_Winnipeg_q0.0_r3,Winnipeg,benders_flow,proposed,research/runs/groups_v1/shares_Winnipeg_q0.0_r3/instance.json,research/runs/groups_v1/shares_Winnipeg_q0.0_r3/provenance.json,research/runs/groups_v1/shares_Winnipeg_q0.0_r3/result.json,research/runs/groups_v1/shares_Winnipeg_q0.0_r3/stage1.log | research/runs/groups_v1/shares_Winnipeg_q0.0_r3/stage2.log
groups_v1,shares_Winnipeg_q0.3_r3,Winnipeg,benders_flow,proposed,research/runs/groups_v1/shares_Winnipeg_q0.3_r3/instance.json,research/runs/groups_v1/shares_Winnipeg_q0.3_r3/provenance.json,research/runs/groups_v1/shares_Winnipeg_q0.3_r3/result.json,research/runs/groups_v1/shares_Winnipeg_q0.3_r3/stage1.log | research/runs/groups_v1/shares_Winnipeg_q0.3_r3/stage2.log
groups_v1,shares_Winnipeg_q0.6_r3,Winnipeg,benders_flow,proposed,research/runs/groups_v1/shares_Winnipeg_q0.6_r3/instance.json,research/runs/groups_v1/shares_Winnipeg_q0.6_r3/provenance.json,research/runs/groups_v1/shares_Winnipeg_q0.6_r3/result.json,research/runs/groups_v1/shares_Winnipeg_q0.6_r3/stage1.log | research/runs/groups_v1/shares_Winnipeg_q0.6_r3/stage2.log
groups_v1,shares_Winnipeg_q0.9_r3,Winnipeg,benders_flow,proposed,research/runs/groups_v1/shares_Winnipeg_q0.9_r3/instance.json,research/runs/groups_v1/shares_Winnipeg_q0.9_r3/provenance.json,research/runs/groups_v1/shares_Winnipeg_q0.9_r3/result.json,research/runs/groups_v1/shares_Winnipeg_q0.9_r3/stage1.log | research/runs/groups_v1/shares_Winnipeg_q0.9_r3/stage2.log
groups_v1,shares_Winnipeg_q1.2_r3,Winnipeg,benders_flow,proposed,research/runs/groups_v1/shares_Winnipeg_q1.2_r3/instance.json,research/runs/groups_v1/shares_Winnipeg_q1.2_r3/provenance.json,research/runs/groups_v1/shares_Winnipeg_q1.2_r3/result.json,research/runs/groups_v1/shares_Winnipeg_q1.2_r3/stage1.log | research/runs/groups_v1/shares_Winnipeg_q1.2_r3/stage2.log
groups_v1,shares_Winnipeg_q1.5_r3,Winnipeg,benders_flow,proposed,research/runs/groups_v1/shares_Winnipeg_q1.5_r3/instance.json,research/runs/groups_v1/shares_Winnipeg_q1.5_r3/provenance.json,research/runs/groups_v1/shares_Winnipeg_q1.5_r3/result.json,research/runs/groups_v1/shares_Winnipeg_q1.5_r3/stage1.log | research/runs/groups_v1/shares_Winnipeg_q1.5_r3/stage2.log
groups_v1,shares_Winnipeg_q1.8_r3,Winnipeg,benders_flow,proposed,research/runs/groups_v1/shares_Winnipeg_q1.8_r3/instance.json,research/runs/groups_v1/shares_Winnipeg_q1.8_r3/provenance.json,research/runs/groups_v1/shares_Winnipeg_q1.8_r3/result.json,research/runs/groups_v1/shares_Winnipeg_q1.8_r3/stage1.log | research/runs/groups_v1/shares_Winnipeg_q1.8_r3/stage2.log
groups_v1,shares_Winnipeg_p0.005_r3,Winnipeg,benders_flow,proposed,research/runs/groups_v1/shares_Winnipeg_p0.005_r3/instance.json,research/runs/groups_v1/shares_Winnipeg_p0.005_r3/provenance.json,research/runs/groups_v1/shares_Winnipeg_p0.005_r3/result.json,research/runs/groups_v1/shares_Winnipeg_p0.005_r3/stage1.log | research/runs/groups_v1/shares_Winnipeg_p0.005_r3/stage2.log
groups_v1,shares_Winnipeg_p0.02_r3,Winnipeg,benders_flow,proposed,research/runs/groups_v1/shares_Winnipeg_p0.02_r3/instance.json,research/runs/groups_v1/shares_Winnipeg_p0.02_r3/provenance.json,research/runs/groups_v1/shares_Winnipeg_p0.02_r3/result.json,research/runs/groups_v1/shares_Winnipeg_p0.02_r3/stage1.log | research/runs/groups_v1/shares_Winnipeg_p0.02_r3/stage2.log
groups_v1,shares_Winnipeg_p0.05_r3,Winnipeg,benders_flow,proposed,research/runs/groups_v1/shares_Winnipeg_p0.05_r3/instance.json,research/runs/groups_v1/shares_Winnipeg_p0.05_r3/provenance.json,research/runs/groups_v1/shares_Winnipeg_p0.05_r3/result.json,research/runs/groups_v1/shares_Winnipeg_p0.05_r3/stage1.log | research/runs/groups_v1/shares_Winnipeg_p0.05_r3/stage2.log
groups_v1,shares_Winnipeg_p0.1_r3,Winnipeg,benders_flow,proposed,research/runs/groups_v1/shares_Winnipeg_p0.1_r3/instance.json,research/runs/groups_v1/shares_Winnipeg_p0.1_r3/provenance.json,research/runs/groups_v1/shares_Winnipeg_p0.1_r3/result.json,research/runs/groups_v1/shares_Winnipeg_p0.1_r3/stage1.log | research/runs/groups_v1/shares_Winnipeg_p0.1_r3/stage2.log
groups_v1,shares_Winnipeg_p0.2_r3,Winnipeg,benders_flow,proposed,research/runs/groups_v1/shares_Winnipeg_p0.2_r3/instance.json,research/runs/groups_v1/shares_Winnipeg_p0.2_r3/provenance.json,research/runs/groups_v1/shares_Winnipeg_p0.2_r3/result.json,research/runs/groups_v1/shares_Winnipeg_p0.2_r3/stage1.log | research/runs/groups_v1/shares_Winnipeg_p0.2_r3/stage2.log
groups_v1,shares_Winnipeg_p0.3_r3,Winnipeg,benders_flow,proposed,research/runs/groups_v1/shares_Winnipeg_p0.3_r3/instance.json,research/runs/groups_v1/shares_Winnipeg_p0.3_r3/provenance.json,research/runs/groups_v1/shares_Winnipeg_p0.3_r3/result.json,research/runs/groups_v1/shares_Winnipeg_p0.3_r3/stage1.log | research/runs/groups_v1/shares_Winnipeg_p0.3_r3/stage2.log
groups_v1,groups_Winnipeg_two_fine_r3,Winnipeg,benders_flow,proposed,research/runs/groups_v1/groups_Winnipeg_two_fine_r3/instance.json,research/runs/groups_v1/groups_Winnipeg_two_fine_r3/provenance.json,research/runs/groups_v1/groups_Winnipeg_two_fine_r3/result.json,research/runs/groups_v1/groups_Winnipeg_two_fine_r3/stage1.log | research/runs/groups_v1/groups_Winnipeg_two_fine_r3/stage2.log
groups_v1,groups_Winnipeg_three_fine_r3,Winnipeg,benders_flow,proposed,research/runs/groups_v1/groups_Winnipeg_three_fine_r3/instance.json,research/runs/groups_v1/groups_Winnipeg_three_fine_r3/provenance.json,research/runs/groups_v1/groups_Winnipeg_three_fine_r3/result.json,research/runs/groups_v1/groups_Winnipeg_three_fine_r3/stage1.log | research/runs/groups_v1/groups_Winnipeg_three_fine_r3/stage2.log
groups_v1,groups_Winnipeg_six_r3,Winnipeg,benders_flow,proposed,research/runs/groups_v1/groups_Winnipeg_six_r3/instance.json,research/runs/groups_v1/groups_Winnipeg_six_r3/provenance.json,research/runs/groups_v1/groups_Winnipeg_six_r3/result.json,research/runs/groups_v1/groups_Winnipeg_six_r3/stage1.log | research/runs/groups_v1/groups_Winnipeg_six_r3/stage2.log
groups_v1,groups_Winnipeg_rare_r3,Winnipeg,benders_flow,proposed,research/runs/groups_v1/groups_Winnipeg_rare_r3/instance.json,research/runs/groups_v1/groups_Winnipeg_rare_r3/provenance.json,research/runs/groups_v1/groups_Winnipeg_rare_r3/result.json,research/runs/groups_v1/groups_Winnipeg_rare_r3/stage1.log | research/runs/groups_v1/groups_Winnipeg_rare_r3/stage2.log
modelling_v1,model_ND_k1,ND,benders_flow,proposed,research/runs/modelling_v1/model_ND_k1/instance.json,research/runs/modelling_v1/model_ND_k1/provenance.json,research/runs/modelling_v1/model_ND_k1/result.json,research/runs/modelling_v1/model_ND_k1/stage1.log | research/runs/modelling_v1/model_ND_k1/stage2.log
modelling_v1,model_ND_k3,ND,benders_flow,proposed,research/runs/modelling_v1/model_ND_k3/instance.json,research/runs/modelling_v1/model_ND_k3/provenance.json,research/runs/modelling_v1/model_ND_k3/result.json,research/runs/modelling_v1/model_ND_k3/stage1.log | research/runs/modelling_v1/model_ND_k3/stage2.log
modelling_v1,model_ND_k10,ND,benders_flow,proposed,research/runs/modelling_v1/model_ND_k10/instance.json,research/runs/modelling_v1/model_ND_k10/provenance.json,research/runs/modelling_v1/model_ND_k10/result.json,research/runs/modelling_v1/model_ND_k10/stage1.log | research/runs/modelling_v1/model_ND_k10/stage2.log
modelling_v1,model_ND_detour1.1,ND,benders_flow,proposed,research/runs/modelling_v1/model_ND_detour1.1/instance.json,research/runs/modelling_v1/model_ND_detour1.1/provenance.json,research/runs/modelling_v1/model_ND_detour1.1/result.json,research/runs/modelling_v1/model_ND_detour1.1/stage1.log | research/runs/modelling_v1/model_ND_detour1.1/stage2.log
modelling_v1,model_ND_detour1.25,ND,benders_flow,proposed,research/runs/modelling_v1/model_ND_detour1.25/instance.json,research/runs/modelling_v1/model_ND_detour1.25/provenance.json,research/runs/modelling_v1/model_ND_detour1.25/result.json,research/runs/modelling_v1/model_ND_detour1.25/stage1.log | research/runs/modelling_v1/model_ND_detour1.25/stage2.log
modelling_v1,model_ND_detour2,ND,benders_flow,proposed,research/runs/modelling_v1/model_ND_detour2/instance.json,research/runs/modelling_v1/model_ND_detour2/provenance.json,research/runs/modelling_v1/model_ND_detour2/result.json,research/runs/modelling_v1/model_ND_detour2/stage1.log | research/runs/modelling_v1/model_ND_detour2/stage2.log
modelling_v1,model_ND_delta5,ND,benders_flow,proposed,research/runs/modelling_v1/model_ND_delta5/instance.json,research/runs/modelling_v1/model_ND_delta5/provenance.json,research/runs/modelling_v1/model_ND_delta5/result.json,research/runs/modelling_v1/model_ND_delta5/stage1.log | research/runs/modelling_v1/model_ND_delta5/stage2.log
modelling_v1,model_ND_delta10,ND,benders_flow,proposed,research/runs/modelling_v1/model_ND_delta10/instance.json,research/runs/modelling_v1/model_ND_delta10/provenance.json,research/runs/modelling_v1/model_ND_delta10/result.json,research/runs/modelling_v1/model_ND_delta10/stage1.log | research/runs/modelling_v1/model_ND_delta10/stage2.log
modelling_v1,model_ND_delta30,ND,benders_flow,proposed,research/runs/modelling_v1/model_ND_delta30/instance.json,research/runs/modelling_v1/model_ND_delta30/provenance.json,research/runs/modelling_v1/model_ND_delta30/result.json,research/runs/modelling_v1/model_ND_delta30/stage1.log | research/runs/modelling_v1/model_ND_delta30/stage2.log
modelling_v1,model_ND_window60,ND,benders_flow,proposed,research/runs/modelling_v1/model_ND_window60/instance.json,research/runs/modelling_v1/model_ND_window60/provenance.json,research/runs/modelling_v1/model_ND_window60/result.json,research/runs/modelling_v1/model_ND_window60/stage1.log | research/runs/modelling_v1/model_ND_window60/stage2.log
modelling_v1,model_ND_window120,ND,benders_flow,proposed,research/runs/modelling_v1/model_ND_window120/instance.json,research/runs/modelling_v1/model_ND_window120/provenance.json,research/runs/modelling_v1/model_ND_window120/result.json,research/runs/modelling_v1/model_ND_window120/stage1.log | research/runs/modelling_v1/model_ND_window120/stage2.log
modelling_v1,model_SF_k1,SF,benders_flow,proposed,research/runs/modelling_v1/model_SF_k1/instance.json,research/runs/modelling_v1/model_SF_k1/provenance.json,research/runs/modelling_v1/model_SF_k1/result.json,research/runs/modelling_v1/model_SF_k1/stage1.log | research/runs/modelling_v1/model_SF_k1/stage2.log
modelling_v1,model_SF_k3,SF,benders_flow,proposed,research/runs/modelling_v1/model_SF_k3/instance.json,research/runs/modelling_v1/model_SF_k3/provenance.json,research/runs/modelling_v1/model_SF_k3/result.json,research/runs/modelling_v1/model_SF_k3/stage1.log | research/runs/modelling_v1/model_SF_k3/stage2.log
modelling_v1,model_SF_k10,SF,benders_flow,proposed,research/runs/modelling_v1/model_SF_k10/instance.json,research/runs/modelling_v1/model_SF_k10/provenance.json,research/runs/modelling_v1/model_SF_k10/result.json,research/runs/modelling_v1/model_SF_k10/stage1.log | research/runs/modelling_v1/model_SF_k10/stage2.log
modelling_v1,model_SF_detour1.1,SF,benders_flow,proposed,research/runs/modelling_v1/model_SF_detour1.1/instance.json,research/runs/modelling_v1/model_SF_detour1.1/provenance.json,research/runs/modelling_v1/model_SF_detour1.1/result.json,research/runs/modelling_v1/model_SF_detour1.1/stage1.log | research/runs/modelling_v1/model_SF_detour1.1/stage2.log
modelling_v1,model_SF_detour1.25,SF,benders_flow,proposed,research/runs/modelling_v1/model_SF_detour1.25/instance.json,research/runs/modelling_v1/model_SF_detour1.25/provenance.json,research/runs/modelling_v1/model_SF_detour1.25/result.json,research/runs/modelling_v1/model_SF_detour1.25/stage1.log | research/runs/modelling_v1/model_SF_detour1.25/stage2.log
modelling_v1,model_SF_detour2,SF,benders_flow,proposed,research/runs/modelling_v1/model_SF_detour2/instance.json,research/runs/modelling_v1/model_SF_detour2/provenance.json,research/runs/modelling_v1/model_SF_detour2/result.json,research/runs/modelling_v1/model_SF_detour2/stage1.log | research/runs/modelling_v1/model_SF_detour2/stage2.log
modelling_v1,model_SF_delta5,SF,benders_flow,proposed,research/runs/modelling_v1/model_SF_delta5/instance.json,research/runs/modelling_v1/model_SF_delta5/provenance.json,research/runs/modelling_v1/model_SF_delta5/result.json,research/runs/modelling_v1/model_SF_delta5/stage1.log | research/runs/modelling_v1/model_SF_delta5/stage2.log
modelling_v1,model_SF_delta10,SF,benders_flow,proposed,research/runs/modelling_v1/model_SF_delta10/instance.json,research/runs/modelling_v1/model_SF_delta10/provenance.json,research/runs/modelling_v1/model_SF_delta10/result.json,research/runs/modelling_v1/model_SF_delta10/stage1.log | research/runs/modelling_v1/model_SF_delta10/stage2.log
modelling_v1,model_SF_delta30,SF,benders_flow,proposed,research/runs/modelling_v1/model_SF_delta30/instance.json,research/runs/modelling_v1/model_SF_delta30/provenance.json,research/runs/modelling_v1/model_SF_delta30/result.json,research/runs/modelling_v1/model_SF_delta30/stage1.log | research/runs/modelling_v1/model_SF_delta30/stage2.log
modelling_v1,model_SF_window60,SF,benders_flow,proposed,research/runs/modelling_v1/model_SF_window60/instance.json,research/runs/modelling_v1/model_SF_window60/provenance.json,research/runs/modelling_v1/model_SF_window60/result.json,research/runs/modelling_v1/model_SF_window60/stage1.log | research/runs/modelling_v1/model_SF_window60/stage2.log
modelling_v1,model_SF_window120,SF,benders_flow,proposed,research/runs/modelling_v1/model_SF_window120/instance.json,research/runs/modelling_v1/model_SF_window120/provenance.json,research/runs/modelling_v1/model_SF_window120/result.json,research/runs/modelling_v1/model_SF_window120/stage1.log | research/runs/modelling_v1/model_SF_window120/stage2.log
modelling_v1,model_Anaheim_k1,Anaheim,benders_flow,proposed,research/runs/modelling_v1/model_Anaheim_k1/instance.json,research/runs/modelling_v1/model_Anaheim_k1/provenance.json,research/runs/modelling_v1/model_Anaheim_k1/result.json,research/runs/modelling_v1/model_Anaheim_k1/stage1.log | research/runs/modelling_v1/model_Anaheim_k1/stage2.log
modelling_v1,model_Anaheim_k3,Anaheim,benders_flow,proposed,research/runs/modelling_v1/model_Anaheim_k3/instance.json,research/runs/modelling_v1/model_Anaheim_k3/provenance.json,research/runs/modelling_v1/model_Anaheim_k3/result.json,research/runs/modelling_v1/model_Anaheim_k3/stage1.log | research/runs/modelling_v1/model_Anaheim_k3/stage2.log
modelling_v1,model_Anaheim_k10,Anaheim,benders_flow,proposed,research/runs/modelling_v1/model_Anaheim_k10/instance.json,research/runs/modelling_v1/model_Anaheim_k10/provenance.json,research/runs/modelling_v1/model_Anaheim_k10/result.json,research/runs/modelling_v1/model_Anaheim_k10/stage1.log | research/runs/modelling_v1/model_Anaheim_k10/stage2.log
modelling_v1,model_Anaheim_detour1.1,Anaheim,benders_flow,proposed,research/runs/modelling_v1/model_Anaheim_detour1.1/instance.json,research/runs/modelling_v1/model_Anaheim_detour1.1/provenance.json,research/runs/modelling_v1/model_Anaheim_detour1.1/result.json,research/runs/modelling_v1/model_Anaheim_detour1.1/stage1.log | research/runs/modelling_v1/model_Anaheim_detour1.1/stage2.log
modelling_v1,model_Anaheim_detour1.25,Anaheim,benders_flow,proposed,research/runs/modelling_v1/model_Anaheim_detour1.25/instance.json,research/runs/modelling_v1/model_Anaheim_detour1.25/provenance.json,research/runs/modelling_v1/model_Anaheim_detour1.25/result.json,research/runs/modelling_v1/model_Anaheim_detour1.25/stage1.log | research/runs/modelling_v1/model_Anaheim_detour1.25/stage2.log
modelling_v1,model_Anaheim_detour2,Anaheim,benders_flow,proposed,research/runs/modelling_v1/model_Anaheim_detour2/instance.json,research/runs/modelling_v1/model_Anaheim_detour2/provenance.json,research/runs/modelling_v1/model_Anaheim_detour2/result.json,research/runs/modelling_v1/model_Anaheim_detour2/stage1.log | research/runs/modelling_v1/model_Anaheim_detour2/stage2.log
modelling_v1,model_Anaheim_delta5,Anaheim,benders_flow,proposed,research/runs/modelling_v1/model_Anaheim_delta5/instance.json,research/runs/modelling_v1/model_Anaheim_delta5/provenance.json,research/runs/modelling_v1/model_Anaheim_delta5/result.json,research/runs/modelling_v1/model_Anaheim_delta5/stage1.log | research/runs/modelling_v1/model_Anaheim_delta5/stage2.log
modelling_v1,model_Anaheim_delta10,Anaheim,benders_flow,proposed,research/runs/modelling_v1/model_Anaheim_delta10/instance.json,research/runs/modelling_v1/model_Anaheim_delta10/provenance.json,research/runs/modelling_v1/model_Anaheim_delta10/result.json,research/runs/modelling_v1/model_Anaheim_delta10/stage1.log | research/runs/modelling_v1/model_Anaheim_delta10/stage2.log
modelling_v1,model_Anaheim_delta30,Anaheim,benders_flow,proposed,research/runs/modelling_v1/model_Anaheim_delta30/instance.json,research/runs/modelling_v1/model_Anaheim_delta30/provenance.json,research/runs/modelling_v1/model_Anaheim_delta30/result.json,research/runs/modelling_v1/model_Anaheim_delta30/stage1.log | research/runs/modelling_v1/model_Anaheim_delta30/stage2.log
modelling_v1,model_Anaheim_window60,Anaheim,benders_flow,proposed,research/runs/modelling_v1/model_Anaheim_window60/instance.json,research/runs/modelling_v1/model_Anaheim_window60/provenance.json,research/runs/modelling_v1/model_Anaheim_window60/result.json,research/runs/modelling_v1/model_Anaheim_window60/stage1.log | research/runs/modelling_v1/model_Anaheim_window60/stage2.log
modelling_v1,model_Anaheim_window120,Anaheim,benders_flow,proposed,research/runs/modelling_v1/model_Anaheim_window120/instance.json,research/runs/modelling_v1/model_Anaheim_window120/provenance.json,research/runs/modelling_v1/model_Anaheim_window120/result.json,research/runs/modelling_v1/model_Anaheim_window120/stage1.log | research/runs/modelling_v1/model_Anaheim_window120/stage2.log
modelling_v1,model_Winnipeg_k1,Winnipeg,benders_flow,proposed,research/runs/modelling_v1/model_Winnipeg_k1/instance.json,research/runs/modelling_v1/model_Winnipeg_k1/provenance.json,research/runs/modelling_v1/model_Winnipeg_k1/result.json,research/runs/modelling_v1/model_Winnipeg_k1/stage1.log | research/runs/modelling_v1/model_Winnipeg_k1/stage2.log
modelling_v1,model_Winnipeg_k3,Winnipeg,benders_flow,proposed,research/runs/modelling_v1/model_Winnipeg_k3/instance.json,research/runs/modelling_v1/model_Winnipeg_k3/provenance.json,research/runs/modelling_v1/model_Winnipeg_k3/result.json,research/runs/modelling_v1/model_Winnipeg_k3/stage1.log | research/runs/modelling_v1/model_Winnipeg_k3/stage2.log
modelling_v1,model_Winnipeg_k10,Winnipeg,benders_flow,proposed,research/runs/modelling_v1/model_Winnipeg_k10/instance.json,research/runs/modelling_v1/model_Winnipeg_k10/provenance.json,research/runs/modelling_v1/model_Winnipeg_k10/result.json,research/runs/modelling_v1/model_Winnipeg_k10/stage1.log | research/runs/modelling_v1/model_Winnipeg_k10/stage2.log
modelling_v1,model_Winnipeg_detour1.1,Winnipeg,benders_flow,proposed,research/runs/modelling_v1/model_Winnipeg_detour1.1/instance.json,research/runs/modelling_v1/model_Winnipeg_detour1.1/provenance.json,research/runs/modelling_v1/model_Winnipeg_detour1.1/result.json,research/runs/modelling_v1/model_Winnipeg_detour1.1/stage1.log | research/runs/modelling_v1/model_Winnipeg_detour1.1/stage2.log
modelling_v1,model_Winnipeg_detour1.25,Winnipeg,benders_flow,proposed,research/runs/modelling_v1/model_Winnipeg_detour1.25/instance.json,research/runs/modelling_v1/model_Winnipeg_detour1.25/provenance.json,research/runs/modelling_v1/model_Winnipeg_detour1.25/result.json,research/runs/modelling_v1/model_Winnipeg_detour1.25/stage1.log | research/runs/modelling_v1/model_Winnipeg_detour1.25/stage2.log
modelling_v1,model_Winnipeg_detour2,Winnipeg,benders_flow,proposed,research/runs/modelling_v1/model_Winnipeg_detour2/instance.json,research/runs/modelling_v1/model_Winnipeg_detour2/provenance.json,research/runs/modelling_v1/model_Winnipeg_detour2/result.json,research/runs/modelling_v1/model_Winnipeg_detour2/stage1.log | research/runs/modelling_v1/model_Winnipeg_detour2/stage2.log
modelling_v1,model_Winnipeg_delta5,Winnipeg,benders_flow,proposed,research/runs/modelling_v1/model_Winnipeg_delta5/instance.json,research/runs/modelling_v1/model_Winnipeg_delta5/provenance.json,research/runs/modelling_v1/model_Winnipeg_delta5/result.json,research/runs/modelling_v1/model_Winnipeg_delta5/stage1.log | research/runs/modelling_v1/model_Winnipeg_delta5/stage2.log
modelling_v1,model_Winnipeg_delta10,Winnipeg,benders_flow,proposed,research/runs/modelling_v1/model_Winnipeg_delta10/instance.json,research/runs/modelling_v1/model_Winnipeg_delta10/provenance.json,research/runs/modelling_v1/model_Winnipeg_delta10/result.json,research/runs/modelling_v1/model_Winnipeg_delta10/stage1.log | research/runs/modelling_v1/model_Winnipeg_delta10/stage2.log
modelling_v1,model_Winnipeg_delta30,Winnipeg,benders_flow,proposed,research/runs/modelling_v1/model_Winnipeg_delta30/instance.json,research/runs/modelling_v1/model_Winnipeg_delta30/provenance.json,research/runs/modelling_v1/model_Winnipeg_delta30/result.json,research/runs/modelling_v1/model_Winnipeg_delta30/stage1.log | research/runs/modelling_v1/model_Winnipeg_delta30/stage2.log
modelling_v1,model_Winnipeg_window60,Winnipeg,benders_flow,proposed,research/runs/modelling_v1/model_Winnipeg_window60/instance.json,research/runs/modelling_v1/model_Winnipeg_window60/provenance.json,research/runs/modelling_v1/model_Winnipeg_window60/result.json,research/runs/modelling_v1/model_Winnipeg_window60/stage1.log | research/runs/modelling_v1/model_Winnipeg_window60/stage2.log
modelling_v1,model_Winnipeg_window120,Winnipeg,benders_flow,proposed,research/runs/modelling_v1/model_Winnipeg_window120/instance.json,research/runs/modelling_v1/model_Winnipeg_window120/provenance.json,research/runs/modelling_v1/model_Winnipeg_window120/result.json,research/runs/modelling_v1/model_Winnipeg_window120/stage1.log | research/runs/modelling_v1/model_Winnipeg_window120/stage2.log
policies_v1,policy_ND_aggregate_r1,ND,direct,aggregate,research/runs/policies_v1/policy_ND_aggregate_r1/instance.json,research/runs/policies_v1/policy_ND_aggregate_r1/provenance.json,research/runs/policies_v1/policy_ND_aggregate_r1/result.json,research/runs/policies_v1/policy_ND_aggregate_r1/stage1.log | research/runs/policies_v1/policy_ND_aggregate_r1/stage2.log
policies_v1,policy_ND_aggregate_fair_r1,ND,direct,aggregate_fair,research/runs/policies_v1/policy_ND_aggregate_fair_r1/instance.json,research/runs/policies_v1/policy_ND_aggregate_fair_r1/provenance.json,research/runs/policies_v1/policy_ND_aggregate_fair_r1/result.json,research/runs/policies_v1/policy_ND_aggregate_fair_r1/stage1.log | research/runs/policies_v1/policy_ND_aggregate_fair_r1/stage2.log | research/runs/policies_v1/policy_ND_aggregate_fair_r1/stage3.log
policies_v1,policy_ND_controlled_r1,ND,direct,controlled,research/runs/policies_v1/policy_ND_controlled_r1/instance.json,research/runs/policies_v1/policy_ND_controlled_r1/provenance.json,research/runs/policies_v1/policy_ND_controlled_r1/result.json,research/runs/policies_v1/policy_ND_controlled_r1/stage1.log
policies_v1,policy_ND_proportional_r1,ND,direct,proportional,research/runs/policies_v1/policy_ND_proportional_r1/instance.json,research/runs/policies_v1/policy_ND_proportional_r1/provenance.json,research/runs/policies_v1/policy_ND_proportional_r1/result.json,research/runs/policies_v1/policy_ND_proportional_r1/stage1.log | research/runs/policies_v1/policy_ND_proportional_r1/stage2.log
policies_v1,policy_ND_weighted_r1,ND,direct,weighted,research/runs/policies_v1/policy_ND_weighted_r1/instance.json,research/runs/policies_v1/policy_ND_weighted_r1/provenance.json,research/runs/policies_v1/policy_ND_weighted_r1/result.json,research/runs/policies_v1/policy_ND_weighted_r1/stage1.log | research/runs/policies_v1/policy_ND_weighted_r1/stage2.log
policies_v1,policy_ND_coverage_r1,ND,direct,coverage,research/runs/policies_v1/policy_ND_coverage_r1/instance.json,research/runs/policies_v1/policy_ND_coverage_r1/provenance.json,research/runs/policies_v1/policy_ND_coverage_r1/result.json,research/runs/policies_v1/policy_ND_coverage_r1/stage1.log | research/runs/policies_v1/policy_ND_coverage_r1/stage2.log | research/runs/policies_v1/policy_ND_coverage_r1/stage3.log
policies_v1,policy_ND_leximin_r1,ND,direct,leximin,research/runs/policies_v1/policy_ND_leximin_r1/instance.json,research/runs/policies_v1/policy_ND_leximin_r1/provenance.json,research/runs/policies_v1/policy_ND_leximin_r1/result.json,research/runs/policies_v1/policy_ND_leximin_r1/stage1.log | research/runs/policies_v1/policy_ND_leximin_r1/stage2.log | research/runs/policies_v1/policy_ND_leximin_r1/stage3.log | research/runs/policies_v1/policy_ND_leximin_r1/stage4.log
policies_v1,policy_ND_aggregate_r2,ND,direct,aggregate,research/runs/policies_v1/policy_ND_aggregate_r2/instance.json,research/runs/policies_v1/policy_ND_aggregate_r2/provenance.json,research/runs/policies_v1/policy_ND_aggregate_r2/result.json,research/runs/policies_v1/policy_ND_aggregate_r2/stage1.log | research/runs/policies_v1/policy_ND_aggregate_r2/stage2.log
policies_v1,policy_ND_aggregate_fair_r2,ND,direct,aggregate_fair,research/runs/policies_v1/policy_ND_aggregate_fair_r2/instance.json,research/runs/policies_v1/policy_ND_aggregate_fair_r2/provenance.json,research/runs/policies_v1/policy_ND_aggregate_fair_r2/result.json,research/runs/policies_v1/policy_ND_aggregate_fair_r2/stage1.log | research/runs/policies_v1/policy_ND_aggregate_fair_r2/stage2.log | research/runs/policies_v1/policy_ND_aggregate_fair_r2/stage3.log
policies_v1,policy_ND_controlled_r2,ND,direct,controlled,research/runs/policies_v1/policy_ND_controlled_r2/instance.json,research/runs/policies_v1/policy_ND_controlled_r2/provenance.json,research/runs/policies_v1/policy_ND_controlled_r2/result.json,research/runs/policies_v1/policy_ND_controlled_r2/stage1.log
policies_v1,policy_ND_proportional_r2,ND,direct,proportional,research/runs/policies_v1/policy_ND_proportional_r2/instance.json,research/runs/policies_v1/policy_ND_proportional_r2/provenance.json,research/runs/policies_v1/policy_ND_proportional_r2/result.json,research/runs/policies_v1/policy_ND_proportional_r2/stage1.log | research/runs/policies_v1/policy_ND_proportional_r2/stage2.log
policies_v1,policy_ND_weighted_r2,ND,direct,weighted,research/runs/policies_v1/policy_ND_weighted_r2/instance.json,research/runs/policies_v1/policy_ND_weighted_r2/provenance.json,research/runs/policies_v1/policy_ND_weighted_r2/result.json,research/runs/policies_v1/policy_ND_weighted_r2/stage1.log | research/runs/policies_v1/policy_ND_weighted_r2/stage2.log
policies_v1,policy_ND_coverage_r2,ND,direct,coverage,research/runs/policies_v1/policy_ND_coverage_r2/instance.json,research/runs/policies_v1/policy_ND_coverage_r2/provenance.json,research/runs/policies_v1/policy_ND_coverage_r2/result.json,research/runs/policies_v1/policy_ND_coverage_r2/stage1.log | research/runs/policies_v1/policy_ND_coverage_r2/stage2.log | research/runs/policies_v1/policy_ND_coverage_r2/stage3.log
policies_v1,policy_ND_leximin_r2,ND,direct,leximin,research/runs/policies_v1/policy_ND_leximin_r2/instance.json,research/runs/policies_v1/policy_ND_leximin_r2/provenance.json,research/runs/policies_v1/policy_ND_leximin_r2/result.json,research/runs/policies_v1/policy_ND_leximin_r2/stage1.log | research/runs/policies_v1/policy_ND_leximin_r2/stage2.log | research/runs/policies_v1/policy_ND_leximin_r2/stage3.log | research/runs/policies_v1/policy_ND_leximin_r2/stage4.log
policies_v1,policy_ND_aggregate_r3,ND,direct,aggregate,research/runs/policies_v1/policy_ND_aggregate_r3/instance.json,research/runs/policies_v1/policy_ND_aggregate_r3/provenance.json,research/runs/policies_v1/policy_ND_aggregate_r3/result.json,research/runs/policies_v1/policy_ND_aggregate_r3/stage1.log | research/runs/policies_v1/policy_ND_aggregate_r3/stage2.log
policies_v1,policy_ND_aggregate_fair_r3,ND,direct,aggregate_fair,research/runs/policies_v1/policy_ND_aggregate_fair_r3/instance.json,research/runs/policies_v1/policy_ND_aggregate_fair_r3/provenance.json,research/runs/policies_v1/policy_ND_aggregate_fair_r3/result.json,research/runs/policies_v1/policy_ND_aggregate_fair_r3/stage1.log | research/runs/policies_v1/policy_ND_aggregate_fair_r3/stage2.log | research/runs/policies_v1/policy_ND_aggregate_fair_r3/stage3.log
policies_v1,policy_ND_controlled_r3,ND,direct,controlled,research/runs/policies_v1/policy_ND_controlled_r3/instance.json,research/runs/policies_v1/policy_ND_controlled_r3/provenance.json,research/runs/policies_v1/policy_ND_controlled_r3/result.json,research/runs/policies_v1/policy_ND_controlled_r3/stage1.log
policies_v1,policy_ND_proportional_r3,ND,direct,proportional,research/runs/policies_v1/policy_ND_proportional_r3/instance.json,research/runs/policies_v1/policy_ND_proportional_r3/provenance.json,research/runs/policies_v1/policy_ND_proportional_r3/result.json,research/runs/policies_v1/policy_ND_proportional_r3/stage1.log | research/runs/policies_v1/policy_ND_proportional_r3/stage2.log
policies_v1,policy_ND_weighted_r3,ND,direct,weighted,research/runs/policies_v1/policy_ND_weighted_r3/instance.json,research/runs/policies_v1/policy_ND_weighted_r3/provenance.json,research/runs/policies_v1/policy_ND_weighted_r3/result.json,research/runs/policies_v1/policy_ND_weighted_r3/stage1.log | research/runs/policies_v1/policy_ND_weighted_r3/stage2.log
policies_v1,policy_ND_coverage_r3,ND,direct,coverage,research/runs/policies_v1/policy_ND_coverage_r3/instance.json,research/runs/policies_v1/policy_ND_coverage_r3/provenance.json,research/runs/policies_v1/policy_ND_coverage_r3/result.json,research/runs/policies_v1/policy_ND_coverage_r3/stage1.log | research/runs/policies_v1/policy_ND_coverage_r3/stage2.log | research/runs/policies_v1/policy_ND_coverage_r3/stage3.log
policies_v1,policy_ND_leximin_r3,ND,direct,leximin,research/runs/policies_v1/policy_ND_leximin_r3/instance.json,research/runs/policies_v1/policy_ND_leximin_r3/provenance.json,research/runs/policies_v1/policy_ND_leximin_r3/result.json,research/runs/policies_v1/policy_ND_leximin_r3/stage1.log | research/runs/policies_v1/policy_ND_leximin_r3/stage2.log | research/runs/policies_v1/policy_ND_leximin_r3/stage3.log | research/runs/policies_v1/policy_ND_leximin_r3/stage4.log
policies_v1,policy_SF_aggregate_r1,SF,direct,aggregate,research/runs/policies_v1/policy_SF_aggregate_r1/instance.json,research/runs/policies_v1/policy_SF_aggregate_r1/provenance.json,research/runs/policies_v1/policy_SF_aggregate_r1/result.json,research/runs/policies_v1/policy_SF_aggregate_r1/stage1.log | research/runs/policies_v1/policy_SF_aggregate_r1/stage2.log
policies_v1,policy_SF_aggregate_fair_r1,SF,direct,aggregate_fair,research/runs/policies_v1/policy_SF_aggregate_fair_r1/instance.json,research/runs/policies_v1/policy_SF_aggregate_fair_r1/provenance.json,research/runs/policies_v1/policy_SF_aggregate_fair_r1/result.json,research/runs/policies_v1/policy_SF_aggregate_fair_r1/stage1.log | research/runs/policies_v1/policy_SF_aggregate_fair_r1/stage2.log | research/runs/policies_v1/policy_SF_aggregate_fair_r1/stage3.log
policies_v1,policy_SF_controlled_r1,SF,direct,controlled,research/runs/policies_v1/policy_SF_controlled_r1/instance.json,research/runs/policies_v1/policy_SF_controlled_r1/provenance.json,research/runs/policies_v1/policy_SF_controlled_r1/result.json,research/runs/policies_v1/policy_SF_controlled_r1/stage1.log
policies_v1,policy_SF_proportional_r1,SF,direct,proportional,research/runs/policies_v1/policy_SF_proportional_r1/instance.json,research/runs/policies_v1/policy_SF_proportional_r1/provenance.json,research/runs/policies_v1/policy_SF_proportional_r1/result.json,research/runs/policies_v1/policy_SF_proportional_r1/stage1.log | research/runs/policies_v1/policy_SF_proportional_r1/stage2.log
policies_v1,policy_SF_weighted_r1,SF,direct,weighted,research/runs/policies_v1/policy_SF_weighted_r1/instance.json,research/runs/policies_v1/policy_SF_weighted_r1/provenance.json,research/runs/policies_v1/policy_SF_weighted_r1/result.json,research/runs/policies_v1/policy_SF_weighted_r1/stage1.log | research/runs/policies_v1/policy_SF_weighted_r1/stage2.log
policies_v1,policy_SF_coverage_r1,SF,direct,coverage,research/runs/policies_v1/policy_SF_coverage_r1/instance.json,research/runs/policies_v1/policy_SF_coverage_r1/provenance.json,research/runs/policies_v1/policy_SF_coverage_r1/result.json,research/runs/policies_v1/policy_SF_coverage_r1/stage1.log | research/runs/policies_v1/policy_SF_coverage_r1/stage2.log | research/runs/policies_v1/policy_SF_coverage_r1/stage3.log
policies_v1,policy_SF_leximin_r1,SF,direct,leximin,research/runs/policies_v1/policy_SF_leximin_r1/instance.json,research/runs/policies_v1/policy_SF_leximin_r1/provenance.json,research/runs/policies_v1/policy_SF_leximin_r1/result.json,research/runs/policies_v1/policy_SF_leximin_r1/stage1.log | research/runs/policies_v1/policy_SF_leximin_r1/stage2.log | research/runs/policies_v1/policy_SF_leximin_r1/stage3.log | research/runs/policies_v1/policy_SF_leximin_r1/stage4.log
policies_v1,policy_SF_aggregate_r2,SF,direct,aggregate,research/runs/policies_v1/policy_SF_aggregate_r2/instance.json,research/runs/policies_v1/policy_SF_aggregate_r2/provenance.json,research/runs/policies_v1/policy_SF_aggregate_r2/result.json,research/runs/policies_v1/policy_SF_aggregate_r2/stage1.log | research/runs/policies_v1/policy_SF_aggregate_r2/stage2.log
policies_v1,policy_SF_aggregate_fair_r2,SF,direct,aggregate_fair,research/runs/policies_v1/policy_SF_aggregate_fair_r2/instance.json,research/runs/policies_v1/policy_SF_aggregate_fair_r2/provenance.json,research/runs/policies_v1/policy_SF_aggregate_fair_r2/result.json,research/runs/policies_v1/policy_SF_aggregate_fair_r2/stage1.log | research/runs/policies_v1/policy_SF_aggregate_fair_r2/stage2.log | research/runs/policies_v1/policy_SF_aggregate_fair_r2/stage3.log
policies_v1,policy_SF_controlled_r2,SF,direct,controlled,research/runs/policies_v1/policy_SF_controlled_r2/instance.json,research/runs/policies_v1/policy_SF_controlled_r2/provenance.json,research/runs/policies_v1/policy_SF_controlled_r2/result.json,research/runs/policies_v1/policy_SF_controlled_r2/stage1.log
policies_v1,policy_SF_proportional_r2,SF,direct,proportional,research/runs/policies_v1/policy_SF_proportional_r2/instance.json,research/runs/policies_v1/policy_SF_proportional_r2/provenance.json,research/runs/policies_v1/policy_SF_proportional_r2/result.json,research/runs/policies_v1/policy_SF_proportional_r2/stage1.log | research/runs/policies_v1/policy_SF_proportional_r2/stage2.log
policies_v1,policy_SF_weighted_r2,SF,direct,weighted,research/runs/policies_v1/policy_SF_weighted_r2/instance.json,research/runs/policies_v1/policy_SF_weighted_r2/provenance.json,research/runs/policies_v1/policy_SF_weighted_r2/result.json,research/runs/policies_v1/policy_SF_weighted_r2/stage1.log | research/runs/policies_v1/policy_SF_weighted_r2/stage2.log
policies_v1,policy_SF_coverage_r2,SF,direct,coverage,research/runs/policies_v1/policy_SF_coverage_r2/instance.json,research/runs/policies_v1/policy_SF_coverage_r2/provenance.json,research/runs/policies_v1/policy_SF_coverage_r2/result.json,research/runs/policies_v1/policy_SF_coverage_r2/stage1.log | research/runs/policies_v1/policy_SF_coverage_r2/stage2.log | research/runs/policies_v1/policy_SF_coverage_r2/stage3.log
policies_v1,policy_SF_leximin_r2,SF,direct,leximin,research/runs/policies_v1/policy_SF_leximin_r2/instance.json,research/runs/policies_v1/policy_SF_leximin_r2/provenance.json,research/runs/policies_v1/policy_SF_leximin_r2/result.json,research/runs/policies_v1/policy_SF_leximin_r2/stage1.log | research/runs/policies_v1/policy_SF_leximin_r2/stage2.log | research/runs/policies_v1/policy_SF_leximin_r2/stage3.log | research/runs/policies_v1/policy_SF_leximin_r2/stage4.log
policies_v1,policy_SF_aggregate_r3,SF,direct,aggregate,research/runs/policies_v1/policy_SF_aggregate_r3/instance.json,research/runs/policies_v1/policy_SF_aggregate_r3/provenance.json,research/runs/policies_v1/policy_SF_aggregate_r3/result.json,research/runs/policies_v1/policy_SF_aggregate_r3/stage1.log | research/runs/policies_v1/policy_SF_aggregate_r3/stage2.log
policies_v1,policy_SF_aggregate_fair_r3,SF,direct,aggregate_fair,research/runs/policies_v1/policy_SF_aggregate_fair_r3/instance.json,research/runs/policies_v1/policy_SF_aggregate_fair_r3/provenance.json,research/runs/policies_v1/policy_SF_aggregate_fair_r3/result.json,research/runs/policies_v1/policy_SF_aggregate_fair_r3/stage1.log | research/runs/policies_v1/policy_SF_aggregate_fair_r3/stage2.log | research/runs/policies_v1/policy_SF_aggregate_fair_r3/stage3.log
policies_v1,policy_SF_controlled_r3,SF,direct,controlled,research/runs/policies_v1/policy_SF_controlled_r3/instance.json,research/runs/policies_v1/policy_SF_controlled_r3/provenance.json,research/runs/policies_v1/policy_SF_controlled_r3/result.json,research/runs/policies_v1/policy_SF_controlled_r3/stage1.log
policies_v1,policy_SF_proportional_r3,SF,direct,proportional,research/runs/policies_v1/policy_SF_proportional_r3/instance.json,research/runs/policies_v1/policy_SF_proportional_r3/provenance.json,research/runs/policies_v1/policy_SF_proportional_r3/result.json,research/runs/policies_v1/policy_SF_proportional_r3/stage1.log | research/runs/policies_v1/policy_SF_proportional_r3/stage2.log
policies_v1,policy_SF_weighted_r3,SF,direct,weighted,research/runs/policies_v1/policy_SF_weighted_r3/instance.json,research/runs/policies_v1/policy_SF_weighted_r3/provenance.json,research/runs/policies_v1/policy_SF_weighted_r3/result.json,research/runs/policies_v1/policy_SF_weighted_r3/stage1.log | research/runs/policies_v1/policy_SF_weighted_r3/stage2.log
policies_v1,policy_SF_coverage_r3,SF,direct,coverage,research/runs/policies_v1/policy_SF_coverage_r3/instance.json,research/runs/policies_v1/policy_SF_coverage_r3/provenance.json,research/runs/policies_v1/policy_SF_coverage_r3/result.json,research/runs/policies_v1/policy_SF_coverage_r3/stage1.log | research/runs/policies_v1/policy_SF_coverage_r3/stage2.log | research/runs/policies_v1/policy_SF_coverage_r3/stage3.log
policies_v1,policy_SF_leximin_r3,SF,direct,leximin,research/runs/policies_v1/policy_SF_leximin_r3/instance.json,research/runs/policies_v1/policy_SF_leximin_r3/provenance.json,research/runs/policies_v1/policy_SF_leximin_r3/result.json,research/runs/policies_v1/policy_SF_leximin_r3/stage1.log | research/runs/policies_v1/policy_SF_leximin_r3/stage2.log | research/runs/policies_v1/policy_SF_leximin_r3/stage3.log | research/runs/policies_v1/policy_SF_leximin_r3/stage4.log
policies_v1,policy_Anaheim_aggregate_r1,Anaheim,direct,aggregate,research/runs/policies_v1/policy_Anaheim_aggregate_r1/instance.json,research/runs/policies_v1/policy_Anaheim_aggregate_r1/provenance.json,research/runs/policies_v1/policy_Anaheim_aggregate_r1/result.json,research/runs/policies_v1/policy_Anaheim_aggregate_r1/stage1.log | research/runs/policies_v1/policy_Anaheim_aggregate_r1/stage2.log
policies_v1,policy_Anaheim_aggregate_fair_r1,Anaheim,direct,aggregate_fair,research/runs/policies_v1/policy_Anaheim_aggregate_fair_r1/instance.json,research/runs/policies_v1/policy_Anaheim_aggregate_fair_r1/provenance.json,research/runs/policies_v1/policy_Anaheim_aggregate_fair_r1/result.json,research/runs/policies_v1/policy_Anaheim_aggregate_fair_r1/stage1.log | research/runs/policies_v1/policy_Anaheim_aggregate_fair_r1/stage2.log | research/runs/policies_v1/policy_Anaheim_aggregate_fair_r1/stage3.log
policies_v1,policy_Anaheim_controlled_r1,Anaheim,direct,controlled,research/runs/policies_v1/policy_Anaheim_controlled_r1/instance.json,research/runs/policies_v1/policy_Anaheim_controlled_r1/provenance.json,research/runs/policies_v1/policy_Anaheim_controlled_r1/result.json,research/runs/policies_v1/policy_Anaheim_controlled_r1/stage1.log
policies_v1,policy_Anaheim_proportional_r1,Anaheim,direct,proportional,research/runs/policies_v1/policy_Anaheim_proportional_r1/instance.json,research/runs/policies_v1/policy_Anaheim_proportional_r1/provenance.json,research/runs/policies_v1/policy_Anaheim_proportional_r1/result.json,research/runs/policies_v1/policy_Anaheim_proportional_r1/stage1.log | research/runs/policies_v1/policy_Anaheim_proportional_r1/stage2.log
policies_v1,policy_Anaheim_weighted_r1,Anaheim,direct,weighted,research/runs/policies_v1/policy_Anaheim_weighted_r1/instance.json,research/runs/policies_v1/policy_Anaheim_weighted_r1/provenance.json,research/runs/policies_v1/policy_Anaheim_weighted_r1/result.json,research/runs/policies_v1/policy_Anaheim_weighted_r1/stage1.log | research/runs/policies_v1/policy_Anaheim_weighted_r1/stage2.log
policies_v1,policy_Anaheim_coverage_r1,Anaheim,direct,coverage,research/runs/policies_v1/policy_Anaheim_coverage_r1/instance.json,research/runs/policies_v1/policy_Anaheim_coverage_r1/provenance.json,research/runs/policies_v1/policy_Anaheim_coverage_r1/result.json,research/runs/policies_v1/policy_Anaheim_coverage_r1/stage1.log | research/runs/policies_v1/policy_Anaheim_coverage_r1/stage2.log | research/runs/policies_v1/policy_Anaheim_coverage_r1/stage3.log
policies_v1,policy_Anaheim_leximin_r1,Anaheim,direct,leximin,research/runs/policies_v1/policy_Anaheim_leximin_r1/instance.json,research/runs/policies_v1/policy_Anaheim_leximin_r1/provenance.json,research/runs/policies_v1/policy_Anaheim_leximin_r1/result.json,research/runs/policies_v1/policy_Anaheim_leximin_r1/stage1.log | research/runs/policies_v1/policy_Anaheim_leximin_r1/stage2.log | research/runs/policies_v1/policy_Anaheim_leximin_r1/stage3.log | research/runs/policies_v1/policy_Anaheim_leximin_r1/stage4.log
policies_v1,policy_Anaheim_aggregate_r2,Anaheim,direct,aggregate,research/runs/policies_v1/policy_Anaheim_aggregate_r2/instance.json,research/runs/policies_v1/policy_Anaheim_aggregate_r2/provenance.json,research/runs/policies_v1/policy_Anaheim_aggregate_r2/result.json,research/runs/policies_v1/policy_Anaheim_aggregate_r2/stage1.log | research/runs/policies_v1/policy_Anaheim_aggregate_r2/stage2.log
policies_v1,policy_Anaheim_aggregate_fair_r2,Anaheim,direct,aggregate_fair,research/runs/policies_v1/policy_Anaheim_aggregate_fair_r2/instance.json,research/runs/policies_v1/policy_Anaheim_aggregate_fair_r2/provenance.json,research/runs/policies_v1/policy_Anaheim_aggregate_fair_r2/result.json,research/runs/policies_v1/policy_Anaheim_aggregate_fair_r2/stage1.log | research/runs/policies_v1/policy_Anaheim_aggregate_fair_r2/stage2.log | research/runs/policies_v1/policy_Anaheim_aggregate_fair_r2/stage3.log
policies_v1,policy_Anaheim_controlled_r2,Anaheim,direct,controlled,research/runs/policies_v1/policy_Anaheim_controlled_r2/instance.json,research/runs/policies_v1/policy_Anaheim_controlled_r2/provenance.json,research/runs/policies_v1/policy_Anaheim_controlled_r2/result.json,research/runs/policies_v1/policy_Anaheim_controlled_r2/stage1.log
policies_v1,policy_Anaheim_proportional_r2,Anaheim,direct,proportional,research/runs/policies_v1/policy_Anaheim_proportional_r2/instance.json,research/runs/policies_v1/policy_Anaheim_proportional_r2/provenance.json,research/runs/policies_v1/policy_Anaheim_proportional_r2/result.json,research/runs/policies_v1/policy_Anaheim_proportional_r2/stage1.log | research/runs/policies_v1/policy_Anaheim_proportional_r2/stage2.log
policies_v1,policy_Anaheim_weighted_r2,Anaheim,direct,weighted,research/runs/policies_v1/policy_Anaheim_weighted_r2/instance.json,research/runs/policies_v1/policy_Anaheim_weighted_r2/provenance.json,research/runs/policies_v1/policy_Anaheim_weighted_r2/result.json,research/runs/policies_v1/policy_Anaheim_weighted_r2/stage1.log | research/runs/policies_v1/policy_Anaheim_weighted_r2/stage2.log
policies_v1,policy_Anaheim_coverage_r2,Anaheim,direct,coverage,research/runs/policies_v1/policy_Anaheim_coverage_r2/instance.json,research/runs/policies_v1/policy_Anaheim_coverage_r2/provenance.json,research/runs/policies_v1/policy_Anaheim_coverage_r2/result.json,research/runs/policies_v1/policy_Anaheim_coverage_r2/stage1.log | research/runs/policies_v1/policy_Anaheim_coverage_r2/stage2.log | research/runs/policies_v1/policy_Anaheim_coverage_r2/stage3.log
policies_v1,policy_Anaheim_leximin_r2,Anaheim,direct,leximin,research/runs/policies_v1/policy_Anaheim_leximin_r2/instance.json,research/runs/policies_v1/policy_Anaheim_leximin_r2/provenance.json,research/runs/policies_v1/policy_Anaheim_leximin_r2/result.json,research/runs/policies_v1/policy_Anaheim_leximin_r2/stage1.log | research/runs/policies_v1/policy_Anaheim_leximin_r2/stage2.log | research/runs/policies_v1/policy_Anaheim_leximin_r2/stage3.log | research/runs/policies_v1/policy_Anaheim_leximin_r2/stage4.log
policies_v1,policy_Anaheim_aggregate_r3,Anaheim,direct,aggregate,research/runs/policies_v1/policy_Anaheim_aggregate_r3/instance.json,research/runs/policies_v1/policy_Anaheim_aggregate_r3/provenance.json,research/runs/policies_v1/policy_Anaheim_aggregate_r3/result.json,research/runs/policies_v1/policy_Anaheim_aggregate_r3/stage1.log | research/runs/policies_v1/policy_Anaheim_aggregate_r3/stage2.log
policies_v1,policy_Anaheim_aggregate_fair_r3,Anaheim,direct,aggregate_fair,research/runs/policies_v1/policy_Anaheim_aggregate_fair_r3/instance.json,research/runs/policies_v1/policy_Anaheim_aggregate_fair_r3/provenance.json,research/runs/policies_v1/policy_Anaheim_aggregate_fair_r3/result.json,research/runs/policies_v1/policy_Anaheim_aggregate_fair_r3/stage1.log | research/runs/policies_v1/policy_Anaheim_aggregate_fair_r3/stage2.log | research/runs/policies_v1/policy_Anaheim_aggregate_fair_r3/stage3.log
policies_v1,policy_Anaheim_controlled_r3,Anaheim,direct,controlled,research/runs/policies_v1/policy_Anaheim_controlled_r3/instance.json,research/runs/policies_v1/policy_Anaheim_controlled_r3/provenance.json,research/runs/policies_v1/policy_Anaheim_controlled_r3/result.json,research/runs/policies_v1/policy_Anaheim_controlled_r3/stage1.log
policies_v1,policy_Anaheim_proportional_r3,Anaheim,direct,proportional,research/runs/policies_v1/policy_Anaheim_proportional_r3/instance.json,research/runs/policies_v1/policy_Anaheim_proportional_r3/provenance.json,research/runs/policies_v1/policy_Anaheim_proportional_r3/result.json,research/runs/policies_v1/policy_Anaheim_proportional_r3/stage1.log | research/runs/policies_v1/policy_Anaheim_proportional_r3/stage2.log
policies_v1,policy_Anaheim_weighted_r3,Anaheim,direct,weighted,research/runs/policies_v1/policy_Anaheim_weighted_r3/instance.json,research/runs/policies_v1/policy_Anaheim_weighted_r3/provenance.json,research/runs/policies_v1/policy_Anaheim_weighted_r3/result.json,research/runs/policies_v1/policy_Anaheim_weighted_r3/stage1.log | research/runs/policies_v1/policy_Anaheim_weighted_r3/stage2.log
policies_v1,policy_Anaheim_coverage_r3,Anaheim,direct,coverage,research/runs/policies_v1/policy_Anaheim_coverage_r3/instance.json,research/runs/policies_v1/policy_Anaheim_coverage_r3/provenance.json,research/runs/policies_v1/policy_Anaheim_coverage_r3/result.json,research/runs/policies_v1/policy_Anaheim_coverage_r3/stage1.log | research/runs/policies_v1/policy_Anaheim_coverage_r3/stage2.log | research/runs/policies_v1/policy_Anaheim_coverage_r3/stage3.log
policies_v1,policy_Anaheim_leximin_r3,Anaheim,direct,leximin,research/runs/policies_v1/policy_Anaheim_leximin_r3/instance.json,research/runs/policies_v1/policy_Anaheim_leximin_r3/provenance.json,research/runs/policies_v1/policy_Anaheim_leximin_r3/result.json,research/runs/policies_v1/policy_Anaheim_leximin_r3/stage1.log | research/runs/policies_v1/policy_Anaheim_leximin_r3/stage2.log | research/runs/policies_v1/policy_Anaheim_leximin_r3/stage3.log | research/runs/policies_v1/policy_Anaheim_leximin_r3/stage4.log
policies_v1,policy_Winnipeg_aggregate_r1,Winnipeg,direct,aggregate,research/runs/policies_v1/policy_Winnipeg_aggregate_r1/instance.json,research/runs/policies_v1/policy_Winnipeg_aggregate_r1/provenance.json,research/runs/policies_v1/policy_Winnipeg_aggregate_r1/result.json,research/runs/policies_v1/policy_Winnipeg_aggregate_r1/stage1.log | research/runs/policies_v1/policy_Winnipeg_aggregate_r1/stage2.log
policies_v1,policy_Winnipeg_aggregate_fair_r1,Winnipeg,direct,aggregate_fair,research/runs/policies_v1/policy_Winnipeg_aggregate_fair_r1/instance.json,research/runs/policies_v1/policy_Winnipeg_aggregate_fair_r1/provenance.json,research/runs/policies_v1/policy_Winnipeg_aggregate_fair_r1/result.json,research/runs/policies_v1/policy_Winnipeg_aggregate_fair_r1/stage1.log | research/runs/policies_v1/policy_Winnipeg_aggregate_fair_r1/stage2.log | research/runs/policies_v1/policy_Winnipeg_aggregate_fair_r1/stage3.log
policies_v1,policy_Winnipeg_controlled_r1,Winnipeg,direct,controlled,research/runs/policies_v1/policy_Winnipeg_controlled_r1/instance.json,research/runs/policies_v1/policy_Winnipeg_controlled_r1/provenance.json,research/runs/policies_v1/policy_Winnipeg_controlled_r1/result.json,research/runs/policies_v1/policy_Winnipeg_controlled_r1/stage1.log
policies_v1,policy_Winnipeg_proportional_r1,Winnipeg,direct,proportional,research/runs/policies_v1/policy_Winnipeg_proportional_r1/instance.json,research/runs/policies_v1/policy_Winnipeg_proportional_r1/provenance.json,research/runs/policies_v1/policy_Winnipeg_proportional_r1/result.json,research/runs/policies_v1/policy_Winnipeg_proportional_r1/stage1.log | research/runs/policies_v1/policy_Winnipeg_proportional_r1/stage2.log
policies_v1,policy_Winnipeg_weighted_r1,Winnipeg,direct,weighted,research/runs/policies_v1/policy_Winnipeg_weighted_r1/instance.json,research/runs/policies_v1/policy_Winnipeg_weighted_r1/provenance.json,research/runs/policies_v1/policy_Winnipeg_weighted_r1/result.json,research/runs/policies_v1/policy_Winnipeg_weighted_r1/stage1.log | research/runs/policies_v1/policy_Winnipeg_weighted_r1/stage2.log
policies_v1,policy_Winnipeg_coverage_r1,Winnipeg,direct,coverage,research/runs/policies_v1/policy_Winnipeg_coverage_r1/instance.json,research/runs/policies_v1/policy_Winnipeg_coverage_r1/provenance.json,research/runs/policies_v1/policy_Winnipeg_coverage_r1/result.json,research/runs/policies_v1/policy_Winnipeg_coverage_r1/stage1.log | research/runs/policies_v1/policy_Winnipeg_coverage_r1/stage2.log | research/runs/policies_v1/policy_Winnipeg_coverage_r1/stage3.log
policies_v1,policy_Winnipeg_leximin_r1,Winnipeg,direct,leximin,research/runs/policies_v1/policy_Winnipeg_leximin_r1/instance.json,research/runs/policies_v1/policy_Winnipeg_leximin_r1/provenance.json,research/runs/policies_v1/policy_Winnipeg_leximin_r1/result.json,research/runs/policies_v1/policy_Winnipeg_leximin_r1/stage1.log | research/runs/policies_v1/policy_Winnipeg_leximin_r1/stage2.log | research/runs/policies_v1/policy_Winnipeg_leximin_r1/stage3.log | research/runs/policies_v1/policy_Winnipeg_leximin_r1/stage4.log
policies_v1,policy_Winnipeg_aggregate_r2,Winnipeg,direct,aggregate,research/runs/policies_v1/policy_Winnipeg_aggregate_r2/instance.json,research/runs/policies_v1/policy_Winnipeg_aggregate_r2/provenance.json,research/runs/policies_v1/policy_Winnipeg_aggregate_r2/result.json,research/runs/policies_v1/policy_Winnipeg_aggregate_r2/stage1.log | research/runs/policies_v1/policy_Winnipeg_aggregate_r2/stage2.log
policies_v1,policy_Winnipeg_aggregate_fair_r2,Winnipeg,direct,aggregate_fair,research/runs/policies_v1/policy_Winnipeg_aggregate_fair_r2/instance.json,research/runs/policies_v1/policy_Winnipeg_aggregate_fair_r2/provenance.json,research/runs/policies_v1/policy_Winnipeg_aggregate_fair_r2/result.json,research/runs/policies_v1/policy_Winnipeg_aggregate_fair_r2/stage1.log | research/runs/policies_v1/policy_Winnipeg_aggregate_fair_r2/stage2.log | research/runs/policies_v1/policy_Winnipeg_aggregate_fair_r2/stage3.log
policies_v1,policy_Winnipeg_controlled_r2,Winnipeg,direct,controlled,research/runs/policies_v1/policy_Winnipeg_controlled_r2/instance.json,research/runs/policies_v1/policy_Winnipeg_controlled_r2/provenance.json,research/runs/policies_v1/policy_Winnipeg_controlled_r2/result.json,research/runs/policies_v1/policy_Winnipeg_controlled_r2/stage1.log
policies_v1,policy_Winnipeg_proportional_r2,Winnipeg,direct,proportional,research/runs/policies_v1/policy_Winnipeg_proportional_r2/instance.json,research/runs/policies_v1/policy_Winnipeg_proportional_r2/provenance.json,research/runs/policies_v1/policy_Winnipeg_proportional_r2/result.json,research/runs/policies_v1/policy_Winnipeg_proportional_r2/stage1.log | research/runs/policies_v1/policy_Winnipeg_proportional_r2/stage2.log
policies_v1,policy_Winnipeg_weighted_r2,Winnipeg,direct,weighted,research/runs/policies_v1/policy_Winnipeg_weighted_r2/instance.json,research/runs/policies_v1/policy_Winnipeg_weighted_r2/provenance.json,research/runs/policies_v1/policy_Winnipeg_weighted_r2/result.json,research/runs/policies_v1/policy_Winnipeg_weighted_r2/stage1.log | research/runs/policies_v1/policy_Winnipeg_weighted_r2/stage2.log
policies_v1,policy_Winnipeg_coverage_r2,Winnipeg,direct,coverage,research/runs/policies_v1/policy_Winnipeg_coverage_r2/instance.json,research/runs/policies_v1/policy_Winnipeg_coverage_r2/provenance.json,research/runs/policies_v1/policy_Winnipeg_coverage_r2/result.json,research/runs/policies_v1/policy_Winnipeg_coverage_r2/stage1.log | research/runs/policies_v1/policy_Winnipeg_coverage_r2/stage2.log | research/runs/policies_v1/policy_Winnipeg_coverage_r2/stage3.log
policies_v1,policy_Winnipeg_leximin_r2,Winnipeg,direct,leximin,research/runs/policies_v1/policy_Winnipeg_leximin_r2/instance.json,research/runs/policies_v1/policy_Winnipeg_leximin_r2/provenance.json,research/runs/policies_v1/policy_Winnipeg_leximin_r2/result.json,research/runs/policies_v1/policy_Winnipeg_leximin_r2/stage1.log | research/runs/policies_v1/policy_Winnipeg_leximin_r2/stage2.log | research/runs/policies_v1/policy_Winnipeg_leximin_r2/stage3.log | research/runs/policies_v1/policy_Winnipeg_leximin_r2/stage4.log
policies_v1,policy_Winnipeg_aggregate_r3,Winnipeg,direct,aggregate,research/runs/policies_v1/policy_Winnipeg_aggregate_r3/instance.json,research/runs/policies_v1/policy_Winnipeg_aggregate_r3/provenance.json,research/runs/policies_v1/policy_Winnipeg_aggregate_r3/result.json,research/runs/policies_v1/policy_Winnipeg_aggregate_r3/stage1.log | research/runs/policies_v1/policy_Winnipeg_aggregate_r3/stage2.log
policies_v1,policy_Winnipeg_aggregate_fair_r3,Winnipeg,direct,aggregate_fair,research/runs/policies_v1/policy_Winnipeg_aggregate_fair_r3/instance.json,research/runs/policies_v1/policy_Winnipeg_aggregate_fair_r3/provenance.json,research/runs/policies_v1/policy_Winnipeg_aggregate_fair_r3/result.json,research/runs/policies_v1/policy_Winnipeg_aggregate_fair_r3/stage1.log | research/runs/policies_v1/policy_Winnipeg_aggregate_fair_r3/stage2.log | research/runs/policies_v1/policy_Winnipeg_aggregate_fair_r3/stage3.log
policies_v1,policy_Winnipeg_controlled_r3,Winnipeg,direct,controlled,research/runs/policies_v1/policy_Winnipeg_controlled_r3/instance.json,research/runs/policies_v1/policy_Winnipeg_controlled_r3/provenance.json,research/runs/policies_v1/policy_Winnipeg_controlled_r3/result.json,research/runs/policies_v1/policy_Winnipeg_controlled_r3/stage1.log
policies_v1,policy_Winnipeg_proportional_r3,Winnipeg,direct,proportional,research/runs/policies_v1/policy_Winnipeg_proportional_r3/instance.json,research/runs/policies_v1/policy_Winnipeg_proportional_r3/provenance.json,research/runs/policies_v1/policy_Winnipeg_proportional_r3/result.json,research/runs/policies_v1/policy_Winnipeg_proportional_r3/stage1.log | research/runs/policies_v1/policy_Winnipeg_proportional_r3/stage2.log
policies_v1,policy_Winnipeg_weighted_r3,Winnipeg,direct,weighted,research/runs/policies_v1/policy_Winnipeg_weighted_r3/instance.json,research/runs/policies_v1/policy_Winnipeg_weighted_r3/provenance.json,research/runs/policies_v1/policy_Winnipeg_weighted_r3/result.json,research/runs/policies_v1/policy_Winnipeg_weighted_r3/stage1.log | research/runs/policies_v1/policy_Winnipeg_weighted_r3/stage2.log
policies_v1,policy_Winnipeg_coverage_r3,Winnipeg,direct,coverage,research/runs/policies_v1/policy_Winnipeg_coverage_r3/instance.json,research/runs/policies_v1/policy_Winnipeg_coverage_r3/provenance.json,research/runs/policies_v1/policy_Winnipeg_coverage_r3/result.json,research/runs/policies_v1/policy_Winnipeg_coverage_r3/stage1.log | research/runs/policies_v1/policy_Winnipeg_coverage_r3/stage2.log | research/runs/policies_v1/policy_Winnipeg_coverage_r3/stage3.log
policies_v1,policy_Winnipeg_leximin_r3,Winnipeg,direct,leximin,research/runs/policies_v1/policy_Winnipeg_leximin_r3/instance.json,research/runs/policies_v1/policy_Winnipeg_leximin_r3/provenance.json,research/runs/policies_v1/policy_Winnipeg_leximin_r3/result.json,research/runs/policies_v1/policy_Winnipeg_leximin_r3/stage1.log | research/runs/policies_v1/policy_Winnipeg_leximin_r3/stage2.log | research/runs/policies_v1/policy_Winnipeg_leximin_r3/stage3.log | research/runs/policies_v1/policy_Winnipeg_leximin_r3/stage4.log
