Version identifier: 22.2.0.0 | 2026-05-04 | 5dff98e58
CPXPARAM_Read_DataCheck                          1
CPXPARAM_Threads                                 4
CPXPARAM_Parallel                                1
CPXPARAM_RandomSeed                              20260925
CPXPARAM_Simplex_Tolerances_Optimality           1.0000000000000001e-09
CPXPARAM_Simplex_Tolerances_Feasibility          1.0000000000000001e-09
CPXPARAM_TimeLimit                               3600
CPXPARAM_MIP_Tolerances_AbsMIPGap                1.0000000000000001e-09
CPXPARAM_MIP_Tolerances_Integrality              1.0000000000000001e-09
Legacy callback                                  i
1 of 1 MIP starts provided solutions.
MIP start 'm1' defined initial solution with objective 0.0609.
Tried aggregator 1 time.
MIP Presolve eliminated 3102 rows and 2 columns.
MIP Presolve modified 3125 coefficients.
Reduced MIP has 3891 rows, 4830 columns, and 38472 nonzeros.
Reduced MIP has 1200 binaries, 0 generals, 0 SOSs, and 0 indicators.
Presolve time = 0.03 sec. (36.07 ticks)
Probing time = 0.00 sec. (0.58 ticks)
Tried aggregator 1 time.
Detecting symmetries...
MIP Presolve modified 120 coefficients.
Reduced MIP has 3891 rows, 4830 columns, and 38472 nonzeros.
Reduced MIP has 1200 binaries, 0 generals, 0 SOSs, and 0 indicators.
Presolve time = 0.02 sec. (21.09 ticks)
Probing time = 0.00 sec. (0.65 ticks)
MIP emphasis: balance optimality and feasibility.
MIP search method: dynamic search.
Parallel mode: deterministic, using up to 4 threads.
Root relaxation solution time = 0.03 sec. (50.60 ticks)

        Nodes                                         Cuts/
   Node  Left     Objective  IInf  Best Integer    Best Bound    ItCnt     Gap

*     0+    0                            0.0609        0.0000           100.00%
      0     0        0.0506    27        0.0609        0.0506      972   16.85%
      0     0        0.0506    15        0.0609   MIRcuts: 43     1028   16.85%
      0     0        0.0506    16        0.0609   MIRcuts: 21     1091   16.85%
*     0+    0                            0.0581        0.0506            12.87%
      0     0        0.0506    12        0.0581      Cuts: 11     1124   12.87%
      0     0        0.0506    13        0.0581    MIRcuts: 5     1152   12.87%
*     0+    0                            0.0581        0.0506            12.87%
*     0+    0                            0.0567        0.0506            10.66%
      0     0  -1.00000e+75     0        0.0567        0.0506     1152   10.66%
      0     2        0.0506    13        0.0567        0.0506     1152   10.66%
Elapsed time = 0.47 sec. (580.84 ticks, tree = 0.02 MB, solutions = 4)
*     9+    3                            0.0567        0.0506            10.66%
*    12+    3                            0.0565        0.0506            10.40%
     68    59        0.0508    23        0.0565        0.0506     4741   10.40%
    121    88        0.0535    35        0.0565        0.0506    10335   10.40%
    197   116    infeasible              0.0565        0.0506    19197   10.40%
    259   135        0.0506    23        0.0565        0.0506    21814   10.40%
    337   167    infeasible              0.0565        0.0506    32394   10.40%
    405   188        0.0511    31        0.0565        0.0506    38585   10.40%
    487   193        0.0518    29        0.0565        0.0507    44974   10.33%
    576   200        0.0522    36        0.0565        0.0508    53935   10.07%
    691   274        0.0523    36        0.0565        0.0510    62481    9.68%
   1102   455        cutoff              0.0565        0.0512    84723    9.41%
Elapsed time = 2.52 sec. (3732.47 ticks, tree = 1.23 MB, solutions = 7)
   1567   729        0.0516    12        0.0565        0.0516   113239    8.65%
   2010   961        0.0529    42        0.0565        0.0516   143966    8.65%
   2400  1193        0.0516    13        0.0565        0.0516   175640    8.65%

Performing restart 1

Repeating presolve.
Tried aggregator 1 time.
Reduced MIP has 3891 rows, 4830 columns, and 38472 nonzeros.
Reduced MIP has 1200 binaries, 0 generals, 0 SOSs, and 0 indicators.
Presolve time = 0.02 sec. (11.55 ticks)
Tried aggregator 1 time.
Reduced MIP has 3891 rows, 4830 columns, and 38472 nonzeros.
Reduced MIP has 1200 binaries, 0 generals, 0 SOSs, and 0 indicators.
Presolve time = 0.02 sec. (21.30 ticks)
Represolve time = 0.03 sec. (42.25 ticks)
*  2414+    0                            0.0565        0.0516             8.65%
   2414     0        0.0507    52        0.0565      Cuts: 71   185898    8.65%
   2414     0        0.0507    31        0.0565      Cuts: 30   186029    8.65%
   2414     0        0.0507    36        0.0565      Cuts: 19   186171    8.65%
   2414     0        0.0507    34        0.0565      Cuts: 29   186278    8.65%
   2414     0        0.0507    30        0.0565      Cuts: 17   186398    8.65%
*  2414+    0                            0.0565        0.0516             8.64%
   2414     0  -1.00000e+75     0        0.0565        0.0516   186398    8.64%
   2414     2        0.0507    21        0.0565        0.0516   186398    8.64%
*  2543+   58                            0.0561        0.0516             7.99%
   2649   106        0.0560    13        0.0561        0.0516   194264    7.99%
*  2684+  109                            0.0560        0.0516             7.78%
*  2897+  156                            0.0560        0.0521             6.83%
*  3050+  219                            0.0559        0.0522             6.58%
*  3147+  245                            0.0555        0.0523             5.83%
   3147   269        0.0543    27        0.0555        0.0523   210990    5.83%
*  3538+  433                            0.0553        0.0526             4.74%
   3844   562        0.0552    15        0.0553        0.0527   225337    4.71%
   4778   988        0.0546    27        0.0553        0.0539   237722    2.38%
   5726  1576        0.0542     4        0.0553        0.0541   255065    2.18%
   7140  2265        0.0544     4        0.0553        0.0542   277633    1.83%
Elapsed time = 10.53 sec. (15805.94 ticks, tree = 68.18 MB, solutions = 15)
   8602  2786        0.0548     8        0.0553        0.0542   303763    1.83%
  10034  3121        cutoff              0.0553        0.0542   332292    1.83%
  11523  3297        0.0542     4        0.0553        0.0542   361724    1.83%
  13098  3142        0.0543     4        0.0553        0.0542   393039    1.83%
  14290  3275        0.0543     4        0.0553        0.0542   412113    1.83%
  15872  3873        0.0548     8        0.0553        0.0543   436149    1.77%
  17399  4420        cutoff              0.0553        0.0543   474061    1.76%
  18753  4645        cutoff              0.0553        0.0543   501437    1.76%
  20359  4675        cutoff              0.0553        0.0543   527042    1.76%
  21514  4498        0.0547    21        0.0553        0.0543   555210    1.76%
Elapsed time = 17.48 sec. (25349.29 ticks, tree = 88.17 MB, solutions = 15)
  22363  4802        0.0545    21        0.0553        0.0543   567113    1.76%
* 22918+ 5009                            0.0553        0.0543             1.66%
* 22994+ 5009                            0.0553        0.0543             1.66%
* 23071+ 5009                            0.0553        0.0543             1.66%
  23098  5379        0.0546    20        0.0553        0.0543   583117    1.66%
* 23491+ 5593                            0.0553        0.0543             1.66%
  24159  6140        0.0543    23        0.0553        0.0543   604034    1.65%
  25287  6761        0.0550    17        0.0553        0.0543   623212    1.65%
  26401  7585        0.0550    17        0.0553        0.0543   644907    1.65%
  27040  8026        0.0546    19        0.0553        0.0543   655410    1.65%
  27661  8506        0.0549    14        0.0553        0.0543   665353    1.65%
  28073  8769        0.0549    24        0.0553        0.0543   677119    1.65%
  28514  8893        0.0549    16        0.0553        0.0543   689154    1.65%
  29119  9284        0.0549    19        0.0553        0.0543   698651    1.65%
Elapsed time = 24.05 sec. (34902.02 ticks, tree = 197.71 MB, solutions = 19)
  29891  9874        0.0549    17        0.0553        0.0543   708255    1.65%
  30544 10342        0.0547    19        0.0553        0.0543   716182    1.65%
  31306 11024        0.0548    18        0.0553        0.0543   726140    1.65%
  32085 11604        0.0546    15        0.0553        0.0543   735320    1.65%
  32800 12100        0.0549    15        0.0553        0.0543   744880    1.65%
  33329 12506        0.0549    19        0.0553        0.0543   753422    1.65%
  34158 12908        0.0545    24        0.0553        0.0543   768878    1.65%
  35159 13282        0.0544     4        0.0553        0.0543   786349    1.65%
  36472 13685        0.0544     4        0.0553        0.0544   817210    1.56%
  38011 13955        0.0546     4        0.0553        0.0544   851260    1.53%
Elapsed time = 31.47 sec. (44447.34 ticks, tree = 197.66 MB, solutions = 19)
  39603 14003        0.0550     8        0.0553        0.0544   884875    1.53%
  40875 14019        cutoff              0.0553        0.0544   908125    1.53%
  42451 13924        cutoff              0.0553        0.0544   941877    1.53%
  43941 13733        cutoff              0.0553        0.0544   971848    1.53%
  45540 13818        0.0547    16        0.0553        0.0544   997751    1.53%
  47163 14295        0.0546     4        0.0553        0.0544  1020392    1.53%
  48632 14709        0.0544     4        0.0553        0.0544  1048499    1.49%
  50364 14850        0.0544     4        0.0553        0.0544  1080276    1.47%
  52055 14870        0.0550     8        0.0553        0.0544  1119109    1.47%
  53779 14695        0.0550     8        0.0553        0.0544  1156941    1.46%
Elapsed time = 37.91 sec. (53988.96 ticks, tree = 173.43 MB, solutions = 19)
  55442 14410        cutoff              0.0553        0.0544  1180737    1.46%
  56687 14030        0.0548    18        0.0553        0.0544  1209495    1.46%
  57973 14525        0.0546    18        0.0553        0.0545  1229952    1.46%
  59427 15468        0.0546    21        0.0553        0.0545  1253573    1.41%
  60803 16273        0.0546    19        0.0553        0.0545  1272206    1.34%
  62059 17217        0.0549    18        0.0553        0.0545  1295319    1.34%
  63612 18451        cutoff              0.0553        0.0545  1321381    1.33%
  65013 19222        0.0546    18        0.0553        0.0545  1336371    1.30%
  66860 20698        0.0552    19        0.0553        0.0546  1362823    1.28%
  68508 21537        0.0546    17        0.0553        0.0546  1378268    1.27%
Elapsed time = 44.16 sec. (63531.69 ticks, tree = 163.17 MB, solutions = 19)
  70215 22461        0.0547    17        0.0553        0.0546  1398668    1.27%
  71912 23942        0.0553    17        0.0553        0.0546  1429797    1.27%
  73639 24905        0.0547    18        0.0553        0.0546  1451224    1.27%
  75353 25625        cutoff              0.0553        0.0546  1468235    1.27%
  76985 26833        cutoff              0.0553        0.0546  1495173    1.26%
  78602 27679        0.0546    14        0.0553        0.0546  1520624    1.26%
  80187 28340        0.0546    17        0.0553        0.0546  1537878    1.26%
  82031 29589        0.0547    16        0.0553        0.0546  1570405    1.26%
  83656 30347        0.0546    17        0.0553        0.0546  1591350    1.26%
  85246 31321        0.0547    14        0.0553        0.0546  1616922    1.26%
Elapsed time = 50.28 sec. (73073.02 ticks, tree = 182.14 MB, solutions = 19)
  86674 31970        cutoff              0.0553        0.0546  1637016    1.26%
  88106 32767        0.0547    14        0.0553        0.0546  1662436    1.26%
  89538 33595        cutoff              0.0553        0.0546  1686072    1.26%
  90993 34235        cutoff              0.0553        0.0546  1705756    1.26%
  92552 35146        cutoff              0.0553        0.0546  1735535    1.26%
  93851 35481        cutoff              0.0553        0.0546  1748479    1.26%
  95308 36141        cutoff              0.0553        0.0546  1774078    1.26%
  96856 37040        0.0548    15        0.0553        0.0546  1805183    1.26%
  98592 37893        0.0548    14        0.0553        0.0546  1831447    1.26%
 100358 38723        0.0546    17        0.0553        0.0546  1858285    1.26%
Elapsed time = 56.45 sec. (82613.31 ticks, tree = 196.49 MB, solutions = 19)
 101650 39420        0.0551    17        0.0553        0.0546  1880364    1.26%
 103277 40005        0.0551    14        0.0553        0.0546  1901230    1.26%
 104923 40808        0.0551    14        0.0553        0.0546  1930804    1.26%
 106451 41457        cutoff              0.0553        0.0546  1956269    1.26%
 107900 41871        0.0551    18        0.0553        0.0546  1973154    1.26%
 109188 42698        0.0547    14        0.0553        0.0546  2001076    1.26%
 110654 43438        0.0548    17        0.0553        0.0546  2024263    1.26%
 112039 43920        cutoff              0.0553        0.0546  2043868    1.26%
 113548 44709        0.0547    15        0.0553        0.0546  2071339    1.26%
 119060 46990        0.0548     7        0.0553        0.0546  2178352    1.26%
Elapsed time = 64.41 sec. (95014.66 ticks, tree = 210.68 MB, solutions = 19)
 125303 49691        0.0552    17        0.0553        0.0546  2278245    1.26%
 131870 53033        0.0551    15        0.0553        0.0546  2374766    1.26%
 138199 56138        0.0552    15        0.0553        0.0546  2463004    1.26%
 144174 59215        0.0546    15        0.0553        0.0546  2572989    1.26%
 150280 62696        cutoff              0.0553        0.0546  2670017    1.26%
 156099 65748        0.0546    17        0.0553        0.0546  2759456    1.26%
 162147 69332        0.0546    17        0.0553        0.0546  2854945    1.26%
 168107 72723        0.0552    15        0.0553        0.0546  2943354    1.26%
 173956 75117        0.0551    14        0.0553        0.0546  3031903    1.25%
 180158 78021        0.0546    16        0.0553        0.0546  3134902    1.25%
Elapsed time = 89.16 sec. (133167.60 ticks, tree = 267.87 MB, solutions = 19)
 183953 79223        cutoff              0.0553        0.0546  3268378    1.24%
 187050 79651        0.0551     8        0.0553        0.0546  3408640    1.24%
 190189 79656        cutoff              0.0553        0.0546  3592023    1.24%
 194789 80260        0.0551    15        0.0553        0.0546  3710071    1.23%
 201091 83515        0.0551    16        0.0553        0.0546  3809805    1.21%
 207061 86210        0.0552    15        0.0553        0.0546  3889030    1.20%
 213830 89569        0.0551    16        0.0553        0.0546  3990257    1.20%
 220923 92622        0.0548     9        0.0553        0.0546  4085243    1.20%
 227581 95291        cutoff              0.0553        0.0546  4180503    1.20%
 234243 97772        0.0546    14        0.0553        0.0546  4274013    1.20%
Elapsed time = 113.75 sec. (171322.16 ticks, tree = 295.73 MB, solutions = 19)
 240247 100197        0.0546    17        0.0553        0.0546  4372757    1.19%
 246359 101898        0.0548     8        0.0553        0.0546  4447889    1.19%
 251774 103972        0.0548    13        0.0553        0.0546  4547356    1.19%
 255814 105255        cutoff              0.0553        0.0546  4655148    1.19%
 258804 105578        cutoff              0.0553        0.0546  4814429    1.17%
 261732 105542        0.0552     8        0.0553        0.0546  4974798    1.17%
 265019 105229        0.0546    20        0.0553        0.0546  5094084    1.17%
 270017 107343        cutoff              0.0553        0.0546  5205685    1.14%
 275314 108825        0.0548     7        0.0553        0.0546  5276136    1.14%
 280223 111060        0.0551    16        0.0553        0.0546  5379719    1.13%
Elapsed time = 138.59 sec. (209476.20 ticks, tree = 308.98 MB, solutions = 19)
 283545 111275        0.0547    13        0.0553        0.0546  5514771    1.10%
 287177 110968        0.0551    16        0.0553        0.0547  5647579    1.06%
 293567 113217        0.0547    16        0.0553        0.0547  5731890    1.05%
 300174 115775        cutoff              0.0553        0.0547  5819242    1.04%
 306443 117948        0.0547    18        0.0553        0.0547  5896961    1.04%
 312605 120333        0.0551    15        0.0553        0.0547  5979751    1.04%
 318794 123151        0.0547    18        0.0553        0.0547  6076916    1.04%
 324726 125514        cutoff              0.0553        0.0547  6162950    1.04%
 329153 126578        0.0552    17        0.0553        0.0547  6293098    1.03%
 335129 128392        0.0552    17        0.0553        0.0547  6392116    0.99%
Elapsed time = 165.47 sec. (247627.11 ticks, tree = 329.42 MB, solutions = 19)
 341784 130491        0.0552    15        0.0553        0.0547  6466752    0.98%
 347856 133259        cutoff              0.0553        0.0547  6560439    0.98%
 354786 136902        0.0550    10        0.0553        0.0547  6665335    0.97%
 361120 139127        0.0552    15        0.0553        0.0547  6732769    0.97%
 367864 142324        0.0552    17        0.0553        0.0547  6828918    0.97%
 374426 144780        0.0547    18        0.0553        0.0547  6904679    0.97%
 380783 147639        0.0552    14        0.0553        0.0547  7003402    0.97%
 387019 150212        0.0552    17        0.0553        0.0547  7088068    0.97%
 393628 152540        0.0553    14        0.0553        0.0547  7166199    0.97%
 399418 154627        0.0552    17        0.0553        0.0547  7257677    0.97%
Elapsed time = 193.53 sec. (285778.31 ticks, tree = 376.13 MB, solutions = 19)
 406091 157375        cutoff              0.0553        0.0547  7356556    0.97%
 412662 159622        0.0552    15        0.0553        0.0547  7436873    0.96%
 418618 161903        0.0552    17        0.0553        0.0547  7533606    0.96%
 424995 164053        0.0552    17        0.0553        0.0547  7619452    0.96%
 430918 166204        0.0552    15        0.0553        0.0547  7706279    0.96%
 437122 168328        0.0552    15        0.0553        0.0547  7794878    0.96%
 442926 170835        0.0547    15        0.0553        0.0547  7889023    0.96%
 449406 173522        0.0552    18        0.0553        0.0547  7994837    0.96%
 454678 174600        0.0552    15        0.0553        0.0547  8098188    0.96%
 460893 176718        0.0548    16        0.0553        0.0547  8198459    0.93%
Elapsed time = 220.12 sec. (323928.53 ticks, tree = 411.08 MB, solutions = 19)
 467145 178730        cutoff              0.0553        0.0548  8276207    0.91%
 473109 180962        cutoff              0.0553        0.0548  8365893    0.90%
 479192 182978        0.0552    17        0.0553        0.0548  8470691    0.90%
 484996 184423        0.0553    15        0.0553        0.0548  8565754    0.90%
 490226 185487        0.0553    15        0.0553        0.0548  8649423    0.90%
 494508 186754        0.0551    14        0.0553        0.0548  8763394    0.90%
 498688 187677        cutoff              0.0553        0.0548  8864060    0.89%
 502883 188135        0.0551    17        0.0553        0.0548  8973583    0.89%
 508051 188696        cutoff              0.0553        0.0548  9087870    0.89%
 513032 190369        0.0551    18        0.0553        0.0548  9188760    0.84%
Elapsed time = 246.64 sec. (362078.26 ticks, tree = 431.80 MB, solutions = 19)
 517549 191853        0.0548     7        0.0553        0.0548  9290520    0.84%
 522172 193721        0.0552    16        0.0553        0.0548  9391484    0.83%
 526440 195628        0.0552    15        0.0553        0.0548  9512647    0.83%
 530774 196549        0.0551    12        0.0553        0.0548  9596473    0.83%
 534860 197836        cutoff              0.0553        0.0548  9717012    0.82%
 539354 197798        0.0551    15        0.0553        0.0548  9821431    0.82%
 544367 197879        cutoff              0.0553        0.0548  9940620    0.82%
 549272 200275        0.0552    17        0.0553        0.0548 10041288    0.78%
 554126 202166        0.0551    19        0.0553        0.0548 10148377    0.77%
 558600 202860        cutoff              0.0553        0.0548 10233022    0.77%
Elapsed time = 272.81 sec. (400233.08 ticks, tree = 449.27 MB, solutions = 19)
 562625 202955        0.0548    18        0.0553        0.0548 10345307    0.77%
 567957 202791        0.0548    15        0.0553        0.0548 10463191    0.76%
 573362 200998        0.0549    15        0.0553        0.0548 10568189    0.75%
 579435 200007        0.0549    15        0.0553        0.0548 10641356    0.74%
 585161 197123        cutoff              0.0553        0.0549 10763541    0.70%
 590516 196348        0.0549    17        0.0553        0.0549 10859993    0.67%
 595245 196850        cutoff              0.0553        0.0549 10947229    0.61%
 600319 195917        0.0550     9        0.0553        0.0549 11064640    0.60%
 605192 196451        0.0553    16        0.0553        0.0549 11148231    0.59%
 609080 196956        cutoff              0.0553        0.0550 11279293    0.54%
Elapsed time = 299.22 sec. (438386.42 ticks, tree = 415.52 MB, solutions = 19)
 613563 196988        cutoff              0.0553        0.0550 11378522    0.53%
 618034 195632        cutoff              0.0553        0.0550 11471238    0.53%
 622293 194771        cutoff              0.0553        0.0550 11595898    0.51%
 627699 192366        0.0550    16        0.0553        0.0550 11701002    0.46%
 632610 189757        0.0550    15        0.0553        0.0550 11795545    0.42%
 637829 187879        0.0551    16        0.0553        0.0550 11880614    0.40%
 643611 188334        0.0551    14        0.0553        0.0550 11990337    0.38%
 648998 189141        0.0551    16        0.0553        0.0551 12091041    0.37%
 654244 189887        0.0551    16        0.0553        0.0551 12179004    0.37%
 659552 190757        cutoff              0.0553        0.0551 12290030    0.37%
Elapsed time = 323.91 sec. (476536.63 ticks, tree = 397.45 MB, solutions = 19)
 664842 191247        0.0552    16        0.0553        0.0551 12346708    0.37%
 670158 191947        0.0551    16        0.0553        0.0551 12459499    0.36%
 675650 192560        0.0551    16        0.0553        0.0551 12551843    0.36%
 681069 193479        0.0551    14        0.0553        0.0551 12653936    0.36%
 686467 194230        cutoff              0.0553        0.0551 12753170    0.36%
 691798 194898        0.0551    14        0.0553        0.0551 12851545    0.36%
 697112 195269        cutoff              0.0553        0.0551 12919756    0.36%
 702403 195932        0.0551    15        0.0553        0.0551 13036154    0.36%
 707657 196366        0.0551    16        0.0553        0.0551 13112200    0.36%
 713181 196915        cutoff              0.0553        0.0551 13199785    0.36%
Elapsed time = 347.11 sec. (514689.91 ticks, tree = 408.83 MB, solutions = 19)
 718492 197857        0.0551    15        0.0553        0.0551 13312564    0.36%
 723913 198354        0.0551    14        0.0553        0.0551 13393896    0.36%
 729382 198987        cutoff              0.0553        0.0551 13481454    0.36%
 734800 199634        0.0551    15        0.0553        0.0551 13578236    0.36%
 740399 200635        cutoff              0.0553        0.0551 13688912    0.36%
 745703 201256        0.0551    15        0.0553        0.0551 13757490    0.36%
 751094 201856        0.0551    14        0.0553        0.0551 13859356    0.36%
 756455 202522        0.0551    15        0.0553        0.0551 13947222    0.36%
 761642 203520        cutoff              0.0553        0.0551 14054634    0.36%
 766952 203769        cutoff              0.0553        0.0551 14153017    0.36%
Elapsed time = 370.41 sec. (552845.09 ticks, tree = 421.55 MB, solutions = 19)
 772161 204330        0.0551    17        0.0553        0.0551 14261846    0.36%
 777224 205019        cutoff              0.0553        0.0551 14352296    0.36%
 782510 205785        0.0551    13        0.0553        0.0551 14441548    0.36%
 787784 206078        0.0551    17        0.0553        0.0551 14516093    0.36%
 793057 206814        0.0551    14        0.0553        0.0551 14635358    0.36%
 798304 207161        cutoff              0.0553        0.0551 14703049    0.36%
 803362 207479        cutoff              0.0553        0.0551 14808893    0.36%
 808618 207943        0.0551    15        0.0553        0.0551 14893118    0.36%
 813989 209115        0.0551    13        0.0553        0.0551 15016721    0.36%
 819267 209929        0.0551    16        0.0553        0.0551 15102963    0.36%
Elapsed time = 393.97 sec. (590996.96 ticks, tree = 432.92 MB, solutions = 19)
 824510 210321        cutoff              0.0553        0.0551 15181210    0.36%
 829870 210679        cutoff              0.0553        0.0551 15278752    0.36%
 835230 211456        0.0551    15        0.0553        0.0551 15388215    0.36%
 840269 211976        0.0551    15        0.0553        0.0551 15469196    0.36%
 845337 212534        0.0551    16        0.0553        0.0551 15574658    0.36%
 850341 212782        0.0551    16        0.0553        0.0551 15638283    0.36%
 855623 213574        0.0551    16        0.0553        0.0551 15746735    0.36%
 860789 214144        0.0551    15        0.0553        0.0551 15848240    0.36%
 865434 214472        cutoff              0.0553        0.0551 15909171    0.36%
 870794 214961        cutoff              0.0553        0.0551 16003543    0.36%
Elapsed time = 418.41 sec. (629151.60 ticks, tree = 442.22 MB, solutions = 19)
 875984 215497        cutoff              0.0553        0.0551 16107641    0.36%
 881468 216075        0.0551    17        0.0553        0.0551 16192962    0.36%
 886877 216732        0.0551    17        0.0553        0.0551 16284611    0.36%
 891971 217363        0.0551    15        0.0553        0.0551 16405378    0.36%
 896838 217387        cutoff              0.0553        0.0551 16467989    0.36%
 901971 217645        cutoff              0.0553        0.0551 16563648    0.36%
 907373 217868        0.0551    16        0.0553        0.0551 16627158    0.36%
 912371 218717        0.0551    15        0.0553        0.0551 16752548    0.36%
 917999 219426        cutoff              0.0553        0.0551 16857308    0.36%
 923151 219702        0.0551    14        0.0553        0.0551 16936398    0.36%
Elapsed time = 442.09 sec. (667302.14 ticks, tree = 461.15 MB, solutions = 19)
 928608 219899        cutoff              0.0553        0.0551 17046002    0.36%
 933793 220020        0.0551    15        0.0553        0.0551 17113947    0.36%
 939051 220827        cutoff              0.0553        0.0551 17241308    0.36%
 944010 220974        cutoff              0.0553        0.0551 17330843    0.36%
 949367 221198        0.0551    14        0.0553        0.0551 17392742    0.36%
 954796 221548        0.0551    14        0.0553        0.0551 17469618    0.36%
 960169 222207        0.0551    16        0.0553        0.0551 17581251    0.36%
 965437 222597        0.0551    14        0.0553        0.0551 17676840    0.36%
 970387 222790        cutoff              0.0553        0.0551 17760696    0.36%
 975908 223120        0.0551    16        0.0553        0.0551 17882989    0.36%
Elapsed time = 465.72 sec. (705454.71 ticks, tree = 465.94 MB, solutions = 19)
 981259 223597        cutoff              0.0553        0.0551 17967628    0.36%
 986846 224271        0.0551    14        0.0553        0.0551 18060991    0.36%
 991928 224468        cutoff              0.0553        0.0551 18125617    0.36%
 997578 224621        0.0552    17        0.0553        0.0551 18230170    0.36%
 1002749 224754        cutoff              0.0553        0.0551 18363870    0.36%
 1008366 225117        0.0551    16        0.0553        0.0551 18441772    0.36%
 1013759 225793        0.0551    16        0.0553        0.0551 18539148    0.36%
 1019229 226223        0.0551    13        0.0553        0.0551 18615503    0.36%
 1024471 226644        cutoff              0.0553        0.0551 18686998    0.36%
 1029981 227231        cutoff              0.0553        0.0551 18798601    0.36%
Elapsed time = 489.12 sec. (743606.52 ticks, tree = 476.23 MB, solutions = 19)
 1035456 228424        cutoff              0.0553        0.0551 18936004    0.36%
 1040547 228611        cutoff              0.0553        0.0551 18975701    0.36%
 1046233 228974        0.0552    17        0.0553        0.0551 19104796    0.36%
 1051594 229394        0.0552    17        0.0553        0.0551 19180291    0.36%
 1056991 230061        0.0551    15        0.0553        0.0551 19292986    0.36%
 1062407 230273        0.0552    17        0.0553        0.0551 19363827    0.36%
 1067553 230480        cutoff              0.0553        0.0551 19470422    0.36%
 1072720 230565        cutoff              0.0553        0.0551 19559677    0.36%
 1077961 231377        0.0551    16        0.0553        0.0551 19666804    0.36%
 1083559 232266        0.0551    16        0.0553        0.0551 19762854    0.36%
Elapsed time = 512.70 sec. (781760.63 ticks, tree = 485.21 MB, solutions = 19)
 1089054 232539        cutoff              0.0553        0.0551 19851659    0.36%
 1094402 232725        0.0551    15        0.0553        0.0551 19927091    0.36%
 1099844 233209        0.0551    16        0.0553        0.0551 20060762    0.36%
 1105135 233633        0.0552    16        0.0553        0.0551 20132467    0.36%
 1110440 234091        cutoff              0.0553        0.0551 20262125    0.36%
 1115797 234474        0.0551    16        0.0553        0.0551 20322363    0.36%
 1121363 235136        0.0552    17        0.0553        0.0551 20409380    0.36%
 1127012 235931        cutoff              0.0553        0.0551 20494451    0.36%
 1132145 236620        0.0551    13        0.0553        0.0551 20631424    0.36%
 1137722 236618        cutoff              0.0553        0.0551 20700968    0.36%
Elapsed time = 537.00 sec. (819915.58 ticks, tree = 492.46 MB, solutions = 19)
 1142995 237135        cutoff              0.0553        0.0551 20822957    0.36%
 1148523 237458        cutoff              0.0553        0.0551 20898226    0.36%
 1153850 237716        cutoff              0.0553        0.0551 20991237    0.36%
 1159080 238069        0.0551    17        0.0553        0.0551 21090418    0.36%
 1164671 238521        cutoff              0.0553        0.0551 21182588    0.36%
 1169930 238925        0.0551    17        0.0553        0.0551 21257623    0.36%
 1175314 239548        cutoff              0.0553        0.0551 21399435    0.36%
 1180773 239656        cutoff              0.0553        0.0551 21430499    0.36%
 1186007 240065        0.0551    16        0.0553        0.0551 21548376    0.36%
 1191296 240126        cutoff              0.0553        0.0551 21629781    0.36%
Elapsed time = 560.59 sec. (858067.30 ticks, tree = 503.33 MB, solutions = 19)
 1196606 240430        cutoff              0.0553        0.0551 21749370    0.36%
 1202300 241268        cutoff              0.0553        0.0551 21856528    0.36%
 1207898 241760        cutoff              0.0553        0.0551 21930669    0.36%
 1213159 242089        0.0552    15        0.0553        0.0551 22052886    0.36%
 1218688 242231        cutoff              0.0553        0.0551 22096990    0.36%
 1223940 242884        cutoff              0.0553        0.0551 22274944    0.36%
 1229296 243071        cutoff              0.0553        0.0551 22334284    0.36%
 1234747 243530        0.0551    17        0.0553        0.0551 22444137    0.36%
 1240292 244014        cutoff              0.0553        0.0551 22527746    0.36%
 1245933 244290        cutoff              0.0553        0.0551 22619431    0.36%
Elapsed time = 583.83 sec. (896222.40 ticks, tree = 510.31 MB, solutions = 19)
 1251347 244672        cutoff              0.0553        0.0551 22752402    0.36%
 1256389 244743        cutoff              0.0553        0.0551 22827501    0.36%
 1261949 244888        0.0552    14        0.0553        0.0551 22904304    0.36%
 1267321 245156        0.0551    16        0.0553        0.0551 23004332    0.36%
 1272902 245456        cutoff              0.0553        0.0551 23078326    0.36%
 1278518 245782        cutoff              0.0553        0.0551 23228359    0.36%
 1283762 245859        cutoff              0.0553        0.0551 23276126    0.35%
 1289437 246245        0.0552    12        0.0553        0.0551 23381517    0.35%
 1294722 246522        cutoff              0.0553        0.0551 23467879    0.35%
 1300108 246732        0.0551    16        0.0553        0.0551 23597015    0.35%
Elapsed time = 607.39 sec. (934376.29 ticks, tree = 515.86 MB, solutions = 19)
 1305695 246821        cutoff              0.0553        0.0551 23680382    0.35%
 1311278 246919        0.0551    18        0.0553        0.0551 23752039    0.35%
 1316745 247113        0.0551    16        0.0553        0.0551 23871240    0.35%
 1322525 247245        cutoff              0.0553        0.0551 23973020    0.35%
 1327945 247318        0.0552    11        0.0553        0.0551 24053898    0.35%
 1333454 247436        0.0551    11        0.0553        0.0551 24176603    0.35%
 1339160 247433        cutoff              0.0553        0.0551 24206182    0.35%
 1344500 247435        0.0551    12        0.0553        0.0551 24352500    0.35%
 1350064 247330        cutoff              0.0553        0.0551 24429852    0.35%
 1355489 246619        cutoff              0.0553        0.0551 24510245    0.35%
Elapsed time = 630.91 sec. (972529.64 ticks, tree = 514.21 MB, solutions = 19)
 1361511 242604        cutoff              0.0553        0.0551 24617767    0.35%
 1367858 240078        0.0552    18        0.0553        0.0551 24670919    0.35%
 1374240 238595        0.0551    16        0.0553        0.0551 24744343    0.35%
 1380301 238759        0.0551    16        0.0553        0.0551 24881390    0.33%
 1386307 239010        cutoff              0.0553        0.0551 24934062    0.32%
 1391953 239341        0.0551    17        0.0553        0.0551 25000221    0.32%
 1397849 240258        0.0551    16        0.0553        0.0551 25102341    0.31%
 1403554 240677        cutoff              0.0553        0.0551 25171865    0.31%
 1409308 240946        cutoff              0.0553        0.0551 25241500    0.31%
 1415215 241372        0.0551    16        0.0553        0.0551 25320692    0.31%
Elapsed time = 654.30 sec. (1010684.00 ticks, tree = 501.68 MB, solutions = 19)
 1420767 242585        cutoff              0.0553        0.0551 25469050    0.31%
 1426618 242866        cutoff              0.0553        0.0551 25521800    0.31%
 1432840 243157        0.0551    15        0.0553        0.0551 25579418    0.31%
 1438570 243472        cutoff              0.0553        0.0551 25654071    0.31%
 1444330 244143        0.0551    16        0.0553        0.0551 25771833    0.31%
 1450168 244604        cutoff              0.0553        0.0551 25844396    0.31%
 1455784 244991        cutoff              0.0553        0.0551 25935338    0.31%
 1461849 245307        0.0551    16        0.0553        0.0551 26023419    0.31%
 1468040 245629        0.0551    16        0.0553        0.0551 26082811    0.31%
 1473716 246423        cutoff              0.0553        0.0551 26227336    0.31%
Elapsed time = 677.41 sec. (1048836.11 ticks, tree = 510.88 MB, solutions = 19)
 1479659 246627        cutoff              0.0553        0.0551 26283357    0.31%
 1485705 246906        0.0551    14        0.0553        0.0551 26340598    0.31%
 1491688 247491        cutoff              0.0553        0.0551 26417757    0.31%
 1497602 248208        0.0552    16        0.0553        0.0551 26526002    0.31%
 1503761 248737        0.0552    17        0.0553        0.0551 26640670    0.31%
 1509266 248891        cutoff              0.0553        0.0551 26730688    0.31%
 1515045 249097        cutoff              0.0553        0.0551 26786939    0.31%
 1520994 249357        cutoff              0.0553        0.0551 26832904    0.31%
 1526747 249889        cutoff              0.0553        0.0551 26958954    0.31%
 1532695 250065        cutoff              0.0553        0.0551 27075825    0.31%
Elapsed time = 700.44 sec. (1086989.03 ticks, tree = 517.55 MB, solutions = 19)
 1538751 250403        cutoff              0.0553        0.0551 27155893    0.31%
 1544484 251190        0.0551    16        0.0553        0.0551 27249288    0.31%
 1550092 251264        0.0551    10        0.0553        0.0551 27270647    0.31%
 1555989 251584        0.0551    16        0.0553        0.0551 27346933    0.31%
 1561610 251711        cutoff              0.0553        0.0551 27471650    0.31%
 1567733 251908        0.0551    13        0.0553        0.0551 27530446    0.31%
 1573749 252484        cutoff              0.0553        0.0551 27684875    0.31%
 1579550 252629        cutoff              0.0553        0.0551 27726366    0.31%
 1585186 252879        cutoff              0.0553        0.0551 27839379    0.31%
 1591086 252911        0.0551    14        0.0553        0.0551 27881346    0.31%
Elapsed time = 723.61 sec. (1125137.71 ticks, tree = 522.65 MB, solutions = 19)
 1597034 253200        cutoff              0.0553        0.0551 27947743    0.31%
 1602896 253708        0.0551    15        0.0553        0.0551 28086844    0.31%
 1608782 253882        cutoff              0.0553        0.0551 28186525    0.31%
 1614662 254185        0.0551    14        0.0553        0.0551 28264555    0.31%
 1620563 254592        0.0551    16        0.0553        0.0551 28359138    0.31%
 1626622 254725        0.0551    15        0.0553        0.0551 28424216    0.31%
 1632385 254740        cutoff              0.0553        0.0551 28543667    0.31%
 1638099 254721        0.0551    16        0.0553        0.0551 28584447    0.31%
 1643938 255002        cutoff              0.0553        0.0551 28701553    0.31%
 1649657 255187        cutoff              0.0553        0.0551 28769471    0.31%
Elapsed time = 746.91 sec. (1163288.03 ticks, tree = 526.75 MB, solutions = 19)
 1655318 255357        cutoff              0.0553        0.0551 28864091    0.31%
 1661134 255492        cutoff              0.0553        0.0551 28943690    0.31%
 1666905 255477        cutoff              0.0553        0.0551 29049066    0.31%
 1672763 255701        0.0551    14        0.0553        0.0551 29163687    0.31%
 1678658 255855        0.0551    15        0.0553        0.0551 29227529    0.31%
 1684629 255685        0.0553    16        0.0553        0.0551 29314438    0.31%
 1690220 255648        cutoff              0.0553        0.0551 29377745    0.31%
 1695938 255753        cutoff              0.0553        0.0551 29476716    0.31%
 1701773 255809        0.0553    17        0.0553        0.0551 29542392    0.31%
 1707511 255900        cutoff              0.0553        0.0551 29649718    0.31%
Elapsed time = 770.36 sec. (1201438.93 ticks, tree = 527.75 MB, solutions = 19)
 1712860 255913        0.0551    15        0.0553        0.0551 29714267    0.31%
 1718556 255901        0.0551    12        0.0553        0.0551 29798739    0.31%
 1724466 255880        cutoff              0.0553        0.0551 29881817    0.31%
 1729927 255678        cutoff              0.0553        0.0551 29972369    0.31%
 1735420 255730        0.0551    13        0.0553        0.0551 30093574    0.30%
 1741053 255828        0.0551    14        0.0553        0.0551 30156138    0.30%
 1746669 255921        0.0551    13        0.0553        0.0551 30262862    0.30%
 1752337 256458        cutoff              0.0553        0.0551 30394069    0.30%
 1758306 256584        cutoff              0.0553        0.0551 30443498    0.30%
 1764056 256873        0.0551    11        0.0553        0.0551 30533021    0.30%
Elapsed time = 794.05 sec. (1239592.76 ticks, tree = 529.05 MB, solutions = 19)
 1769858 257478        0.0553    17        0.0553        0.0551 30623395    0.30%
 1775900 258436        0.0551    12        0.0553        0.0551 30712887    0.30%
 1781862 259022        0.0551    12        0.0553        0.0551 30834065    0.30%
 1787547 259638        cutoff              0.0553        0.0551 30906999    0.30%
 1793446 260932        0.0551     9        0.0553        0.0551 31071234    0.30%
 1799730 261639        cutoff              0.0553        0.0551 31150194    0.30%
 1805267 262237        cutoff              0.0553        0.0551 31269921    0.30%
 1811105 262622        cutoff              0.0553        0.0551 31348405    0.30%
 1817086 263589        cutoff              0.0553        0.0551 31474696    0.30%
 1823147 263688        0.0551     8        0.0553        0.0551 31509234    0.30%
Elapsed time = 818.16 sec. (1277744.68 ticks, tree = 541.58 MB, solutions = 19)
 1828812 264118        cutoff              0.0553        0.0551 31615123    0.30%
 1834922 264643        cutoff              0.0553        0.0551 31778043    0.30%
 1841058 265018        cutoff              0.0553        0.0551 31859833    0.30%
 1846705 265332        cutoff              0.0553        0.0551 31939481    0.30%
 1852654 265795        0.0551    14        0.0553        0.0551 32078058    0.30%
 1858768 265878        0.0551    13        0.0553        0.0551 32135775    0.30%
 1864550 266041        cutoff              0.0553        0.0551 32287519    0.30%
 1870319 266106        0.0551    12        0.0553        0.0551 32341213    0.30%
 1876431 266334        cutoff              0.0553        0.0551 32418791    0.30%
 1882720 266286        cutoff              0.0553        0.0551 32544193    0.30%
Elapsed time = 842.31 sec. (1315896.51 ticks, tree = 546.35 MB, solutions = 19)
 1888240 266311        cutoff              0.0553        0.0551 32625864    0.30%
 1894245 266333        cutoff              0.0553        0.0551 32742616    0.30%
 1900135 266300        cutoff              0.0553        0.0551 32845247    0.30%
 1906032 266419        0.0551    12        0.0553        0.0551 32992415    0.30%
 1912048 266486        0.0551    10        0.0553        0.0551 33091857    0.30%
 1918071 266420        0.0551    14        0.0553        0.0551 33127997    0.30%
 1923855 266353        0.0551    12        0.0553        0.0551 33233155    0.30%
 1929540 266275        0.0551    14        0.0553        0.0551 33353893    0.30%
 1935352 266146        0.0551    10        0.0553        0.0551 33452806    0.30%
 1941519 266157        0.0551    11        0.0553        0.0551 33575829    0.30%
Elapsed time = 866.69 sec. (1354045.90 ticks, tree = 545.70 MB, solutions = 19)
 1947293 266166        cutoff              0.0553        0.0551 33708089    0.30%
 1952659 266243        cutoff              0.0553        0.0551 33809796    0.29%
 1958535 266270        0.0551    10        0.0553        0.0551 33913566    0.29%
 1964866 266323        0.0551    11        0.0553        0.0551 34021150    0.29%
 1970507 266396        0.0551    12        0.0553        0.0551 34092756    0.29%
 1976251 266482        cutoff              0.0553        0.0551 34248031    0.29%
 1982216 266662        0.0551    14        0.0553        0.0551 34326238    0.29%
 1988159 266667        cutoff              0.0553        0.0551 34396767    0.29%
 1993963 266616        0.0551    13        0.0553        0.0551 34529779    0.29%
 1999891 266704        cutoff              0.0553        0.0551 34638769    0.29%
Elapsed time = 891.11 sec. (1392198.53 ticks, tree = 546.54 MB, solutions = 19)
 2006178 266547        cutoff              0.0553        0.0551 34760390    0.29%
 2012005 266516        cutoff              0.0553        0.0551 34846449    0.29%
 2017863 266302        0.0551    19        0.0553        0.0551 34990651    0.29%
 2023635 265981        0.0551    12        0.0553        0.0551 35115000    0.29%
 2029423 265567        cutoff              0.0553        0.0551 35195103    0.29%
 2035320 265128        cutoff              0.0553        0.0551 35320040    0.29%
 2041215 264780        cutoff              0.0553        0.0551 35373368    0.29%
 2047108 264293        0.0551    12        0.0553        0.0551 35458897    0.29%
 2052923 263833        cutoff              0.0553        0.0551 35579159    0.29%
 2058643 263079        0.0551    12        0.0553        0.0551 35680287    0.29%
Elapsed time = 915.44 sec. (1430350.20 ticks, tree = 538.86 MB, solutions = 19)
 2064210 262434        cutoff              0.0553        0.0551 35821094    0.29%
 2069921 261818        cutoff              0.0553        0.0551 35878920    0.29%
 2075559 261296        cutoff              0.0553        0.0551 35974856    0.29%
 2081267 260738        cutoff              0.0553        0.0551 36051644    0.29%
 2087002 259751        cutoff              0.0553        0.0551 36168787    0.29%
 2092676 258543        cutoff              0.0553        0.0551 36267707    0.29%
 2098458 257142        0.0551    11        0.0553        0.0551 36417995    0.29%
 2104128 256467        cutoff              0.0553        0.0551 36467736    0.29%
 2110208 254913        0.0551    12        0.0553        0.0551 36569829    0.29%
 2116006 252746        cutoff              0.0553        0.0551 36698605    0.28%
Elapsed time = 939.81 sec. (1468500.62 ticks, tree = 515.67 MB, solutions = 19)
 2122006 250572        cutoff              0.0553        0.0551 36826818    0.28%
 2128002 249741        cutoff              0.0553        0.0551 36856916    0.28%
 2134073 247502        cutoff              0.0553        0.0551 36956973    0.28%
 2140515 242617        cutoff              0.0553        0.0551 37081856    0.28%
 2147424 239161        0.0551    14        0.0553        0.0551 37146664    0.28%
 2154217 237772        0.0551    12        0.0553        0.0551 37211442    0.28%
 2160767 237529        cutoff              0.0553        0.0551 37283757    0.28%
 2167157 238030        0.0551    10        0.0553        0.0551 37424387    0.28%
 2173024 238748        0.0551    14        0.0553        0.0551 37522766    0.28%
 2179136 239494        0.0551    10        0.0553        0.0551 37643209    0.26%
Elapsed time = 963.30 sec. (1506650.98 ticks, tree = 487.91 MB, solutions = 19)
 2185030 239887        0.0551    10        0.0553        0.0551 37729284    0.26%
 2191037 240131        cutoff              0.0553        0.0551 37799872    0.25%
 2197081 240379        cutoff              0.0553        0.0551 37911985    0.25%
 2203169 240559        cutoff              0.0553        0.0551 38006679    0.25%
 2209214 240583        cutoff              0.0553        0.0551 38127847    0.25%
 2215287 240447        cutoff              0.0553        0.0551 38168577    0.25%
 2221459 240097        cutoff              0.0553        0.0551 38283924    0.25%
 2227587 239597        cutoff              0.0553        0.0551 38406706    0.25%
 2233721 239334        cutoff              0.0553        0.0551 38478287    0.25%
 2239757 239031        0.0551    13        0.0553        0.0551 38611528    0.25%
Elapsed time = 987.72 sec. (1544803.16 ticks, tree = 486.70 MB, solutions = 19)
 2246215 238998        cutoff              0.0553        0.0551 38686550    0.25%
 2252452 239365        cutoff              0.0553        0.0551 38782037    0.25%
 2258673 240170        0.0551    18        0.0553        0.0551 38908473    0.25%
 2265025 240678        cutoff              0.0553        0.0551 38961040    0.25%
 2271169 241390        0.0551    18        0.0553        0.0551 39031573    0.24%
 2277286 242440        cutoff              0.0553        0.0551 39157958    0.24%
 2283728 243054        0.0551    18        0.0553        0.0551 39210447    0.24%
 2290249 244470        0.0552    17        0.0553        0.0551 39337584    0.24%
 2296487 245555        0.0551    17        0.0553        0.0551 39427794    0.24%
 2302699 246066        cutoff              0.0553        0.0551 39477175    0.24%
Elapsed time = 1012.11 sec. (1582955.22 ticks, tree = 499.83 MB, solutions = 19)
 2309270 247829        0.0551    12        0.0553        0.0551 39624812    0.24%
 2315892 248173        cutoff              0.0553        0.0551 39654486    0.24%
 2321969 249140        0.0552    11        0.0553        0.0551 39743723    0.24%
 2328413 250835        0.0551    19        0.0553        0.0551 39871972    0.24%
 2335226 252261        0.0552    16        0.0553        0.0551 39956859    0.24%
 2341038 253319        cutoff              0.0553        0.0551 40040882    0.24%
 2347565 253636        0.0551    18        0.0553        0.0551 40087649    0.24%
 2354149 254546        0.0551    12        0.0553        0.0551 40215735    0.24%
 2360245 255812        cutoff              0.0553        0.0551 40305902    0.24%
 2366714 256758        0.0551    17        0.0553        0.0551 40373949    0.24%
Elapsed time = 1036.38 sec. (1621107.37 ticks, tree = 519.94 MB, solutions = 19)
 2373306 257894        0.0551    16        0.0553        0.0551 40434649    0.24%
 2380076 259073        cutoff              0.0553        0.0551 40536954    0.24%
 2386471 260350        0.0551    17        0.0553        0.0551 40640827    0.24%
 2392974 261620        cutoff              0.0553        0.0551 40745303    0.24%
 2399616 262210        cutoff              0.0553        0.0551 40814374    0.24%
 2405983 263090        0.0551    17        0.0553        0.0551 40908785    0.24%
 2412099 264061        cutoff              0.0553        0.0551 40995831    0.24%
 2418617 265184        0.0551    16        0.0553        0.0551 41094242    0.24%
 2425011 266011        cutoff              0.0553        0.0551 41175563    0.24%
 2431087 266882        0.0551    18        0.0553        0.0551 41263510    0.24%
Elapsed time = 1060.62 sec. (1659261.06 ticks, tree = 538.82 MB, solutions = 19)
 2437189 267679        0.0551    20        0.0553        0.0551 41344755    0.24%
 2443550 268405        0.0552    19        0.0553        0.0551 41458581    0.24%
 2449725 270121        0.0552    16        0.0553        0.0551 41586973    0.24%
 2456066 270853        0.0551    11        0.0553        0.0551 41635845    0.24%
 2463096 272335        0.0552    17        0.0553        0.0551 41720376    0.24%
 2469713 273579        0.0551    17        0.0553        0.0551 41805761    0.24%
 2475674 274859        0.0551    18        0.0553        0.0551 41886483    0.24%
 2482357 275818        cutoff              0.0553        0.0551 41998020    0.24%
 2489010 276090        cutoff              0.0553        0.0551 42053209    0.24%
 2495014 276762        0.0551    18        0.0553        0.0551 42120494    0.24%
Elapsed time = 1084.72 sec. (1697412.67 ticks, tree = 560.23 MB, solutions = 19)
 2501248 277510        cutoff              0.0553        0.0551 42237355    0.24%
 2507873 278365        0.0551    12        0.0553        0.0551 42327548    0.24%
 2514463 279300        0.0551    12        0.0553        0.0551 42403343    0.24%
 2520833 280884        0.0551    19        0.0553        0.0551 42529611    0.24%
 2527645 281212        0.0551    16        0.0553        0.0551 42557062    0.24%
 2533941 282926        0.0552    16        0.0553        0.0551 42698816    0.24%
 2539968 283406        0.0552    16        0.0553        0.0551 42756265    0.24%
 2546456 284003        cutoff              0.0553        0.0551 42829863    0.24%
 2553064 284494        cutoff              0.0553        0.0551 42878301    0.24%
 2559486 285703        cutoff              0.0553        0.0551 43006404    0.24%
Elapsed time = 1108.95 sec. (1735565.43 ticks, tree = 576.94 MB, solutions = 19)
 2566086 286085        cutoff              0.0553        0.0551 43056464    0.24%
 2572457 287185        0.0551    11        0.0553        0.0551 43204336    0.24%
 2578632 287670        0.0551    11        0.0553        0.0551 43299639    0.24%
 2585026 288494        cutoff              0.0553        0.0551 43391872    0.24%
 2591755 289499        cutoff              0.0553        0.0551 43471359    0.24%
 2598537 290717        cutoff              0.0553        0.0551 43568334    0.24%
 2604733 291466        0.0551    18        0.0553        0.0551 43640793    0.24%
 2611512 292647        cutoff              0.0553        0.0551 43744982    0.24%
 2617740 293340        0.0552    17        0.0553        0.0551 43823545    0.24%
 2624086 294112        cutoff              0.0553        0.0551 43932782    0.24%
Elapsed time = 1133.12 sec. (1773717.23 ticks, tree = 592.73 MB, solutions = 19)
 2630192 294614        0.0552     9        0.0553        0.0551 44017646    0.24%
 2636764 295149        cutoff              0.0553        0.0551 44087457    0.24%
 2642777 295303        0.0551    12        0.0553        0.0551 44145294    0.24%
 2648757 295772        0.0551    10        0.0553        0.0551 44258457    0.24%
 2655564 297367        0.0551    20        0.0553        0.0551 44380538    0.24%
 2662314 297924        cutoff              0.0553        0.0551 44435811    0.24%
 2668445 298780        cutoff              0.0553        0.0551 44506450    0.24%
 2675007 300193        0.0552    20        0.0553        0.0551 44622906    0.24%
 2681760 300665        0.0551    16        0.0553        0.0551 44671285    0.24%
 2688200 301880        0.0551    18        0.0553        0.0551 44776148    0.24%
Elapsed time = 1157.27 sec. (1811868.31 ticks, tree = 607.28 MB, solutions = 19)
 2694339 302574        0.0551    16        0.0553        0.0551 44871218    0.24%
 2700901 302982        cutoff              0.0553        0.0551 44930598    0.24%
 2707423 303285        0.0551    11        0.0553        0.0551 45001979    0.24%
 2713728 304416        0.0551    16        0.0553        0.0551 45146977    0.24%
 2720338 304542        cutoff              0.0553        0.0551 45180309    0.24%
 2726803 305069        0.0551    10        0.0553        0.0551 45265571    0.24%
 2733062 305904        0.0551    13        0.0553        0.0551 45396104    0.24%
 2739576 307085        0.0551    11        0.0553        0.0551 45530234    0.24%
 2746433 307458        0.0551    10        0.0553        0.0551 45573085    0.24%
 2752583 308464        0.0551    16        0.0553        0.0551 45661506    0.24%
Elapsed time = 1181.61 sec. (1850019.66 ticks, tree = 619.58 MB, solutions = 19)
 2759058 309703        0.0551    17        0.0553        0.0551 45768621    0.24%
 2765656 310774        0.0551    18        0.0553        0.0551 45870994    0.24%
 2771832 311387        0.0551    19        0.0553        0.0551 45965564    0.24%
 2778278 311843        cutoff              0.0553        0.0551 46045707    0.24%
 2784666 312563        0.0552     7        0.0553        0.0551 46123145    0.24%
 2791158 313305        0.0552     9        0.0553        0.0551 46196641    0.24%
 2797390 313674        cutoff              0.0553        0.0551 46271151    0.24%
 2804103 314276        0.0551    16        0.0553        0.0551 46355823    0.24%
 2810313 314676        cutoff              0.0553        0.0551 46480843    0.24%
 2816344 314948        0.0551    12        0.0553        0.0551 46548985    0.24%
Elapsed time = 1205.69 sec. (1888171.34 ticks, tree = 631.61 MB, solutions = 19)
 2822651 315969        cutoff              0.0553        0.0551 46666727    0.24%
 2829690 317010        0.0551    11        0.0553        0.0551 46739624    0.24%
 2836409 318208        0.0551    10        0.0553        0.0551 46848193    0.24%
 2842461 318917        cutoff              0.0553        0.0551 46937238    0.24%
 2849347 319416        0.0551    18        0.0553        0.0551 47001245    0.24%
 2855878 320105        0.0551    17        0.0553        0.0551 47085237    0.24%
 2862524 320895        0.0551    15        0.0553        0.0551 47191405    0.24%
 2868961 321359        cutoff              0.0553        0.0551 47275018    0.24%
 2875791 321792        cutoff              0.0553        0.0551 47340603    0.24%
 2882371 322170        cutoff              0.0553        0.0551 47413081    0.24%
Elapsed time = 1230.02 sec. (1926325.81 ticks, tree = 645.20 MB, solutions = 19)
 2888623 322611        0.0551    16        0.0553        0.0551 47505010    0.24%
 2895011 322993        0.0552    15        0.0553        0.0551 47627898    0.24%
 2901454 323959        0.0552    16        0.0553        0.0551 47745228    0.24%
 2907632 324687        cutoff              0.0553        0.0551 47804351    0.24%
 2914196 325862        cutoff              0.0553        0.0551 47900566    0.24%
 2921018 326663        0.0551    14        0.0553        0.0551 47974541    0.24%
 2927132 327935        cutoff              0.0553        0.0551 48117210    0.24%
 2933294 328417        0.0551    16        0.0553        0.0551 48175635    0.24%
 2939662 329022        cutoff              0.0553        0.0551 48256806    0.24%
 2946154 329714        0.0551    17        0.0553        0.0551 48359351    0.24%
Elapsed time = 1254.83 sec. (1964479.64 ticks, tree = 659.34 MB, solutions = 19)
 2952668 330126        0.0551    18        0.0553        0.0551 48454376    0.24%
 2959184 330126        0.0551    10        0.0553        0.0551 48505381    0.24%
 2965762 330928        0.0551    11        0.0553        0.0551 48634165    0.24%
 2971836 331090        0.0552     9        0.0553        0.0551 48668730    0.24%
 2978275 331545        0.0551    11        0.0553        0.0551 48755721    0.24%
 2984975 332159        cutoff              0.0553        0.0551 48893583    0.23%
 2991037 332583        cutoff              0.0553        0.0551 48947858    0.23%
 2997154 333150        cutoff              0.0553        0.0551 49039155    0.23%
 3003719 334166        cutoff              0.0553        0.0551 49171472    0.23%
 3010504 334889        0.0552     7        0.0553        0.0551 49234843    0.23%
Elapsed time = 1279.12 sec. (2002631.09 ticks, tree = 672.48 MB, solutions = 19)
 3016708 336183        cutoff              0.0553        0.0551 49347492    0.23%
 3023289 336937        cutoff              0.0553        0.0551 49426356    0.23%
 3029867 337555        0.0551    16        0.0553        0.0551 49514735    0.23%
 3035865 337958        cutoff              0.0553        0.0551 49625400    0.23%
 3042473 338140        0.0552    17        0.0553        0.0551 49661540    0.23%
 3049022 338542        cutoff              0.0553        0.0551 49747889    0.23%
 3055478 339687        0.0551    12        0.0553        0.0551 49893153    0.23%
 3061831 339931        0.0551    16        0.0553        0.0551 49945452    0.23%
 3068407 340128        0.0551    13        0.0553        0.0551 50067010    0.23%
 3074807 340288        cutoff              0.0553        0.0551 50177611    0.23%
Elapsed time = 1303.64 sec. (2040780.96 ticks, tree = 682.47 MB, solutions = 19)
 3081079 340474        0.0551    16        0.0553        0.0551 50210819    0.23%
 3087676 341274        0.0552    18        0.0553        0.0551 50308830    0.23%
 3094511 342826        0.0551    11        0.0553        0.0551 50435224    0.23%
 3101127 343411        cutoff              0.0553        0.0551 50487987    0.23%
 3107348 344288        0.0551    16        0.0553        0.0551 50593284    0.23%
 3113996 344727        cutoff              0.0553        0.0551 50658870    0.23%
 3120302 345201        cutoff              0.0553        0.0551 50764622    0.23%
 3126540 345307        cutoff              0.0553        0.0551 50873194    0.23%
 3133208 345409        0.0551    12        0.0553        0.0551 50946896    0.23%
 3139734 345763        cutoff              0.0553        0.0551 51040750    0.23%
Elapsed time = 1328.16 sec. (2078933.23 ticks, tree = 692.78 MB, solutions = 19)
 3145903 346138        cutoff              0.0553        0.0551 51145728    0.23%
 3152230 346594        0.0551    14        0.0553        0.0551 51218291    0.23%
 3158341 347334        0.0552     8        0.0553        0.0551 51348816    0.23%
 3164485 347482        0.0551    10        0.0553        0.0551 51385191    0.23%
 3170658 348663        cutoff              0.0553        0.0551 51515187    0.23%
 3177237 349835        cutoff              0.0553        0.0551 51615142    0.23%
 3183647 350250        0.0551    14        0.0553        0.0551 51663468    0.23%
 3189986 350803        cutoff              0.0553        0.0551 51772267    0.23%
 3196542 351346        0.0551    16        0.0553        0.0551 51842407    0.23%
 3203284 351935        0.0551    16        0.0553        0.0551 51932160    0.23%
Elapsed time = 1352.78 sec. (2117084.13 ticks, tree = 704.39 MB, solutions = 19)
 3209293 352161        0.0551    17        0.0553        0.0551 51996126    0.23%
 3215841 352263        0.0551    13        0.0553        0.0551 52125719    0.23%
 3222429 352428        cutoff              0.0553        0.0551 52199156    0.23%
 3228397 352611        cutoff              0.0553        0.0551 52244722    0.23%
 3234951 353125        0.0551    17        0.0553        0.0551 52355697    0.23%
 3241728 353627        0.0551    11        0.0553        0.0551 52481781    0.23%
 3248304 354263        cutoff              0.0553        0.0551 52600796    0.23%
 3254368 354384        0.0551    12        0.0553        0.0551 52665450    0.23%
 3260943 355256        cutoff              0.0553        0.0551 52797983    0.23%
 3267507 355636        0.0552    17        0.0553        0.0551 52843603    0.23%
Elapsed time = 1377.47 sec. (2155236.65 ticks, tree = 711.24 MB, solutions = 19)
 3273888 356784        0.0551    17        0.0553        0.0551 52953410    0.23%
 3280449 357474        cutoff              0.0553        0.0551 53033884    0.23%
 3286996 358398        cutoff              0.0553        0.0551 53137508    0.23%
 3292905 358912        0.0551    14        0.0553        0.0551 53235934    0.23%
 3299460 358888        0.0552     8        0.0553        0.0551 53264101    0.23%
 3306243 359192        cutoff              0.0553        0.0551 53366433    0.23%
 3312526 359689        0.0551    10        0.0553        0.0551 53478566    0.23%
 3318799 360018        0.0551    16        0.0553        0.0551 53549489    0.23%
 3325490 360375        cutoff              0.0553        0.0551 53636847    0.23%
 3331519 360469        0.0551    12        0.0553        0.0551 53726746    0.23%
Elapsed time = 1401.91 sec. (2193386.93 ticks, tree = 720.33 MB, solutions = 19)
 3337988 360867        cutoff              0.0553        0.0551 53833314    0.23%
 3344311 361697        cutoff              0.0553        0.0551 53933654    0.23%
 3350867 362423        0.0552     7        0.0553        0.0551 54017794    0.23%
 3357172 363293        0.0552    15        0.0553        0.0551 54108212    0.23%
 3363614 363910        0.0551    11        0.0553        0.0551 54188626    0.23%
 3370384 364716        cutoff              0.0553        0.0551 54300464    0.23%
 3376765 365091        0.0551    13        0.0553        0.0551 54395358    0.23%
 3383110 365240        0.0551    18        0.0553        0.0551 54459076    0.23%
 3389728 365139        cutoff              0.0553        0.0551 54581199    0.23%
 3395893 365180        0.0551    16        0.0553        0.0551 54674619    0.23%
Elapsed time = 1427.08 sec. (2231538.27 ticks, tree = 729.19 MB, solutions = 19)
 3401899 365297        0.0551    15        0.0553        0.0551 54721454    0.23%
 3408285 365814        cutoff              0.0553        0.0551 54860580    0.23%
 3414951 366079        0.0552    17        0.0553        0.0551 54887943    0.23%
 3421139 366827        0.0551    10        0.0553        0.0551 54971664    0.23%
 3427412 367603        0.0552    16        0.0553        0.0551 55108351    0.23%
 3433851 367692        cutoff              0.0553        0.0551 55155892    0.23%
 3440054 368342        0.0551    10        0.0553        0.0551 55266101    0.23%
 3446358 369433        0.0551    10        0.0553        0.0551 55360077    0.23%
 3452934 370214        0.0551    11        0.0553        0.0551 55429103    0.23%
 3459646 371287        0.0552     8        0.0553        0.0551 55565591    0.23%
Elapsed time = 1451.55 sec. (2269690.00 ticks, tree = 740.60 MB, solutions = 19)
 3466124 372018        cutoff              0.0553        0.0551 55621518    0.23%
 3473032 373048        0.0552    16        0.0553        0.0551 55740334    0.23%
 3479622 373071        0.0551    12        0.0553        0.0551 55786794    0.23%
 3485995 373168        cutoff              0.0553        0.0551 55872240    0.23%
 3492601 373783        0.0551    13        0.0553        0.0551 55995655    0.23%
 3499083 374133        cutoff              0.0553        0.0551 56046139    0.23%
 3505087 374396        cutoff              0.0553        0.0551 56136154    0.23%
 3511254 375016        0.0551    12        0.0553        0.0551 56272252    0.23%
 3517874 375196        cutoff              0.0553        0.0551 56324290    0.23%
 3524504 375483        0.0551    12        0.0553        0.0551 56417021    0.23%
Elapsed time = 1476.09 sec. (2307842.61 ticks, tree = 748.46 MB, solutions = 19)
 3530876 375828        cutoff              0.0553        0.0551 56486135    0.23%
 3537605 376652        cutoff              0.0553        0.0551 56572880    0.23%
 3544006 377973        0.0551    10        0.0553        0.0551 56716661    0.23%
 3550448 378297        cutoff              0.0553        0.0551 56764697    0.23%
 3556926 379069        cutoff              0.0553        0.0551 56891367    0.23%
 3563360 379244        cutoff              0.0553        0.0551 56970001    0.23%
 3569731 379460        0.0551    18        0.0553        0.0551 57081010    0.23%
 3575931 379763        cutoff              0.0553        0.0551 57190345    0.23%
 3582405 380235        cutoff              0.0553        0.0551 57304644    0.23%
 3588516 380253        cutoff              0.0553        0.0551 57351410    0.23%
Elapsed time = 1500.66 sec. (2345997.25 ticks, tree = 757.44 MB, solutions = 19)
 3594760 380454        0.0552    19        0.0553        0.0551 57455019    0.23%
 3601644 381153        cutoff              0.0553        0.0551 57539574    0.23%
 3608303 381924        0.0551    16        0.0553        0.0551 57648127    0.23%
 3614276 382106        cutoff              0.0553        0.0551 57674546    0.23%
 3620439 382754        cutoff              0.0553        0.0551 57757827    0.23%
 3627206 383512        cutoff              0.0553        0.0551 57879032    0.23%
 3633526 383783        0.0551    16        0.0553        0.0551 57954618    0.23%
 3639718 384107        cutoff              0.0553        0.0551 58037475    0.23%
 3646237 383904        0.0551    12        0.0553        0.0551 58161018    0.23%
 3652563 383818        cutoff              0.0553        0.0551 58263669    0.23%
Elapsed time = 1525.17 sec. (2384147.90 ticks, tree = 764.12 MB, solutions = 19)
 3658774 383892        0.0551    17        0.0553        0.0551 58350536    0.23%
 3665243 383993        cutoff              0.0553        0.0551 58435009    0.23%
 3671250 384321        0.0551    10        0.0553        0.0551 58491654    0.23%
 3677394 385379        cutoff              0.0553        0.0551 58642731    0.23%
 3683940 385599        0.0551    12        0.0553        0.0551 58688399    0.23%
 3690100 385744        cutoff              0.0553        0.0551 58780414    0.23%
 3696280 386060        cutoff              0.0553        0.0551 58884679    0.23%
 3702941 386715        0.0552    22        0.0553        0.0551 58950101    0.23%
 3709831 387439        cutoff              0.0553        0.0551 59039048    0.23%
 3715809 388639        cutoff              0.0553        0.0551 59149601    0.23%
Elapsed time = 1549.81 sec. (2422298.17 ticks, tree = 773.19 MB, solutions = 19)
 3722359 389498        0.0551    10        0.0553        0.0551 59226101    0.23%
 3729137 389728        0.0551    13        0.0553        0.0551 59337304    0.23%
 3735755 389871        cutoff              0.0553        0.0551 59429560    0.23%
 3741772 390081        0.0551    10        0.0553        0.0551 59496541    0.23%
 3748218 390516        cutoff              0.0553        0.0551 59605764    0.23%
 3754831 390748        cutoff              0.0553        0.0551 59696186    0.23%
 3760729 391092        0.0551    11        0.0553        0.0551 59796712    0.23%
 3767016 391311        0.0552     7        0.0553        0.0551 59878672    0.23%
 3773668 391871        cutoff              0.0553        0.0551 59983650    0.23%
 3779983 393047        0.0551    15        0.0553        0.0551 60066853    0.23%
Elapsed time = 1574.17 sec. (2460450.38 ticks, tree = 781.48 MB, solutions = 19)
 3786225 394762        0.0551    16        0.0553        0.0551 60136702    0.23%
 3793662 396009        cutoff              0.0553        0.0551 60202282    0.23%
 3800442 396544        cutoff              0.0553        0.0551 60294894    0.23%
 3807176 397437        cutoff              0.0553        0.0551 60387511    0.23%
 3814258 397577        0.0552    16        0.0553        0.0551 60447030    0.23%
 3821090 397828        0.0551    16        0.0553        0.0551 60499726    0.23%
 3827570 398900        cutoff              0.0553        0.0551 60648292    0.23%
 3833838 399589        0.0551    18        0.0553        0.0551 60722350    0.23%
 3841235 400277        cutoff              0.0553        0.0551 60807299    0.23%
 3847725 401578        0.0551    12        0.0553        0.0551 60893956    0.23%
Elapsed time = 1598.66 sec. (2498600.19 ticks, tree = 801.68 MB, solutions = 19)
 3854222 402331        cutoff              0.0553        0.0551 60959113    0.23%
 3861178 403336        0.0552    15        0.0553        0.0551 61037994    0.23%
 3868037 404862        cutoff              0.0553        0.0551 61146405    0.23%
 3874573 406164        0.0551    18        0.0553        0.0551 61278183    0.23%
 3881362 406503        cutoff              0.0553        0.0551 61308818    0.23%
 3888741 408466        cutoff              0.0553        0.0551 61439687    0.23%
 3895065 408497        0.0551    10        0.0553        0.0551 61484973    0.23%
 3901336 408634        cutoff              0.0553        0.0551 61602312    0.23%
 3908474 408993        cutoff              0.0553        0.0551 61650276    0.23%
 3914883 409517        cutoff              0.0553        0.0551 61714379    0.23%
Elapsed time = 1623.33 sec. (2536754.16 ticks, tree = 816.53 MB, solutions = 19)
 3921222 410155        cutoff              0.0553        0.0551 61817937    0.23%
 3928259 411202        cutoff              0.0553        0.0551 61901084    0.23%
 3934909 412736        0.0551    11        0.0553        0.0551 62039476    0.23%
 3941543 413684        0.0551    12        0.0553        0.0551 62142789    0.23%
 3948435 414544        0.0552    16        0.0553        0.0551 62222254    0.23%
 3955487 416178        0.0552    19        0.0553        0.0551 62308740    0.23%
 3962064 417639        cutoff              0.0553        0.0551 62368445    0.23%
 3969031 418367        cutoff              0.0553        0.0551 62432261    0.23%
 3976190 418016        cutoff              0.0553        0.0551 62525318    0.23%
 3982465 418394        0.0551    10        0.0553        0.0551 62613164    0.23%
Elapsed time = 1647.75 sec. (2574904.47 ticks, tree = 833.23 MB, solutions = 19)
 3989089 418730        0.0551    12        0.0553        0.0551 62672753    0.23%
 3996177 419580        0.0551    11        0.0553        0.0551 62757989    0.23%
 4002779 421324        0.0552    18        0.0553        0.0551 62902193    0.23%
 4009240 421900        0.0551    11        0.0553        0.0551 62946120    0.23%
 4016360 422964        0.0551    12        0.0553        0.0551 63044992    0.23%
 4023471 424367        cutoff              0.0553        0.0551 63126812    0.23%
 4029896 425742        cutoff              0.0553        0.0551 63225825    0.23%
 4036500 426082        cutoff              0.0553        0.0551 63298219    0.23%
 4043364 426341        cutoff              0.0553        0.0551 63355993    0.23%
 4049468 426821        0.0552    18        0.0553        0.0551 63443199    0.23%
Elapsed time = 1672.48 sec. (2613056.11 ticks, tree = 849.02 MB, solutions = 19)
 4056308 427530        0.0551    16        0.0553        0.0551 63548723    0.23%
 4063564 428802        0.0551    12        0.0553        0.0551 63637452    0.23%
 4069894 430177        cutoff              0.0553        0.0551 63760654    0.23%
 4076486 430934        0.0551    16        0.0553        0.0551 63839262    0.23%
 4083599 431819        0.0551    12        0.0553        0.0551 63924296    0.23%
 4090505 432674        cutoff              0.0553        0.0551 63987035    0.23%
 4097097 433072        cutoff              0.0553        0.0551 64055872    0.23%
 4103812 433397        0.0551    10        0.0553        0.0551 64150787    0.23%
 4110736 434064        cutoff              0.0553        0.0551 64232727    0.23%
 4117131 435671        0.0551    11        0.0553        0.0551 64370377    0.23%
Elapsed time = 1697.12 sec. (2651206.59 ticks, tree = 865.64 MB, solutions = 19)
 4123530 436012        0.0551    16        0.0553        0.0551 64408616    0.23%
 4130080 437008        0.0551    11        0.0553        0.0551 64501117    0.23%
 4137366 437945        cutoff              0.0553        0.0551 64580351    0.23%
 4143886 438924        cutoff              0.0553        0.0551 64700867    0.23%
 4150776 439093        cutoff              0.0553        0.0551 64800728    0.23%
 4157443 439735        cutoff              0.0553        0.0551 64890474    0.23%
 4163975 440496        0.0552    18        0.0553        0.0551 64939257    0.23%
 4170725 441524        0.0551    14        0.0553        0.0551 65020796    0.23%
 4177785 442745        cutoff              0.0553        0.0551 65122961    0.23%
 4184411 443500        0.0551    17        0.0553        0.0551 65200825    0.23%
Elapsed time = 1721.36 sec. (2689361.18 ticks, tree = 880.37 MB, solutions = 19)
 4191259 444027        0.0552    16        0.0553        0.0551 65298436    0.23%
 4198269 444602        0.0552    17        0.0553        0.0551 65366563    0.23%
 4205064 445531        cutoff              0.0553        0.0551 65474726    0.23%
 4211649 446387        cutoff              0.0553        0.0551 65585733    0.23%
 4218907 446917        cutoff              0.0553        0.0551 65670584    0.23%
 4225307 447170        cutoff              0.0553        0.0551 65774184    0.23%
 4231874 447680        cutoff              0.0553        0.0551 65827295    0.23%
 4238803 448520        0.0551    13        0.0553        0.0551 65910226    0.23%
 4245431 449351        cutoff              0.0553        0.0551 66023291    0.23%
 4251871 449402        cutoff              0.0553        0.0551 66089289    0.23%
Elapsed time = 1745.97 sec. (2727512.50 ticks, tree = 891.46 MB, solutions = 19)
 4258706 449660        cutoff              0.0553        0.0551 66168699    0.23%
 4265178 450575        0.0551    13        0.0553        0.0551 66269457    0.23%
 4271736 450906        0.0551    11        0.0553        0.0551 66351655    0.23%
 4278783 450997        0.0551    14        0.0553        0.0551 66448923    0.23%
 4285514 451291        0.0552     6        0.0553        0.0551 66568820    0.22%
 4291832 450960        cutoff              0.0553        0.0551 66648881    0.22%
 4298573 451391        0.0551    12        0.0553        0.0551 66728371    0.22%
 4305292 451456        0.0551    12        0.0553        0.0551 66782080    0.22%
 4311975 451256        cutoff              0.0553        0.0551 66868208    0.22%
 4318331 451269        0.0551    12        0.0553        0.0551 66968412    0.22%
Elapsed time = 1770.64 sec. (2765663.31 ticks, tree = 894.98 MB, solutions = 19)
 4325070 451020        cutoff              0.0553        0.0551 67093515    0.22%
 4331672 450790        cutoff              0.0553        0.0551 67161444    0.22%
 4338022 450583        0.0551    13        0.0553        0.0551 67227703    0.22%
 4344457 449759        cutoff              0.0553        0.0551 67305740    0.22%
 4351139 447767        cutoff              0.0553        0.0551 67420558    0.22%
 4357776 446395        0.0551     7        0.0553        0.0551 67472576    0.22%
 4364236 442302        0.0551    15        0.0553        0.0551 67616557    0.22%
 4370532 439681        0.0551     9        0.0553        0.0551 67709796    0.22%
 4376836 437866        cutoff              0.0553        0.0551 67783243    0.22%
 4383116 434008        cutoff              0.0553        0.0551 67927472    0.22%
Elapsed time = 1795.03 sec. (2803817.20 ticks, tree = 862.48 MB, solutions = 19)
 4389423 431408        0.0551    14        0.0553        0.0551 68019237    0.22%
 4395768 428560        cutoff              0.0553        0.0551 68107503    0.22%
 4402663 423998        cutoff              0.0553        0.0551 68202817    0.21%
 4409949 419710        0.0552    17        0.0553        0.0551 68283483    0.21%
 4417952 419282        cutoff              0.0553        0.0551 68322186    0.21%
 4426014 419444        0.0552    17        0.0553        0.0551 68401886    0.21%
 4433434 420112        0.0552    17        0.0553        0.0551 68469447    0.21%
 4440591 420915        cutoff              0.0553        0.0551 68558254    0.21%
 4447635 421418        0.0552    17        0.0553        0.0551 68620319    0.20%
 4453787 422151        cutoff              0.0553        0.0552 68681498    0.19%
Elapsed time = 1819.17 sec. (2841968.03 ticks, tree = 839.68 MB, solutions = 19)
 4460671 422981        cutoff              0.0553        0.0552 68727894    0.19%
 4466936 423502        0.0552    11        0.0553        0.0552 68798486    0.19%
 4473896 424216        0.0552    17        0.0553        0.0552 68853908    0.19%
 4480760 425199        cutoff              0.0553        0.0552 68931854    0.19%
 4487830 426127        0.0552    16        0.0553        0.0552 69007741    0.19%
 4494712 426792        0.0552    16        0.0553        0.0552 69042798    0.19%
 4501895 427363        cutoff              0.0553        0.0552 69128336    0.19%
 4509335 428213        cutoff              0.0553        0.0552 69208163    0.19%
 4516400 429632        cutoff              0.0553        0.0552 69300567    0.19%
 4523633 430045        0.0552    15        0.0553        0.0552 69340263    0.19%
Elapsed time = 1843.77 sec. (2880118.93 ticks, tree = 854.50 MB, solutions = 19)
 4530919 430682        0.0552    12        0.0553        0.0552 69389441    0.19%
 4538467 431431        0.0552    17        0.0553        0.0552 69458611    0.19%
 4545699 433246        0.0552    16        0.0553        0.0552 69564333    0.19%
 4553025 433977        0.0552    18        0.0553        0.0552 69624700    0.19%
 4560473 434746        cutoff              0.0553        0.0552 69697497    0.19%
 4567706 435211        0.0552    12        0.0553        0.0552 69751327    0.18%
 4574992 436675        0.0552    17        0.0553        0.0552 69831882    0.18%
 4582321 437675        0.0552    17        0.0553        0.0552 69900829    0.18%
 4588993 438806        0.0552    16        0.0553        0.0552 69952610    0.18%
 4596462 440236        0.0552    16        0.0553        0.0552 70054330    0.18%
Elapsed time = 1867.91 sec. (2918270.33 ticks, tree = 873.64 MB, solutions = 19)
 4604082 440586        cutoff              0.0553        0.0552 70120930    0.18%
 4611484 441085        0.0552    16        0.0553        0.0552 70187251    0.18%
 4618468 442274        cutoff              0.0553        0.0552 70255469    0.18%
 4625845 443291        0.0552    16        0.0553        0.0552 70300279    0.18%
 4633271 445103        cutoff              0.0553        0.0552 70380643    0.18%
 4640416 445847        cutoff              0.0553        0.0552 70460156    0.18%
 4647805 447015        cutoff              0.0553        0.0552 70539340    0.18%
 4655179 446953        0.0552    18        0.0553        0.0552 70589272    0.18%
 4662356 447465        0.0552    17        0.0553        0.0552 70668517    0.18%
 4669438 447803        cutoff              0.0553        0.0552 70697402    0.18%
Elapsed time = 1891.94 sec. (2956421.20 ticks, tree = 887.87 MB, solutions = 19)
 4676597 449129        cutoff              0.0553        0.0552 70788221    0.18%
 4683879 450396        0.0552    15        0.0553        0.0552 70858483    0.18%
 4691260 451266        cutoff              0.0553        0.0552 70942619    0.18%
 4698865 451968        cutoff              0.0553        0.0552 70994376    0.18%
 4706725 452599        0.0552    17        0.0553        0.0552 71042026    0.18%
 4713239 453488        0.0552    17        0.0553        0.0552 71138695    0.18%
 4720685 453472        cutoff              0.0553        0.0552 71202074    0.18%
 4728725 454719        0.0552    16        0.0553        0.0552 71276160    0.18%
 4735504 455726        0.0552    20        0.0553        0.0552 71355473    0.18%
 4742431 457000        0.0552    16        0.0553        0.0552 71413054    0.18%
Elapsed time = 1916.03 sec. (2994573.34 ticks, tree = 905.13 MB, solutions = 19)
 4750004 458888        cutoff              0.0553        0.0552 71492964    0.18%
 4757169 459415        0.0552    17        0.0553        0.0552 71533632    0.18%
 4764577 460797        0.0552    16        0.0553        0.0552 71608090    0.18%
 4772526 462134        cutoff              0.0553        0.0552 71663975    0.18%
 4780309 462291        0.0552    16        0.0553        0.0552 71748490    0.18%
 4786799 462166        cutoff              0.0553        0.0552 71831589    0.18%
 4794018 461731        0.0552    18        0.0553        0.0552 71883254    0.18%
 4801702 462059        cutoff              0.0553        0.0552 71942863    0.18%
 4808794 462756        0.0552    13        0.0553        0.0552 71997946    0.18%
 4814738 464407        0.0552    16        0.0553        0.0552 72082574    0.18%
Elapsed time = 1940.00 sec. (3032723.58 ticks, tree = 919.06 MB, solutions = 19)
 4822153 466061        0.0552    17        0.0553        0.0552 72139798    0.18%
 4829746 467257        0.0552    10        0.0553        0.0552 72218385    0.18%
 4836960 468591        cutoff              0.0553        0.0552 72270471    0.18%
 4844439 469911        cutoff              0.0553        0.0552 72341637    0.18%
 4851958 471069        0.0552    16        0.0553        0.0552 72402283    0.18%
 4859901 472201        0.0552    16        0.0553        0.0552 72498322    0.18%
 4867428 473911        cutoff              0.0553        0.0552 72544775    0.18%
 4874631 472441        cutoff              0.0553        0.0552 72613803    0.18%
 4882003 471834        0.0552    17        0.0553        0.0552 72681600    0.18%
 4889118 472690        cutoff              0.0553        0.0552 72754934    0.18%
Elapsed time = 1963.77 sec. (3070873.48 ticks, tree = 939.72 MB, solutions = 19)
 4896532 472880        cutoff              0.0553        0.0552 72817431    0.18%
 4903660 473859        0.0552    11        0.0553        0.0552 72888514    0.18%
 4910912 474827        0.0552    15        0.0553        0.0552 72943026    0.18%
 4918678 476322        cutoff              0.0553        0.0552 73011518    0.18%
 4926298 477760        cutoff              0.0553        0.0552 73120815    0.18%
 4933256 478506        cutoff              0.0553        0.0552 73183689    0.18%
 4941395 480003        cutoff              0.0553        0.0552 73217515    0.18%
 4949580 483806        0.0552    17        0.0553        0.0552 73301761    0.18%
 4956666 483407        cutoff              0.0553        0.0552 73336813    0.18%
 4963203 480960        cutoff              0.0553        0.0552 73405291    0.18%
Elapsed time = 1987.44 sec. (3109027.08 ticks, tree = 955.28 MB, solutions = 19)
 4969966 479867        0.0552    16        0.0553        0.0552 73485839    0.18%
 4977864 479908        0.0552    16        0.0553        0.0552 73550140    0.18%
 4985557 481100        0.0552    16        0.0553        0.0552 73636492    0.18%
 4992759 481124        cutoff              0.0553        0.0552 73698151    0.18%
 5000077 482195        0.0552    17        0.0553        0.0552 73767101    0.18%
 5006936 483506        cutoff              0.0553        0.0552 73846090    0.18%
 5014066 484264        0.0552    16        0.0553        0.0552 73887392    0.18%
 5021466 485419        cutoff              0.0553        0.0552 73966808    0.18%
 5029271 488564        0.0552    17        0.0553        0.0552 74065853    0.18%
 5037090 490199        cutoff              0.0553        0.0552 74099707    0.18%
Elapsed time = 2011.66 sec. (3147176.79 ticks, tree = 972.64 MB, solutions = 19)
 5045183 493250        cutoff              0.0553        0.0552 74179006    0.18%
 5052108 491967        cutoff              0.0553        0.0552 74215756    0.18%
 5059140 488880        cutoff              0.0553        0.0552 74302449    0.18%
 5066819 489753        cutoff              0.0553        0.0552 74341893    0.18%
 5073881 489995        cutoff              0.0553        0.0552 74410594    0.18%
 5081248 488437        cutoff              0.0553        0.0552 74497651    0.18%
 5088701 488865        0.0552    17        0.0553        0.0552 74566950    0.18%
 5096230 489653        cutoff              0.0553        0.0552 74623885    0.18%
 5103808 490318        0.0552    10        0.0553        0.0552 74696191    0.18%
 5110361 491364        0.0552    17        0.0553        0.0552 74761227    0.18%
Elapsed time = 2035.78 sec. (3185331.40 ticks, tree = 974.84 MB, solutions = 19)
 5117381 492340        cutoff              0.0553        0.0552 74845039    0.18%
 5125210 492828        cutoff              0.0553        0.0552 74910918    0.18%
 5132947 494390        0.0552    16        0.0553        0.0552 74966000    0.18%
 5140575 497466        cutoff              0.0553        0.0552 75043780    0.18%
 5147213 495426        0.0552    16        0.0553        0.0552 75130759    0.18%
 5154917 495669        cutoff              0.0553        0.0552 75168756    0.18%
 5162624 498259        cutoff              0.0553        0.0552 75238209    0.18%
 5170931 499482        cutoff              0.0553        0.0552 75273773    0.18%
 5178067 500272        cutoff              0.0553        0.0552 75343930    0.18%
 5185118 497367        cutoff              0.0553        0.0552 75412362    0.18%
Elapsed time = 2059.73 sec. (3223482.33 ticks, tree = 986.10 MB, solutions = 19)
 5191904 495806        0.0552    16        0.0553        0.0552 75488084    0.18%
 5199830 496116        cutoff              0.0553        0.0552 75533598    0.18%
 5207479 497113        cutoff              0.0553        0.0552 75629943    0.18%
 5214254 497424        cutoff              0.0553        0.0552 75680652    0.18%
 5221359 498044        cutoff              0.0553        0.0552 75742149    0.18%
 5229043 499632        cutoff              0.0553        0.0552 75839033    0.18%
 5236582 500468        0.0552    18        0.0553        0.0552 75880100    0.18%
 5244082 503858        cutoff              0.0553        0.0552 75969442    0.18%
 5251128 503686        cutoff              0.0553        0.0552 76017418    0.18%
 5259174 503982        cutoff              0.0553        0.0552 76102037    0.18%
Elapsed time = 2083.84 sec. (3261632.67 ticks, tree = 998.50 MB, solutions = 19)
 5266118 506750        0.0552    15        0.0553        0.0552 76157878    0.18%
 5274506 509698        0.0552    17        0.0553        0.0552 76203942    0.18%
 5283056 514388        cutoff              0.0553        0.0552 76284372    0.18%
 5290649 516411        cutoff              0.0553        0.0552 76328903    0.18%
 5297548 516921        cutoff              0.0553        0.0552 76392209    0.18%
 5304193 512597        cutoff              0.0553        0.0552 76449867    0.18%
 5310293 510218        0.0552    18        0.0553        0.0552 76484232    0.18%
 5318079 507511        cutoff              0.0553        0.0552 76590030    0.18%
 5324892 508461        cutoff              0.0553        0.0552 76648719    0.18%
 5331502 507108        0.0552    17        0.0553        0.0552 76729878    0.18%
Elapsed time = 2107.56 sec. (3299785.00 ticks, tree = 1004.36 MB, solutions = 19)
 5339019 507445        0.0552    16        0.0553        0.0552 76805111    0.18%
 5346583 507593        0.0552    17        0.0553        0.0552 76844021    0.18%
 5354205 508863        0.0552    17        0.0553        0.0552 76926235    0.18%
 5360956 508428        0.0552    16        0.0553        0.0552 76964379    0.18%
 5368954 509706        0.0552    11        0.0553        0.0552 77067566    0.18%
 5376099 510332        0.0552    16        0.0553        0.0552 77110123    0.18%
 5383148 511315        cutoff              0.0553        0.0552 77209170    0.18%
 5390822 511965        0.0552    16        0.0553        0.0552 77249704    0.18%
 5398876 513788        0.0552    17        0.0553        0.0552 77333549    0.18%
 5406824 516937        0.0552    17        0.0553        0.0552 77392475    0.18%
Elapsed time = 2131.44 sec. (3337936.65 ticks, tree = 1022.83 MB, solutions = 19)
 5414776 521422        0.0552    17        0.0553        0.0552 77466529    0.18%
 5423103 523580        0.0552    16        0.0553        0.0552 77525277    0.18%
 5430326 521176        cutoff              0.0553        0.0552 77592571    0.18%
 5436511 516348        0.0552    17        0.0553        0.0552 77646290    0.18%
 5443508 515459        0.0552    17        0.0553        0.0552 77678866    0.18%
 5450762 515237        0.0552    16        0.0553        0.0552 77781920    0.18%
 5457824 516590        0.0552    16        0.0553        0.0552 77818056    0.18%
 5465204 517975        cutoff              0.0553        0.0552 77902658    0.18%
 5472153 516211        0.0552    17        0.0553        0.0552 77941658    0.18%
 5479028 513198        cutoff              0.0553        0.0552 78040539    0.18%
Elapsed time = 2155.23 sec. (3376087.36 ticks, tree = 1015.80 MB, solutions = 19)
 5486121 513384        0.0552    16        0.0553        0.0552 78077284    0.18%
 5494026 514964        0.0552    17        0.0553        0.0552 78171007    0.18%
 5500936 514164        cutoff              0.0553        0.0552 78221717    0.18%
 5507701 514043        0.0552    11        0.0553        0.0552 78293231    0.18%
 5515351 514714        cutoff              0.0553        0.0552 78359563    0.18%
 5522771 515208        0.0552    16        0.0553        0.0552 78455165    0.18%
 5529773 515428        0.0552    16        0.0553        0.0552 78504855    0.18%
 5537816 517342        0.0552    16        0.0553        0.0552 78566495    0.18%
 5545916 521657        0.0552    16        0.0553        0.0552 78668876    0.18%
 5552969 521859        cutoff              0.0553        0.0552 78726051    0.18%
Elapsed time = 2179.33 sec. (3414237.85 ticks, tree = 1032.10 MB, solutions = 19)
 5559731 519750        0.0552    21        0.0553        0.0552 78761168    0.18%
 5567091 518337        cutoff              0.0553        0.0552 78830768    0.18%
 5575166 521763        cutoff              0.0553        0.0552 78926694    0.18%
 5582681 524087        0.0552    15        0.0553        0.0552 78975505    0.18%
 5590053 526357        0.0552    17        0.0553        0.0552 79022943    0.18%
 5597369 528182        0.0552    17        0.0553        0.0552 79075173    0.18%
 5604402 527422        cutoff              0.0553        0.0552 79146817    0.18%
 5610988 524164        0.0552    17        0.0553        0.0552 79187879    0.18%
 5618566 520597        0.0552    19        0.0553        0.0552 79241614    0.18%
 5626201 519102        cutoff              0.0553        0.0552 79336381    0.18%
Elapsed time = 2203.27 sec. (3452390.13 ticks, tree = 1026.88 MB, solutions = 19)
 5633398 519224        0.0552    16        0.0553        0.0552 79400774    0.18%
 5640513 519809        0.0552    19        0.0553        0.0552 79462601    0.18%
 5647724 519427        cutoff              0.0553        0.0552 79535792    0.18%
 5654875 518843        cutoff              0.0553        0.0552 79630411    0.18%
 5662292 519554        0.0552    16        0.0553        0.0552 79695444    0.18%
 5669450 520182        0.0552    16        0.0553        0.0552 79771487    0.18%
 5677370 520514        cutoff              0.0553        0.0552 79794752    0.18%
 5684461 521094        0.0552    17        0.0553        0.0552 79871329    0.18%
 5691022 520595        cutoff              0.0553        0.0552 79926894    0.18%
 5699239 523704        0.0552    16        0.0553        0.0552 80033006    0.18%
Elapsed time = 2228.23 sec. (3490539.57 ticks, tree = 1035.47 MB, solutions = 19)
 5707284 525189        0.0552    16        0.0553        0.0552 80060772    0.18%
 5714796 529335        cutoff              0.0553        0.0552 80141622    0.18%
 5722169 532997        0.0552    16        0.0553        0.0552 80237131    0.18%
 5730063 533882        0.0552    16        0.0553        0.0552 80272387    0.18%
 5737024 532464        cutoff              0.0553        0.0552 80338789    0.18%
 5743813 526700        cutoff              0.0553        0.0552 80403157    0.18%
 5750966 522633        0.0552    18        0.0553        0.0552 80454553    0.18%
 5759133 523523        cutoff              0.0553        0.0552 80546242    0.18%
 5766131 523401        cutoff              0.0553        0.0552 80593967    0.18%
 5794603 522436        0.0552    17        0.0553        0.0552 80845063    0.18%
Elapsed time = 2259.31 sec. (3540133.56 ticks, tree = 1032.93 MB, solutions = 19)
 5823436 523625        cutoff              0.0553        0.0552 81113192    0.18%
 5853971 529287        0.0552    16        0.0553        0.0552 81373141    0.18%
 5881880 524604        cutoff              0.0553        0.0552 81643210    0.18%
 5910682 522957        cutoff              0.0553        0.0552 81872010    0.18%
 5939812 522667        0.0552    10        0.0553        0.0552 82146544    0.18%
 5970537 525687        0.0552    16        0.0553        0.0552 82372449    0.18%
 5999617 529154        0.0552    15        0.0553        0.0552 82620859    0.18%
 6031415 537313        cutoff              0.0553        0.0552 82864144    0.18%
 6059470 529881        0.0552    16        0.0553        0.0552 83103895    0.18%
 6089350 528576        0.0552    16        0.0553        0.0552 83360661    0.18%
Elapsed time = 2359.20 sec. (3692725.65 ticks, tree = 1044.42 MB, solutions = 19)
 6117634 529772        0.0552    16        0.0553        0.0552 83612015    0.18%
 6146559 530012        cutoff              0.0553        0.0552 83864406    0.18%
 6178029 539985        0.0552    15        0.0553        0.0552 84093394    0.18%
 6206825 530295        0.0552    16        0.0553        0.0552 84338993    0.18%
 6235070 527727        0.0552    16        0.0553        0.0552 84590060    0.18%
 6263846 527320        0.0552    16        0.0553        0.0552 84855676    0.18%
 6294216 529604        cutoff              0.0553        0.0552 85071647    0.18%
 6324244 533368        cutoff              0.0553        0.0552 85316078    0.18%
 6354028 531815        cutoff              0.0553        0.0552 85551727    0.18%
 6382686 526222        cutoff              0.0553        0.0552 85813763    0.18%
Elapsed time = 2456.47 sec. (3845317.64 ticks, tree = 1039.85 MB, solutions = 19)
 6412801 526090        0.0552    17        0.0553        0.0552 86080200    0.18%
 6442291 526737        cutoff              0.0553        0.0552 86310137    0.18%
 6471261 526184        0.0552    17        0.0553        0.0552 86551160    0.18%
 6500567 523412        cutoff              0.0553        0.0552 86803407    0.18%
 6530368 522532        cutoff              0.0553        0.0552 87042132    0.18%
 6560289 522483        0.0552    16        0.0553        0.0552 87291921    0.18%
 6589822 522746        0.0552    17        0.0553        0.0552 87549183    0.17%
 6618981 523591        0.0552    18        0.0553        0.0552 87755610    0.17%
 6647885 516721        0.0552    12        0.0553        0.0552 88021222    0.17%
 6677296 515261        0.0552    17        0.0553        0.0552 88264699    0.17%
Elapsed time = 2556.42 sec. (3997910.40 ticks, tree = 1019.09 MB, solutions = 19)
 6706661 518166        cutoff              0.0553        0.0552 88501433    0.17%
 6735874 516767        0.0552    16        0.0553        0.0552 88740157    0.17%
 6764185 514034        0.0552    16        0.0553        0.0552 88951498    0.17%
 6793433 511331        cutoff              0.0553        0.0552 89224398    0.17%
 6822314 510917        0.0552    15        0.0553        0.0552 89469181    0.17%
 6852942 514546        cutoff              0.0553        0.0552 89710075    0.17%
 6881756 510167        0.0552    16        0.0553        0.0552 89939026    0.17%
 6911233 508548        0.0552    16        0.0553        0.0552 90195759    0.17%
 6941397 510029        0.0552    16        0.0553        0.0552 90439068    0.17%
 6970161 506614        0.0552    16        0.0553        0.0552 90666457    0.17%
Elapsed time = 2653.50 sec. (4150501.80 ticks, tree = 1002.81 MB, solutions = 19)
 6998951 504663        cutoff              0.0553        0.0552 90920693    0.17%
 7027663 503394        cutoff              0.0553        0.0552 91171798    0.17%
 7057804 506263        0.0552    16        0.0553        0.0552 91409553    0.17%
 7087607 506155        cutoff              0.0553        0.0552 91669596    0.17%
 7116505 500232        cutoff              0.0553        0.0552 91909701    0.17%
 7145422 499912        0.0552    16        0.0553        0.0552 92172098    0.17%
 7176024 505459        cutoff              0.0553        0.0552 92410539    0.17%
 7204143 499879        0.0552    15        0.0553        0.0552 92613675    0.17%
 7232905 497367        0.0552    16        0.0553        0.0552 92900625    0.17%
 7263439 498975        cutoff              0.0553        0.0552 93102863    0.17%
Elapsed time = 2750.47 sec. (4303094.41 ticks, tree = 988.44 MB, solutions = 19)
 7291957 496187        cutoff              0.0553        0.0552 93344888    0.17%
 7320962 493991        cutoff              0.0553        0.0552 93609836    0.17%
 7350183 494965        cutoff              0.0553        0.0552 93848835    0.17%
 7379319 493219        0.0552    16        0.0553        0.0552 94098837    0.17%
 7407668 489668        0.0552    16        0.0553        0.0552 94351294    0.17%
 7438011 493467        cutoff              0.0553        0.0552 94602021    0.17%
 7465977 488060        0.0552    16        0.0553        0.0552 94831193    0.17%
 7495538 488287        cutoff              0.0553        0.0552 95113157    0.17%
 7523635 483099        0.0552    16        0.0553        0.0552 95334382    0.17%
 7552051 482097        cutoff              0.0553        0.0552 95566121    0.17%
Elapsed time = 2846.69 sec. (4455686.41 ticks, tree = 956.69 MB, solutions = 19)
 7580116 479459        0.0552    16        0.0553        0.0552 95827780    0.17%
 7609157 477643        0.0552    16        0.0553        0.0552 96050066    0.17%
 7636399 474115        0.0552    17        0.0553        0.0552 96341402    0.17%
 7664036 471864        0.0552    25        0.0553        0.0552 96568648    0.17%
 7692641 470670        cutoff              0.0553        0.0552 96823634    0.17%
 7721237 468768        cutoff              0.0553        0.0552 97058408    0.17%
 7749526 466831        0.0552    16        0.0553        0.0552 97328333    0.17%
 7777666 465272        0.0552    16        0.0553        0.0552 97606662    0.17%
 7806744 464268        cutoff              0.0553        0.0552 97868980    0.17%
 7834765 462655        cutoff              0.0553        0.0552 98158781    0.17%
Elapsed time = 2944.52 sec. (4608279.88 ticks, tree = 920.07 MB, solutions = 19)
 7862427 460972        0.0552    19        0.0553        0.0552 98351405    0.16%
 7890469 457692        0.0552    17        0.0553        0.0552 98647037    0.16%
 7918403 453939        cutoff              0.0553        0.0552 98906378    0.16%
 7947265 448438        0.0552    17        0.0553        0.0552 99180199    0.16%
 7976952 440335        0.0552    16        0.0553        0.0552 99497356    0.16%
 8006498 431745        cutoff              0.0553        0.0552 99777979    0.16%
 8036278 421088        cutoff              0.0553        0.0552 1.00e+08    0.16%
 8065975 408976        0.0553    11        0.0553        0.0552 1.00e+08    0.15%
 8094933 393135        cutoff              0.0553        0.0552 1.01e+08    0.15%
 8127058 384251        0.0552    16        0.0553        0.0552 1.01e+08    0.14%
Elapsed time = 3045.45 sec. (4760873.35 ticks, tree = 772.09 MB, solutions = 19)
 8156354 383525        cutoff              0.0553        0.0552 1.01e+08    0.13%
 8185364 382489        0.0552    18        0.0553        0.0552 1.01e+08    0.13%
 8214302 381956        cutoff              0.0553        0.0552 1.02e+08    0.13%
 8243270 381905        cutoff              0.0553        0.0552 1.02e+08    0.13%
 8271350 383525        0.0552    17        0.0553        0.0552 1.02e+08    0.13%
 8301038 384574        0.0552    17        0.0553        0.0552 1.02e+08    0.13%
 8330025 381100        0.0552    16        0.0553        0.0552 1.03e+08    0.13%
 8360320 383005        0.0552    16        0.0553        0.0552 1.03e+08    0.13%
 8390647 380999        0.0552    16        0.0553        0.0552 1.03e+08    0.13%
 8419451 380406        cutoff              0.0553        0.0552 1.03e+08    0.13%
Elapsed time = 3142.53 sec. (4913465.03 ticks, tree = 764.78 MB, solutions = 19)
 8449844 382729        cutoff              0.0553        0.0552 1.03e+08    0.13%
 8479354 378920        cutoff              0.0553        0.0552 1.04e+08    0.13%
 8508740 380438        0.0552    16        0.0553        0.0552 1.04e+08    0.12%
 8538187 377912        0.0552    16        0.0553        0.0552 1.04e+08    0.12%
 8567584 376683        cutoff              0.0553        0.0552 1.04e+08    0.12%
 8597164 375883        0.0552    17        0.0553        0.0552 1.05e+08    0.12%
 8626016 374542        0.0552    16        0.0553        0.0552 1.05e+08    0.12%
 8655995 374024        0.0552    17        0.0553        0.0552 1.05e+08    0.12%
 8685076 372392        cutoff              0.0553        0.0552 1.05e+08    0.12%
 8714604 372586        cutoff              0.0553        0.0552 1.06e+08    0.12%
Elapsed time = 3239.22 sec. (5066056.67 ticks, tree = 750.07 MB, solutions = 19)
 8723612 369235        0.0552    17        0.0553        0.0552 1.06e+08    0.12%
 8727912 369285        0.0552    16        0.0553        0.0552 1.06e+08    0.12%
 8734858 369333        cutoff              0.0553        0.0552 1.06e+08    0.12%
 8739512 369202        0.0552    16        0.0553        0.0552 1.06e+08    0.12%
 8743468 370525        0.0552    16        0.0553        0.0552 1.06e+08    0.12%
 8749572 370241        cutoff              0.0553        0.0552 1.06e+08    0.12%
 8754151 368678        0.0552    16        0.0553        0.0552 1.06e+08    0.12%
 8758380 369355        0.0552    16        0.0553        0.0552 1.06e+08    0.12%
 8764512 368080        0.0552    17        0.0553        0.0552 1.06e+08    0.12%
 8768872 367574        0.0552    16        0.0553        0.0552 1.06e+08    0.12%
Elapsed time = 3345.12 sec. (5219881.17 ticks, tree = 740.65 MB, solutions = 19)
 8771812 367952        0.0552    16        0.0553        0.0552 1.06e+08    0.12%
 8778412 368830        0.0552    16        0.0553        0.0552 1.06e+08    0.12%
 8784112 368139        0.0552    16        0.0553        0.0552 1.06e+08    0.12%
 8789112 367725        0.0552    17        0.0553        0.0552 1.06e+08    0.12%
 8794253 368670        0.0552    16        0.0553        0.0552 1.06e+08    0.12%
 8798712 368057        cutoff              0.0553        0.0552 1.06e+08    0.12%
 8804912 367649        0.0552    17        0.0553        0.0552 1.06e+08    0.12%
 8809112 367458        0.0552    17        0.0553        0.0552 1.06e+08    0.12%
 8813756 368324        cutoff              0.0553        0.0552 1.06e+08    0.12%
 8821346 367638        0.0552    17        0.0553        0.0552 1.07e+08    0.12%
Elapsed time = 3452.19 sec. (5374442.70 ticks, tree = 740.77 MB, solutions = 19)
 8837494 366803        0.0552    16        0.0553        0.0552 1.07e+08    0.12%
 8852211 365991        0.0552    17        0.0553        0.0552 1.07e+08    0.12%
 8865787 364608        cutoff              0.0553        0.0552 1.07e+08    0.12%
 8881810 366473        0.0552    16        0.0553        0.0552 1.07e+08    0.12%
 8894425 366080        cutoff              0.0553        0.0552 1.07e+08    0.12%
 8909574 363915        cutoff              0.0553        0.0552 1.07e+08    0.12%
 8923375 364563        0.0552    16        0.0553        0.0552 1.07e+08    0.12%
 8939925 363000        cutoff              0.0553        0.0552 1.07e+08    0.12%
 8952093 363644        0.0552    16        0.0553        0.0552 1.08e+08    0.12%
 8965279 366189        0.0552    17        0.0553        0.0552 1.08e+08    0.12%
Elapsed time = 3557.69 sec. (5527040.04 ticks, tree = 737.92 MB, solutions = 19)
 8981943 363733        cutoff              0.0553        0.0552 1.08e+08    0.12%
 8996615 362140        0.0552    17        0.0553        0.0552 1.08e+08    0.12%
 9011373 362874        0.0552    17        0.0553        0.0552 1.08e+08    0.12%
 9028271 362550        cutoff              0.0553        0.0552 1.08e+08    0.12%

Cover cuts applied:  6
Mixed integer rounding cuts applied:  21
Gomory fractional cuts applied:  1

Root node processing (before b&c):
  Real time             =    0.47 sec. (579.30 ticks)
Parallel b&c, 4 threads:
  Real time             = 3599.55 sec. (5588380.08 ticks)
  Sync time (average)   =  135.16 sec.
  Wait time (average)   =    0.04 sec.
                          ------------
Total (root+branch&cut) = 3600.02 sec. (5588959.38 ticks)
