Version identifier: 22.2.0.0 | 2026-05-04 | 5dff98e58
CPXPARAM_Read_DataCheck                          1
CPXPARAM_Threads                                 4
CPXPARAM_Parallel                                1
CPXPARAM_RandomSeed                              20260925
CPXPARAM_Simplex_Tolerances_Optimality           1.0000000000000001e-09
CPXPARAM_Simplex_Tolerances_Feasibility          1.0000000000000001e-09
CPXPARAM_TimeLimit                               3600
CPXPARAM_MIP_Tolerances_AbsMIPGap                1.0000000000000001e-09
CPXPARAM_MIP_Tolerances_Integrality              1.0000000000000001e-09
Legacy callback                                  i
1 of 1 MIP starts provided solutions.
MIP start 'm1' defined initial solution with objective 0.0293.
Tried aggregator 1 time.
MIP Presolve eliminated 1347 rows and 2 columns.
MIP Presolve modified 3324 coefficients.
Reduced MIP has 3968 rows, 4686 columns, and 49203 nonzeros.
Reduced MIP has 1164 binaries, 0 generals, 0 SOSs, and 0 indicators.
Presolve time = 0.03 sec. (38.55 ticks)
Probing time = 0.00 sec. (0.68 ticks)
Tried aggregator 1 time.
Detecting symmetries...
MIP Presolve modified 96 coefficients.
Reduced MIP has 3968 rows, 4686 columns, and 49203 nonzeros.
Reduced MIP has 1164 binaries, 0 generals, 0 SOSs, and 0 indicators.
Presolve time = 0.03 sec. (20.19 ticks)
Probing time = 0.00 sec. (0.78 ticks)
MIP emphasis: balance optimality and feasibility.
MIP search method: dynamic search.
Parallel mode: deterministic, using up to 4 threads.
Root relaxation solution time = 0.03 sec. (42.82 ticks)

        Nodes                                         Cuts/
   Node  Left     Objective  IInf  Best Integer    Best Bound    ItCnt     Gap

*     0+    0                            0.0293        0.0000           100.00%
      0     0        0.0230    71        0.0293        0.0230      954   21.57%
      0     0        0.0230    63        0.0293    MIRcuts: 5     1000   21.57%
      0     0        0.0230    64        0.0293    MIRcuts: 3     1050   21.57%
      0     0        0.0230    64        0.0293    MIRcuts: 5     1154   21.57%
      0     2        0.0230    61        0.0293        0.0230     1154   21.57%
Elapsed time = 1.81 sec. (1951.55 ticks, tree = 0.02 MB, solutions = 1)
     22    24        0.0235    66        0.0293        0.0230     2841   21.57%
     49    51        0.0237    65        0.0293        0.0230     3953   21.57%
     94     4        0.0230    67        0.0293        0.0230     1527   21.57%
    157   122        0.0232    63        0.0293        0.0230     9600   21.57%
    216   200        0.0231    57        0.0293        0.0230    15118   21.57%
    258   228        0.0234    51        0.0293        0.0230    16544   21.57%
    298   277        0.0235    49        0.0293        0.0230    20766   21.57%
    359   333        0.0253    28        0.0293        0.0230    26550   21.57%
    410   370        0.0261    25        0.0293        0.0230    28638   21.57%
*   435+  377                            0.0293        0.0230            21.54%
    614   502        0.0231    66        0.0293        0.0230    53321   21.54%
Elapsed time = 4.17 sec. (5112.25 ticks, tree = 7.65 MB, solutions = 2)
    836   675        0.0243    63        0.0293        0.0230    81296   21.54%
   1140   889        0.0247    36        0.0293        0.0230   110294   21.46%

Performing restart 1

Repeating presolve.
Tried aggregator 1 time.
Reduced MIP has 3968 rows, 4686 columns, and 49203 nonzeros.
Reduced MIP has 1164 binaries, 0 generals, 0 SOSs, and 0 indicators.
Presolve time = 0.02 sec. (13.86 ticks)
Tried aggregator 1 time.
Reduced MIP has 3968 rows, 4686 columns, and 49203 nonzeros.
Reduced MIP has 1164 binaries, 0 generals, 0 SOSs, and 0 indicators.
Presolve time = 0.02 sec. (20.45 ticks)
Represolve time = 0.05 sec. (41.20 ticks)
   1266     0        0.0230    66        0.0293       Cuts: 2   122418   21.46%
   1266     0        0.0230    69        0.0293       Cuts: 8   122560   21.46%
   1266     0        0.0230    69        0.0293       Cuts: 7   122683   21.46%
   1266     0        0.0230    64        0.0293       Cuts: 2   122724   21.46%
   1266     0        0.0230    67        0.0293       Cuts: 5   122782   21.46%
   1266     0        0.0230    69        0.0293       Cuts: 7   122911   21.46%
   1266     2        0.0230    67        0.0293        0.0230   122911   21.46%
   1290    21        0.0231    64        0.0293        0.0230   124271   21.46%
   1448   159        0.0243    64        0.0293        0.0230   132309   21.46%
   1619   320        0.0264    46        0.0293        0.0230   144504   21.46%
   1846   518        0.0251    54        0.0293        0.0230   158426   21.46%
   2036   713        0.0257    27        0.0293        0.0230   178775   21.46%
   2254   867        0.0269    39        0.0293        0.0230   196311   21.46%
   2454  1006        0.0235    62        0.0293        0.0230   205284   21.46%
Elapsed time = 14.91 sec. (20160.93 ticks, tree = 19.82 MB, solutions = 2)
   2870  1392        0.0252    36        0.0293        0.0230   224979   21.46%
   3187  1723        0.0258    32        0.0293        0.0230   244034   21.46%
   3556  2017        0.0230    61        0.0293        0.0230   267998   21.46%
   3915  2398        0.0233    67        0.0293        0.0230   291997   21.41%
   4327  2651        0.0249    36        0.0293        0.0230   306820   21.41%
   4637  3063        0.0265    34        0.0293        0.0230   332477   21.41%
   4860  3232        0.0240    59        0.0293        0.0230   345966   21.41%
   5211  3582        0.0250    39        0.0293        0.0230   370260   21.41%
   5541  3897        0.0256    35        0.0293        0.0230   385960   21.41%
   5996  4287        0.0243    44        0.0293        0.0230   405760   21.41%
Elapsed time = 21.58 sec. (29731.42 ticks, tree = 110.71 MB, solutions = 2)
   6342  4600        0.0263    44        0.0293        0.0230   423546   21.28%
   6639  4945        0.0262    46        0.0293        0.0230   450193   21.28%
   6941  5137        0.0248    52        0.0293        0.0230   464487   21.28%
   7400  5531        0.0262    25        0.0293        0.0230   484699   21.28%
   7758  5865        0.0277    23        0.0293        0.0230   499377   21.28%
   8210  6247        0.0264    36        0.0293        0.0230   515307   21.28%
   8604  6731        0.0264    41        0.0293        0.0230   543654   21.28%
   9006  7016        0.0231    70        0.0293        0.0230   562251   21.28%
   9388  7461        0.0231    72        0.0293        0.0230   588535   21.28%
   9734  7644        0.0231    67        0.0293        0.0230   597099   21.28%
Elapsed time = 28.28 sec. (39288.84 ticks, tree = 217.51 MB, solutions = 2)
  10035  8041        0.0245    57        0.0293        0.0230   620679   21.28%
  10497  8333        0.0247    44        0.0293        0.0230   644858   21.28%
  10879  8637        0.0253    46        0.0293        0.0230   662005   21.28%
  11316  9222        0.0243    57        0.0293        0.0230   694532   21.28%
  11732  9465        0.0239    54        0.0293        0.0230   707215   21.28%
  12191  9917        0.0264    51        0.0293        0.0230   731274   21.28%
  12623 10229        0.0251    46        0.0293        0.0230   748564   21.28%
  12907 10605        0.0233    62        0.0293        0.0230   770834   21.24%
  13406 11019        0.0269    44        0.0293        0.0230   799928   21.24%
  13776 11517        0.0237    56        0.0293        0.0230   824063   21.24%
Elapsed time = 35.36 sec. (48846.33 ticks, tree = 327.32 MB, solutions = 2)
  14207 11869        0.0253    40        0.0293        0.0230   841402   21.24%
  14758 12362        0.0248    57        0.0293        0.0230   866859   21.24%
  15088 12770        0.0253    27        0.0293        0.0230   896427   21.22%
  15464 13024        0.0250    53        0.0293        0.0231   914628   21.21%
  15863 13311        0.0243    54        0.0293        0.0231   930358   21.21%
  16274 13651        0.0262    27        0.0293        0.0231   954568   21.21%
  16606 14229        0.0234    55        0.0293        0.0231   989668   21.21%
  17028 14361        0.0268    55        0.0293        0.0231  1004375   21.20%
  17479 14712        0.0241    50        0.0293        0.0231  1023385   21.20%
  17982 15235        0.0243    56        0.0293        0.0231  1049388   21.20%
Elapsed time = 41.94 sec. (58417.05 ticks, tree = 442.88 MB, solutions = 2)
  18492 15565        0.0241    59        0.0293        0.0231  1065906   21.20%
  18879 16228        0.0256    48        0.0293        0.0231  1097767   21.20%
  19337 16452        0.0264    33        0.0293        0.0231  1113147   21.20%
  19840 16930        0.0243    41        0.0293        0.0231  1133837   21.20%
  20363 17260        0.0236    67        0.0293        0.0231  1156290   21.20%
  20922 17811        0.0242    52        0.0293        0.0231  1182050   21.20%
  21376 18415        0.0259    21        0.0293        0.0231  1217395   21.18%
  21753 18835        0.0239    66        0.0293        0.0231  1232004   21.18%
  22291 19072        0.0233    63        0.0293        0.0231  1252356   21.18%
  22771 19322        0.0251    58        0.0293        0.0231  1264447   21.18%
Elapsed time = 48.41 sec. (67988.37 ticks, tree = 573.57 MB, solutions = 2)
  23303 19897        0.0245    55        0.0293        0.0231  1284420   21.18%
  23715 20538        0.0232    65        0.0293        0.0231  1320467   21.18%
  24159 21048        0.0241    59        0.0293        0.0231  1349266   21.18%
* 24514+21151                            0.0292        0.0231            21.08%
  24514 21527        0.0257    46        0.0292        0.0231  1369016   21.08%
  24901 21820        0.0240    58        0.0292        0.0231  1379882   21.08%
  25075 21950        0.0252    44        0.0292        0.0231  1387162   21.08%
  25281 22262        0.0246    49        0.0292        0.0231  1402078   21.08%
  25688 22590        0.0243    54        0.0292        0.0231  1418265   21.08%
  25949 22708        0.0255    36        0.0292        0.0231  1424460   21.08%
* 26091+21335                            0.0291        0.0231            20.80%
  26229 23134        0.0249    51        0.0291        0.0231  1446049   20.80%
Elapsed time = 55.75 sec. (77560.06 ticks, tree = 703.74 MB, solutions = 2)
* 26425+21335                            0.0291        0.0231            20.77%
  26579 23311        0.0241    62        0.0291        0.0231  1451379   20.77%
  26825 23424        0.0237    64        0.0291        0.0231  1458341   20.77%
* 26996+21335                            0.0291        0.0231            20.76%
* 27009+21335                            0.0291        0.0231            20.68%
* 27092+21335                            0.0291        0.0231            20.68%
* 27115+21151                            0.0291        0.0231            20.66%
  27176 23977        0.0242    64        0.0291        0.0231  1481606   20.66%
  27592 24221        0.0245    52        0.0291        0.0231  1485522   20.66%
  27835 24586        0.0240    63        0.0291        0.0231  1500061   20.66%
* 27863+21151                            0.0290        0.0231            20.57%
  28213 24906        0.0236    70        0.0290        0.0231  1512733   20.57%
  28518 25286        0.0253    59        0.0290        0.0231  1527103   20.57%
  28873 25628        0.0242    68        0.0290        0.0231  1538616   20.57%
  29229 25761        0.0242    64        0.0290        0.0231  1541908   20.57%
* 29409+21151                            0.0289        0.0231            20.11%
  29544 26165        cutoff              0.0289        0.0231  1558730   20.11%
Elapsed time = 63.53 sec. (87121.60 ticks, tree = 801.33 MB, solutions = 2)
  29759 26280        0.0237    71        0.0289        0.0231  1563897   20.11%
  30090 26716        0.0242    66        0.0289        0.0231  1583307   20.11%
  30357 26813        0.0238    46        0.0289        0.0231  1590153   20.11%
  30488 27048        0.0235    67        0.0289        0.0231  1602439   20.11%
  30705 27276        0.0267    22        0.0289        0.0231  1615459   20.11%
  31091 27617        0.0234    69        0.0289        0.0231  1628219   20.11%
  31370 28020        0.0232    74        0.0289        0.0231  1642051   20.11%
  31520 28148        0.0234    68        0.0289        0.0231  1656263   20.11%
* 31612+21151                            0.0289        0.0231            20.11%
  32010 28406        0.0246    66        0.0289        0.0231  1662569   20.11%
* 32362+21151                            0.0289        0.0231            20.08%
* 32363+21151                            0.0288        0.0231            19.97%
* 32365+21151                            0.0288        0.0231            19.94%
  33196 29529        0.0258    61        0.0288        0.0231  1706665   19.94%
Elapsed time = 73.48 sec. (99570.25 ticks, tree = 909.88 MB, solutions = 2)
  34174 30406        0.0235    71        0.0288        0.0231  1752014   19.94%
  35278 31427        0.0237    68        0.0288        0.0231  1793805   19.94%
* 35760+21151                            0.0288        0.0231            19.93%
* 35762+21151                            0.0286        0.0231            19.50%
* 35936+21151                            0.0286        0.0231            19.41%
  36368 32579        0.0241    65        0.0286        0.0231  1846631   19.41%
  37324 33312        0.0279    25        0.0286        0.0231  1882188   19.41%
  38655 34461    infeasible              0.0286        0.0231  1927152   19.41%
  39863 35501        0.0247    59        0.0286        0.0231  1977388   19.41%
  41410 36629        0.0240    61        0.0286        0.0231  2035120   19.41%
  42948 38328        0.0265    51        0.0286        0.0231  2103339   19.41%
  45676 40579        0.0246    67        0.0286        0.0231  2182905   19.34%

Performing restart 2

Repeating presolve.
Tried aggregator 1 time.
Reduced MIP has 3968 rows, 4686 columns, and 49203 nonzeros.
Reduced MIP has 1164 binaries, 0 generals, 0 SOSs, and 0 indicators.
Presolve time = 0.02 sec. (13.86 ticks)
Tried aggregator 1 time.
Reduced MIP has 3968 rows, 4686 columns, and 49203 nonzeros.
Reduced MIP has 1164 binaries, 0 generals, 0 SOSs, and 0 indicators.
Presolve time = 0.02 sec. (20.45 ticks)
Represolve time = 0.06 sec. (48.26 ticks)
  47673     0        0.0230    69        0.0286    MIRcuts: 3  2275843   19.34%
  47673     0        0.0230    68        0.0286      Cuts: 10  2275947   19.34%
  47673     0        0.0230    68        0.0286       Cuts: 6  2276086   19.34%
  47673     0        0.0230    70        0.0286       Cuts: 7  2276170   19.34%
  47673     0        0.0230    65        0.0286       Cuts: 2  2276255   19.34%
  47673     0        0.0230    67        0.0286     Covers: 4  2276389   19.34%
  47673     0        0.0230    64        0.0286    MIRcuts: 2  2276415   19.34%
  47673     0        0.0230    64        0.0286      Cuts: 13  2276531   19.34%
  47673     2        0.0230    64        0.0286        0.0231  2276531   19.34%
Elapsed time = 110.77 sec. (148662.41 ticks, tree = 0.02 MB, solutions = 21)
  47836   116        0.0240    63        0.0286        0.0231  2284290   19.34%
  48566   731        0.0245    63        0.0286        0.0231  2322361   19.34%
  50089  2193        0.0239    59        0.0286        0.0231  2420784   19.34%
  51651  3560        0.0261    36        0.0286        0.0231  2525760   19.34%
  53557  5204        0.0233    69        0.0286        0.0231  2641488   19.34%
  55349  6916        0.0244    53        0.0286        0.0231  2782746   19.34%
  57269  8601        0.0244    49        0.0286        0.0231  2885971   19.34%
  59022 10157        0.0249    36        0.0286        0.0231  2999177   19.34%
  60906 11577        0.0259    41        0.0286        0.0231  3100990   19.34%
  62522 13450        0.0268    48        0.0286        0.0231  3230054   19.34%
Elapsed time = 136.61 sec. (186820.29 ticks, tree = 57.90 MB, solutions = 21)
  64251 14775        0.0252    52        0.0286        0.0231  3316235   19.34%
  66024 16083        0.0246    57        0.0286        0.0231  3409485   19.34%
  67616 17833        0.0231    62        0.0286        0.0231  3537123   19.34%
  69333 19186        0.0246    46        0.0286        0.0231  3629016   19.34%
  70655 20643        0.0239    66        0.0286        0.0231  3763938   19.34%
  72610 22540        0.0241    55        0.0286        0.0231  3890502   19.34%
  74137 23609        0.0235    62        0.0286        0.0231  3987726   19.34%
  75639 25134        0.0252    41        0.0286        0.0231  4109867   19.34%
  77826 26852        0.0260    47        0.0286        0.0231  4212902   19.34%
  80036 29165        0.0243    44        0.0286        0.0231  4348014   19.34%
Elapsed time = 163.09 sec. (225009.13 ticks, tree = 87.54 MB, solutions = 21)
  81834 30700        0.0240    49        0.0286        0.0231  4462606   19.34%
  83675 32210        0.0249    48        0.0286        0.0231  4569223   19.34%
  85432 34086        0.0241    49        0.0286        0.0231  4704260   19.34%
  87402 35654        0.0256    47        0.0286        0.0231  4821604   19.34%
  88997 37208        0.0243    51        0.0286        0.0231  4935865   19.34%
  91091 38975        0.0242    49        0.0286        0.0231  5048341   19.34%
  93127 41063        0.0244    58        0.0286        0.0231  5179894   19.34%
  95118 42452        0.0247    44        0.0286        0.0231  5277159   19.34%
  96989 44503        0.0253    49        0.0286        0.0231  5418463   19.34%
  99032 46142        0.0252    44        0.0286        0.0231  5525751   19.34%
Elapsed time = 189.53 sec. (263198.80 ticks, tree = 120.11 MB, solutions = 21)
* 99410+46692                            0.0283        0.0231            18.57%
 101113 48321        0.0241    56        0.0283        0.0231  5670676   18.57%
 103068 50207        0.0248    40        0.0283        0.0231  5798190   18.57%
 105173 51753        0.0238    56        0.0283        0.0231  5902985   18.57%
 107034 53549        0.0231    63        0.0283        0.0231  6031724   18.57%
 109234 55446        0.0265    48        0.0283        0.0231  6152506   18.57%
 111316 57408        0.0263    48        0.0283        0.0231  6281083   18.57%
 113334 59177        0.0249    39        0.0283        0.0231  6395087   18.57%
 115487 61254        0.0264    41        0.0283        0.0231  6509645   18.57%
 117467 63501        0.0252    59        0.0283        0.0231  6649946   18.57%
 119262 64619    infeasible              0.0283        0.0231  6741114   18.57%
Elapsed time = 216.27 sec. (301374.83 ticks, tree = 154.12 MB, solutions = 22)
 121001 66471        0.0247    56        0.0283        0.0231  6866542   18.57%
 123395 68646        0.0248    41        0.0283        0.0231  7009062   18.57%
*124705+69685                            0.0266        0.0231            13.36%
 125225 67803        0.0252    48        0.0266        0.0231  7113971   13.36%
 127257 69957        0.0252    53        0.0266        0.0231  7258514   13.36%
 129566 71908        0.0252    32        0.0266        0.0231  7383065   13.36%
 131754 73747        0.0246    49        0.0266        0.0231  7505125   13.35%
 134037 75602        0.0244    53        0.0266        0.0231  7615662   13.34%
 136317 77936        0.0260    39        0.0266        0.0231  7746044   13.34%
 138477 79836        0.0234    59        0.0266        0.0231  7856136   13.34%
 140739 81696        0.0256    46        0.0266        0.0231  7977586   13.34%
Elapsed time = 242.59 sec. (339545.02 ticks, tree = 188.03 MB, solutions = 23)
 142940 83952        0.0240    55        0.0266        0.0231  8096574   13.34%
 145129 86162        0.0261    13        0.0266        0.0231  8238896   13.34%
 147511 88032        0.0256    36        0.0266        0.0231  8348847   13.34%
 149701 89855        0.0264    50        0.0266        0.0231  8464158   13.34%
 152029 92133        0.0263    33        0.0266        0.0231  8597735   13.33%
 154044 94373        0.0245    54        0.0266        0.0231  8737324   13.33%
 156541 96110        0.0261    36        0.0266        0.0231  8834154   13.33%
 158733 98435        0.0238    62        0.0266        0.0231  8977857   13.33%
 161100 100175        0.0231    63        0.0266        0.0231  9083262   13.32%
 163338 102703        0.0233    62        0.0266        0.0231  9244340   13.31%
Elapsed time = 268.66 sec. (377704.21 ticks, tree = 226.73 MB, solutions = 23)
 165367 104485        0.0256    38        0.0266        0.0231  9362515   13.31%
 167521 105956        0.0249    60        0.0266        0.0231  9455978   13.31%
 169889 108671        cutoff              0.0266        0.0231  9614783   13.31%
 172243 110422        0.0262    47        0.0266        0.0231  9724617   13.30%
 174604 112912        0.0252    36        0.0266        0.0231  9865473   13.30%
 177030 114580        0.0250    50        0.0266        0.0231  9971065   13.30%
 179337 117048        0.0262    53        0.0266        0.0231 10117782   13.30%
 181597 119213        0.0231    61        0.0266        0.0231 10244405   13.30%
 183941 121332        0.0247    46        0.0266        0.0231 10371182   13.30%
 186501 123366        0.0256    44        0.0266        0.0231 10491011   13.29%
Elapsed time = 294.36 sec. (415867.28 ticks, tree = 264.65 MB, solutions = 23)
 188869 125975        0.0241    57        0.0266        0.0231 10645039   13.29%
 191164 127632        0.0259    25        0.0266        0.0231 10748355   13.29%
 193469 129809        0.0245    45        0.0266        0.0231 10873812   13.29%
 195772 132240        0.0246    36        0.0266        0.0231 11028125   13.28%
 198083 133981        0.0255    33        0.0266        0.0231 11138406   13.28%
 200587 136632        0.0256    34        0.0266        0.0231 11291692   13.27%
 202973 138540        0.0251    42        0.0266        0.0231 11396619   13.27%
 205064 140627        0.0235    56        0.0266        0.0231 11539592   13.27%
 206892 142154        0.0258    45        0.0266        0.0231 11655410   13.26%
 208685 143656        0.0248    55        0.0266        0.0231 11786862   13.26%
Elapsed time = 320.22 sec. (454027.40 ticks, tree = 304.89 MB, solutions = 23)
 210253 145309        0.0239    53        0.0266        0.0231 11948335   13.26%
 211961 146894        0.0253    56        0.0266        0.0231 12092149   13.26%
 214029 148327        0.0231    68        0.0266        0.0231 12196645   13.26%
 215988 150500        0.0258    38        0.0266        0.0231 12355846   13.26%
 218092 151816        0.0246    47        0.0266        0.0231 12452310   13.26%
 219903 154120        0.0252    45        0.0266        0.0231 12617799   13.26%
 221914 155817        0.0231    63        0.0266        0.0231 12741922   13.26%
 223963 157213        0.0236    58        0.0266        0.0231 12840095   13.26%
 226034 159322        0.0236    58        0.0266        0.0231 12984231   13.25%
 228006 161228        0.0248    46        0.0266        0.0231 13143007   13.24%
Elapsed time = 345.62 sec. (492197.21 ticks, tree = 338.84 MB, solutions = 23)
 230036 162977        0.0257    37        0.0266        0.0231 13266264   13.24%
 232727 165000        0.0259    45        0.0266        0.0231 13386179   13.24%
 235119 167265        0.0242    63        0.0266        0.0231 13505601   13.24%
 237433 170051        0.0244    45        0.0266        0.0231 13654822   13.24%
 240071 171883        0.0246    41        0.0266        0.0231 13757885   13.24%
 242723 174480        0.0254    38        0.0266        0.0231 13895272   13.24%
 245305 176855        0.0234    61        0.0266        0.0231 14023087   13.24%
 247477 178814        0.0249    45        0.0266        0.0231 14155797   13.23%
 249807 180819        0.0246    43        0.0266        0.0231 14271464   13.23%
 251959 182858        0.0260    39        0.0266        0.0231 14413950   13.23%
Elapsed time = 371.41 sec. (530358.68 ticks, tree = 378.56 MB, solutions = 23)
 253974 185092        0.0249    43        0.0266        0.0231 14555954   13.22%
 256575 186781        0.0238    60        0.0266        0.0231 14653856   13.22%
 258668 189204        0.0239    61        0.0266        0.0231 14811047   13.22%
 260517 190675        0.0256    38        0.0266        0.0231 14923787   13.22%
 262632 192690        0.0239    51        0.0266        0.0231 15068969   13.22%
 264605 194542        0.0240    48        0.0266        0.0231 15186531   13.22%
 266985 196376        0.0243    47        0.0266        0.0231 15310457   13.22%
 269428 198952        0.0236    50        0.0266        0.0231 15462005   13.22%
 271898 201326        0.0256    37        0.0266        0.0231 15607365   13.22%
 274352 203185        0.0243    47        0.0266        0.0231 15715738   13.21%
Elapsed time = 397.11 sec. (568515.52 ticks, tree = 417.99 MB, solutions = 23)
 276697 205624        0.0234    59        0.0266        0.0231 15867382   13.21%
 278929 207681        0.0258    46        0.0266        0.0231 16004143   13.21%
 280966 209186        0.0250    39        0.0266        0.0231 16109168   13.21%
 283433 211238        0.0246    53        0.0266        0.0231 16249920   13.20%
 285915 213820        0.0245    49        0.0266        0.0231 16390116   13.20%
 288229 215914        0.0231    66        0.0266        0.0231 16527524   13.20%
 290605 217924        0.0246    43        0.0266        0.0231 16643554   13.20%
 293009 220162        0.0239    58        0.0266        0.0231 16780520   13.20%
 295395 222552        cutoff              0.0266        0.0231 16908058   13.20%
 297755 224601        0.0241    46        0.0266        0.0231 17028712   13.20%
Elapsed time = 422.58 sec. (606684.06 ticks, tree = 457.28 MB, solutions = 23)
 299994 226442        0.0233    59        0.0266        0.0231 17157071   13.19%
 302421 228593        0.0246    47        0.0266        0.0231 17291927   13.19%
 305159 231671        0.0252    39        0.0266        0.0231 17448080   13.19%
 307299 233468        0.0256    37        0.0266        0.0231 17575788   13.19%
 309688 235444        0.0248    44        0.0266        0.0231 17692866   13.19%
 311992 237715        0.0246    46        0.0266        0.0231 17822614   13.19%
 314187 239631        0.0256    34        0.0266        0.0231 17958455   13.19%
 316364 242142        0.0235    57        0.0266        0.0231 18113372   13.19%
 318704 243882        0.0242    57        0.0266        0.0231 18223074   13.19%
 320980 246446        0.0234    70        0.0266        0.0231 18374760   13.19%
Elapsed time = 448.30 sec. (644853.17 ticks, tree = 500.07 MB, solutions = 23)
 323271 248492        0.0245    41        0.0266        0.0231 18509472   13.19%
 325624 250581        0.0261    38        0.0266        0.0231 18635017   13.19%
 327836 252508        0.0243    41        0.0266        0.0231 18774029   13.19%
 330323 254582        0.0242    52        0.0266        0.0231 18903457   13.19%
 332471 256575        0.0263    38        0.0266        0.0231 19040093   13.19%
 334755 258414        0.0239    49        0.0266        0.0231 19166390   13.18%
 336920 260715        0.0232    64        0.0266        0.0231 19319113   13.18%
 339346 262340        0.0242    60        0.0266        0.0231 19416496   13.18%
 341699 264879        0.0259    32        0.0266        0.0231 19571603   13.18%
 343913 266506        0.0242    52        0.0266        0.0231 19670476   13.18%
Elapsed time = 473.70 sec. (683025.86 ticks, tree = 537.13 MB, solutions = 23)
 346278 268553        0.0255    41        0.0266        0.0231 19786756   13.18%
 348665 271346        0.0260    43        0.0266        0.0231 19959194   13.18%
 351101 273210        0.0249    41        0.0266        0.0231 20071214   13.17%
 353445 274902        0.0259    41        0.0266        0.0231 20190637   13.17%
 355964 277593        0.0243    58        0.0266        0.0231 20356207   13.17%
 357920 279295        0.0253    49        0.0266        0.0231 20471348   13.17%
 360084 281596        0.0253    36        0.0266        0.0231 20626348   13.17%
 362207 283006        0.0245    45        0.0266        0.0231 20721380   13.16%
 364496 285204        0.0242    44        0.0266        0.0231 20878480   13.16%
 366432 287490        0.0234    68        0.0266        0.0231 21040455   13.16%
Elapsed time = 499.19 sec. (721192.74 ticks, tree = 578.86 MB, solutions = 23)
 368347 288993        0.0240    52        0.0266        0.0231 21167369   13.16%
 370602 290403        0.0260    34        0.0266        0.0231 21251975   13.16%
 372679 292913        0.0262    42        0.0266        0.0231 21433998   13.16%
 374831 294638        0.0257    36        0.0266        0.0231 21557947   13.16%
 376744 296271        0.0243    48        0.0266        0.0231 21682382   13.16%
 378686 298361        0.0232    62        0.0266        0.0231 21845689   13.15%
 380772 300270        0.0251    39        0.0266        0.0231 21978854   13.15%
 383071 302773        cutoff              0.0266        0.0231 22144479   13.15%
 385525 304283        0.0250    46        0.0266        0.0231 22237661   13.15%
 387569 306002        0.0251    36        0.0266        0.0231 22353109   13.15%
Elapsed time = 524.84 sec. (759353.48 ticks, tree = 612.88 MB, solutions = 23)
 389666 307799        0.0237    54        0.0266        0.0231 22486088   13.15%
 391689 310237        0.0232    68        0.0266        0.0231 22658998   13.15%
 393682 312099        0.0244    52        0.0266        0.0231 22790444   13.15%
 395680 313506        0.0233    68        0.0266        0.0231 22905832   13.15%
 397707 315150        0.0254    39        0.0266        0.0231 23029508   13.15%
 399930 316860        0.0241    56        0.0266        0.0231 23153592   13.14%
 402663 319604        0.0248    35        0.0266        0.0231 23298469   13.14%
 404915 321983        0.0258    41        0.0266        0.0231 23445616   13.14%
 407254 324198        0.0235    59        0.0266        0.0231 23595136   13.14%
 409635 326252        0.0246    50        0.0266        0.0231 23717435   13.14%
Elapsed time = 550.55 sec. (797525.65 ticks, tree = 650.33 MB, solutions = 23)
 412359 328165        0.0251    38        0.0266        0.0231 23818439   13.13%
 414868 330817        0.0244    50        0.0266        0.0231 23968385   13.13%
 417474 333076        0.0236    52        0.0266        0.0231 24084606   13.13%
 420229 335440        0.0258    27        0.0266        0.0231 24210781   13.13%
 422839 337841        0.0248    44        0.0266        0.0231 24329584   13.13%
 425294 340948        0.0249    36        0.0266        0.0231 24504418   13.12%
 427799 342566        0.0255    45        0.0266        0.0231 24616108   13.12%
 429979 345110        0.0245    47        0.0266        0.0231 24766148   13.12%
 432172 347276        0.0248    43        0.0266        0.0231 24905945   13.12%
 434466 349306        0.0241    50        0.0266        0.0231 25025687   13.12%
Elapsed time = 575.88 sec. (835684.52 ticks, tree = 696.05 MB, solutions = 23)
 436701 351371        0.0238    59        0.0266        0.0231 25161150   13.12%
 439098 353276        0.0236    62        0.0266        0.0231 25279291   13.12%
 441059 354994        0.0260    31        0.0266        0.0231 25392266   13.12%
 443078 357318        0.0234    72        0.0266        0.0231 25571400   13.12%
 445092 358566        0.0247    45        0.0266        0.0231 25663766   13.12%
 447186 360804        0.0249    42        0.0266        0.0231 25815456   13.12%
 449112 362992        0.0253    42        0.0266        0.0231 25978907   13.12%
 451001 363963        0.0235    63        0.0266        0.0231 26059469   13.12%
 453082 365996        0.0249    38        0.0266        0.0231 26206749   13.12%
 455340 368100        0.0252    52        0.0266        0.0231 26349492   13.12%
Elapsed time = 600.98 sec. (873855.96 ticks, tree = 730.85 MB, solutions = 23)
 457527 369739        0.0240    48        0.0266        0.0231 26457023   13.12%
 459778 372152        0.0243    44        0.0266        0.0231 26595247   13.12%
 462406 374888        0.0243    55        0.0266        0.0231 26765679   13.11%
 464510 376832        0.0238    58        0.0266        0.0231 26882090   13.11%
 466725 378732        0.0244    50        0.0266        0.0231 27017501   13.11%
 468852 381190        0.0260    41        0.0266        0.0232 27193660   13.11%
 470853 382707        0.0244    45        0.0266        0.0232 27300500   13.11%
 473012 384551        0.0248    49        0.0266        0.0232 27431744   13.10%
 475217 386492        0.0239    58        0.0266        0.0232 27565319   13.10%
 477721 388639        0.0246    44        0.0266        0.0232 27705764   13.10%
Elapsed time = 626.58 sec. (912021.52 ticks, tree = 768.50 MB, solutions = 23)
 480204 390308    infeasible              0.0266        0.0232 27813521   13.10%
 482584 392533        0.0233    63        0.0266        0.0232 27942494   13.10%
 485095 395328        0.0235    60        0.0266        0.0232 28108156   13.10%
 487342 397854        0.0246    48        0.0266        0.0232 28264735   13.10%
 489545 399559        0.0256    34        0.0266        0.0232 28375691   13.10%
 491684 401536        0.0246    49        0.0266        0.0232 28514918   13.10%
 494489 403181        0.0233    70        0.0266        0.0232 28605854   13.09%
 496798 405110        0.0250    39        0.0266        0.0232 28720627   13.09%
 499132 407759        0.0251    40        0.0266        0.0232 28853255   13.09%
 502081 410316        0.0233    61        0.0266        0.0232 28992077   13.09%
Elapsed time = 652.00 sec. (950182.75 ticks, tree = 812.83 MB, solutions = 23)
 504854 413595        0.0233    67        0.0266        0.0232 29153639   13.09%
 507615 415645        0.0243    48        0.0266        0.0232 29253044   13.09%
 510200 417755        0.0250    34        0.0266        0.0232 29363889   13.09%
 512670 420619        0.0257    43        0.0266        0.0232 29518673   13.09%
 515079 422476        0.0242    47        0.0266        0.0232 29646310   13.09%
 517422 425270        0.0250    43        0.0266        0.0232 29810747   13.09%
 519900 426729        0.0253    31        0.0266        0.0232 29904976   13.09%
 522474 428617        0.0263    27        0.0266        0.0232 30016300   13.09%
 525230 431948        0.0233    63        0.0266        0.0232 30190965   13.08%
 527906 434577        0.0251    28        0.0266        0.0232 30327067   13.08%
Elapsed time = 677.69 sec. (988358.04 ticks, tree = 857.41 MB, solutions = 23)
 530642 437657        0.0257    30        0.0266        0.0232 30489140   13.08%
 532932 440094        0.0266    42        0.0266        0.0232 30625654   13.08%
 535629 441951        0.0257    49        0.0266        0.0232 30720774   13.08%
 538155 444053        0.0259    50        0.0266        0.0232 30835350   13.08%
 540715 446197        cutoff              0.0266        0.0232 30959257   13.08%
 543129 448303        0.0244    52        0.0266        0.0232 31074557   13.08%
 545311 451255        0.0252    49        0.0266        0.0232 31248631   13.08%
 547279 452699        0.0242    49        0.0266        0.0232 31358047   13.08%
 549187 454846        0.0247    49        0.0266        0.0232 31525458   13.08%
 551098 456344        0.0234    62        0.0266        0.0232 31631332   13.08%
Elapsed time = 703.02 sec. (1026521.27 ticks, tree = 897.51 MB, solutions = 23)
 553070 457662        0.0232    64        0.0266        0.0232 31739906   13.08%
 555454 459940        0.0250    34        0.0266        0.0232 31902565   13.08%
 557880 462037        0.0251    44        0.0266        0.0232 32040385   13.08%
 560153 464950        0.0241    51        0.0266        0.0232 32227569   13.08%
 562519 465728        0.0239    50        0.0266        0.0232 32270390   13.08%
 564501 468488        0.0258    53        0.0266        0.0232 32448182   13.08%
 566993 470053        0.0246    52        0.0266        0.0232 32553125   13.08%
 569096 472229        0.0246    47        0.0266        0.0232 32683566   13.08%
 571381 474090        0.0258    50        0.0266        0.0232 32813680   13.08%
 573855 476302        0.0232    63        0.0266        0.0232 32963331   13.08%
Elapsed time = 728.50 sec. (1064684.02 ticks, tree = 939.38 MB, solutions = 23)
 576466 479194        0.0233    60        0.0266        0.0232 33123215   13.07%
 579052 481504        0.0256    39        0.0266        0.0232 33245138   13.07%
 581736 484581        0.0260    44        0.0266        0.0232 33412413   13.07%
 584380 485428        0.0250    52        0.0266        0.0232 33457564   13.07%
 586690 489255        0.0245    48        0.0266        0.0232 33667901   13.07%
 588769 490790        0.0235    66        0.0266        0.0232 33782051   13.07%
 590862 492312        0.0247    44        0.0266        0.0232 33893870   13.07%
 593107 494272        0.0253    38        0.0266        0.0232 34016718   13.07%
 595107 496118        0.0235    65        0.0266        0.0232 34148418   13.07%
 597403 498993        0.0247    57        0.0266        0.0232 34337886   13.07%
Elapsed time = 753.83 sec. (1102848.19 ticks, tree = 981.19 MB, solutions = 23)
 599606 500393        0.0248    31        0.0266        0.0232 34428212   13.07%
 602158 502615        0.0248    54        0.0266        0.0232 34583610   13.07%
 604820 505806        0.0245    56        0.0266        0.0232 34767020   13.07%
 606853 507436        0.0256    38        0.0266        0.0232 34885185   13.07%
 608972 509646        0.0257    37        0.0266        0.0232 35033636   13.06%
 611337 511503        0.0238    49        0.0266        0.0232 35142449   13.06%
 613951 513475        0.0252    44        0.0266        0.0232 35255450   13.06%
 616263 514827        0.0244    54        0.0266        0.0232 35343858   13.06%
 618719 517289        0.0239    47        0.0266        0.0232 35496326   13.06%
 621351 520033        0.0249    53        0.0266        0.0232 35648633   13.06%
Elapsed time = 779.36 sec. (1141017.60 ticks, tree = 1019.97 MB, solutions = 23)
 623950 522573        0.0255    46        0.0266        0.0232 35787727   13.06%
 626326 524275        0.0239    54        0.0266        0.0232 35874778   13.06%
 628540 527645        0.0251    36        0.0266        0.0232 36079827   13.06%
 630943 528836        0.0238    55        0.0266        0.0232 36155992   13.06%
 633532 532092        0.0255    38        0.0266        0.0232 36354888   13.06%
 635777 533923        0.0235    61        0.0266        0.0232 36476452   13.06%
 638189 536017        0.0248    43        0.0266        0.0232 36607369   13.05%
 640456 537432        0.0259    50        0.0266        0.0232 36683386   13.05%
 642924 540475        0.0235    57        0.0266        0.0232 36862425   13.05%
 645387 542413        0.0233    71        0.0266        0.0232 36986633   13.05%
Elapsed time = 804.86 sec. (1179185.36 ticks, tree = 1061.14 MB, solutions = 23)
 647652 544703        0.0260    38        0.0266        0.0232 37129630   13.05%
 649681 547039        0.0258    41        0.0266        0.0232 37278099   13.05%
 651873 548030        0.0237    66        0.0266        0.0232 37356623   13.05%
 654073 550155        0.0239    55        0.0266        0.0232 37495710   13.05%
 656427 551928        0.0233    72        0.0266        0.0232 37599771   13.05%
 658974 554510        0.0252    39        0.0266        0.0232 37745075   13.05%
 661114 557172        0.0240    55        0.0266        0.0232 37907611   13.05%
 663468 558885        cutoff              0.0266        0.0232 38027981   13.05%
 665758 561121        0.0248    45        0.0266        0.0232 38167635   13.05%
 668210 563342        cutoff              0.0266        0.0232 38300432   13.05%
Elapsed time = 830.20 sec. (1217360.17 ticks, tree = 1099.75 MB, solutions = 23)
 670647 566144        0.0249    58        0.0266        0.0232 38465507   13.05%
 672867 567335        0.0251    44        0.0266        0.0232 38539648   13.05%
 674851 569962        0.0250    42        0.0266        0.0232 38725543   13.05%
 677005 571089        0.0247    43        0.0266        0.0232 38800195   13.05%
 679143 574019        cutoff              0.0266        0.0232 39011943   13.05%
 681636 575286        0.0255    45        0.0266        0.0232 39085558   13.04%
 684431 577290        0.0248    53        0.0266        0.0232 39205537   13.04%
 686702 580190        0.0233    73        0.0266        0.0232 39376569   13.04%
 688944 582724        0.0241    49        0.0266        0.0232 39538812   13.04%
 691124 584880        0.0238    59        0.0266        0.0232 39665538   13.04%
Elapsed time = 855.59 sec. (1255533.46 ticks, tree = 1145.57 MB, solutions = 23)
 693406 586574        0.0254    54        0.0266        0.0232 39781314   13.04%
 695447 588231    infeasible              0.0266        0.0232 39883823   13.04%
 697794 590130        0.0251    43        0.0266        0.0232 40002984   13.04%
 700021 592143        0.0246    44        0.0266        0.0232 40121435   13.04%
 702238 594630    infeasible              0.0266        0.0232 40286362   13.04%
 704761 596728        0.0256    42        0.0266        0.0232 40414560   13.04%
 707392 598975        0.0233    66        0.0266        0.0232 40541369   13.04%
 709630 601754        0.0264    49        0.0266        0.0232 40695679   13.04%
 711576 603676        0.0254    42        0.0266        0.0232 40845309   13.04%
 713847 604474        0.0239    48        0.0266        0.0232 40899894   13.04%
Elapsed time = 880.89 sec. (1293701.64 ticks, tree = 1181.61 MB, solutions = 23)
 716109 606862        0.0258    38        0.0266        0.0232 41047830   13.04%
 718418 610036        0.0235    67        0.0266        0.0232 41257906   13.03%
 720855 610925        0.0243    47        0.0266        0.0232 41316239   13.03%
 723576 612862        0.0248    43        0.0266        0.0232 41441920   13.03%
 726067 616580        0.0248    45        0.0266        0.0232 41637297   13.03%
 728557 619390        0.0233    66        0.0266        0.0232 41813211   13.03%
 730910 620138        0.0247    43        0.0266        0.0232 41863974   13.03%
 733181 622286        0.0255    36        0.0266        0.0232 41990632   13.03%
 735459 625566        0.0266    31        0.0266        0.0232 42202159   13.03%
 737929 627790        0.0232    64        0.0266        0.0232 42318250   13.03%
Elapsed time = 906.27 sec. (1331864.25 ticks, tree = 1224.68 MB, solutions = 23)
 740842 629072        0.0248    36        0.0266        0.0232 42400918   13.03%
 743468 632064        0.0257    31        0.0266        0.0232 42563291   13.03%
 745878 634571        0.0245    46        0.0266        0.0232 42714789   13.03%
 748345 635882        0.0259    35        0.0266        0.0232 42791212   13.02%
 750936 639199        0.0235    61        0.0266        0.0232 42989985   13.02%
 753433 640953        0.0255    35        0.0266        0.0232 43093288   13.02%
 755713 643396        0.0244    44        0.0266        0.0232 43246047   13.02%
 758053 645683        0.0245    48        0.0266        0.0232 43399986   13.02%
 760343 647012        0.0253    43        0.0266        0.0232 43482043   13.02%
 762383 649676        0.0257    35        0.0266        0.0232 43664789   13.02%
Elapsed time = 931.72 sec. (1370020.51 ticks, tree = 1265.10 MB, solutions = 23)
 764310 651803        0.0233    76        0.0266        0.0232 43819687   13.02%
 766042 653639        0.0255    32        0.0266        0.0232 43964096   13.01%
 768144 654421        0.0232    62        0.0266        0.0232 44018226   13.01%
 770447 656900        0.0250    51        0.0266        0.0232 44192391   13.01%
 772947 659887        0.0248    45        0.0266        0.0232 44366663   13.01%
 775499 661132        0.0243    57        0.0266        0.0232 44450590   13.01%
 777699 662927        0.0241    49        0.0266        0.0232 44554615   13.01%
 780265 665821        0.0233    70        0.0266        0.0232 44732002   13.01%
 782566 668003        0.0241    60        0.0266        0.0232 44874249   13.01%
 784519 670210        0.0252    41        0.0266        0.0232 45036215   13.01%
Elapsed time = 957.30 sec. (1408178.60 ticks, tree = 1302.87 MB, solutions = 23)
 786851 672108        0.0260    41        0.0266        0.0232 45154699   13.01%
 788968 674059        0.0252    43        0.0266        0.0232 45283789   13.01%
 791272 676250        0.0254    40        0.0266        0.0232 45438531   13.01%
 793630 677999        0.0254    36        0.0266        0.0232 45547573   13.01%
 795751 680260        0.0235    61        0.0266        0.0232 45700785   13.01%
 798221 681701        0.0251    38        0.0266        0.0232 45780035   13.01%
 800873 684699        0.0258    55        0.0266        0.0232 45959986   13.01%
 803181 686313        0.0233    69        0.0266        0.0232 46045011   13.01%
 805761 688908        0.0252    41        0.0266        0.0232 46211428   13.01%
 807957 690913        0.0232    63        0.0266        0.0232 46336110   13.01%
Elapsed time = 982.58 sec. (1446341.62 ticks, tree = 1348.32 MB, solutions = 23)
 810549 693891        0.0258    48        0.0266        0.0232 46513766   13.01%
 813087 694778        0.0263    38        0.0266        0.0232 46570540   13.01%
 815478 698378        0.0252    36        0.0266        0.0232 46799583   13.01%
 817715 699967        0.0240    59        0.0266        0.0232 46908618   13.00%
 819765 702308        0.0259    35        0.0266        0.0232 47078950   13.00%
 821776 703572        0.0251    39        0.0266        0.0232 47162256   13.00%
 824111 705713        0.0234    58        0.0266        0.0232 47305864   13.00%
 826620 708308        0.0252    33        0.0266        0.0232 47471198   13.00%
 829076 710157        0.0259    36        0.0266        0.0232 47580393   13.00%
 831753 713292        0.0261    42        0.0266        0.0232 47773127   13.00%
Elapsed time = 1007.91 sec. (1484502.95 ticks, tree = 1389.76 MB, solutions = 23)
 834543 715860        0.0235    57        0.0266        0.0232 47900666   13.00%
 837177 717457        0.0234    61        0.0266        0.0232 47986373   13.00%
 839426 720545        0.0259    33        0.0266        0.0232 48185298   13.00%
 841364 721447        0.0264    38        0.0266        0.0232 48241715   13.00%
 843277 723569        0.0261    41        0.0266        0.0232 48391445   13.00%
 845319 725581        0.0233    63        0.0266        0.0232 48551343   13.00%
 847420 726758        0.0258    35        0.0266        0.0232 48632359   13.00%
 849338 728989        0.0256    38        0.0266        0.0232 48790313   13.00%
 851410 731012        0.0246    54        0.0266        0.0232 48926310   13.00%
 853791 732384        0.0255    39        0.0266        0.0232 49035064   13.00%
Elapsed time = 1033.09 sec. (1522665.74 ticks, tree = 1424.69 MB, solutions = 23)
 856184 734874        0.0249    39        0.0266        0.0232 49198523   13.00%
 858729 737352        0.0247    47        0.0266        0.0232 49333825   13.00%
 861361 739327        0.0243    54        0.0266        0.0232 49436658   13.00%
 864107 741145        0.0233    64        0.0266        0.0232 49554734   13.00%
 866741 744390        0.0263    23        0.0266        0.0232 49714241   13.00%
 869063 746296        0.0254    32        0.0266        0.0232 49820592   13.00%
 871678 750215        0.0251    37        0.0266        0.0232 50045360   13.00%
 874151 751202        0.0260    48        0.0266        0.0232 50105045   13.00%
 876671 753048        0.0253    50        0.0266        0.0232 50227644   12.99%
 878880 755258        0.0243    48        0.0266        0.0232 50367133   12.99%
Elapsed time = 1058.94 sec. (1560823.91 ticks, tree = 1466.99 MB, solutions = 23)
 881437 758334        0.0261    35        0.0266        0.0232 50549821   12.99%
 883775 760150        0.0250    41        0.0266        0.0232 50668350   12.99%
 886073 762853        0.0242    45        0.0266        0.0232 50848363   12.99%
 888749 764803        0.0238    51        0.0266        0.0232 50961149   12.99%
 891634 766848        0.0246    35        0.0266        0.0232 51073773   12.99%
 894570 770221        0.0255    29        0.0266        0.0232 51239675   12.99%
 897243 773027        0.0248    38        0.0266        0.0232 51371620   12.99%
 900130 774674        0.0247    45        0.0266        0.0232 51454310   12.99%
 902874 776897        0.0236    59        0.0266        0.0232 51563570   12.99%
 905297 779520    infeasible              0.0266        0.0232 51707994   12.99%
Elapsed time = 1084.16 sec. (1598987.34 ticks, tree = 1511.51 MB, solutions = 23)
 908057 781595        0.0245    48        0.0266        0.0232 51821980   12.99%
 910641 784518        0.0251    41        0.0266        0.0232 51996860   12.99%
 913050 787445        0.0256    30        0.0266        0.0232 52168064   12.98%
 915256 789769        0.0245    45        0.0266        0.0232 52318486   12.98%
 917728 792515        0.0234    62        0.0266        0.0232 52501278   12.98%
 920104 793852        0.0265    37        0.0266        0.0232 52588671   12.98%
 922403 796468        0.0245    42        0.0266        0.0232 52752477   12.98%
 924424 797010        0.0248    54        0.0266        0.0232 52786892   12.98%
 926969 800570        0.0232    67        0.0266        0.0232 53005185   12.98%
 929751 803214        0.0247    41        0.0266        0.0232 53143671   12.98%
Elapsed time = 1110.62 sec. (1637150.95 ticks, tree = 1555.20 MB, solutions = 23)
 932281 804331        0.0253    39        0.0266        0.0232 53202507   12.98%
 934754 806228        0.0247    44        0.0266        0.0232 53316787   12.98%
 937586 809134        0.0257    36        0.0266        0.0232 53455421   12.98%
 939989 810855        0.0233    67        0.0266        0.0232 53569378   12.98%
 941975 814317        0.0249    41        0.0266        0.0232 53771024   12.98%
 944150 815614        0.0259    51        0.0266        0.0232 53848830   12.98%
 946319 817640        0.0233    65        0.0266        0.0232 53990644   12.98%
 948476 819821        0.0238    50        0.0266        0.0232 54130505   12.98%
 950705 821670        0.0234    61        0.0266        0.0232 54241083   12.98%
 952813 823707        0.0259    35        0.0266        0.0232 54386244   12.98%
Elapsed time = 1135.97 sec. (1675312.44 ticks, tree = 1601.74 MB, solutions = 23)
 955217 825510        0.0241    50        0.0266        0.0232 54503416   12.98%
 957398 827320        0.0233    64        0.0266        0.0232 54622932   12.98%
 959547 829332        0.0238    56        0.0266        0.0232 54780600   12.98%
 961853 831620        0.0248    59        0.0266        0.0232 54927914   12.98%
 964205 833999        0.0250    29        0.0266        0.0232 55072304   12.98%
 966428 836718        0.0243    55        0.0266        0.0232 55235974   12.98%
 968345 838881        0.0233    69        0.0266        0.0232 55384339   12.98%
 970544 839372        0.0260    37        0.0266        0.0232 55419060   12.98%
 972445 841791        0.0247    45        0.0266        0.0232 55602636   12.98%
 974493 844558        0.0248    39        0.0266        0.0232 55806303   12.98%
Elapsed time = 1160.95 sec. (1713475.12 ticks, tree = 1640.14 MB, solutions = 23)
 976439 846058        0.0239    56        0.0266        0.0232 55933142   12.98%
 978627 847321        0.0239    65        0.0266        0.0232 56025231   12.98%
 980614 849065        0.0252    37        0.0266        0.0232 56148736   12.98%
 982633 851419        0.0255    38        0.0266        0.0232 56320636   12.98%
 984589 853445        0.0256    37        0.0266        0.0232 56477095   12.98%
 986439 854710        0.0250    48        0.0266        0.0232 56564213   12.98%
 988086 855866        0.0232    63        0.0266        0.0232 56661891   12.98%
 990072 857454        0.0250    52        0.0266        0.0232 56821665   12.98%
 992078 858604        0.0237    60        0.0266        0.0232 56912297   12.98%
 994397 861166        0.0241    56        0.0266        0.0232 57099193   12.98%
Elapsed time = 1186.00 sec. (1751644.85 ticks, tree = 1670.75 MB, solutions = 23)
 996629 862856        0.0255    50        0.0266        0.0232 57218848   12.98%
 998742 864709        0.0254    43        0.0266        0.0232 57354124   12.98%
 1000938 868358        0.0250    36        0.0266        0.0232 57582738   12.97%
 1003929 869051        0.0256    35        0.0266        0.0232 57616337   12.97%
 1006760 871592        0.0236    58        0.0266        0.0232 57762591   12.97%
 1009174 874550        0.0263    29        0.0266        0.0232 57912885   12.97%
 1011484 876051        0.0246    41        0.0266        0.0232 58008398   12.97%
 1013952 878500        0.0252    41        0.0266        0.0232 58159757   12.97%
 1016469 882015        0.0251    34        0.0266        0.0232 58371770   12.97%
 1019018 883777        0.0251    39        0.0266        0.0232 58465474   12.97%
Elapsed time = 1211.33 sec. (1789802.65 ticks, tree = 1712.45 MB, solutions = 23)
 1021785 886427        0.0248    37        0.0266        0.0232 58623128   12.97%
 1024211 889046        0.0251    39        0.0266        0.0232 58774821   12.97%
 1026701 890324        0.0259    34        0.0266        0.0232 58842655   12.97%
 1028974 892192        0.0256    32        0.0266        0.0232 58959759   12.97%
 1031173 895343        0.0250    39        0.0266        0.0232 59157467   12.97%
 1033572 898151        0.0239    64        0.0266        0.0232 59338920   12.97%
 1035749 900246    infeasible              0.0266        0.0232 59467195   12.97%
 1037935 901892        0.0251    30        0.0266        0.0232 59587415   12.97%
 1040080 903315        cutoff              0.0266        0.0232 59689349   12.97%
 1042278 905504        0.0258    43        0.0266        0.0232 59849339   12.97%
Elapsed time = 1236.83 sec. (1827968.35 ticks, tree = 1752.55 MB, solutions = 23)
 1044656 907975        0.0252    39        0.0266        0.0232 60013422   12.97%
 1046961 909303        0.0234    64        0.0266        0.0232 60101840   12.97%
 1049225 911638        0.0264    40        0.0266        0.0232 60262754   12.97%
 1051431 913187        0.0247    43        0.0266        0.0232 60362432   12.97%
 1053705 914679        0.0232    61        0.0266        0.0232 60452947   12.97%
 1055931 918439        0.0236    59        0.0266        0.0232 60725205   12.97%
 1058439 919448        0.0249    41        0.0266        0.0232 60777421   12.97%
 1061116 922749        0.0251    41        0.0266        0.0232 60969112   12.97%
 1063615 923806        0.0240    59        0.0266        0.0232 61035221   12.97%
 1065608 926588        0.0248    39        0.0266        0.0232 61200455   12.97%
Elapsed time = 1262.34 sec. (1866132.19 ticks, tree = 1791.37 MB, solutions = 23)
 1067734 927758        0.0245    48        0.0266        0.0232 61284160   12.97%
 1069608 930149        0.0262    38        0.0266        0.0232 61442229   12.97%
 1071787 931943        0.0246    48        0.0266        0.0232 61574183   12.97%
 1074077 934083        0.0240    58        0.0266        0.0232 61725846   12.97%
 1076503 936721        0.0241    50        0.0266        0.0232 61883493   12.97%
 1078681 939311        0.0238    49        0.0266        0.0232 62040861   12.97%
 1080889 941463        0.0246    43        0.0266        0.0232 62208103   12.97%
 1082923 941422        0.0256    37        0.0266        0.0232 62203418   12.96%
 1085184 945233        0.0247    59        0.0266        0.0232 62471118   12.96%
 1087441 945768        0.0257    30        0.0266        0.0232 62503564   12.96%
Elapsed time = 1287.81 sec. (1904301.96 ticks, tree = 1826.75 MB, solutions = 23)
 1089796 949163        0.0234    75        0.0266        0.0232 62717866   12.96%
 1092183 951052        0.0252    42        0.0266        0.0232 62845680   12.96%
 1094624 952711        0.0246    43        0.0266        0.0232 62943229   12.96%
 1096745 954980        0.0240    52        0.0266        0.0232 63084238   12.96%
 1099106 955733        0.0261    29        0.0266        0.0232 63138890   12.96%
 1100946 959558        0.0246    44        0.0266        0.0232 63403426   12.96%
 1103435 961580        0.0251    37        0.0266        0.0232 63536714   12.96%
 1105835 962105        0.0255    47        0.0266        0.0232 63570793   12.96%
 1108612 965383        0.0258    37        0.0266        0.0232 63773797   12.96%
 1111315 966987        0.0248    42        0.0266        0.0232 63868847   12.96%
Elapsed time = 1312.84 sec. (1942467.16 ticks, tree = 1866.02 MB, solutions = 23)
 1113561 970030        0.0257    41        0.0266        0.0232 64023953   12.96%
 1115751 971633        0.0256    39        0.0266        0.0232 64130900   12.96%
 1117956 973500        0.0265    42        0.0266        0.0232 64254586   12.96%
 1120149 976828        0.0241    51        0.0266        0.0232 64487405   12.96%
 1122583 977464        0.0244    58        0.0266        0.0232 64522083   12.96%
 1124918 980616        0.0258    35        0.0266        0.0232 64738566   12.96%
 1127471 981549        cutoff              0.0266        0.0232 64802381   12.96%
 1129640 986011        0.0259    46        0.0266        0.0232 65076385   12.96%
 1131760 986510        0.0246    56        0.0266        0.0232 65112180   12.96%
 1133972 988894        0.0249    39        0.0266        0.0232 65280806   12.96%
Elapsed time = 1338.05 sec. (1980623.56 ticks, tree = 1917.15 MB, solutions = 23)
 1136042 990418        0.0259    41        0.0266        0.0232 65403424   12.96%
 1138150 991868        0.0241    43        0.0266        0.0232 65506329   12.96%
 1140683 994179        0.0236    59        0.0266        0.0232 65668819   12.96%
 1143607 995991        0.0244    59        0.0266        0.0232 65770426   12.95%
 1146283 998943        0.0255    37        0.0266        0.0232 65927348   12.95%
 1149080 1002910        0.0241    55        0.0266        0.0232 66128648   12.95%
 1151550 1005246        0.0241    44        0.0266        0.0232 66260179   12.95%
 1154005 1006971        0.0252    43        0.0266        0.0232 66363293   12.95%
 1156211 1008547        0.0254    35        0.0266        0.0232 66455875   12.95%
 1158838 1011932        0.0254    31        0.0266        0.0232 66656657   12.95%
Elapsed time = 1363.12 sec. (2018784.98 ticks, tree = 1961.41 MB, solutions = 23)
 1161813 1013158    infeasible              0.0266        0.0232 66720668   12.95%
 1164362 1016892        0.0241    50        0.0266        0.0232 66926730   12.95%
 1166739 1020075        0.0241    49        0.0266        0.0232 67097149   12.95%
 1169091 1020014        0.0238    61        0.0266        0.0232 67088404   12.95%
 1171636 1022525        0.0251    36        0.0266        0.0232 67255971   12.95%
 1174515 1024901        0.0247    35        0.0266        0.0232 67382831   12.95%
 1177259 1028069        0.0261    43        0.0266        0.0232 67550435   12.95%
 1179935 1030168        0.0237    61        0.0266        0.0232 67652044   12.95%
 1182427 1032411        0.0258    38        0.0266        0.0232 67780776   12.95%
 1184963 1034333        0.0250    44        0.0266        0.0232 67881906   12.95%
Elapsed time = 1388.19 sec. (2056950.34 ticks, tree = 2002.81 MB, solutions = 23)
 1187503 1036949        0.0246    44        0.0266        0.0232 68040260   12.95%
 1189865 1039985        0.0257    42        0.0266        0.0232 68213075   12.95%
 1192478 1042488        0.0251    40        0.0266        0.0232 68359249   12.95%
 1195067 1043491        0.0263    44        0.0266        0.0232 68417193   12.95%
 1197792 1047172        0.0254    43        0.0266        0.0232 68637379   12.95%
 1200036 1048952        0.0241    54        0.0266        0.0232 68748228   12.95%
 1202360 1051108        0.0254    65        0.0266        0.0232 68890893   12.95%
 1204556 1053697        cutoff              0.0266        0.0232 69058731   12.95%
 1206717 1055081        0.0253    36        0.0266        0.0232 69159239   12.95%
 1209137 1057513        0.0240    55        0.0266        0.0232 69302300   12.95%
Elapsed time = 1413.52 sec. (2095110.11 ticks, tree = 2045.64 MB, solutions = 23)
 1211579 1058182        0.0242    42        0.0266        0.0232 69357617   12.94%
 1214179 1060942        0.0253    37        0.0266        0.0232 69540121   12.94%
 1216697 1063660        0.0243    41        0.0266        0.0232 69690447   12.94%
 1219119 1067865        0.0234    59        0.0266        0.0232 69925255   12.94%
 1221871 1068892        0.0252    45        0.0266        0.0232 69990203   12.94%
 1224783 1071561        0.0250    44        0.0266        0.0232 70133350   12.94%
 1227471 1074283        0.0249    39        0.0266        0.0232 70260194   12.94%
 1229538 1076247        0.0257    42        0.0266        0.0232 70377170   12.94%
 1231424 1077715        0.0257    42        0.0266        0.0232 70474120   12.94%
 1233306 1080668        0.0249    46        0.0266        0.0232 70687663   12.94%
Elapsed time = 1440.14 sec. (2133274.56 ticks, tree = 2088.28 MB, solutions = 23)
Nodefile size = 38.96 MB (21.41 MB after compression)
 1235129 1081956        0.0253    35        0.0266        0.0232 70792443   12.94%
 1237137 1082638        0.0256    42        0.0266        0.0232 70847093   12.94%
 1239233 1086079        0.0252    44        0.0266        0.0232 71092515   12.94%
 1241549 1088176        0.0247    39        0.0266        0.0232 71230474   12.94%
 1244190 1088763        0.0254    49        0.0266        0.0232 71264027   12.94%
 1246691 1092331        0.0263    43        0.0266        0.0232 71463642   12.94%
 1249370 1093770        0.0259    33        0.0266        0.0232 71539035   12.94%
 1252073 1098196        0.0234    63        0.0266        0.0232 71782865   12.94%
 1254778 1098089        0.0254    35        0.0266        0.0232 71774376   12.94%
 1257214 1103446        0.0234    60        0.0266        0.0232 72080196   12.94%
Elapsed time = 1466.59 sec. (2171442.32 ticks, tree = 2130.32 MB, solutions = 23)
Nodefile size = 81.92 MB (43.90 MB after compression)
 1259550 1103951        0.0234    65        0.0266        0.0232 72110972   12.94%
 1262199 1105806        0.0243    50        0.0266        0.0232 72205641   12.94%
 1264909 1109330        0.0240    45        0.0266        0.0232 72409470   12.94%
 1267343 1110572        0.0256    34        0.0266        0.0232 72488015   12.94%
 1270363 1112451        0.0235    66        0.0266        0.0232 72585474   12.94%
 1272715 1115821        0.0239    63        0.0266        0.0232 72770573   12.94%
 1275277 1117900        0.0262    43        0.0266        0.0232 72885746   12.94%
 1277686 1121175        0.0255    27        0.0266        0.0232 73085121   12.94%
 1279951 1123853        0.0246    47        0.0266        0.0232 73243386   12.94%
 1282387 1124760        0.0237    58        0.0266        0.0232 73304437   12.94%
Elapsed time = 1492.78 sec. (2209610.31 ticks, tree = 2169.73 MB, solutions = 23)
Nodefile size = 119.89 MB (63.24 MB after compression)
 1284504 1127150        0.0254    40        0.0266        0.0232 73458354   12.94%
 1286819 1129853        0.0233    68        0.0266        0.0232 73633734   12.94%
 1289192 1130649    infeasible              0.0266        0.0232 73698521   12.94%
 1291726 1132558        0.0250    32        0.0266        0.0232 73812935   12.94%
 1294182 1134372    infeasible              0.0266        0.0232 73912265   12.94%
 1296840 1137465        0.0236    51        0.0266        0.0232 74088842   12.94%
 1299760 1141576        0.0243    49        0.0266        0.0232 74315359   12.94%
 1302634 1143580        0.0254    37        0.0266        0.0232 74435983   12.94%
 1304618 1145689        0.0253    31        0.0266        0.0232 74548616   12.94%
 1306828 1148330        0.0248    46        0.0266        0.0232 74738961   12.94%
Elapsed time = 1519.34 sec. (2247769.23 ticks, tree = 2213.24 MB, solutions = 23)
Nodefile size = 163.85 MB (85.09 MB after compression)
 1308942 1150393        0.0259    35        0.0266        0.0232 74877195   12.94%
 1311167 1152641        cutoff              0.0266        0.0232 75029945   12.93%
 1313364 1153970        0.0236    60        0.0266        0.0232 75136048   12.93%
 1315529 1154297        0.0232    65        0.0266        0.0232 75171740   12.93%
 1317821 1157309        0.0248    45        0.0266        0.0232 75356733   12.93%
 1320298 1160801        0.0250    41        0.0266        0.0232 75569879   12.93%
 1323318 1161552        0.0240    54        0.0266        0.0232 75607294   12.93%
 1325664 1165757        0.0240    46        0.0266        0.0232 75834889   12.93%
 1328217 1167494        0.0255    32        0.0266        0.0232 75937147   12.93%
 1330718 1168100        0.0252    53        0.0266        0.0232 75970824   12.93%
Elapsed time = 1545.91 sec. (2285925.71 ticks, tree = 2249.76 MB, solutions = 23)
Nodefile size = 198.82 MB (102.31 MB after compression)
 1333336 1170530        0.0248    46        0.0266        0.0232 76098332   12.93%
 1335808 1173670        0.0264    57        0.0266        0.0232 76280078   12.93%
 1338532 1176407        0.0236    60        0.0266        0.0232 76440283   12.93%
 1340962 1179099        0.0260    35        0.0266        0.0232 76590021   12.93%
 1343120 1180715        0.0253    61        0.0266        0.0232 76688166   12.93%
 1345166 1183558        0.0236    58        0.0266        0.0232 76866482   12.93%
 1347173 1185696        0.0247    41        0.0266        0.0232 77019198   12.93%
 1349150 1186130        cutoff              0.0266        0.0232 77051784   12.93%
 1351242 1188157        0.0253    40        0.0266        0.0232 77193819   12.93%
 1353102 1189550        0.0247    44        0.0266        0.0232 77306334   12.93%
Elapsed time = 1572.31 sec. (2324093.41 ticks, tree = 2289.19 MB, solutions = 23)
Nodefile size = 238.77 MB (121.56 MB after compression)
 1354904 1191900        0.0256    57        0.0266        0.0232 77496455   12.93%
 1356881 1193056        0.0252    36        0.0266        0.0232 77578397   12.93%
 1358897 1195389        0.0241    55        0.0266        0.0232 77771202   12.93%
 1361099 1196216        0.0242    52        0.0266        0.0232 77848471   12.93%
 1363173 1199772        0.0263    48        0.0266        0.0232 78104523   12.93%
 1365279 1200967        0.0241    47        0.0266        0.0232 78178930   12.93%
 1367451 1202643        0.0246    46        0.0266        0.0232 78299675   12.93%
 1370069 1205928        0.0252    40        0.0266        0.0232 78503866   12.93%
 1372419 1208443        0.0244    42        0.0266        0.0232 78669849   12.93%
 1374595 1208274        0.0240    52        0.0266        0.0232 78661112   12.93%
Elapsed time = 1598.78 sec. (2362265.76 ticks, tree = 2323.95 MB, solutions = 23)
Nodefile size = 273.74 MB (137.87 MB after compression)
 1376814 1211319        0.0251    44        0.0266        0.0232 78852217   12.93%
 1379046 1213516        0.0236    59        0.0266        0.0232 79000346   12.93%
 1381377 1214574        0.0253    42        0.0266        0.0232 79074271   12.93%
 1383450 1217399        0.0255    39        0.0266        0.0232 79259055   12.93%
 1385716 1219308        0.0256    49        0.0266        0.0232 79366527   12.93%
 1387684 1221411        0.0259    41        0.0266        0.0232 79527551   12.93%
 1389811 1224277        0.0252    57        0.0266        0.0232 79713449   12.93%
 1392022 1224832        0.0241    57        0.0266        0.0232 79747264   12.93%
 1394258 1228077        0.0255    47        0.0266        0.0232 79959083   12.93%
 1396594 1229433        0.0258    34        0.0266        0.0232 80039698   12.93%
Elapsed time = 1625.55 sec. (2400432.44 ticks, tree = 2362.88 MB, solutions = 23)
Nodefile size = 312.71 MB (155.56 MB after compression)
 1399227 1230939        0.0247    54        0.0266        0.0232 80147906   12.93%
 1401511 1234301        0.0241    48        0.0266        0.0232 80337874   12.93%
 1403820 1237167        0.0265    38        0.0266        0.0232 80532705   12.93%
 1406189 1239127        0.0244    41        0.0266        0.0232 80655140   12.93%
 1408415 1240722        0.0246    47        0.0266        0.0232 80770868   12.93%
 1410650 1242595        0.0250    29        0.0266        0.0232 80890292   12.93%
 1412754 1244339        0.0247    45        0.0266        0.0232 81008318   12.92%
 1415083 1245014        0.0246    39        0.0266        0.0232 81078112   12.92%
 1417409 1249458        0.0257    35        0.0266        0.0232 81362687   12.92%
 1419801 1249995        0.0242    49        0.0266        0.0232 81396362   12.92%
Elapsed time = 1652.41 sec. (2438598.25 ticks, tree = 2401.27 MB, solutions = 23)
Nodefile size = 350.67 MB (172.73 MB after compression)
 1422131 1253554        0.0234    69        0.0266        0.0232 81624485   12.92%
 1424304 1254700        cutoff              0.0266        0.0232 81691699   12.92%
 1426337 1255928        0.0245    61        0.0266        0.0232 81770233   12.92%
 1428556 1258114        0.0235    62        0.0266        0.0232 81934426   12.92%
 1430865 1259968        0.0237    55        0.0266        0.0232 82054360   12.92%
 1433104 1262901        0.0233    74        0.0266        0.0232 82245207   12.92%
 1435434 1265097        0.0234    65        0.0266        0.0232 82409093   12.92%
 1437532 1268190        0.0250    37        0.0266        0.0232 82603498   12.92%
 1439828 1267891        0.0261    41        0.0266        0.0232 82592394   12.92%
 1442541 1271911        0.0258    46        0.0266        0.0232 82837554   12.92%
Elapsed time = 1679.09 sec. (2476760.68 ticks, tree = 2441.58 MB, solutions = 23)
Nodefile size = 391.63 MB (191.15 MB after compression)
 1445059 1273695        0.0249    32        0.0266        0.0232 82946104   12.92%
 1447575 1276979        0.0264    40        0.0266        0.0232 83149851   12.92%
 1450074 1277584        0.0244    43        0.0266        0.0232 83180959   12.92%
 1452414 1278684        0.0237    57        0.0266        0.0232 83256868   12.92%
 1454660 1281486        0.0263    38        0.0266        0.0232 83418236   12.92%
 1457036 1285875        0.0245    46        0.0266        0.0232 83691718   12.92%
 1459528 1286370        0.0234    67        0.0266        0.0232 83721769   12.92%
 1462013 1287714        0.0245    48        0.0266        0.0232 83798061   12.92%
 1464604 1291531        0.0232    61        0.0266        0.0232 84040115   12.92%
 1466609 1294464        0.0259    47        0.0266        0.0232 84197823   12.92%
Elapsed time = 1705.73 sec. (2514924.18 ticks, tree = 2483.20 MB, solutions = 23)
Nodefile size = 433.58 MB (209.54 MB after compression)
 1468963 1296793        0.0256    36        0.0266        0.0232 84355001   12.92%
 1471388 1298724        0.0234    67        0.0266        0.0232 84466068   12.92%
 1473730 1300555        cutoff              0.0266        0.0232 84582747   12.92%
 1476176 1303021        0.0246    44        0.0266        0.0232 84731158   12.92%
 1478892 1305704        0.0257    38        0.0266        0.0232 84900700   12.92%
 1481822 1305615        0.0254    45        0.0266        0.0232 84886493   12.92%
 1484641 1309511        0.0237    59        0.0266        0.0232 85082886   12.91%
 1487211 1312534        0.0262    34        0.0266        0.0232 85246025   12.91%
 1489644 1313004        0.0234    63        0.0266        0.0232 85283071   12.91%
 1492139 1316005        0.0240    51        0.0266        0.0232 85445681   12.91%
Elapsed time = 1732.83 sec. (2553095.19 ticks, tree = 2522.96 MB, solutions = 23)
Nodefile size = 472.54 MB (226.51 MB after compression)
 1494328 1318577        0.0264    28        0.0266        0.0232 85610072   12.91%
 1496523 1319739        0.0251    42        0.0266        0.0232 85679849   12.91%
 1498953 1322910        0.0235    62        0.0266        0.0232 85884003   12.91%
 1501264 1325933        0.0244    50        0.0266        0.0232 86075316   12.91%
 1504032 1328635        0.0248    43        0.0266        0.0232 86236561   12.91%
 1506691 1328536        0.0233    59        0.0266        0.0232 86230848   12.91%
 1509406 1332265        0.0238    61        0.0266        0.0232 86429838   12.91%
 1511906 1333580        0.0257    56        0.0266        0.0232 86510697   12.91%
 1514053 1337825        0.0259    34        0.0266        0.0232 86768719   12.91%
 1516343 1340395        0.0245    41        0.0266        0.0232 86938968   12.91%
Elapsed time = 1759.97 sec. (2591271.12 ticks, tree = 2568.14 MB, solutions = 23)
Nodefile size = 518.48 MB (246.28 MB after compression)
 1518534 1342064        0.0235    60        0.0266        0.0232 87062791   12.91%
 1520474 1343603        0.0233    66        0.0266        0.0232 87189381   12.91%
 1522470 1345395        0.0235    70        0.0266        0.0232 87312440   12.91%
 1524628 1345917        0.0254    46        0.0266        0.0232 87345268   12.91%
 1526795 1347983        0.0255    43        0.0266        0.0232 87496155   12.91%
 1528961 1350466        0.0251    46        0.0266        0.0232 87657898   12.91%
 1531277 1353411        cutoff              0.0266        0.0232 87861334   12.91%
 1533188 1354486        0.0242    41        0.0266        0.0232 87931459   12.91%
 1535357 1357313        0.0253    44        0.0266        0.0232 88136265   12.91%
 1537621 1359002        0.0234    58        0.0266        0.0232 88266843   12.91%
Elapsed time = 1786.34 sec. (2629434.54 ticks, tree = 2602.61 MB, solutions = 23)
Nodefile size = 553.45 MB (261.50 MB after compression)
 1539891 1360265        0.0239    56        0.0266        0.0232 88350734   12.91%
 1542481 1361612        0.0256    34        0.0266        0.0232 88419707   12.91%
 1544965 1365401        0.0251    32        0.0266        0.0232 88679358   12.91%
 1547456 1366075        0.0240    53        0.0266        0.0232 88713179   12.91%
 1549702 1369669        0.0239    55        0.0266        0.0232 88918323   12.91%
 1552011 1371693        0.0256    40        0.0266        0.0232 89039722   12.91%
 1554328 1373703        0.0251    60        0.0266        0.0232 89152356   12.91%
 1556785 1374835        0.0244    44        0.0266        0.0232 89229167   12.91%
 1559177 1376672        0.0237    64        0.0266        0.0232 89335732   12.91%
 1561841 1380003        0.0233    69        0.0266        0.0232 89538616   12.91%
Elapsed time = 1812.91 sec. (2667593.91 ticks, tree = 2641.35 MB, solutions = 23)
Nodefile size = 591.42 MB (277.87 MB after compression)
 1564080 1383614        0.0250    55        0.0266        0.0232 89755817   12.91%
 1566485 1384176        0.0249    43        0.0266        0.0232 89789263   12.91%
 1568838 1386199        0.0246    59        0.0266        0.0232 89922849   12.91%
 1571180 1387799        0.0252    31        0.0266        0.0232 90043590   12.91%
 1573205 1391273        0.0252    44        0.0266        0.0232 90251788   12.91%
 1575211 1393124        0.0238    51        0.0266        0.0232 90378861   12.91%
 1577471 1394312        0.0241    62        0.0266        0.0232 90457145   12.91%
 1579854 1397637        0.0249    41        0.0266        0.0232 90694355   12.91%
 1582126 1399585        0.0239    49        0.0266        0.0232 90824074   12.90%
 1585035 1400319    infeasible              0.0266        0.0232 90859971   12.90%
Elapsed time = 1839.48 sec. (2705760.12 ticks, tree = 2678.86 MB, solutions = 23)
Nodefile size = 628.38 MB (293.16 MB after compression)
 1587594 1404605        0.0261    44        0.0266        0.0232 91124103   12.90%
 1590033 1405933    infeasible              0.0266        0.0232 91198042   12.90%
 1592364 1407517        0.0235    69        0.0266        0.0232 91287452   12.90%
 1594971 1409609        0.0251    42        0.0266        0.0232 91411795   12.90%
 1597465 1411369        0.0245    43        0.0266        0.0232 91530669   12.90%
 1599735 1415156        0.0249    31        0.0266        0.0232 91747185   12.90%
 1602124 1418373        0.0235    65        0.0266        0.0232 91954851   12.90%
 1604385 1419753        0.0255    38        0.0266        0.0232 92034729   12.90%
 1606838 1420372        0.0236    57        0.0266        0.0232 92067700   12.90%
 1609208 1422293        0.0235    59        0.0266        0.0232 92184191   12.90%
Elapsed time = 1866.09 sec. (2743931.07 ticks, tree = 2719.40 MB, solutions = 23)
Nodefile size = 668.34 MB (309.83 MB after compression)
 1611635 1424710        0.0257    36        0.0266        0.0232 92353953   12.90%
 1613867 1429037        0.0232    62        0.0266        0.0232 92594779   12.90%
 1616275 1428882        0.0259    41        0.0266        0.0232 92592972   12.90%
 1618617 1432389        0.0245    50        0.0266        0.0232 92795915   12.90%
 1621036 1435118        0.0245    45        0.0266        0.0232 92959138   12.90%
 1623547 1437992        0.0245    44        0.0266        0.0232 93139667   12.90%
 1625760 1437651        0.0234    63        0.0266        0.0232 93116617   12.90%
 1628154 1442012        0.0233    59        0.0266        0.0232 93390881   12.90%
 1630307 1441470        0.0259    38        0.0266        0.0232 93371932   12.90%
 1632440 1446355        0.0248    49        0.0266        0.0232 93688069   12.90%
Elapsed time = 1892.81 sec. (2782096.39 ticks, tree = 2763.68 MB, solutions = 23)
Nodefile size = 714.29 MB (329.26 MB after compression)
 1634154 1446083        0.0247    49        0.0266        0.0232 93681894   12.90%
 1636287 1448439        0.0245    46        0.0266        0.0232 93837807   12.90%
 1638539 1450215        0.0234    64        0.0266        0.0232 93964418   12.90%
 1640645 1453255        0.0238    57        0.0266        0.0232 94180120   12.90%
 1643049 1453812        0.0260    34        0.0266        0.0232 94213268   12.90%
 1645342 1457074        0.0260    32        0.0266        0.0232 94427470   12.90%
 1647223 1459602        0.0257    39        0.0266        0.0232 94596472   12.90%
 1649221 1461244        0.0237    61        0.0266        0.0232 94727273   12.90%
 1651101 1462290        0.0251    47        0.0266        0.0232 94795957   12.90%
 1653338 1462809        0.0249    46        0.0266        0.0232 94830752   12.90%
Elapsed time = 1918.83 sec. (2820264.50 ticks, tree = 2793.85 MB, solutions = 23)
Nodefile size = 743.26 MB (341.04 MB after compression)
 1655478 1466419        0.0245    44        0.0266        0.0232 95074238   12.90%
 1657738 1467864        0.0249    37        0.0266        0.0232 95167657   12.90%
 1659692 1471890        0.0249    40        0.0266        0.0232 95427808   12.89%
 1662141 1472870        0.0237    51        0.0266        0.0232 95504380   12.89%
 1664512 1475568        0.0253    37        0.0266        0.0232 95679296   12.89%
 1666783 1476762    infeasible              0.0266        0.0232 95757065   12.89%
 1669007 1477999        0.0253    36        0.0266        0.0232 95833678   12.89%
 1671704 1480742        0.0260    36        0.0266        0.0232 96009603   12.89%
 1674614 1481468        0.0242    48        0.0266        0.0232 96042744   12.89%
 1677286 1487504        0.0237    53        0.0266        0.0232 96347062   12.89%
Elapsed time = 1945.12 sec. (2858422.66 ticks, tree = 2847.89 MB, solutions = 23)
Nodefile size = 798.18 MB (364.24 MB after compression)
 1680230 1489710        0.0263    26        0.0266        0.0232 96474477   12.89%
 1682518 1489413        0.0258    30        0.0266        0.0232 96468315   12.89%
 1684349 1493961        0.0254    42        0.0266        0.0232 96741615   12.89%
 1686625 1495823        cutoff              0.0266        0.0232 96871835   12.89%
 1688642 1496367        0.0259    46        0.0266        0.0232 96903819   12.89%
 1690704 1500109        0.0243    50        0.0266        0.0232 97157996   12.89%
 1692614 1500516        0.0259    46        0.0266        0.0232 97193563   12.89%
 1694811 1503489        0.0246    36        0.0266        0.0232 97411869   12.89%
 1697145 1504028        0.0244    62        0.0266        0.0232 97445341   12.89%
 1699310 1506611        0.0258    43        0.0266        0.0232 97613287   12.89%
Elapsed time = 1971.88 sec. (2896589.59 ticks, tree = 2882.97 MB, solutions = 23)
Nodefile size = 833.14 MB (378.08 MB after compression)
 1701392 1509886        0.0236    60        0.0266        0.0232 97824125   12.89%
 1703747 1510405        0.0238    60        0.0266        0.0232 97857864   12.89%
 1706009 1513861        0.0255    40        0.0266        0.0232 98078133   12.89%
 1708362 1515213        0.0243    49        0.0266        0.0232 98155867   12.89%
 1710484 1516238        0.0252    36        0.0266        0.0232 98240058   12.89%
 1713115 1519247        0.0234    67        0.0266        0.0232 98404332   12.89%
 1715539 1521887        0.0247    39        0.0266        0.0232 98577418   12.89%
 1718055 1524150        0.0239    52        0.0266        0.0232 98698888   12.89%
 1720509 1524713        0.0236    56        0.0266        0.0232 98736349   12.89%
 1722794 1527684        0.0258    40        0.0266        0.0232 98918711   12.89%
Elapsed time = 1999.22 sec. (2934750.57 ticks, tree = 2921.92 MB, solutions = 23)
Nodefile size = 872.10 MB (393.42 MB after compression)
 1725055 1529619        0.0262    33        0.0266        0.0232 99038371   12.89%
 1727718 1531906    infeasible              0.0266        0.0232 99172941   12.89%
 1730350 1535807        0.0265    46        0.0266        0.0232 99378166   12.89%
 1732703 1535334        cutoff              0.0266        0.0232 99376039   12.89%
 1734978 1538495        0.0251    37        0.0266        0.0232 99536677   12.89%
 1737350 1541242        0.0248    40        0.0266        0.0232 99728261   12.89%
 1739818 1544279        0.0262    37        0.0266        0.0232 99920905   12.89%
 1742207 1546214        0.0250    40        0.0266        0.0232 1.00e+08   12.89%
 1744351 1547770        0.0243    44        0.0266        0.0232 1.00e+08   12.89%
 1746552 1549769        0.0263    46        0.0266        0.0232 1.00e+08   12.89%
Elapsed time = 2026.22 sec. (2972910.36 ticks, tree = 2962.79 MB, solutions = 23)
Nodefile size = 912.06 MB (409.31 MB after compression)
 1748862 1552345        0.0255    25        0.0266        0.0232 1.00e+08   12.89%
 1751054 1555117        0.0256    42        0.0266        0.0232 1.01e+08   12.89%
 1753468 1556310        0.0246    39        0.0266        0.0232 1.01e+08   12.89%
 1755945 1556820        0.0250    43        0.0266        0.0232 1.01e+08   12.89%
 1758218 1561189        0.0243    46        0.0266        0.0232 1.01e+08   12.89%
 1760818 1561789        0.0243    49        0.0266        0.0232 1.01e+08   12.89%
 1763250 1564056        0.0255    42        0.0266        0.0232 1.01e+08   12.89%
 1765588 1566790        0.0243    47        0.0266        0.0232 1.01e+08   12.89%
 1767747 1568418        0.0240    59        0.0266        0.0232 1.01e+08   12.88%
 1770044 1570860        0.0257    37        0.0266        0.0232 1.02e+08   12.88%
Elapsed time = 2052.78 sec. (3011069.04 ticks, tree = 3001.79 MB, solutions = 23)
Nodefile size = 952.02 MB (424.97 MB after compression)
 1772577 1573828        0.0244    53        0.0266        0.0232 1.02e+08   12.88%
 1775125 1574982        0.0246    63        0.0266        0.0232 1.02e+08   12.88%
 1777510 1575595        0.0240    53        0.0266        0.0232 1.02e+08   12.88%
 1780157 1580598        0.0258    40        0.0266        0.0232 1.02e+08   12.88%
 1782773 1582668        0.0265    39        0.0266        0.0232 1.02e+08   12.88%
 1785250 1584031        0.0260    37        0.0266        0.0232 1.02e+08   12.88%
 1788161 1587686        0.0241    61        0.0266        0.0232 1.03e+08   12.88%
 1790541 1588341        0.0246    44        0.0266        0.0232 1.03e+08   12.88%
 1792954 1591284        0.0255    33        0.0266        0.0232 1.03e+08   12.88%
 1794995 1593420        0.0259    44        0.0266        0.0232 1.03e+08   12.88%
Elapsed time = 2079.61 sec. (3049228.87 ticks, tree = 3044.17 MB, solutions = 23)
Nodefile size = 993.98 MB (441.21 MB after compression)
 1797326 1595705        0.0248    51        0.0266        0.0232 1.03e+08   12.88%
 1799755 1597099        0.0254    40        0.0266        0.0232 1.03e+08   12.88%
 1802254 1600673        0.0241    42        0.0266        0.0232 1.03e+08   12.88%
 1804536 1601180        0.0260    46        0.0266        0.0232 1.03e+08   12.88%
 1807007 1604867        0.0254    40        0.0266        0.0232 1.04e+08   12.88%
 1809485 1606935        0.0255    43        0.0266        0.0232 1.04e+08   12.88%
 1811391 1607167    infeasible              0.0266        0.0232 1.04e+08   12.88%
 1813721 1609488        0.0236    53        0.0266        0.0232 1.04e+08   12.88%
 1816005 1613618        0.0254    36        0.0266        0.0232 1.04e+08   12.88%
 1818267 1615571        0.0239    58        0.0266        0.0232 1.04e+08   12.88%
Elapsed time = 2106.20 sec. (3087386.44 ticks, tree = 3085.20 MB, solutions = 23)
Nodefile size = 1035.95 MB (457.52 MB after compression)
 1820527 1617702        0.0244    45        0.0266        0.0232 1.05e+08   12.87%
 1822579 1619906        0.0257    41        0.0266        0.0232 1.05e+08   12.87%
 1824689 1620324        0.0266    46        0.0266        0.0232 1.05e+08   12.87%
 1826987 1623469        0.0248    45        0.0266        0.0232 1.05e+08   12.87%
 1829047 1624723        0.0240    54        0.0266        0.0232 1.05e+08   12.87%
 1829971 1625321        0.0257    44        0.0266        0.0232 1.05e+08   12.87%
 1831805 1628839        0.0238    53        0.0266        0.0232 1.05e+08   12.87%
 1834251 1627451        0.0234    56        0.0266        0.0232 1.05e+08   12.87%
 1834851 1629530        0.0251    53        0.0266        0.0232 1.05e+08   12.87%
 1836521 1631095        0.0247    34        0.0266        0.0232 1.05e+08   12.87%
Elapsed time = 2136.30 sec. (3127297.33 ticks, tree = 3216.47 MB, solutions = 23)
Nodefile size = 1153.05 MB (516.12 MB after compression)
 1838756 1632514        0.0254    34        0.0266        0.0232 1.05e+08   12.87%
 1840643 1634715        0.0259    32        0.0266        0.0232 1.06e+08   12.87%
 1842293 1636525        0.0239    61        0.0266        0.0232 1.06e+08   12.87%
 1843749 1637465        0.0234    65        0.0266        0.0232 1.06e+08   12.87%
 1845782 1640322        0.0241    51        0.0266        0.0232 1.06e+08   12.87%
 1848119 1642374        0.0253    39        0.0266        0.0232 1.06e+08   12.87%
 1850499 1644837        0.0248    45        0.0266        0.0232 1.06e+08   12.87%
 1853082 1644515    infeasible              0.0266        0.0232 1.06e+08   12.87%
 1855282 1647766        0.0250    36        0.0266        0.0232 1.06e+08   12.87%
 1858059 1649037        0.0249    43        0.0266        0.0232 1.06e+08   12.87%
Elapsed time = 2169.25 sec. (3165477.90 ticks, tree = 3469.52 MB, solutions = 23)
Nodefile size = 1417.90 MB (655.23 MB after compression)
 1860673 1652472        0.0240    66        0.0266        0.0232 1.07e+08   12.87%
 1863212 1653772        0.0234    66        0.0266        0.0232 1.07e+08   12.87%
 1865779 1658162        0.0254    38        0.0266        0.0232 1.07e+08   12.87%
 1868174 1658852        0.0244    54        0.0266        0.0232 1.07e+08   12.87%
 1870758 1661976        0.0263    32        0.0266        0.0232 1.07e+08   12.87%
 1873124 1665257        0.0245    36        0.0266        0.0232 1.07e+08   12.87%
 1875742 1667431        0.0245    56        0.0266        0.0232 1.07e+08   12.87%
 1878078 1670755        0.0256    33        0.0266        0.0232 1.08e+08   12.87%
 1880704 1674085        0.0258    37        0.0266        0.0232 1.08e+08   12.87%
 1882905 1674675        0.0242    54        0.0266        0.0232 1.08e+08   12.87%
Elapsed time = 2196.34 sec. (3203630.31 ticks, tree = 3516.79 MB, solutions = 23)
Nodefile size = 1465.46 MB (672.85 MB after compression)
 1885413 1677526        cutoff              0.0266        0.0232 1.08e+08   12.87%
 1887921 1677224        0.0246    56        0.0266        0.0232 1.08e+08   12.87%
 1890369 1680273        0.0245    55        0.0266        0.0232 1.08e+08   12.87%
 1892630 1682609        0.0245    40        0.0266        0.0232 1.08e+08   12.87%
 1894797 1686599        0.0254    30        0.0266        0.0232 1.09e+08   12.87%
 1897395 1686206        0.0232    69        0.0266        0.0232 1.09e+08   12.87%
 1899711 1689886        0.0249    50        0.0266        0.0232 1.09e+08   12.87%
 1901840 1690320        0.0242    46        0.0266        0.0232 1.09e+08   12.87%
 1904060 1694307        0.0252    39        0.0266        0.0232 1.09e+08   12.87%
 1906402 1696716        0.0247    54        0.0266        0.0232 1.09e+08   12.87%
Elapsed time = 2222.58 sec. (3241812.44 ticks, tree = 3557.37 MB, solutions = 23)
Nodefile size = 1506.57 MB (688.31 MB after compression)
 1908721 1697749        0.0253    42        0.0266        0.0232 1.09e+08   12.87%
 1911143 1699780        0.0257    36        0.0266        0.0232 1.09e+08   12.87%
 1913416 1702094        0.0259    36        0.0266        0.0232 1.09e+08   12.87%
 1915616 1702634        0.0242    62        0.0266        0.0232 1.10e+08   12.87%
 1917869 1706391        0.0251    41        0.0266        0.0232 1.10e+08   12.87%
 1920072 1706977        0.0250    44        0.0266        0.0232 1.10e+08   12.87%
 1922258 1711968        0.0238    59        0.0266        0.0232 1.10e+08   12.87%
 1924447 1713464        0.0255    37        0.0266        0.0232 1.10e+08   12.87%
 1926944 1714434        0.0258    33        0.0266        0.0232 1.10e+08   12.87%
 1929326 1717838        0.0246    42        0.0266        0.0232 1.11e+08   12.87%
Elapsed time = 2248.88 sec. (3279972.74 ticks, tree = 3596.23 MB, solutions = 23)
Nodefile size = 1545.84 MB (703.09 MB after compression)
 1931972 1719559        0.0255    44        0.0266        0.0232 1.11e+08   12.87%
 1934403 1722307        cutoff              0.0266        0.0232 1.11e+08   12.87%
 1937165 1722986        0.0252    41        0.0266        0.0232 1.11e+08   12.87%
 1939566 1724226        0.0237    53        0.0266        0.0232 1.11e+08   12.87%
 1942206 1728586        0.0251    38        0.0266        0.0232 1.11e+08   12.87%
 1944568 1731661        0.0241    51        0.0266        0.0232 1.11e+08   12.87%
 1947015 1733015        0.0238    55        0.0266        0.0232 1.11e+08   12.87%
 1949418 1735198        0.0255    32        0.0266        0.0232 1.12e+08   12.87%
 1951912 1736807        0.0264    44        0.0266        0.0232 1.12e+08   12.87%
 1954554 1738100        0.0255    39        0.0266        0.0232 1.12e+08   12.87%
Elapsed time = 2275.58 sec. (3318144.74 ticks, tree = 3633.91 MB, solutions = 23)
Nodefile size = 1582.23 MB (716.68 MB after compression)
 1957165 1741341        0.0249    42        0.0266        0.0232 1.12e+08   12.87%
 1959705 1743582        0.0237    54        0.0266        0.0232 1.12e+08   12.87%
 1962504 1747026        0.0254    36        0.0266        0.0232 1.12e+08   12.87%
 1964917 1747657        0.0234    59        0.0266        0.0232 1.12e+08   12.87%
 1967044 1752912        0.0238    56        0.0266        0.0232 1.13e+08   12.87%
 1969434 1754178        0.0234    65        0.0266        0.0232 1.13e+08   12.87%
 1971888 1755793        0.0238    57        0.0266        0.0232 1.13e+08   12.87%
 1974275 1757650        0.0237    56        0.0266        0.0232 1.13e+08   12.87%
 1976423 1761770        0.0245    46        0.0266        0.0232 1.13e+08   12.87%
 1978900 1763110        0.0239    57        0.0266        0.0232 1.13e+08   12.87%
Elapsed time = 2301.66 sec. (3356308.20 ticks, tree = 3679.97 MB, solutions = 23)
Nodefile size = 1629.83 MB (733.72 MB after compression)
 1981798 1765217        0.0246    55        0.0266        0.0232 1.13e+08   12.87%
 1984245 1768964        0.0236    60        0.0266        0.0232 1.13e+08   12.87%
 1986724 1770228        0.0256    50        0.0266        0.0232 1.14e+08   12.87%
 1989137 1771512        0.0253    52        0.0266        0.0232 1.14e+08   12.87%
 1991834 1772801        0.0256    39        0.0266        0.0232 1.14e+08   12.86%
 1993958 1776772        0.0241    49        0.0266        0.0232 1.14e+08   12.86%
 1996223 1777273        0.0243    46        0.0266        0.0232 1.14e+08   12.86%
 1998658 1781482        0.0239    60        0.0266        0.0232 1.14e+08   12.86%
 2000876 1784507        0.0264    31        0.0266        0.0232 1.14e+08   12.86%
 2003127 1785916        0.0239    46        0.0266        0.0232 1.14e+08   12.86%
Elapsed time = 2328.45 sec. (3394480.54 ticks, tree = 3722.07 MB, solutions = 23)
Nodefile size = 1671.89 MB (749.04 MB after compression)
 2005402 1788580        0.0235    59        0.0266        0.0232 1.15e+08   12.86%
 2007713 1790750        0.0258    44        0.0266        0.0232 1.15e+08   12.86%
 2009783 1791295        0.0244    53        0.0266        0.0232 1.15e+08   12.86%
 2011910 1794713        cutoff              0.0266        0.0232 1.15e+08   12.86%
 2013837 1796612        cutoff              0.0266        0.0232 1.15e+08   12.86%
 2016042 1797195        0.0235    62        0.0266        0.0232 1.15e+08   12.86%
 2018124 1799509        0.0260    41        0.0266        0.0232 1.15e+08   12.86%
 2020426 1801075        0.0234    66        0.0266        0.0232 1.16e+08   12.86%
 2022416 1803019        0.0245    49        0.0266        0.0232 1.16e+08   12.86%
 2024287 1804691        0.0256    36        0.0266        0.0232 1.16e+08   12.86%
Elapsed time = 2355.19 sec. (3432641.70 ticks, tree = 3756.78 MB, solutions = 23)
Nodefile size = 1706.05 MB (761.80 MB after compression)
 2026441 1806592        0.0254    49        0.0266        0.0232 1.16e+08   12.86%
 2028693 1810131        0.0246    47        0.0266        0.0232 1.16e+08   12.86%
 2030932 1811323        0.0247    41        0.0266        0.0232 1.16e+08   12.86%
 2033356 1813301        0.0237    61        0.0266        0.0232 1.16e+08   12.86%
 2035611 1815448        0.0266    41        0.0266        0.0232 1.17e+08   12.86%
 2037960 1817487        0.0256    41        0.0266        0.0232 1.17e+08   12.86%
 2040074 1819792        0.0256    48        0.0266        0.0232 1.17e+08   12.86%
 2042585 1819449        0.0244    52        0.0266        0.0232 1.17e+08   12.86%
 2044752 1822278        0.0262    49        0.0266        0.0232 1.17e+08   12.86%
 2047302 1825581        0.0260    38        0.0266        0.0232 1.17e+08   12.86%
Elapsed time = 2381.64 sec. (3470802.83 ticks, tree = 3795.28 MB, solutions = 23)
Nodefile size = 1744.56 MB (775.88 MB after compression)
 2050027 1826994        0.0243    48        0.0266        0.0232 1.17e+08   12.86%
 2052523 1831320        cutoff              0.0266        0.0232 1.17e+08   12.86%
 2054896 1831834        0.0260    38        0.0266        0.0232 1.17e+08   12.86%
 2057231 1836015        0.0242    55        0.0266        0.0232 1.18e+08   12.86%
 2059050 1834407        0.0241    46        0.0266        0.0232 1.18e+08   12.86%
 2061096 1838182        0.0254    31        0.0266        0.0232 1.18e+08   12.86%
 2062887 1840765        0.0250    39        0.0266        0.0232 1.18e+08   12.86%
 2064714 1842262        0.0258    34        0.0266        0.0232 1.18e+08   12.86%
 2066645 1844218        0.0245    51        0.0266        0.0232 1.18e+08   12.86%
 2068650 1846431        0.0249    42        0.0266        0.0232 1.19e+08   12.86%
Elapsed time = 2407.95 sec. (3508973.60 ticks, tree = 3833.83 MB, solutions = 23)
Nodefile size = 1783.83 MB (790.21 MB after compression)
 2070844 1846986        0.0241    61        0.0266        0.0232 1.19e+08   12.86%
 2072914 1850214        0.0245    50        0.0266        0.0232 1.19e+08   12.86%
 2074958 1851123        0.0262    48        0.0266        0.0232 1.19e+08   12.86%
 2077076 1851591        0.0245    58        0.0266        0.0232 1.19e+08   12.86%
 2078993 1855200        cutoff              0.0266        0.0232 1.19e+08   12.86%
 2080983 1857542        0.0244    53        0.0266        0.0232 1.19e+08   12.86%
 2082977 1858468        0.0257    36        0.0266        0.0232 1.19e+08   12.86%
 2084907 1858918        0.0263    40        0.0266        0.0232 1.19e+08   12.86%
 2086638 1860944        0.0266    36        0.0266        0.0232 1.20e+08   12.86%
 2095210 1869626        0.0256    34        0.0266        0.0232 1.20e+08   12.86%
Elapsed time = 2442.42 sec. (3558584.21 ticks, tree = 3876.52 MB, solutions = 23)
Nodefile size = 1825.94 MB (805.75 MB after compression)
 2104422 1876182        0.0258    42        0.0266        0.0232 1.21e+08   12.86%
 2114485 1885341        0.0244    42        0.0266        0.0232 1.21e+08   12.86%
 2123795 1893640        0.0264    41        0.0266        0.0232 1.22e+08   12.86%
 2133456 1903387        0.0253    41        0.0266        0.0232 1.22e+08   12.86%
 2141826 1913191        0.0253    38        0.0266        0.0232 1.23e+08   12.85%
 2149290 1918701        0.0255    41        0.0266        0.0232 1.23e+08   12.85%
 2158034 1926471        0.0264    46        0.0266        0.0232 1.24e+08   12.85%
 2166591 1934503        0.0258    29        0.0266        0.0232 1.24e+08   12.85%
 2175973 1942876        0.0252    41        0.0266        0.0232 1.25e+08   12.85%
 2185689 1951304        0.0252    57        0.0266        0.0232 1.26e+08   12.85%
Elapsed time = 2548.06 sec. (3711194.49 ticks, tree = 4027.20 MB, solutions = 23)
Nodefile size = 1975.13 MB (858.94 MB after compression)
 2194382 1960207        0.0242    59        0.0266        0.0232 1.26e+08   12.85%
 2202940 1968678        0.0258    39        0.0266        0.0232 1.27e+08   12.85%
 2212188 1976134        0.0239    46        0.0266        0.0232 1.27e+08   12.85%
 2222833 1985161        0.0237    55        0.0266        0.0232 1.28e+08   12.85%
 2232859 1996373        0.0240    57        0.0266        0.0232 1.28e+08   12.85%
 2243759 2004611        0.0265    34        0.0266        0.0232 1.29e+08   12.85%
 2254712 2013244        0.0242    48        0.0266        0.0232 1.29e+08   12.84%
 2265956 2026064        0.0238    61        0.0266        0.0232 1.30e+08   12.84%
 2275011 2034374        0.0258    32        0.0266        0.0232 1.30e+08   12.84%
 2284382 2044038        0.0251    41        0.0266        0.0232 1.31e+08   12.84%
Elapsed time = 2654.36 sec. (3863802.70 ticks, tree = 4198.21 MB, solutions = 23)
Nodefile size = 2148.19 MB (921.26 MB after compression)
 2294103 2053827        0.0251    37        0.0266        0.0232 1.32e+08   12.84%
 2303541 2062806        0.0253    44        0.0266        0.0232 1.32e+08   12.84%
 2313035 2071298        0.0249    44        0.0266        0.0232 1.33e+08   12.84%
 2322652 2078859        0.0241    54        0.0266        0.0232 1.33e+08   12.84%
 2332498 2087884        0.0249    41        0.0266        0.0232 1.34e+08   12.84%
 2343245 2095988        0.0239    61        0.0266        0.0232 1.34e+08   12.84%
 2352534 2104683        0.0255    34        0.0266        0.0232 1.35e+08   12.84%
 2361653 2113302        0.0233    64        0.0266        0.0232 1.35e+08   12.84%
 2370485 2123499        0.0256    44        0.0266        0.0232 1.36e+08   12.84%
 2379505 2131796        0.0234    69        0.0266        0.0232 1.36e+08   12.84%
Elapsed time = 2761.59 sec. (4016422.16 ticks, tree = 4360.28 MB, solutions = 23)
Nodefile size = 2309.80 MB (978.08 MB after compression)
 2388606 2139910        0.0263    49        0.0266        0.0232 1.37e+08   12.84%
 2397709 2149405        0.0239    69        0.0266        0.0232 1.37e+08   12.84%
 2405675 2156769        0.0247    45        0.0266        0.0232 1.38e+08   12.83%
 2415151 2165064        0.0248    41        0.0266        0.0232 1.39e+08   12.83%
 2426338 2175507        0.0248    43        0.0266        0.0232 1.39e+08   12.83%
 2436879 2183114        0.0235    69        0.0266        0.0232 1.39e+08   12.83%
 2447459 2191714        0.0244    46        0.0266        0.0232 1.40e+08   12.83%
 2456887 2204217        0.0252    58        0.0266        0.0232 1.41e+08   12.83%
 2464941 2211463        0.0256    37        0.0266        0.0232 1.41e+08   12.83%
 2474098 2218362        0.0247    46        0.0266        0.0232 1.42e+08   12.83%
Elapsed time = 2868.39 sec. (4169028.99 ticks, tree = 4519.81 MB, solutions = 23)
Nodefile size = 2469.73 MB (1033.23 MB after compression)
 2483793 2228441        0.0240    52        0.0266        0.0232 1.42e+08   12.83%
 2493580 2236361        0.0263    43        0.0266        0.0232 1.43e+08   12.83%
 2503472 2244720        0.0251    55        0.0266        0.0232 1.43e+08   12.83%
 2513173 2252515        cutoff              0.0266        0.0232 1.44e+08   12.83%
 2523265 2262919        0.0241    46        0.0266        0.0232 1.44e+08   12.83%
 2533181 2273943        0.0241    43        0.0266        0.0232 1.45e+08   12.83%
 2543116 2280119        0.0242    41        0.0266        0.0232 1.45e+08   12.83%
 2553278 2290929        0.0233    65        0.0266        0.0232 1.46e+08   12.83%
 2561895 2298662        0.0243    43        0.0266        0.0232 1.47e+08   12.83%
 2572018 2306194        0.0234    55        0.0266        0.0232 1.47e+08   12.83%
Elapsed time = 2976.81 sec. (4321634.44 ticks, tree = 4681.68 MB, solutions = 23)
Nodefile size = 2631.03 MB (1088.50 MB after compression)
 2582025 2318486        0.0250    43        0.0266        0.0232 1.48e+08   12.83%
 2591073 2324402        0.0254    42        0.0266        0.0232 1.48e+08   12.82%
 2600031 2334750        0.0238    58        0.0266        0.0232 1.49e+08   12.82%
 2608511 2342026        0.0238    55        0.0266        0.0232 1.49e+08   12.82%
 2617298 2350819        0.0259    24        0.0266        0.0232 1.50e+08   12.82%
 2625192 2355935        0.0238    58        0.0266        0.0232 1.50e+08   12.82%
 2634260 2365434        0.0236    63        0.0266        0.0232 1.51e+08   12.82%
 2643341 2372539        0.0235    63        0.0266        0.0232 1.51e+08   12.82%
 2651833 2381767        0.0245    46        0.0266        0.0232 1.52e+08   12.82%
 2661109 2389500        0.0237    63        0.0266        0.0232 1.52e+08   12.82%
Elapsed time = 3083.67 sec. (4474239.40 ticks, tree = 4835.47 MB, solutions = 23)
Nodefile size = 2784.97 MB (1141.25 MB after compression)
 2670027 2399268        0.0251    34        0.0266        0.0232 1.53e+08   12.82%
 2678492 2407074        0.0266    41        0.0266        0.0232 1.54e+08   12.82%
 2687471 2414941        0.0261    34        0.0266        0.0232 1.54e+08   12.82%
 2696583 2421707        0.0243    54        0.0266        0.0232 1.55e+08   12.82%
 2705907 2430066        0.0243    47        0.0266        0.0232 1.55e+08   12.82%
 2715737 2439283        0.0242    46        0.0266        0.0232 1.56e+08   12.82%
 2725751 2447189        0.0252    49        0.0266        0.0232 1.56e+08   12.82%
 2735224 2455945        0.0261    50        0.0266        0.0232 1.57e+08   12.82%
 2744890 2464545        0.0249    49        0.0266        0.0232 1.57e+08   12.82%
 2753445 2473799        0.0256    40        0.0266        0.0232 1.58e+08   12.81%
Elapsed time = 3190.53 sec. (4626838.64 ticks, tree = 4991.10 MB, solutions = 23)
Nodefile size = 2940.99 MB (1194.25 MB after compression)
 2762427 2482422        0.0235    63        0.0266        0.0232 1.58e+08   12.81%
 2770991 2491435        0.0246    64        0.0266        0.0232 1.59e+08   12.81%
 2779815 2499199        0.0253    43        0.0266        0.0232 1.60e+08   12.81%
 2789780 2505299        0.0247    40        0.0266        0.0232 1.60e+08   12.81%
 2797525 2515593        0.0249    42        0.0266        0.0232 1.61e+08   12.81%
 2801605 2518888        0.0233    63        0.0266        0.0232 1.61e+08   12.81%
 2805397 2523551        0.0234    64        0.0266        0.0232 1.61e+08   12.81%
 2808971 2525695        0.0241    56        0.0266        0.0232 1.61e+08   12.81%
 2813013 2530406        0.0252    33        0.0266        0.0232 1.62e+08   12.81%
 2817072 2534058        0.0239    58        0.0266        0.0232 1.62e+08   12.81%
Elapsed time = 3302.52 sec. (4779455.85 ticks, tree = 5102.43 MB, solutions = 23)
Nodefile size = 3052.35 MB (1230.55 MB after compression)
 2821682 2537105        0.0252    38        0.0266        0.0232 1.62e+08   12.81%
 2825985 2541362        0.0243    54        0.0266        0.0232 1.62e+08   12.81%
 2830802 2545831        0.0242    52        0.0266        0.0232 1.62e+08   12.81%
 2835270 2549875        0.0240    62        0.0266        0.0232 1.63e+08   12.81%
 2839637 2555264        0.0248    60        0.0266        0.0232 1.63e+08   12.81%
 2843797 2559056        0.0238    56        0.0266        0.0232 1.63e+08   12.81%
 2848153 2562463        0.0255    41        0.0266        0.0232 1.63e+08   12.81%
 2852757 2566453        cutoff              0.0266        0.0232 1.64e+08   12.81%
 2857278 2570820        0.0260    45        0.0266        0.0232 1.64e+08   12.81%
 2861546 2574672        0.0255    42        0.0266        0.0232 1.64e+08   12.81%
Elapsed time = 3417.81 sec. (4932074.85 ticks, tree = 5177.65 MB, solutions = 23)
Nodefile size = 3127.22 MB (1253.37 MB after compression)
 2865407 2577788        0.0246    52        0.0266        0.0232 1.64e+08   12.81%
 2869672 2581206        0.0240    61        0.0266        0.0232 1.64e+08   12.81%
 2873502 2585788        0.0237    63        0.0266        0.0232 1.65e+08   12.81%
 2877752 2590056        0.0237    61        0.0266        0.0232 1.65e+08   12.81%
 2882063 2593159        0.0237    61        0.0266        0.0232 1.65e+08   12.81%
 2886752 2597179        0.0257    40        0.0266        0.0232 1.66e+08   12.81%
 2890931 2602920        0.0251    33        0.0266        0.0232 1.66e+08   12.81%
 2894872 2605048        0.0259    41        0.0266        0.0232 1.66e+08   12.81%
 2899172 2609448        0.0257    43        0.0266        0.0232 1.66e+08   12.80%
 2903587 2613447        0.0252    43        0.0266        0.0232 1.67e+08   12.80%
Elapsed time = 3533.89 sec. (5085037.79 ticks, tree = 5249.46 MB, solutions = 23)
Nodefile size = 3199.38 MB (1275.88 MB after compression)
 2908013 2617018        0.0243    47        0.0266        0.0232 1.67e+08   12.80%
 2912264 2620925        0.0247    50        0.0266        0.0232 1.67e+08   12.80%
 2916673 2625080        0.0234    58        0.0266        0.0232 1.67e+08   12.80%
 2921063 2628891        0.0236    53        0.0266        0.0232 1.67e+08   12.80%
 2925266 2633242        0.0251    40        0.0266        0.0232 1.68e+08   12.80%

Cover cuts applied:  6
Mixed integer rounding cuts applied:  6

Root node processing (before b&c):
  Real time             =    1.81 sec. (1950.07 ticks)
Parallel b&c, 4 threads:
  Real time             = 3602.88 sec. (5187013.35 ticks)
  Sync time (average)   =  165.43 sec.
  Wait time (average)   =    0.00 sec.
                          ------------
Total (root+branch&cut) = 3604.69 sec. (5188963.41 ticks)
