Version identifier: 22.2.0.0 | 2026-05-04 | 5dff98e58
CPXPARAM_Read_DataCheck                          1
CPXPARAM_Threads                                 4
CPXPARAM_Parallel                                1
CPXPARAM_RandomSeed                              20260925
CPXPARAM_Simplex_Tolerances_Optimality           1.0000000000000001e-09
CPXPARAM_Simplex_Tolerances_Feasibility          1.0000000000000001e-09
CPXPARAM_TimeLimit                               3600
CPXPARAM_MIP_Tolerances_AbsMIPGap                1.0000000000000001e-09
CPXPARAM_MIP_Tolerances_Integrality              1.0000000000000001e-09
Legacy callback                                  i
Found incumbent of value 0.000000 after 0.00 sec. (0.15 ticks)
Tried aggregator 1 time.
MIP Presolve eliminated 1347 rows and 1 columns.
MIP Presolve modified 3324 coefficients.
Reduced MIP has 3968 rows, 4687 columns, and 49206 nonzeros.
Reduced MIP has 1164 binaries, 0 generals, 0 SOSs, and 0 indicators.
Presolve time = 0.03 sec. (38.55 ticks)
Probing time = 0.00 sec. (0.68 ticks)
Tried aggregator 1 time.
Detecting symmetries...
MIP Presolve modified 96 coefficients.
Reduced MIP has 3968 rows, 4687 columns, and 49206 nonzeros.
Reduced MIP has 1164 binaries, 0 generals, 0 SOSs, and 0 indicators.
Presolve time = 0.02 sec. (21.12 ticks)
Probing time = 0.00 sec. (0.78 ticks)
MIP emphasis: balance optimality and feasibility.
MIP search method: dynamic search.
Parallel mode: deterministic, using up to 4 threads.
Root relaxation solution time = 0.16 sec. (201.04 ticks)

        Nodes                                         Cuts/
   Node  Left     Objective  IInf  Best Integer    Best Bound    ItCnt     Gap

*     0+    0                            0.0000       -1.0000              --- 
*     0+    0                           -0.0186       -1.0000              --- 
      0     0       -0.2246   115       -0.0186       -0.2246     3393     --- 
*     0+    0                           -0.0884       -0.2246           154.12%
      0     0       -0.2246    78       -0.0884       Cuts: 4     3962  154.12%
*     0+    0                           -0.1085       -0.2246           106.93%
*     0+    0                           -0.1810       -0.2246            24.08%
      0     0       -0.2246    81       -0.1810    MIRcuts: 7     5053   24.08%
      0     0       -0.2246    73       -0.1810    MIRcuts: 5     5517   24.08%
*     0+    0                           -0.1812       -0.2246            23.96%
*     0+    0                           -0.1828       -0.2246            22.87%
*     0+    0                           -0.1843       -0.2246            21.88%
      0     0  -1.00000e+75     0       -0.1843       -0.2246     5517   21.88%
      0     0       -0.2246    83       -0.1843    MIRcuts: 7     6431   21.88%
      0     2       -0.2246    76       -0.1843       -0.2246     6431   21.88%
Elapsed time = 7.52 sec. (9527.42 ticks, tree = 0.02 MB, solutions = 8)
      1     3       -0.2246    87       -0.1843       -0.2246    10204   21.88%
      3     5       -0.2246    92       -0.1843       -0.2246    15440   21.88%
      8     9       -0.2246    93       -0.1843       -0.2246    24614   21.88%
     13     8       -0.2246    89       -0.1843       -0.2246    23363   21.88%
     19    15       -0.2246    95       -0.1843       -0.2246    34552   21.88%
     22    15       -0.2246    87       -0.1843       -0.2246    37553   21.88%
     28    16       -0.2246    88       -0.1843       -0.2246    38765   21.88%
     34    29       -0.2246    84       -0.1843       -0.2246    56227   21.88%
     41    34       -0.2246    82       -0.1843       -0.2246    62040   21.88%
     64    53       -0.2246    91       -0.1843       -0.2246    80190   21.88%
Elapsed time = 10.94 sec. (13552.03 ticks, tree = 0.61 MB, solutions = 8)
     95    85       -0.2246    85       -0.1843       -0.2246   106657   21.88%
    121   113       -0.2246    85       -0.1843       -0.2246   124835   21.88%
    138   129       -0.2239   116       -0.1843       -0.2246   139348   21.88%
    160   152       -0.2212    84       -0.1843       -0.2246   161248   21.88%
    195   178       -0.2215    98       -0.1843       -0.2246   175622   21.88%
    260   192       -0.2201    83       -0.1843       -0.2246   178081   21.88%
    327   209       -0.2062    50       -0.1843       -0.2246   185272   21.88%
    363   332       -0.2168    82       -0.1843       -0.2246   194844   21.88%
    421   350       -0.2114    61       -0.1843       -0.2246   199477   21.88%
    546   417       -0.1911    17       -0.1843       -0.2246   211381   21.88%
Elapsed time = 18.64 sec. (23498.24 ticks, tree = 10.29 MB, solutions = 8)
*   601+  450                           -0.1858       -0.2246            20.86%
    717   565       -0.2246    83       -0.1858       -0.2246   234592   20.86%
*   721+  499                           -0.1858       -0.2246            20.86%
    785   676       -0.2246    87       -0.1858       -0.2246   247965   20.86%
    830   714       -0.2240    91       -0.1858       -0.2246   259402   20.86%
    908   771       -0.2230   100       -0.1858       -0.2246   273204   20.86%
    991   876       -0.2186    81       -0.1858       -0.2246   286618   20.86%
   1022   939       -0.2200    88       -0.1858       -0.2246   299008   20.86%
   1072   950       -0.2230    92       -0.1858       -0.2246   305896   20.86%
*  1176+ 1081                           -0.1891       -0.2246            18.73%
*  1178+ 1081                           -0.1903       -0.2246            18.02%
*  1178+ 1081                           -0.1905       -0.2246            17.91%
   1187  1004       -0.2173    80       -0.1905       -0.2246   323849   17.91%
*  1201+ 1081                           -0.1907       -0.2246            17.76%
   1228  1074       -0.2137    77       -0.1907       -0.2246   339126   17.76%
*  1256+ 1026                           -0.1922       -0.2246            16.81%
   1283  1099       -0.2226   101       -0.1922       -0.2246   342759   16.81%
Elapsed time = 26.52 sec. (33784.81 ticks, tree = 31.71 MB, solutions = 17)

Performing restart 1

Repeating presolve.
Tried aggregator 1 time.
Reduced MIP has 3968 rows, 4687 columns, and 49206 nonzeros.
Reduced MIP has 1164 binaries, 0 generals, 0 SOSs, and 0 indicators.
Presolve time = 0.02 sec. (13.87 ticks)
Tried aggregator 1 time.
Reduced MIP has 3968 rows, 4687 columns, and 49206 nonzeros.
Reduced MIP has 1164 binaries, 0 generals, 0 SOSs, and 0 indicators.
Presolve time = 0.00 sec. (21.38 ticks)
Represolve time = 0.05 sec. (45.50 ticks)
   1284     0       -0.2246    92       -0.1922    MIRcuts: 4   358052   16.81%
*  1284+    0                           -0.1936       -0.2246            16.02%
   1284     0       -0.2246    89       -0.1936       Cuts: 6   358716   16.02%
   1284     0       -0.2246    98       -0.1936    MIRcuts: 4   359497   16.02%
   1284     0       -0.2246    82       -0.1936    MIRcuts: 3   360744   16.02%
   1284     0       -0.2246    90       -0.1936    MIRcuts: 5   362047   16.02%
   1284     0       -0.2246    85       -0.1936       Cuts: 4   362646   16.02%
   1284     0       -0.2246    89       -0.1936    MIRcuts: 3   362912   16.02%
   1284     2       -0.2246    79       -0.1936       -0.2246   362912   16.02%
   1286     4       -0.2246    84       -0.1936       -0.2246   366453   16.02%
   1289     7       -0.2246    99       -0.1936       -0.2246   370440   16.02%
   1297    12       -0.2246    88       -0.1936       -0.2246   373890   16.02%
   1309    18       -0.2246    93       -0.1936       -0.2246   379048   16.02%
   1320    30       -0.2215    84       -0.1936       -0.2246   390522   16.02%
   1328    43       -0.2246    97       -0.1936       -0.2246   408728   16.02%
   1355    51       -0.2215    95       -0.1936       -0.2246   414481   16.02%
   1379    77       -0.2246   103       -0.1936       -0.2246   437399   16.02%
   1399    93       -0.2246   100       -0.1936       -0.2246   449460   16.02%
Elapsed time = 45.92 sec. (58945.48 ticks, tree = 1.09 MB, solutions = 18)
   1429   128       -0.2186    85       -0.1936       -0.2246   481517   16.02%
   1455   147       -0.2163    98       -0.1936       -0.2246   502322   16.02%
   1507   172       -0.2135    91       -0.1936       -0.2246   529904   16.02%
   1636   267       -0.2082    62       -0.1936       -0.2246   563686   16.02%
*  1684+  283                           -0.1953       -0.2246            14.96%
   1684   251       -0.2137    93       -0.1953       -0.2246   554671   14.96%
   1843   427       -0.2129    66       -0.1953       -0.2246   573294   14.96%
   1933   459       -0.1977    51       -0.1953       -0.2246   578767   14.96%
   2006   612       -0.2123    73       -0.1953       -0.2246   596399   14.96%
*  2039+  661                           -0.1965       -0.2246            14.29%
*  2039+  661                           -0.1967       -0.2246            14.19%
   2071   658       -0.2000    62       -0.1967       -0.2246   607946   14.19%
   2119   705       -0.1982    49       -0.1967       -0.2246   620945   14.19%
Elapsed time = 53.73 sec. (68756.30 ticks, tree = 19.24 MB, solutions = 22)
   2202   788       -0.1986    57       -0.1967       -0.2246   636400   14.19%
   2235   806       -0.2246    84       -0.1967       -0.2246   650155   14.19%
   2255   836       -0.2246   112       -0.1967       -0.2246   660035   14.19%
   2287   876       -0.2137    71       -0.1967       -0.2246   673600   14.19%
   2355   921       -0.2090    68       -0.1967       -0.2246   686810   14.19%
   2430   957       -0.2009    47       -0.1967       -0.2246   690714   14.19%
   2506   961       -0.2246    90       -0.1967       -0.2246   695055   14.19%
   2541  1106       -0.2083    58       -0.1967       -0.2246   726332   14.19%
   2613  1134       -0.2106    60       -0.1967       -0.2246   727223   14.19%
   2705  1147       -0.2075    60       -0.1967       -0.2246   731427   14.19%
Elapsed time = 61.36 sec. (78447.28 ticks, tree = 33.24 MB, solutions = 22)
   2795  1244       -0.2036    51       -0.1967       -0.2246   745162   14.19%
   2874  1387       -0.2107    66       -0.1967       -0.2246   768239   14.19%
   2923  1411       -0.2199    94       -0.1967       -0.2246   778272   14.19%
   2965  1494       -0.2146    69       -0.1967       -0.2246   793269   14.19%
   3052  1535       -0.2179    77       -0.1967       -0.2246   806579   14.19%
   3137  1635       -0.2071    55       -0.1967       -0.2246   824236   14.19%
   3290  1705       -0.1980    39       -0.1967       -0.2246   825175   14.19%
   3344  1816       -0.2246    87       -0.1967       -0.2246   839183   14.19%
   3454  1876       -0.2096    57       -0.1967       -0.2246   845619   14.19%
   3504  1976       -0.2027    46       -0.1967       -0.2246   858563   14.19%
Elapsed time = 69.00 sec. (88227.59 ticks, tree = 59.62 MB, solutions = 22)
   3601  2012       -0.2215    86       -0.1967       -0.2246   862122   14.19%
   3642  2097       -0.2220    85       -0.1967       -0.2246   890100   14.19%
   3723  2120       -0.2063    63       -0.1967       -0.2246   883180   14.19%
   3838  2198       -0.2081    59       -0.1967       -0.2246   899825   14.19%
   4017  2393       -0.2016    57       -0.1967       -0.2246   916010   14.19%
   4117  2416       -0.2246    81       -0.1967       -0.2246   918682   14.19%
   4198  2522       -0.2005    57       -0.1967       -0.2246   927332   14.19%
   4261  2543       -0.2246    81       -0.1967       -0.2246   946153   14.19%
   4299  2691       -0.2156    65       -0.1967       -0.2246   968030   14.19%
   4372  2670       -0.2230    83       -0.1967       -0.2246   969820   14.19%
Elapsed time = 76.45 sec. (98035.17 ticks, tree = 81.65 MB, solutions = 22)
   4482  2725       -0.2209    82       -0.1967       -0.2246   986690   14.19%
   4593  2856       -0.1987    46       -0.1967       -0.2246   991232   14.19%
   4682  3043       -0.2094    53       -0.1967       -0.2246  1020336   14.19%
   4811  3121       -0.1995    52       -0.1967       -0.2246  1023558   14.19%
   4970  3193       -0.2051    51       -0.1967       -0.2246  1036399   14.19%
   5141  3283       -0.2005    39       -0.1967       -0.2246  1039041   14.19%
   5292  3398       -0.2016    54       -0.1967       -0.2246  1055338   14.19%
   5398  3740       -0.2084    51       -0.1967       -0.2246  1076136   14.19%
   5540  3773       -0.2160    69       -0.1967       -0.2246  1085446   14.19%
   5687  3790       -0.2176    71       -0.1967       -0.2246  1092614   14.19%
Elapsed time = 83.62 sec. (107603.28 ticks, tree = 117.43 MB, solutions = 22)
   5783  3855       -0.2110    68       -0.1967       -0.2246  1099994   14.19%
   5892  4088       -0.2096    54       -0.1967       -0.2246  1116498   14.19%
   6015  4152       -0.2205    75       -0.1967       -0.2246  1123959   14.19%
   6114  4373       -0.2100    61       -0.1967       -0.2246  1147994   14.19%
   6283  4485       -0.2061    55       -0.1967       -0.2246  1156769   14.19%
   6414  4537       -0.1982    47       -0.1967       -0.2246  1159936   14.19%
   6528  4597       -0.2209    70       -0.1967       -0.2246  1170449   14.19%
   6620  4816       -0.2116    60       -0.1967       -0.2246  1190712   14.19%
   6766  4891       -0.2119    54       -0.1967       -0.2246  1196971   14.19%
   7312  5370       -0.2091    41       -0.1967       -0.2246  1241459   14.19%
Elapsed time = 93.86 sec. (120176.46 ticks, tree = 168.01 MB, solutions = 22)
   7757  5928       -0.2165    73       -0.1967       -0.2246  1304933   14.19%
   8288  6296       -0.2195    82       -0.1967       -0.2246  1342484   14.19%
   8908  6850       -0.2049    51       -0.1967       -0.2246  1404886   14.19%
   9472  7294       -0.2160    69       -0.1967       -0.2246  1450201   14.19%
  10046  7764       -0.2157    79       -0.1967       -0.2246  1497435   14.19%
  10712  8428       -0.1981    35       -0.1967       -0.2246  1549017   14.19%
  11168  8971       -0.2096    58       -0.1967       -0.2246  1612894   14.19%
  11813  9518       -0.2140    77       -0.1967       -0.2246  1667399   14.19%
  12394 10091       -0.2024    46       -0.1967       -0.2246  1713099   14.19%
  12903 10431       -0.1982    54       -0.1967       -0.2246  1754598   14.19%
Elapsed time = 122.84 sec. (158358.91 ticks, tree = 329.23 MB, solutions = 22)
  13393 11308       -0.2246    93       -0.1967       -0.2246  1856872   14.19%
  13936 11663       -0.2145    62       -0.1967       -0.2246  1886657   14.19%
  14562 12101       -0.2181    76       -0.1967       -0.2246  1943313   14.19%
  15306 12643       -0.2090    62       -0.1967       -0.2246  1988598   14.19%
  15699 13215       -0.2141    67       -0.1967       -0.2246  2046921   14.19%
  16154 13572       -0.1982    47       -0.1967       -0.2246  2097704   14.19%
  16696 14177       -0.2168    70       -0.1967       -0.2246  2160736   14.19%
  17186 14522       -0.2044    61       -0.1967       -0.2246  2196276   14.19%
  17555 15054       -0.2100    65       -0.1967       -0.2246  2280857   14.19%
  18072 15406       -0.2187    90       -0.1967       -0.2246  2334042   14.19%
Elapsed time = 153.30 sec. (196643.23 ticks, tree = 487.34 MB, solutions = 22)
  18445 15949       -0.2220    85       -0.1967       -0.2246  2404263   14.19%
  18945 16151       -0.2086    65       -0.1967       -0.2246  2433997   14.19%
  19494 16864       -0.2093    57       -0.1967       -0.2246  2526468   14.19%
  19955 17154       -0.2111    60       -0.1967       -0.2246  2560497   14.19%
* 20224+17537                           -0.1967       -0.2246            14.16%
* 20234+17537                           -0.1969       -0.2246            14.05%
  20608 17661       -0.1982    51       -0.1969       -0.2246  2624315   14.05%
  21036 18154       -0.2098    66       -0.1969       -0.2246  2662559   14.05%
  21412 18712       -0.2178    87       -0.1969       -0.2246  2742073   14.05%
  21962 19096       -0.1970    58       -0.1969       -0.2246  2782516   14.05%
  22500 19306       -0.1982    55       -0.1969       -0.2246  2800244   14.05%
  23041 19917       -0.2199    76       -0.1969       -0.2246  2873684   14.05%
Elapsed time = 183.72 sec. (234927.22 ticks, tree = 632.07 MB, solutions = 24)
  23535 20685       -0.2134    61       -0.1969       -0.2246  2944195   14.05%
  24032 21157       -0.2121    55       -0.1969       -0.2246  3001947   14.05%
  24493 21686       -0.2068    44       -0.1969       -0.2246  3062623   14.05%
* 24553+21442                           -0.1980       -0.2246            13.40%
  24736 21050       -0.2113    68       -0.1980       -0.2246  3083410   13.40%
  24966 21230       -0.2231    82       -0.1980       -0.2246  3111824   13.40%
  25225 21457       -0.2041    62       -0.1980       -0.2246  3141822   13.40%
* 25339+21285                           -0.1980       -0.2246            13.40%
  25468 21721       -0.2157    60       -0.1980       -0.2246  3173897   13.40%
  25753 22046       -0.2165    77       -0.1980       -0.2246  3213485   13.40%
  26026 22292       -0.2135    73       -0.1980       -0.2246  3244497   13.40%
  26312 22573       -0.2138    61       -0.1980       -0.2246  3274618   13.40%
Elapsed time = 215.52 sec. (273316.90 ticks, tree = 725.37 MB, solutions = 25)
  26601 22772       -0.2043    57       -0.1980       -0.2246  3298132   13.40%
  26940 23067       -0.2073    53       -0.1980       -0.2246  3326065   13.40%
  27233 23333       -0.2146    69       -0.1980       -0.2246  3356780   13.40%
  27663 23858       -0.1982    32       -0.1980       -0.2246  3389344   13.40%
  27860 24043       -0.2153    73       -0.1980       -0.2246  3408664   13.40%
  28091 24210       -0.2246    85       -0.1980       -0.2246  3438746   13.40%
  28366 24437       -0.2090    59       -0.1980       -0.2246  3463576   13.40%
  28622 24750       -0.2061    61       -0.1980       -0.2246  3489188   13.40%
  28861 24970       -0.2152    73       -0.1980       -0.2246  3518135   13.40%
  29106 25150       -0.2179    79       -0.1980       -0.2246  3541222   13.40%
Elapsed time = 246.92 sec. (311607.29 ticks, tree = 808.64 MB, solutions = 25)
  29363 25452       -0.2013    51       -0.1980       -0.2246  3570026   13.40%
  29711 25697       -0.2145    59       -0.1980       -0.2246  3594238   13.40%
  30012 26023       -0.2121    57       -0.1980       -0.2246  3621809   13.40%
  30454 26377       -0.2055    68       -0.1980       -0.2246  3662430   13.40%
  30967 26593       -0.2182    82       -0.1980       -0.2246  3700949   13.40%
  31464 27089       -0.2232    88       -0.1980       -0.2246  3742730   13.40%
  32098 27535       -0.2173    63       -0.1980       -0.2246  3803270   13.40%
  32736 28332       -0.2246    79       -0.1980       -0.2246  3886731   13.40%
  33348 28695       -0.2246    89       -0.1980       -0.2246  3925671   13.40%
  33924 29131       -0.2075    43       -0.1980       -0.2246  3966298   13.40%
Elapsed time = 276.39 sec. (349835.22 ticks, tree = 929.51 MB, solutions = 27)
  34420 29856       -0.2200    79       -0.1980       -0.2246  4048644   13.40%
  34881 30425       -0.2008    55       -0.1980       -0.2246  4124818   13.40%
  35162 30924       -0.2203    71       -0.1980       -0.2246  4199113   13.40%
  35708 31135       -0.2100    63       -0.1980       -0.2246  4219702   13.40%
  36202 31449       -0.2146    65       -0.1980       -0.2246  4263190   13.40%
  36693 32221       -0.2139    66       -0.1980       -0.2246  4347732   13.40%
  37311 32822       -0.2216    75       -0.1980       -0.2246  4420294   13.40%
  37960 33113       -0.2095    74       -0.1980       -0.2246  4444961   13.40%
  38468 33922       -0.2045    47       -0.1980       -0.2246  4526139   13.40%
  39004 34245       -0.2185    95       -0.1980       -0.2246  4575364   13.40%
Elapsed time = 305.64 sec. (388115.08 ticks, tree = 1058.27 MB, solutions = 27)
  39540 34743       -0.2246    78       -0.1980       -0.2246  4624214   13.40%
  39995 35502       -0.2125    73       -0.1980       -0.2246  4715868   13.40%
  40519 35699       -0.2246    86       -0.1980       -0.2246  4755108   13.40%
  41069 36322       -0.2160    64       -0.1980       -0.2246  4816522   13.40%
  41516 36750       -0.2197    79       -0.1980       -0.2246  4883111   13.40%
  42050 37387       -0.2097    48       -0.1980       -0.2246  4973977   13.40%
  42693 37593       -0.2244    78       -0.1980       -0.2246  4988664   13.40%
  43346 38341       -0.2246    78       -0.1980       -0.2246  5079825   13.40%
  44004 38885       -0.1982    42       -0.1980       -0.2246  5122472   13.40%
  44464 39724       -0.2129    56       -0.1980       -0.2246  5198459   13.40%
Elapsed time = 335.08 sec. (426317.15 ticks, tree = 1234.87 MB, solutions = 27)
  45084 40082       -0.2162    78       -0.1980       -0.2246  5239585   13.40%
  45696 40780       -0.2215    93       -0.1980       -0.2246  5298229   13.40%
  46133 41166       -0.2057    65       -0.1980       -0.2246  5354265   13.40%
  46687 41673       -0.2176    90       -0.1980       -0.2246  5421349   13.40%
  47043 42238       -0.2241   102       -0.1980       -0.2246  5480498   13.40%
  47599 42510       -0.1997    41       -0.1980       -0.2246  5529617   13.40%
  48190 42914       -0.2193    79       -0.1980       -0.2246  5582747   13.40%
  48809 43557       -0.2246    80       -0.1980       -0.2246  5644643   13.40%
  49428 44257       -0.2140    64       -0.1980       -0.2246  5717615   13.40%
  49951 44785       -0.2135    63       -0.1980       -0.2246  5780335   13.40%
Elapsed time = 364.45 sec. (464628.81 ticks, tree = 1398.05 MB, solutions = 27)
  50639 45344       -0.2071    55       -0.1980       -0.2246  5827123   13.40%
  51442 46162       -0.2232    79       -0.1980       -0.2246  5902134   13.40%
  52271 46421       -0.2023    51       -0.1980       -0.2246  5928355   13.40%
  52958 47217       -0.1987    52       -0.1980       -0.2246  5983128   13.40%
  53659 47984       -0.2185    83       -0.1980       -0.2246  6052179   13.40%
  54268 48935       -0.2038    40       -0.1980       -0.2246  6131678   13.40%
  54957 49440       -0.2042    53       -0.1980       -0.2246  6174906   13.40%
  55555 50203       -0.2045    47       -0.1980       -0.2246  6243411   13.40%
  56205 50607       -0.2091    54       -0.1980       -0.2246  6277133   13.40%
  56742 51018       -0.2246    96       -0.1980       -0.2246  6328512   13.40%
Elapsed time = 393.50 sec. (502857.41 ticks, tree = 1599.36 MB, solutions = 27)
  57215 51387       -0.2089    63       -0.1980       -0.2246  6379247   13.40%
  57612 52107       -0.2123    61       -0.1980       -0.2246  6454034   13.40%
  58180 52405       -0.2162    70       -0.1980       -0.2246  6500018   13.40%
  58722 53008       -0.2215    90       -0.1980       -0.2246  6560916   13.40%
  59181 53714       -0.2158    87       -0.1980       -0.2246  6667074   13.40%
  59870 53976       -0.2137    75       -0.1980       -0.2246  6695707   13.40%
  60388 54782       -0.2106    69       -0.1980       -0.2246  6789794   13.40%
  60874 54978       -0.2029    54       -0.1980       -0.2246  6821402   13.40%
  61332 55511       -0.2246    81       -0.1980       -0.2246  6894143   13.40%
  61800 55863       -0.2064    70       -0.1980       -0.2246  6945413   13.40%
Elapsed time = 422.98 sec. (541096.37 ticks, tree = 1755.77 MB, solutions = 27)
  62570 56697       -0.2184    67       -0.1980       -0.2246  7059682   13.40%
  63215 57166       -0.2230    74       -0.1980       -0.2246  7109481   13.40%
  63780 57868       -0.2122    56       -0.1980       -0.2246  7197178   13.40%
  64164 58406       -0.2091    47       -0.1980       -0.2246  7268312   13.40%
  64610 58717       -0.2122    51       -0.1980       -0.2246  7312845   13.40%
  65239 59168       -0.1998    36       -0.1980       -0.2246  7374731   13.40%
  65819 59541       -0.2044    52       -0.1980       -0.2246  7421766   13.40%
  66288 60189       -0.2168    65       -0.1980       -0.2246  7511648   13.40%
  66869 60808       -0.2106    57       -0.1980       -0.2246  7601379   13.40%
  67440 61398       -0.2067    45       -0.1980       -0.2246  7668605   13.40%
Elapsed time = 452.55 sec. (579370.07 ticks, tree = 1934.23 MB, solutions = 27)
  67997 61799       -0.2024    53       -0.1980       -0.2246  7723191   13.40%
  68591 62458       -0.2246    80       -0.1980       -0.2246  7813744   13.40%
  69133 62674       -0.1982    46       -0.1980       -0.2246  7845218   13.40%
  69665 63180       -0.2199    76       -0.1980       -0.2246  7901813   13.40%
  70325 63569       -0.2044    50       -0.1980       -0.2246  7962441   13.40%
  70938 64163       -0.1982    43       -0.1980       -0.2246  8035471   13.40%
  71536 64918       -0.2075    67       -0.1980       -0.2246  8131998   13.40%
  72165 65615       -0.2091    50       -0.1980       -0.2246  8209593   13.40%
  72742 66186       -0.2044    42       -0.1980       -0.2246  8281594   13.40%
  73400 66739       -0.2246    76       -0.1980       -0.2246  8358621   13.40%
Elapsed time = 483.09 sec. (617599.92 ticks, tree = 2106.67 MB, solutions = 27)
Nodefile size = 51.08 MB (35.26 MB after compression)
  73894 67464       -0.2178    66       -0.1980       -0.2246  8446573   13.40%
  74422 67783       -0.1991    43       -0.1980       -0.2246  8484628   13.40%
  74986 68261       -0.2122    61       -0.1980       -0.2246  8547390   13.40%
  75674 68906       -0.2153    67       -0.1980       -0.2246  8617562   13.40%
  76116 69331       -0.2230    74       -0.1980       -0.2246  8672662   13.40%
  76667 69847       -0.1998    43       -0.1980       -0.2246  8732977   13.40%
  77216 70396       -0.2060    83       -0.1980       -0.2246  8816710   13.40%
  77749 70959       -0.2029    59       -0.1980       -0.2246  8887625   13.40%
  78380 71527       -0.2220    80       -0.1980       -0.2246  8966770   13.40%
  78974 71930       -0.2117    56       -0.1980       -0.2246  9010172   13.40%
Elapsed time = 515.03 sec. (655870.17 ticks, tree = 2273.75 MB, solutions = 27)
Nodefile size = 217.70 MB (150.29 MB after compression)
  79527 72705       -0.2083    56       -0.1980       -0.2246  9105085   13.40%
  80261 73206       -0.2175    70       -0.1980       -0.2246  9163024   13.40%
  80952 73538       -0.2230    76       -0.1980       -0.2246  9212989   13.40%
  81593 74697       -0.2021    44       -0.1980       -0.2246  9336079   13.40%
  82238 75079       -0.2044    62       -0.1980       -0.2246  9377463   13.40%
  82893 75576       -0.2168    83       -0.1980       -0.2246  9435847   13.40%
  83458 76339       -0.2215    79       -0.1980       -0.2246  9526011   13.40%
  84047 76746       -0.2241    94       -0.1980       -0.2246  9571208   13.40%
  84654 77236        cutoff             -0.1980       -0.2246  9630739   13.40%
  85161 77999       -0.2013    55       -0.1980       -0.2246  9716315   13.40%
Elapsed time = 547.73 sec. (694091.32 ticks, tree = 2469.22 MB, solutions = 27)
Nodefile size = 416.62 MB (287.65 MB after compression)
  85725 78279       -0.2168    75       -0.1980       -0.2246  9760136   13.40%
  86318 78892        cutoff             -0.1980       -0.2246  9842961   13.40%
  86825 79341       -0.2044    60       -0.1980       -0.2246  9901277   13.40%
  87480 79881       -0.2060    50       -0.1980       -0.2246  9965655   13.40%
  88133 80421       -0.2048    43       -0.1980       -0.2246 10040201   13.40%
  88742 81102       -0.2184    74       -0.1980       -0.2246 10105239   13.40%
  89386 81568       -0.2215    78       -0.1980       -0.2246 10152845   13.40%
  90035 82438       -0.2168    76       -0.1980       -0.2246 10251130   13.40%
  90791 82632       -0.1998    43       -0.1980       -0.2246 10270703   13.40%
  91449 83435       -0.2124    68       -0.1980       -0.2246 10362487   13.40%
Elapsed time = 580.16 sec. (732301.65 ticks, tree = 2643.78 MB, solutions = 27)
Nodefile size = 587.88 MB (405.68 MB after compression)
  92030 84428       -0.2013    38       -0.1980       -0.2246 10482241   13.40%
  92774 84681       -0.2060    56       -0.1980       -0.2246 10509667   13.40%
  93396 85677       -0.2133    58       -0.1980       -0.2246 10625083   13.40%
  93969 85964       -0.2106    54       -0.1980       -0.2246 10661457   13.40%
  94747 86560       -0.2005    42       -0.1980       -0.2246 10747128   13.40%
  95420 87135       -0.1982    44       -0.1980       -0.2246 10792903   13.40%
  96034 88044       -0.1991    40       -0.1980       -0.2246 10909566   13.40%
  96701 88286       -0.2060    53       -0.1980       -0.2246 10938199   13.40%
  97268 89214       -0.1981    40       -0.1980       -0.2246 11046076   13.40%
  97912 89983       -0.2109    57       -0.1980       -0.2246 11127707   13.40%
Elapsed time = 612.83 sec. (770580.78 ticks, tree = 2854.72 MB, solutions = 27)
Nodefile size = 801.25 MB (552.80 MB after compression)
  98740 90261       -0.2184    73       -0.1980       -0.2246 11154914   13.40%
  99412 91109       -0.2024    31       -0.1980       -0.2246 11235418   13.40%
 100081 91795       -0.2122    69       -0.1980       -0.2246 11313923   13.40%
 100737 92333       -0.2205    72       -0.1980       -0.2246 11378366   13.40%
 101366 93038       -0.2060    61       -0.1980       -0.2246 11447231   13.40%
 101895 93588       -0.2215    78       -0.1980       -0.2246 11504491   13.40%
 102522 93983       -0.2091    54       -0.1980       -0.2246 11565536   13.40%
 103135 94478       -0.2029    51       -0.1980       -0.2246 11629473   13.40%
 103775 95077       -0.2199    80       -0.1980       -0.2246 11698233   13.40%
 104446 95761       -0.1982    33       -0.1980       -0.2246 11779155   13.40%
Elapsed time = 645.47 sec. (808776.27 ticks, tree = 3041.11 MB, solutions = 27)
Nodefile size = 982.85 MB (678.00 MB after compression)
 105158 96673       -0.2061    48       -0.1980       -0.2246 11893297   13.40%
 105882 96834       -0.2153    80       -0.1980       -0.2246 11910406   13.40%
 106603 97915       -0.2121    68       -0.1980       -0.2246 12008612   13.40%
 107318 98231       -0.1998    38       -0.1980       -0.2246 12039241   13.40%
 107844 99122       -0.1982    47       -0.1980       -0.2246 12136442   13.40%
 108554 99825       -0.2029    62       -0.1980       -0.2246 12231748   13.40%
 109131 100171       -0.2153    74       -0.1980       -0.2246 12280317   13.40%
 109792 100669       -0.2205    81       -0.1980       -0.2246 12330707   13.40%
 110512 101800       -0.2029    50       -0.1980       -0.2246 12456901   13.40%
 111074 101762       -0.2114    67       -0.1980       -0.2246 12457709   13.40%
Elapsed time = 678.28 sec. (846959.18 ticks, tree = 3234.42 MB, solutions = 27)
Nodefile size = 1176.32 MB (811.43 MB after compression)
 111660 102330       -0.2098    53       -0.1980       -0.2246 12529850   13.40%
 112302 103109       -0.2246    94       -0.1980       -0.2246 12607763   13.40%
 113082 103631       -0.2106    65       -0.1980       -0.2246 12674357   13.40%
 113767 104487       -0.2027    40       -0.1980       -0.2246 12751877   13.40%
 114268 105165       -0.1998    49       -0.1980       -0.2246 12821647   13.40%
 114789 105669       -0.2215    77       -0.1980       -0.2246 12892441   13.40%
 115391 106217       -0.2215    85       -0.1980       -0.2246 12966029   13.40%
 116015 106860       -0.2010    48       -0.1980       -0.2246 13050056   13.40%
 116695 107134       -0.2007    41       -0.1980       -0.2246 13079821   13.40%
 117307 107964       -0.2246    76       -0.1980       -0.2246 13175997   13.40%
Elapsed time = 711.50 sec. (885197.11 ticks, tree = 3434.23 MB, solutions = 27)
Nodefile size = 1380.18 MB (952.24 MB after compression)
 117967 108252       -0.2117    66       -0.1980       -0.2246 13207522   13.40%
 118668 109178       -0.2246    77       -0.1980       -0.2246 13317848   13.40%
 119294 109639       -0.2215    80       -0.1980       -0.2246 13372548   13.40%
 120022 110048       -0.2122    64       -0.1980       -0.2246 13414575   13.40%
 120677 110918       -0.1983    35       -0.1980       -0.2246 13515474   13.40%
 121313 111623       -0.1982    40       -0.1980       -0.2246 13598089   13.40%
 122072 112397       -0.2215    79       -0.1980       -0.2246 13677737   13.40%
 122720 112561       -0.2005    42       -0.1980       -0.2246 13695433   13.40%
 123443 113441       -0.2168    78       -0.1980       -0.2246 13789132   13.40%
 124197 114152       -0.2044    59       -0.1980       -0.2246 13855671   13.40%
Elapsed time = 744.91 sec. (923455.35 ticks, tree = 3633.54 MB, solutions = 27)
Nodefile size = 1574.28 MB (1086.14 MB after compression)
 124846 114990       -0.2093    57       -0.1980       -0.2246 13955075   13.40%
 125443 115586        cutoff             -0.1980       -0.2246 14023966   13.40%
 125980 115927       -0.1998    53       -0.1980       -0.2246 14069327   13.40%
 126591 116503       -0.2246    84       -0.1980       -0.2246 14143984   13.40%
 127315 117230       -0.2147    59       -0.1980       -0.2246 14220811   13.40%
 128010 117888       -0.2029    56       -0.1980       -0.2246 14286434   13.40%
 128627 118579       -0.1982    41       -0.1980       -0.2246 14360858   13.40%
 129091 118687       -0.2215    85       -0.1980       -0.2246 14378295   13.40%
 129726 119455       -0.2044    43       -0.1980       -0.2246 14471431   13.40%
 130484 119952       -0.1984    40       -0.1980       -0.2246 14524555   13.40%
Elapsed time = 777.97 sec. (961732.53 ticks, tree = 3820.09 MB, solutions = 27)
Nodefile size = 1761.30 MB (1214.91 MB after compression)
 131093 120963       -0.2158    59       -0.1980       -0.2246 14623042   13.40%
 131770 121177       -0.2246    89       -0.1980       -0.2246 14655916   13.40%
 132556 121881       -0.2060    58       -0.1980       -0.2246 14736666   13.40%
 133131 122830       -0.2004    37       -0.1980       -0.2246 14839903   13.40%
 133948 123392       -0.2241    86       -0.1980       -0.2246 14903643   13.40%
 134629 124278       -0.2215    74       -0.1980       -0.2246 14986054   13.40%
 135371 124666       -0.1982    49       -0.1980       -0.2246 15021848   13.40%
 136062 125079       -0.2153    68       -0.1980       -0.2246 15086301   13.40%
 136805 126119       -0.2119    55       -0.1980       -0.2246 15186310   13.40%
 137401 126599       -0.2029    40       -0.1980       -0.2246 15234576   13.40%
Elapsed time = 811.45 sec. (999924.08 ticks, tree = 4034.23 MB, solutions = 27)
Nodefile size = 1976.89 MB (1363.72 MB after compression)
 138058 127289       -0.1994    54       -0.1980       -0.2246 15321513   13.40%
 138740 127993       -0.2175    62       -0.1980       -0.2246 15405838   13.40%
 139440 128824       -0.2029    52       -0.1980       -0.2246 15490434   13.40%
 140120 129299       -0.1986    54       -0.1980       -0.2246 15556634   13.40%
 140773 129596       -0.2184    75       -0.1980       -0.2246 15593194   13.40%
 141378 130544       -0.2051    54       -0.1980       -0.2246 15688180   13.40%
 141976 130820       -0.2106    49       -0.1980       -0.2246 15720991   13.40%
 142527 131474       -0.2005    33       -0.1980       -0.2246 15802280   13.40%
 143236 132008       -0.1988    39       -0.1980       -0.2246 15857341   13.40%
 143931 132424       -0.2153    73       -0.1980       -0.2246 15903462   13.40%
Elapsed time = 844.48 sec. (1038177.22 ticks, tree = 4221.69 MB, solutions = 27)
Nodefile size = 2162.34 MB (1492.34 MB after compression)
 144577 133475       -0.2168    77       -0.1980       -0.2246 16026005   13.40%
 145063 133707       -0.2005    59       -0.1980       -0.2246 16063182   13.40%
 145655 134473       -0.2246    92       -0.1980       -0.2246 16154290   13.40%
 146080 134970       -0.2215    81       -0.1980       -0.2246 16216935   13.40%
 146919 135604       -0.2030    49       -0.1980       -0.2246 16288630   13.40%
 147644 135820       -0.2168    76       -0.1980       -0.2246 16320820   13.40%
 148307 136334       -0.2016    45       -0.1980       -0.2246 16370145   13.40%
 148873 137202       -0.2093    59       -0.1980       -0.2246 16452423   13.40%
 149533 138276       -0.2230    80       -0.1980       -0.2246 16583361   13.40%
 150311 138356       -0.2044    44       -0.1980       -0.2246 16584020   13.40%
Elapsed time = 877.06 sec. (1076392.15 ticks, tree = 4412.92 MB, solutions = 27)
Nodefile size = 2351.26 MB (1622.58 MB after compression)
 150763 139518       -0.2022    47       -0.1980       -0.2246 16718795   13.40%
 151344 139733       -0.2075    64       -0.1980       -0.2246 16751960   13.40%
 152035 140578       -0.2029    45       -0.1980       -0.2246 16851887   13.40%
 152677 140917       -0.2161    72       -0.1980       -0.2246 16898810   13.40%
 153286 141745       -0.2099    68       -0.1980       -0.2246 16984494   13.40%
 153936 142256       -0.2236    89       -0.1980       -0.2246 17047071   13.40%
 154604 142538       -0.2045    49       -0.1980       -0.2246 17088442   13.40%
 155031 143099       -0.2091    58       -0.1980       -0.2246 17150308   13.40%
 155811 143769       -0.2229    88       -0.1980       -0.2246 17240227   13.40%
 156460 144226       -0.2060    59       -0.1980       -0.2246 17288114   13.40%
Elapsed time = 910.27 sec. (1114634.87 ticks, tree = 4602.02 MB, solutions = 27)
Nodefile size = 2543.30 MB (1755.27 MB after compression)
 157004 145319       -0.2005    45       -0.1980       -0.2246 17410988   13.40%
 157610 145640       -0.2120    64       -0.1980       -0.2246 17461784   13.40%
 158140 146025       -0.2013    59       -0.1980       -0.2246 17516067   13.40%
 158634 146510       -0.2179    77       -0.1980       -0.2246 17565535   13.40%
 159187 146958       -0.2230    90       -0.1980       -0.2246 17646917   13.40%
 159792 147635       -0.2052    43       -0.1980       -0.2246 17725002   13.40%
 160471 148083       -0.2052    53       -0.1980       -0.2246 17778897   13.40%
 161062 149068       -0.2036    53       -0.1980       -0.2246 17880998   13.40%
 161614 149461       -0.2005    51       -0.1980       -0.2246 17940886   13.40%
 162233 149737       -0.2122    57       -0.1980       -0.2246 17976367   13.40%
Elapsed time = 942.77 sec. (1152847.90 ticks, tree = 4779.27 MB, solutions = 27)
Nodefile size = 2721.74 MB (1878.64 MB after compression)
 162976 150806       -0.2044    51       -0.1980       -0.2246 18080193   13.40%
 163660 151068       -0.2052    55       -0.1980       -0.2246 18115779   13.40%
 164352 151592       -0.2184    79       -0.1980       -0.2246 18164302   13.40%
 165023 152955       -0.2184    83       -0.1980       -0.2246 18308334   13.40%
 165664 153345       -0.2016    49       -0.1980       -0.2246 18351053   13.40%
 166336 153657       -0.2215    81       -0.1980       -0.2246 18384308   13.40%
 166974 154041       -0.2230    85       -0.1980       -0.2246 18436750   13.40%
 167727 155071       -0.2038    59       -0.1980       -0.2246 18538634   13.40%
 168315 155506       -0.2048    51       -0.1980       -0.2246 18597299   13.40%
 168938 155955       -0.2028    47       -0.1980       -0.2246 18641104   13.40%
Elapsed time = 975.95 sec. (1191071.51 ticks, tree = 4979.72 MB, solutions = 27)
Nodefile size = 2921.15 MB (2016.04 MB after compression)
 169517 156777        cutoff             -0.1980       -0.2246 18735680   13.40%
 170168 157701       -0.2246    87       -0.1980       -0.2246 18849226   13.40%
 170864 158162       -0.2152    66       -0.1980       -0.2246 18898466   13.40%
 171597 158682       -0.2114    57       -0.1980       -0.2246 18953433   13.40%
 172276 159468       -0.2153    68       -0.1980       -0.2246 19048689   13.40%
 172836 159718       -0.2199    83       -0.1980       -0.2246 19078086   13.40%
 173445 160487       -0.2063    57       -0.1980       -0.2246 19167433   13.40%
 174168 161417       -0.2175    70       -0.1980       -0.2246 19269971   13.40%
 174705 161583       -0.2199    77       -0.1980       -0.2246 19287031   13.40%
 175280 162415       -0.1982    49       -0.1980       -0.2246 19386032   13.40%
Elapsed time = 1009.08 sec. (1229309.60 ticks, tree = 5187.27 MB, solutions = 27)
Nodefile size = 3132.38 MB (2162.12 MB after compression)
 175841 162817       -0.2013    33       -0.1980       -0.2246 19437692   13.40%
 176427 163555       -0.2114    59       -0.1980       -0.2246 19523529   13.40%
 177128 163830       -0.2122    66       -0.1980       -0.2246 19553838   13.40%
 177651 164677       -0.2199    87       -0.1980       -0.2246 19639460   13.40%
 178354 165185       -0.2168    69       -0.1980       -0.2246 19713862   13.40%
 179037 165482       -0.2106    71       -0.1980       -0.2246 19744946   13.40%
 179552 166175       -0.2002    47       -0.1980       -0.2246 19816882   13.40%
 180055 166581       -0.2184    72       -0.1980       -0.2246 19881358   13.40%
 180682 167417       -0.2029    54       -0.1980       -0.2246 19971874   13.40%
 181318 167575       -0.2235    88       -0.1980       -0.2246 19990456   13.40%
Elapsed time = 1041.84 sec. (1267499.70 ticks, tree = 5353.56 MB, solutions = 27)
Nodefile size = 3293.96 MB (2273.77 MB after compression)
 181952 168368       -0.1990    45       -0.1980       -0.2246 20078379   13.40%
 182594 168954       -0.2230    86       -0.1980       -0.2246 20150160   13.40%
 183185 169708       -0.1992    48       -0.1980       -0.2246 20232356   13.40%
 183886 170150       -0.2122    59       -0.1980       -0.2246 20290661   13.40%
 184639 171190       -0.2008    47       -0.1980       -0.2246 20396500   13.40%
 185318 171369       -0.1990    39       -0.1980       -0.2246 20413838   13.40%
 185789 171934       -0.1983    33       -0.1980       -0.2246 20485687   13.40%
 186353 172822       -0.2052    65       -0.1980       -0.2246 20621214   13.40%
 186771 173292       -0.2230    72       -0.1980       -0.2246 20693097   13.40%
 187477 173602       -0.2106    59       -0.1980       -0.2246 20731214   13.40%
Elapsed time = 1075.09 sec. (1305691.29 ticks, tree = 5547.78 MB, solutions = 27)
Nodefile size = 3490.15 MB (2409.75 MB after compression)
 188155 174411       -0.2122    64       -0.1980       -0.2246 20820748   13.40%
 188789 175095       -0.1991    30       -0.1980       -0.2246 20892036   13.40%
 189472 175488       -0.1984    47       -0.1980       -0.2246 20965325   13.40%
 190031 176139       -0.2030    43       -0.1980       -0.2246 21025651   13.40%
 190748 176468       -0.1982    31       -0.1980       -0.2246 21060739   13.40%
 191316 177545       -0.2013    49       -0.1980       -0.2246 21194843   13.40%
 191799 177934       -0.2013    44       -0.1980       -0.2246 21248580   13.40%
 192437 178298       -0.1998    45       -0.1980       -0.2246 21305373   13.40%
 193053 178676       -0.2215    80       -0.1980       -0.2246 21357024   13.40%
 193616 179667       -0.2093    59       -0.1980       -0.2246 21463177   13.40%
Elapsed time = 1108.61 sec. (1343929.02 ticks, tree = 5743.12 MB, solutions = 27)
Nodefile size = 3688.13 MB (2546.14 MB after compression)
 194126 179793       -0.1992    55       -0.1980       -0.2246 21483799   13.40%
 194892 180464       -0.2036    48       -0.1980       -0.2246 21561721   13.40%
 195461 180858       -0.1982    40       -0.1980       -0.2246 21612249   13.40%
 196059 181532       -0.2215    77       -0.1980       -0.2246 21694244   13.40%
 196587 181944       -0.2109    64       -0.1980       -0.2246 21736493   13.40%
 197282 183022       -0.2199    86       -0.1980       -0.2246 21871889   13.40%
 197842 183286       -0.2124    67       -0.1980       -0.2246 21905410   13.40%
 198445 184095       -0.2047    64       -0.1980       -0.2246 22000812   13.40%
 199106 184624       -0.2184    78       -0.1980       -0.2246 22062763   13.40%
 199738 185034       -0.2067    64       -0.1980       -0.2246 22114744   13.40%
Elapsed time = 1141.64 sec. (1382221.03 ticks, tree = 5915.90 MB, solutions = 27)
Nodefile size = 3856.76 MB (2662.35 MB after compression)
 200269 185957       -0.2239    84       -0.1980       -0.2246 22228456   13.40%
 200714 186292       -0.2122    64       -0.1980       -0.2246 22276700   13.40%
 201430 186897       -0.2184    82       -0.1980       -0.2246 22357634   13.40%
 202121 187833       -0.2215    74       -0.1980       -0.2246 22450235   13.40%
 202613 187587       -0.2036    53       -0.1980       -0.2246 22415576   13.40%
 203208 188374       -0.2137    70       -0.1980       -0.2246 22509010   13.40%
 203696 189015       -0.1982    47       -0.1980       -0.2246 22599775   13.40%
 204303 189813       -0.1998    49       -0.1980       -0.2246 22711673   13.40%
 204900 190204       -0.2106    67       -0.1980       -0.2246 22762424   13.40%
 205419 190432       -0.2075    56       -0.1980       -0.2246 22800031   13.40%
Elapsed time = 1174.41 sec. (1420440.60 ticks, tree = 6089.87 MB, solutions = 27)
Nodefile size = 4034.37 MB (2785.34 MB after compression)
 205934 191198       -0.1986    39       -0.1980       -0.2246 22896159   13.40%
 206452 191325       -0.2153    72       -0.1980       -0.2246 22913631   13.40%
 207094 192170       -0.2036    51       -0.1980       -0.2246 23034946   13.40%
 207632 192579       -0.2020    53       -0.1980       -0.2246 23099939   13.40%
 208106 193236       -0.2153    79       -0.1980       -0.2246 23176201   13.40%
 208688 193413       -0.2021    39       -0.1980       -0.2246 23192810   13.40%
 209285 194554       -0.2162    78       -0.1980       -0.2246 23357448   13.40%
 209752 194434       -0.2013    57       -0.1980       -0.2246 23353356   13.40%
 210235 194900       -0.2051    47       -0.1980       -0.2246 23400154   13.40%
 210713 195962       -0.2106    79       -0.1980       -0.2246 23557756   13.40%
Elapsed time = 1207.08 sec. (1458630.26 ticks, tree = 6268.03 MB, solutions = 27)
Nodefile size = 4211.85 MB (2908.61 MB after compression)
 211237 196403       -0.2144    69       -0.1980       -0.2246 23621238   13.40%
 211814 196349       -0.2124    66       -0.1980       -0.2246 23619210   13.40%
 212445 196885       -0.2199    78       -0.1980       -0.2246 23687124   13.40%
 213012 197635       -0.2000    52       -0.1980       -0.2246 23784538   13.40%
 213634 198316       -0.2205    74       -0.1980       -0.2246 23875105   13.40%
 214136 198479       -0.2106    62       -0.1980       -0.2246 23898073   13.40%
 214744 199811       -0.1996    42       -0.1980       -0.2246 24046618   13.40%
 215349 199952       -0.2093    62       -0.1980       -0.2246 24065225   13.40%
 215827 200707       -0.2184    73       -0.1980       -0.2246 24164117   13.40%
 216435 201314       -0.2094    56       -0.1980       -0.2246 24261708   13.40%
Elapsed time = 1240.22 sec. (1496858.30 ticks, tree = 6439.56 MB, solutions = 27)
Nodefile size = 4384.85 MB (3028.68 MB after compression)
 217098 201448       -0.2236    92       -0.1980       -0.2246 24280005   13.40%
 217754 202132       -0.2071    62       -0.1980       -0.2246 24357258   13.40%
 218412 202681       -0.2052    60       -0.1980       -0.2246 24426402   13.40%
 219129 202903       -0.2013    52       -0.1980       -0.2246 24444303   13.40%
 219730 203970       -0.1982    44       -0.1980       -0.2246 24571751   13.40%
 220312 204524       -0.1995    47       -0.1980       -0.2246 24646285   13.40%
 220967 204703       -0.2153    81       -0.1980       -0.2246 24662447   13.40%
 221619 205856       -0.1982    45       -0.1980       -0.2246 24813450   13.40%
 222136 206435       -0.2122    65       -0.1980       -0.2246 24891417   13.40%
 222696 206601       -0.2077    63       -0.1980       -0.2246 24911423   13.40%
Elapsed time = 1273.16 sec. (1535094.58 ticks, tree = 6609.83 MB, solutions = 27)
Nodefile size = 4548.65 MB (3142.67 MB after compression)
 223281 206918       -0.2235    91       -0.1980       -0.2246 24959130   13.40%
 223950 208305       -0.2064    62       -0.1980       -0.2246 25131964   13.40%
 224412 208035       -0.1982    47       -0.1980       -0.2246 25097940   13.40%
 225023 208772       -0.2090    61       -0.1980       -0.2246 25195840   13.40%
 225608 209228       -0.2062    64       -0.1980       -0.2246 25274256   13.40%
 226199 210082       -0.2047    54       -0.1980       -0.2246 25375770   13.40%
 226835 210529       -0.2199    75       -0.1980       -0.2246 25448221   13.40%
 227297 211187       -0.2236    88       -0.1980       -0.2246 25518209   13.40%
 227979 211369       -0.2002    40       -0.1980       -0.2246 25535962   13.40%
 228606 212420       -0.2184    84       -0.1980       -0.2246 25687627   13.40%
Elapsed time = 1306.64 sec. (1573377.03 ticks, tree = 6797.38 MB, solutions = 27)
Nodefile size = 4741.02 MB (3276.20 MB after compression)
 229088 212906       -0.2101    70       -0.1980       -0.2246 25739108   13.40%
 229676 213307       -0.1982    40       -0.1980       -0.2246 25780820   13.40%
 230361 213954       -0.2106    63       -0.1980       -0.2246 25867819   13.40%
 230955 214682       -0.2199    75       -0.1980       -0.2246 25974036   13.40%
 231438 215016       -0.2009    54       -0.1980       -0.2246 26019351   13.40%
 231996 215168       -0.2109    64       -0.1980       -0.2246 26037297   13.40%
 232511 216252       -0.1994    40       -0.1980       -0.2246 26191009   13.40%
 233082 216382       -0.2074    52       -0.1980       -0.2246 26206333   13.40%
 233623 217255       -0.2084    56       -0.1980       -0.2246 26322527   13.40%
 234128 217523       -0.2047    55       -0.1980       -0.2246 26367316   13.40%
Elapsed time = 1339.64 sec. (1611666.37 ticks, tree = 6934.83 MB, solutions = 27)
Nodefile size = 4879.06 MB (3371.44 MB after compression)
 234627 217602       -0.2137    72       -0.1980       -0.2246 26385644   13.40%
 235228 218389       -0.1987    33       -0.1980       -0.2246 26490064   13.40%
 235797 219100       -0.2137    75       -0.1980       -0.2246 26586210   13.40%
 236417 219458       -0.2215    82       -0.1980       -0.2246 26628227   13.40%
 236993 219878       -0.2215    67       -0.1980       -0.2246 26672361   13.40%
 237564 220692       -0.2083    64       -0.1980       -0.2246 26777824   13.40%
 238070 221077       -0.2067    47       -0.1980       -0.2246 26821954   13.40%
 238634 221474       -0.2115    62       -0.1980       -0.2246 26892889   13.40%
 239175 222276       -0.2230    78       -0.1980       -0.2246 26997282   13.40%
 239696 222392       -0.2199    82       -0.1980       -0.2246 27014433   13.40%
Elapsed time = 1372.61 sec. (1649938.30 ticks, tree = 7085.86 MB, solutions = 27)
Nodefile size = 5027.35 MB (3473.84 MB after compression)
 240289 223437       -0.1982    51       -0.1980       -0.2246 27173856   13.40%
 240894 223616       -0.2029    52       -0.1980       -0.2246 27192161   13.40%
 241485 224167       -0.2199    79       -0.1980       -0.2246 27267808   13.40%
 242028 225122       -0.2098    67       -0.1980       -0.2246 27394150   13.40%
 242500 224813       -0.2159    67       -0.1980       -0.2246 27357808   13.40%
 242975 225983       -0.2029    51       -0.1980       -0.2246 27509525   13.40%
 243560 226609       -0.2153    72       -0.1980       -0.2246 27613729   13.40%
 244208 226598       -0.2010    33       -0.1980       -0.2246 27604727   13.40%
 244848 227644       -0.2114    69       -0.1980       -0.2246 27739571   13.40%
 245458 227828       -0.1998    37       -0.1980       -0.2246 27758446   13.40%
Elapsed time = 1406.08 sec. (1688184.10 ticks, tree = 7260.82 MB, solutions = 27)
Nodefile size = 5197.21 MB (3591.80 MB after compression)
 245999 228601       -0.2145    68       -0.1980       -0.2246 27860572   13.40%
 246491 229406       -0.1982    49       -0.1980       -0.2246 27961999   13.40%
 246996 229700       -0.2051    62       -0.1980       -0.2246 28009272   13.40%
 247548 229974       -0.2088    55       -0.1980       -0.2246 28050767   13.40%
 248146 231167       -0.2234    89       -0.1980       -0.2246 28203570   13.40%
 248797 230752       -0.2044    61       -0.1980       -0.2246 28142665   13.40%
 249314 231494       -0.2145    65       -0.1980       -0.2246 28245928   13.40%
 249788 232400       -0.2168    68       -0.1980       -0.2246 28375504   13.40%
 250387 232348        cutoff             -0.1980       -0.2246 28365659   13.40%
 251051 233263       -0.2215    82       -0.1980       -0.2246 28489289   13.40%
Elapsed time = 1438.97 sec. (1726377.46 ticks, tree = 7436.05 MB, solutions = 27)
Nodefile size = 5379.43 MB (3718.37 MB after compression)
 251664 233400       -0.2122    63       -0.1980       -0.2246 28507463   13.40%
 252270 234642       -0.2230    82       -0.1980       -0.2246 28627092   13.40%
 252767 235581       -0.2054    65       -0.1980       -0.2246 28763607   13.40%
 253357 235448       -0.2231    94       -0.1980       -0.2246 28752161   13.40%
 253761 236272       -0.2230    90       -0.1980       -0.2246 28859565   13.40%
 254204 236516       -0.2199    85       -0.1980       -0.2246 28907874   13.40%
 254754 236638       -0.2199    78       -0.1980       -0.2246 28933900   13.40%
 255332 237546       -0.2184    77       -0.1980       -0.2246 29060061   13.40%
 255809 238046       -0.2052    58       -0.1980       -0.2246 29126450   13.40%
 256306 238744       -0.2236    85       -0.1980       -0.2246 29234234   13.40%
Elapsed time = 1471.77 sec. (1764625.19 ticks, tree = 7612.32 MB, solutions = 27)
Nodefile size = 5555.06 MB (3840.56 MB after compression)
 256863 239055       -0.2044    35       -0.1980       -0.2246 29280866   13.40%
 257441 239008       -0.2013    58       -0.1980       -0.2246 29276674   13.40%
 257931 239773       -0.1984    40       -0.1980       -0.2246 29386216   13.40%
 258342 240467       -0.2036    53       -0.1980       -0.2246 29479436   13.40%
 258865 240884       -0.2168    70       -0.1980       -0.2246 29564086   13.40%
 259352 241608       -0.2090    61       -0.1980       -0.2246 29670599   13.40%
 259857 241515       -0.2137    64       -0.1980       -0.2246 29658194   13.40%
 260529 242461       -0.2114    54       -0.1980       -0.2246 29799469   13.40%
 261128 242752       -0.2168    73       -0.1980       -0.2246 29847679   13.40%
 261671 243046       -0.2215    91       -0.1980       -0.2246 29873487   13.40%
Elapsed time = 1504.97 sec. (1802907.74 ticks, tree = 7750.98 MB, solutions = 27)
Nodefile size = 5690.69 MB (3935.08 MB after compression)
 262202 244102       -0.2129    70       -0.1980       -0.2246 30009318   13.40%
 262749 244598       -0.2073    51       -0.1980       -0.2246 30085261   13.40%
 263203 245242       -0.1987    34       -0.1980       -0.2246 30195161   13.40%
 263747 245153       -0.2037    55       -0.1980       -0.2246 30183334   13.40%
 264245 245484       -0.2097    56       -0.1980       -0.2246 30238421   13.40%
 264802 246395       -0.2137    63       -0.1980       -0.2246 30341564   13.40%
 265420 246910       -0.2052    56       -0.1980       -0.2246 30422597   13.40%
 265952 247829       -0.2246    85       -0.1980       -0.2246 30529650   13.40%
 266449 248210       -0.2011    51       -0.1980       -0.2246 30582009   13.40%
 266968 248525       -0.2205    83       -0.1980       -0.2246 30624934   13.40%
Elapsed time = 1537.36 sec. (1841138.25 ticks, tree = 7927.42 MB, solutions = 27)
Nodefile size = 5867.34 MB (4058.04 MB after compression)
 267513 248840       -0.2090    59       -0.1980       -0.2246 30681516   13.40%
 268012 249103       -0.2050    46       -0.1980       -0.2246 30729026   13.40%
 268571 249725       -0.2129    66       -0.1980       -0.2246 30808251   13.40%
 269015 249817       -0.2075    51       -0.1980       -0.2246 30826119   13.40%
 269563 250601       -0.2061    56       -0.1980       -0.2246 30925091   13.40%
 270095 251464       -0.2230    78       -0.1980       -0.2246 31069493   13.40%
 270618 251932       -0.2103    48       -0.1980       -0.2246 31142682   13.40%
 271069 252457       -0.1983    48       -0.1980       -0.2246 31222586   13.40%
 271538 252574       -0.2153    69       -0.1980       -0.2246 31241223   13.40%
 272051 253285       -0.2129    69       -0.1980       -0.2246 31360738   13.40%
Elapsed time = 1570.28 sec. (1879345.17 ticks, tree = 8080.97 MB, solutions = 27)
Nodefile size = 6020.95 MB (4165.25 MB after compression)
 272618 254100       -0.2215    85       -0.1980       -0.2246 31475786   13.40%
 273171 254387       -0.2098    59       -0.1980       -0.2246 31523468   13.40%
 273703 254782       -0.2205    87       -0.1980       -0.2246 31582561   13.40%
 274278 254749       -0.2137    59       -0.1980       -0.2246 31565411   13.40%
 274876 255772       -0.2153    67       -0.1980       -0.2246 31711685   13.40%
 275550 256566       -0.2083    77       -0.1980       -0.2246 31826009   13.40%
 276110 256687       -0.2044    52       -0.1980       -0.2246 31844413   13.40%
 276651 257523       -0.2031    54       -0.1980       -0.2246 31958895   13.40%
 277194 257678       -0.2137    56       -0.1980       -0.2246 31976332   13.40%
 277702 258217       -0.2044    51       -0.1980       -0.2246 32059543   13.40%
Elapsed time = 1603.98 sec. (1917568.14 ticks, tree = 8239.66 MB, solutions = 27)
Nodefile size = 6181.74 MB (4277.27 MB after compression)
 278288 258388       -0.2075    61       -0.1980       -0.2246 32077453   13.40%
 278810 259637       -0.1984    40       -0.1980       -0.2246 32245845   13.40%
 279374 260118       -0.2168    66       -0.1980       -0.2246 32331625   13.40%
 279896 260714       -0.2199    74       -0.1980       -0.2246 32408493   13.40%
 280471 261376       -0.2073    56       -0.1980       -0.2246 32492733   13.40%
 281099 261557       -0.2153    70       -0.1980       -0.2246 32509365   13.40%
 281583 262056       -0.2061    62       -0.1980       -0.2246 32593605   13.40%
 282070 262646       -0.2047    56       -0.1980       -0.2246 32669062   13.40%
 282522 262725       -0.2215    82       -0.1980       -0.2246 32690894   13.40%
 283055 263862       -0.2050    57       -0.1980       -0.2246 32852881   13.40%
Elapsed time = 1637.20 sec. (1955796.77 ticks, tree = 8421.55 MB, solutions = 27)
Nodefile size = 6365.26 MB (4405.19 MB after compression)
 283639 263785       -0.2029    36       -0.1980       -0.2246 32836497   13.40%
 284161 264784       -0.2067    63       -0.1980       -0.2246 32984815   13.40%
 284819 264891       -0.2130    59       -0.1980       -0.2246 33004797   13.40%
 285336 265398       -0.2152    59       -0.1980       -0.2246 33058561   13.40%
 285813 265961       -0.2035    58       -0.1980       -0.2246 33137078   13.40%
 286363 266914       -0.1983    51       -0.1980       -0.2246 33270014   13.40%
 286862 267687       -0.2168    92       -0.1980       -0.2246 33372420   13.40%
 287482 267260       -0.2209    76       -0.1980       -0.2246 33310433   13.40%
 288105 268465       -0.2215    78       -0.1980       -0.2246 33476809   13.40%
 288618 268171       -0.2122    60       -0.1980       -0.2246 33435649   13.40%
Elapsed time = 1671.69 sec. (1994045.80 ticks, tree = 8560.47 MB, solutions = 27)
Nodefile size = 6496.38 MB (4496.55 MB after compression)
 289157 269053       -0.1998    37       -0.1980       -0.2246 33558063   13.40%
 289765 270034       -0.2210    74       -0.1980       -0.2246 33698945   13.40%
 290332 269891       -0.2230    86       -0.1980       -0.2246 33691435   13.40%
 290936 270773       -0.2031    53       -0.1980       -0.2246 33809208   13.40%
 291477 271632       -0.2036    54       -0.1980       -0.2246 33907915   13.40%
 291996 272363       -0.2017    56       -0.1980       -0.2246 34030731   13.40%
 292593 271940       -0.2184    71       -0.1980       -0.2246 33957203   13.40%
 293128 272889       -0.2072    63       -0.1980       -0.2246 34104522   13.40%
 293653 273542       -0.2026    37       -0.1980       -0.2246 34192007   13.40%
 294285 274252       -0.2075    55       -0.1980       -0.2246 34301147   13.40%
Elapsed time = 1705.20 sec. (2032320.41 ticks, tree = 8756.37 MB, solutions = 27)
Nodefile size = 6697.03 MB (4636.42 MB after compression)
 294808 274427       -0.2137    65       -0.1980       -0.2246 34330609   13.40%
 295207 274699       -0.2184    76       -0.1980       -0.2246 34372044   13.40%
 295765 275925       -0.2067    48       -0.1980       -0.2246 34551825   13.40%
 296433 275874       -0.2045    61       -0.1980       -0.2246 34540057   13.40%
 297011 276760       -0.2101    65       -0.1980       -0.2246 34653449   13.40%
 297618 276656       -0.2246    86       -0.1980       -0.2246 34646275   13.40%
 298185 278031       -0.2091    56       -0.1980       -0.2246 34817408   13.40%
 298714 278408       -0.2005    39       -0.1980       -0.2246 34874444   13.40%
 299298 278338       -0.2029    58       -0.1980       -0.2246 34867610   13.40%
 299765 279194       -0.2122    59       -0.1980       -0.2246 34985389   13.40%
Elapsed time = 1738.58 sec. (2070543.25 ticks, tree = 8915.45 MB, solutions = 27)
Nodefile size = 6858.63 MB (4749.21 MB after compression)
 300245 279711       -0.1998    43       -0.1980       -0.2246 35070888   13.40%
 300751 280639       -0.2230    80       -0.1980       -0.2246 35215965   13.40%
 301249 280308       -0.1984    51       -0.1980       -0.2246 35170784   13.40%
 301710 281303       -0.2091    68       -0.1980       -0.2246 35314522   13.40%
 302163 281204       -0.2122    71       -0.1980       -0.2246 35304647   13.40%
 302641 281769       -0.2212    85       -0.1980       -0.2246 35386835   13.40%
 303131 282192       -0.2134    64       -0.1980       -0.2246 35461305   13.40%
 303694 283187       -0.2122    66       -0.1980       -0.2246 35612760   13.40%
 304201 283138       -0.2215    94       -0.1980       -0.2246 35603280   13.40%
 304648 283879       -0.2131    68       -0.1980       -0.2246 35722697   13.40%
Elapsed time = 1771.41 sec. (2108808.18 ticks, tree = 9066.51 MB, solutions = 27)
Nodefile size = 7007.55 MB (4853.46 MB after compression)
 305149 284456       -0.2129    77       -0.1980       -0.2246 35814516   13.40%
 305667 284580       -0.2103    64       -0.1980       -0.2246 35833068   13.40%
 306228 285045       -0.2178    69       -0.1980       -0.2246 35904006   13.40%
 306801 285686       -0.2065    59       -0.1980       -0.2246 35992819   13.40%
 307251 286278       -0.2122    67       -0.1980       -0.2246 36077325   13.40%
 307817 286164       -0.2153    73       -0.1980       -0.2246 36065486   13.40%
 308310 287240       -0.2036    57       -0.1980       -0.2246 36209591   13.40%
 308879 287767       -0.2246    80       -0.1980       -0.2246 36301813   13.40%
 309384 288072       -0.2140    72       -0.1980       -0.2246 36348260   13.40%
 310039 288715       -0.2168    67       -0.1980       -0.2246 36421098   13.40%
Elapsed time = 1804.56 sec. (2147107.28 ticks, tree = 9222.37 MB, solutions = 27)
Nodefile size = 7159.60 MB (4959.89 MB after compression)
 310514 289311       -0.2121    59       -0.1980       -0.2246 36516878   13.40%
 310982 290131       -0.2029    46       -0.1980       -0.2246 36636472   13.40%
 311599 290287       -0.2216    71       -0.1980       -0.2246 36655617   13.40%
 312117 290697       -0.2153    65       -0.1980       -0.2246 36713133   13.40%
 312709 290938       -0.2075    58       -0.1980       -0.2246 36761390   13.40%
 313224 292072       -0.2230    80       -0.1980       -0.2246 36914574   13.40%
 313718 292203       -0.2209    86       -0.1980       -0.2246 36929363   13.40%
 314159 292618       -0.2210    87       -0.1980       -0.2246 36995434   13.40%
 314671 293230       -0.2208    84       -0.1980       -0.2246 37089369   13.40%
 315162 293597       -0.2202    85       -0.1980       -0.2246 37154160   13.40%
Elapsed time = 1837.42 sec. (2185328.39 ticks, tree = 9379.43 MB, solutions = 27)
Nodefile size = 7321.63 MB (5073.34 MB after compression)
 315673 293728       -0.2233    87       -0.1980       -0.2246 37171603   13.40%
 316168 294419       -0.2021    44       -0.1980       -0.2246 37262339   13.40%
 316729 295077       -0.2013    45       -0.1980       -0.2246 37373154   13.40%
 317232 295636       -0.2015    52       -0.1980       -0.2246 37455920   13.40%
 317688 295769       -0.2168    68       -0.1980       -0.2246 37474390   13.40%
 318242 296395       -0.2093    60       -0.1980       -0.2246 37560603   13.40%
 318783 296974       -0.1997    52       -0.1980       -0.2246 37656933   13.40%
 319246 297501       -0.2044    61       -0.1980       -0.2246 37728061   13.40%
 319678 297763       -0.2098    68       -0.1980       -0.2246 37776192   13.40%
 320142 297931       -0.2021    59       -0.1980       -0.2246 37813212   13.40%
Elapsed time = 1870.41 sec. (2223569.26 ticks, tree = 9519.01 MB, solutions = 27)
Nodefile size = 7458.19 MB (5169.07 MB after compression)
 320626 299214       -0.2009    40       -0.1980       -0.2246 37999511   13.40%
 321142 299331       -0.2153    82       -0.1980       -0.2246 38018095   13.40%
 321756 299975       -0.2089    61       -0.1980       -0.2246 38109609   13.40%
 322230 300256       -0.2153    66       -0.1980       -0.2246 38166210   13.40%
 322688 300946       -0.2168    81       -0.1980       -0.2246 38255606   13.40%
 323242 301185       -0.2021    45       -0.1980       -0.2246 38299696   13.40%
 323762 301900       -0.1984    53       -0.1980       -0.2246 38392934   13.40%
 324192 302271       -0.2058    54       -0.1980       -0.2246 38456439   13.40%
 324661 302535       -0.2005    51       -0.1980       -0.2246 38496913   13.40%
 325248 302626       -0.2113    55       -0.1980       -0.2246 38517280   13.40%
Elapsed time = 1904.19 sec. (2261789.77 ticks, tree = 9670.51 MB, solutions = 27)
Nodefile size = 7608.28 MB (5274.22 MB after compression)
 325743 303837       -0.2148    72       -0.1980       -0.2246 38680896   13.40%
 326348 304068       -0.2141    77       -0.1980       -0.2246 38718786   13.40%
 326917 304234       -0.2011    45       -0.1980       -0.2246 38738670   13.40%
 327385 305125       -0.2044    55       -0.1980       -0.2246 38851491   13.40%
 327924 305749       -0.2082    71       -0.1980       -0.2246 38944981   13.40%
 328440 306443       -0.2180    87       -0.1980       -0.2246 39041432   13.40%
 328963 306770       -0.1990    45       -0.1980       -0.2246 39083365   13.40%
 329357 307300       -0.2129    70       -0.1980       -0.2246 39175894   13.40%
 329901 307237       -0.2215    96       -0.1980       -0.2246 39166880   13.40%
 330398 307949       -0.2114    59       -0.1980       -0.2246 39284429   13.40%
Elapsed time = 1937.03 sec. (2300065.03 ticks, tree = 9841.38 MB, solutions = 27)
Nodefile size = 7783.28 MB (5396.44 MB after compression)
 330920 308436       -0.2089    63       -0.1980       -0.2246 39353526   13.40%
 331406 308929       -0.1983    63       -0.1980       -0.2246 39417371   13.40%
 331880 309601        cutoff             -0.1980       -0.2246 39512710   13.40%
 332508 309715       -0.2207    78       -0.1980       -0.2246 39530408   13.40%
 333057 310064       -0.2094    57       -0.1980       -0.2246 39573804   13.40%
 333593 311086       -0.2150    72       -0.1980       -0.2246 39725530   13.40%
 334146 311220        cutoff             -0.1980       -0.2246 39744352   13.40%
 334575 311561       -0.2010    40       -0.1980       -0.2246 39790431   13.40%
 335027 312226       -0.2105    63       -0.1980       -0.2246 39883509   13.40%
 335607 312635       -0.2121    76       -0.1980       -0.2246 39969394   13.40%
Elapsed time = 1970.94 sec. (2338304.02 ticks, tree = 9992.45 MB, solutions = 27)
Nodefile size = 7933.67 MB (5501.42 MB after compression)
 336062 313467       -0.2246    87       -0.1980       -0.2246 40061422   13.40%
 336532 313694       -0.2109    66       -0.1980       -0.2246 40107909   13.40%
 337069 314282       -0.2199    77       -0.1980       -0.2246 40205994   13.40%
 337573 314923       -0.2182    81       -0.1980       -0.2246 40301115   13.40%
 337973 314804       -0.2168    70       -0.1980       -0.2246 40294011   13.40%
 338457 315630       -0.1998    48       -0.1980       -0.2246 40416304   13.40%
 339094 315619       -0.1984    45       -0.1980       -0.2246 40402272   13.40%
 339635 316553       -0.2122    72       -0.1980       -0.2246 40553167   13.40%
 340167 316680       -0.2004    48       -0.1980       -0.2246 40569783   13.40%
 340641 317770       -0.2230    72       -0.1980       -0.2246 40721182   13.40%
Elapsed time = 2005.80 sec. (2376551.29 ticks, tree = 10157.74 MB, solutions = 27)
Nodefile size = 8100.92 MB (5617.85 MB after compression)
 341175 318084       -0.2067    43       -0.1980       -0.2246 40755420   13.40%
 341583 318693       -0.2153    65       -0.1980       -0.2246 40850759   13.40%
 342166 318833       -0.2018    45       -0.1980       -0.2246 40870816   13.40%
 342746 319229       -0.1992    55       -0.1980       -0.2246 40922778   13.40%
 343307 319976       -0.2124    57       -0.1980       -0.2246 41021327   13.40%
 343840 320652       -0.2160    72       -0.1980       -0.2246 41129990   13.40%
 344357 320983       -0.2013    44       -0.1980       -0.2246 41165922   13.40%
 345034 321543       -0.2078    53       -0.1980       -0.2246 41239624   13.40%
 345561 321798       -0.2110    71       -0.1980       -0.2246 41285043   13.40%
 346008 322765       -0.2038    52       -0.1980       -0.2246 41410324   13.40%
Elapsed time = 2039.25 sec. (2414815.89 ticks, tree = 10318.73 MB, solutions = 27)
Nodefile size = 8260.05 MB (5728.32 MB after compression)
 346437 322662       -0.1997    44       -0.1980       -0.2246 41399272   13.40%
 346998 323106       -0.2168    61       -0.1980       -0.2246 41463591   13.40%
 347546 323804       -0.2031    56       -0.1980       -0.2246 41561072   13.40%
 347999 324338       -0.2088    58       -0.1980       -0.2246 41659100   13.40%
 348538 324816       -0.2205    74       -0.1980       -0.2246 41721999   13.40%
 348944 325380       -0.2045    63       -0.1980       -0.2246 41805323   13.40%
 349605 325677       -0.2183    74       -0.1980       -0.2246 41852519   13.40%
 350138 326161       -0.2238    88       -0.1980       -0.2246 41918271   13.40%
 350766 326285       -0.2062    54       -0.1980       -0.2246 41934481   13.40%
 351425 327185       -0.2005    49       -0.1980       -0.2246 42053427   13.40%
Elapsed time = 2072.12 sec. (2453140.08 ticks, tree = 10461.11 MB, solutions = 27)
Nodefile size = 8400.07 MB (5826.05 MB after compression)
 351949 327695       -0.2197    85       -0.1980       -0.2246 42102540   13.40%
 352498 328072       -0.2047    55       -0.1980       -0.2246 42172927   13.40%
 353131 328530       -0.2075    60       -0.1980       -0.2246 42206761   13.40%
 353625 329673        cutoff             -0.1980       -0.2246 42368801   13.40%
 354129 329445       -0.2177    74       -0.1980       -0.2246 42353073   13.40%
 354698 330676       -0.2211    80       -0.1980       -0.2246 42517523   13.40%
 355182 330831       -0.1998    54       -0.1980       -0.2246 42535049   13.40%
 355679 331617       -0.2200    70       -0.1980       -0.2246 42671460   13.40%
 356274 332134       -0.1984    41       -0.1980       -0.2246 42731629   13.40%
 356760 332638       -0.1982    35       -0.1980       -0.2246 42811586   13.40%
Elapsed time = 2105.44 sec. (2491369.11 ticks, tree = 10636.85 MB, solutions = 27)
Nodefile size = 8576.88 MB (5949.15 MB after compression)
 357221 332845       -0.2140    77       -0.1980       -0.2246 42855327   13.40%
 357706 333526       -0.2071    52       -0.1980       -0.2246 42965228   13.40%
 358328 333917       -0.2030    66       -0.1980       -0.2246 43007594   13.40%
 358798 334360       -0.2199    68       -0.1980       -0.2246 43079684   13.40%
 359294 335004       -0.2242    93       -0.1980       -0.2246 43177829   13.40%
 359856 335325       -0.2240    81       -0.1980       -0.2246 43222492   13.40%
 360528 335511        cutoff             -0.1980       -0.2246 43240126   13.40%
 360974 336543       -0.2157    77       -0.1980       -0.2246 43407755   13.40%
 361661 337168       -0.1990    54       -0.1980       -0.2246 43472300   13.40%
 362172 337771       -0.2112    66       -0.1980       -0.2246 43546730   13.40%
Elapsed time = 2138.47 sec. (2529598.18 ticks, tree = 10802.36 MB, solutions = 27)
Nodefile size = 8744.03 MB (6065.28 MB after compression)
 362878 338178       -0.2128    54       -0.1980       -0.2246 43594366   13.40%
 363421 338351       -0.2184    76       -0.1980       -0.2246 43611558   13.40%
 363912 338983       -0.2215    78       -0.1980       -0.2246 43708983   13.40%
 364440 339362       -0.2106    75       -0.1980       -0.2246 43758221   13.40%
 364900 339787       -0.1994    23       -0.1980       -0.2246 43820922   13.40%
 365478 340743       -0.1982    49       -0.1980       -0.2246 43938843   13.40%
 365953 341193       -0.2023    56       -0.1980       -0.2246 44011687   13.40%
 366564 341151       -0.2164    76       -0.1980       -0.2246 44002248   13.40%
 367151 341949       -0.2186    69       -0.1980       -0.2246 44117488   13.40%
 367699 342109       -0.2000    38       -0.1980       -0.2246 44134651   13.40%
Elapsed time = 2173.11 sec. (2567850.18 ticks, tree = 10941.99 MB, solutions = 27)
Nodefile size = 8876.82 MB (6157.64 MB after compression)
 368197 342713       -0.2211    83       -0.1980       -0.2246 44209089   13.40%
 368756 343819       -0.1982    37       -0.1980       -0.2246 44359404   13.40%
 369163 343901       -0.2207    80       -0.1980       -0.2246 44376450   13.40%
 369680 344547       -0.2021    59       -0.1980       -0.2246 44479923   13.40%
 370149 345231       -0.2235    85       -0.1980       -0.2246 44574671   13.40%
 370710 345081       -0.2153    73       -0.1980       -0.2246 44568102   13.40%
 371301 345866       -0.2140    71       -0.1980       -0.2246 44652356   13.40%
 371773 346171       -0.2168    73       -0.1980       -0.2246 44700627   13.40%
 372320 346830       -0.2091    63       -0.1980       -0.2246 44800006   13.40%
 372967 347550       -0.1984    30       -0.1980       -0.2246 44907041   13.40%
Elapsed time = 2206.81 sec. (2606192.71 ticks, tree = 11117.30 MB, solutions = 27)
Nodefile size = 9058.01 MB (6283.78 MB after compression)
 373470 348116       -0.2062    61       -0.1980       -0.2246 44982936   13.40%
 373986 348676       -0.2208    75       -0.1980       -0.2246 45052957   13.40%
 374424 348774       -0.1998    50       -0.1980       -0.2246 45072658   13.40%
 374974 349139       -0.2087    54       -0.1980       -0.2246 45111666   13.40%
 375504 349590       -0.2044    52       -0.1980       -0.2246 45194386   13.40%
 375996 350291       -0.1984    50       -0.1980       -0.2246 45293282   13.40%
 376532 350873       -0.2029    60       -0.1980       -0.2246 45394859   13.40%
 377119 351513       -0.2184    71       -0.1980       -0.2246 45471572   13.40%
 377680 351937       -0.2235    94       -0.1980       -0.2246 45541372   13.40%
 378195 352256       -0.2047    58       -0.1980       -0.2246 45592406   13.40%
Elapsed time = 2239.72 sec. (2644392.87 ticks, tree = 11268.86 MB, solutions = 27)
Nodefile size = 9208.54 MB (6388.69 MB after compression)
 378754 353023       -0.2022    48       -0.1980       -0.2246 45692461   13.40%
 379330 353417       -0.2240    92       -0.1980       -0.2246 45743888   13.40%
 380021 353876       -0.1991    38       -0.1980       -0.2246 45818175   13.40%
 380508 354196       -0.2184    71       -0.1980       -0.2246 45862899   13.40%
 381015 354634       -0.2246    82       -0.1980       -0.2246 45910593   13.40%
 381499 355438       -0.1981    29       -0.1980       -0.2246 46010243   13.40%
 382020 356080       -0.1985    34       -0.1980       -0.2246 46116769   13.40%
 382641 356305       -0.1984    50       -0.1980       -0.2246 46131782   13.40%
 383418 356700       -0.2047    57       -0.1980       -0.2246 46209001   13.40%
 383983 357516       -0.2029    63       -0.1980       -0.2246 46275769   13.40%
Elapsed time = 2273.25 sec. (2682656.64 ticks, tree = 11438.42 MB, solutions = 27)
Nodefile size = 9372.37 MB (6502.54 MB after compression)
 384593 357810       -0.2223    77       -0.1980       -0.2246 46319206   13.40%
 385101 358637       -0.2083    60       -0.1980       -0.2246 46427363   13.40%
 385618 359636       -0.2143    71       -0.1980       -0.2246 46564455   13.40%
 386242 359603       -0.1988    50       -0.1980       -0.2246 46553270   13.40%
 386820 360063       -0.1982    39       -0.1980       -0.2246 46619660   13.40%
 387345 360798       -0.2184    75       -0.1980       -0.2246 46719756   13.40%
 387891 361459       -0.2023    46       -0.1980       -0.2246 46797050   13.40%
 388401 361563       -0.2070    56       -0.1980       -0.2246 46812261   13.40%
 388977 362006       -0.2031    56       -0.1980       -0.2246 46889056   13.40%
 389471 362600       -0.2146    62       -0.1980       -0.2246 46966905   13.40%
Elapsed time = 2305.84 sec. (2720911.58 ticks, tree = 11602.39 MB, solutions = 27)
Nodefile size = 9537.21 MB (6617.13 MB after compression)
 390042 363754       -0.2016    61       -0.1980       -0.2246 47115912   13.40%
 390607 363989       -0.2168    83       -0.1980       -0.2246 47149193   13.40%
 391185 364903       -0.2140    92       -0.1980       -0.2246 47255350   13.40%
 391728 364756       -0.2044    49       -0.1980       -0.2246 47237994   13.40%
 392210 365496       -0.2137    77       -0.1980       -0.2246 47344178   13.40%
 392572 365588       -0.2078    67       -0.1980       -0.2246 47363340   13.40%
 392975 366641       -0.2025    56       -0.1980       -0.2246 47532500   13.40%
 393552 366476       -0.2001    49       -0.1980       -0.2246 47488529   13.40%
 394009 367282       -0.2098    57       -0.1980       -0.2246 47655538   13.40%
 394450 367564       -0.2031    49       -0.1980       -0.2246 47706569   13.40%
Elapsed time = 2339.17 sec. (2759155.81 ticks, tree = 11762.28 MB, solutions = 27)
Nodefile size = 9703.13 MB (6732.44 MB after compression)
 394899 367654       -0.2044    58       -0.1980       -0.2246 47721816   13.40%
 395347 368402       -0.2091    63       -0.1980       -0.2246 47824717   13.40%
 395816 368838       -0.2204    86       -0.1980       -0.2246 47902351   13.40%
 396475 369760       -0.2115    59       -0.1980       -0.2246 48035683   13.40%
 397093 369891       -0.2140    69       -0.1980       -0.2246 48051039   13.40%
 397683 370038       -0.2195    76       -0.1980       -0.2246 48069045   13.40%
 398216 371296       -0.2170    70       -0.1980       -0.2246 48217518   13.40%
 398717 371403       -0.2204    75       -0.1980       -0.2246 48237562   13.40%
 399277 371968       -0.2038    64       -0.1980       -0.2246 48305100   13.40%
 399887 372237       -0.2030    33       -0.1980       -0.2246 48358171   13.40%
Elapsed time = 2371.52 sec. (2797391.93 ticks, tree = 11912.78 MB, solutions = 27)
Nodefile size = 9850.06 MB (6835.24 MB after compression)
 400340 373277       -0.2215    83       -0.1980       -0.2246 48490575   13.40%
 400776 372935       -0.2230    90       -0.1980       -0.2246 48445470   13.40%
 401257 373868       -0.2168    86       -0.1980       -0.2246 48580302   13.40%
 401708 374519       -0.2246    88       -0.1980       -0.2246 48689188   13.40%
 402342 374781       -0.2230    74       -0.1980       -0.2246 48736581   13.40%
 402869 374855       -0.2052    55       -0.1980       -0.2246 48749723   13.40%
 403430 375804       -0.2179    74       -0.1980       -0.2246 48861863   13.40%
 404058 376605       -0.2013    44       -0.1980       -0.2246 48964880   13.40%
 404672 376772       -0.2215    87       -0.1980       -0.2246 48984813   13.40%
 405077 376948       -0.2078    65       -0.1980       -0.2246 49029122   13.40%
Elapsed time = 2404.39 sec. (2835636.96 ticks, tree = 12064.73 MB, solutions = 27)
Nodefile size = 9999.78 MB (6939.49 MB after compression)
 405696 377848       -0.2215    77       -0.1980       -0.2246 49146126   13.40%
 406269 378222       -0.2005    43       -0.1980       -0.2246 49189841   13.40%
 406764 378663       -0.2044    64       -0.1980       -0.2246 49264669   13.40%
 407363 379508       -0.2044    50       -0.1980       -0.2246 49371656   13.40%
 407815 380088       -0.2098    67       -0.1980       -0.2246 49455929   13.40%
 408266 380833       -0.2211    78       -0.1980       -0.2246 49562828   13.40%
 408877 381164       -0.2212    87       -0.1980       -0.2246 49605803   13.40%
 409519 381325       -0.2025    57       -0.1980       -0.2246 49623939   13.40%
 409938 382200       -0.2106    67       -0.1980       -0.2246 49764826   13.40%
 410436 382035       -0.2162    75       -0.1980       -0.2246 49756800   13.40%
Elapsed time = 2443.23 sec. (2873891.50 ticks, tree = 12228.61 MB, solutions = 27)
Nodefile size = 10165.10 MB (7054.54 MB after compression)
 411063 383275       -0.2223    87       -0.1980       -0.2246 49925211   13.40%
 411608 383446       -0.2215    94       -0.1980       -0.2246 49938978   13.40%
 412059 384196       -0.2091    70       -0.1980       -0.2246 50054887   13.40%
 412587 384530       -0.2107    68       -0.1980       -0.2246 50094834   13.40%
 413157 384633       -0.2091    75       -0.1980       -0.2246 50113040   13.40%
 413706 385208       -0.2166    70       -0.1980       -0.2246 50182988   13.40%
 414412 386506       -0.2044    60       -0.1980       -0.2246 50347403   13.40%
 414912 386109       -0.1990    47       -0.1980       -0.2246 50301682   13.40%
 415448 386707       -0.2116    69       -0.1980       -0.2246 50382891   13.40%
 415975 387306       -0.2184    82       -0.1980       -0.2246 50464697   13.40%
Elapsed time = 2476.33 sec. (2912186.10 ticks, tree = 12398.30 MB, solutions = 27)
Nodefile size = 10334.77 MB (7172.80 MB after compression)
 416542 388285       -0.2091    64       -0.1980       -0.2246 50605041   13.40%
 416973 388403       -0.2051    56       -0.1980       -0.2246 50622460   13.40%
 417397 388881       -0.2029    46       -0.1980       -0.2246 50703228   13.40%
 418010 389722       -0.2230    89       -0.1980       -0.2246 50798837   13.40%
 418615 389648       -0.1982    39       -0.1980       -0.2246 50787458   13.40%
 419104 390829       -0.2039    46       -0.1980       -0.2246 50947666   13.40%
 419572 391222       -0.2168    69       -0.1980       -0.2246 51035546   13.40%
 420351 391172       -0.2243    89       -0.1980       -0.2246 50984977   13.40%
 421021 391671       -0.2004    47       -0.1980       -0.2246 51092308   13.40%
 421602 393001       -0.2024    71       -0.1980       -0.2246 51230926   13.40%
Elapsed time = 2509.05 sec. (2950424.28 ticks, tree = 12581.62 MB, solutions = 27)
Nodefile size = 10523.20 MB (7304.03 MB after compression)
 421997 393320       -0.2180    75       -0.1980       -0.2246 51280714   13.40%
 422552 393919       -0.2199    85       -0.1980       -0.2246 51366497   13.40%
 423138 394283       -0.2000    52       -0.1980       -0.2246 51415163   13.40%
 423605 394569       -0.2075    60       -0.1980       -0.2246 51462559   13.40%
 424059 394917       -0.2021    55       -0.1980       -0.2246 51512987   13.40%
 424583 395811       -0.2168    67       -0.1980       -0.2246 51655505   13.40%
 425115 395685       -0.2192    71       -0.1980       -0.2246 51635561   13.40%
 425773 396318       -0.2168    69       -0.1980       -0.2246 51722515   13.40%
 426199 397173       -0.2122    63       -0.1980       -0.2246 51855258   13.40%
 426774 397719       -0.2071    58       -0.1980       -0.2246 51938296   13.40%
Elapsed time = 2541.70 sec. (2988639.71 ticks, tree = 12733.95 MB, solutions = 27)
Nodefile size = 10674.76 MB (7409.61 MB after compression)
 427246 398375       -0.2167    75       -0.1980       -0.2246 52016171   13.40%
 427942 399038       -0.2063    54       -0.1980       -0.2246 52090535   13.40%
 428531 399393       -0.2139    64       -0.1980       -0.2246 52146587   13.40%
 429223 399938       -0.1995    49       -0.1980       -0.2246 52226404   13.40%
 429885 400651       -0.2004    54       -0.1980       -0.2246 52309296   13.40%
 430408 401315       -0.2035    54       -0.1980       -0.2246 52387077   13.40%
 430983 401443       -0.1989    35       -0.1980       -0.2246 52407204   13.40%
 431515 401743       -0.2164    67       -0.1980       -0.2246 52449872   13.40%
 432102 402204       -0.2061    68       -0.1980       -0.2246 52502228   13.40%
 432735 403319       -0.2246    92       -0.1980       -0.2246 52645506   13.40%
Elapsed time = 2574.73 sec. (3026876.72 ticks, tree = 12914.06 MB, solutions = 27)
Nodefile size = 10852.54 MB (7533.28 MB after compression)
 433255 403196       -0.2117    67       -0.1980       -0.2246 52627045   13.40%
 433821 403835       -0.2008    45       -0.1980       -0.2246 52718548   13.40%
 434436 404971       -0.2006    37       -0.1980       -0.2246 52852616   13.40%
 435089 405390       -0.2109    72       -0.1980       -0.2246 52933215   13.40%
 435722 405890       -0.1982    47       -0.1980       -0.2246 52983490   13.40%
 436180 406669       -0.2029    50       -0.1980       -0.2246 53092166   13.40%
 436673 406810       -0.1982    52       -0.1980       -0.2246 53112088   13.40%
 437141 407197       -0.2137    75       -0.1980       -0.2246 53160904   13.40%
 437637 407905       -0.2245    80       -0.1980       -0.2246 53268090   13.40%
 438057 408195       -0.2217    74       -0.1980       -0.2246 53326161   13.40%
Elapsed time = 2607.81 sec. (3065134.20 ticks, tree = 13054.33 MB, solutions = 27)
Nodefile size = 10993.38 MB (7630.53 MB after compression)
 438606 408531       -0.2184    70       -0.1980       -0.2246 53374085   13.40%
 439173 409292       -0.2166    72       -0.1980       -0.2246 53477163   13.40%
 439637 409695       -0.2067    62       -0.1980       -0.2246 53524884   13.40%
 440161 410044       -0.2246    78       -0.1980       -0.2246 53591175   13.40%
 440798 410753       -0.2077    55       -0.1980       -0.2246 53682771   13.40%
 441417 411082       -0.2139    65       -0.1980       -0.2246 53729402   13.40%
 441905 411223       -0.2003    51       -0.1980       -0.2246 53747456   13.40%
 442573 411857       -0.2175    73       -0.1980       -0.2246 53821118   13.40%
 443207 412877       -0.2059    52       -0.1980       -0.2246 53965860   13.40%
 443838 412859       -0.2229    85       -0.1980       -0.2246 53950566   13.40%
Elapsed time = 2640.47 sec. (3103389.50 ticks, tree = 13204.82 MB, solutions = 27)
Nodefile size = 11133.24 MB (7727.40 MB after compression)
 444446 413746       -0.2106    72       -0.1980       -0.2246 54052706   13.40%
 444976 414554       -0.2014    48       -0.1980       -0.2246 54130021   13.40%
 445625 415408       -0.2052    53       -0.1980       -0.2246 54226548   13.40%
 446267 415592       -0.2059    51       -0.1980       -0.2246 54243004   13.40%
 446849 416684       -0.2219    80       -0.1980       -0.2246 54372943   13.40%
 447401 417434       -0.2085    58       -0.1980       -0.2246 54448958   13.40%
 448158 417732       -0.2177    80       -0.1980       -0.2246 54485100   13.40%
 448942 418157       -0.2139    68       -0.1980       -0.2246 54532033   13.40%
 449525 418964       -0.2186    80       -0.1980       -0.2246 54616978   13.40%
 450102 419406       -0.1998    45       -0.1980       -0.2246 54655969   13.40%
Elapsed time = 2673.92 sec. (3141627.50 ticks, tree = 13415.60 MB, solutions = 27)
Nodefile size = 11352.44 MB (7878.49 MB after compression)
 450835 420382       -0.2153    82       -0.1980       -0.2246 54775467   13.40%
 451386 421046       -0.2049    39       -0.1980       -0.2246 54843911   13.40%
 451968 420862       -0.2246    78       -0.1980       -0.2246 54832394   13.40%
 452534 421932       -0.2025    46       -0.1980       -0.2246 54942266   13.40%
 453172 422198       -0.2116    73       -0.1980       -0.2246 54987003   13.40%
 453685 422550       -0.2230    86       -0.1980       -0.2246 55027630   13.40%
 454327 422983       -0.1998    41       -0.1980       -0.2246 55070896   13.40%
 455058 423704       -0.2246    92       -0.1980       -0.2246 55142020   13.40%
 455755 423990       -0.2215    88       -0.1980       -0.2246 55192672   13.40%
 456263 425658       -0.2199    81       -0.1980       -0.2246 55370241   13.40%
Elapsed time = 2707.64 sec. (3179928.51 ticks, tree = 13617.11 MB, solutions = 27)
Nodefile size = 11557.79 MB (8020.29 MB after compression)
 456954 425827       -0.2153    77       -0.1980       -0.2246 55386664   13.40%
 457611 426595       -0.2092    61       -0.1980       -0.2246 55492774   13.40%
 458290 427097       -0.2030    42       -0.1980       -0.2246 55544439   13.40%
 458797 426853       -0.2168    95       -0.1980       -0.2246 55525659   13.40%
 459541 428912       -0.2083    61       -0.1980       -0.2246 55732182   13.40%
 460206 428445       -0.1998    42       -0.1980       -0.2246 55682124   13.40%
 460907 430188       -0.2166    67       -0.1980       -0.2246 55857779   13.40%
 461411 430017       -0.2215    83       -0.1980       -0.2246 55840101   13.40%
 462135 430661       -0.2140    87       -0.1980       -0.2246 55921249   13.40%
 462830 431092       -0.2230    87       -0.1980       -0.2246 55966071   13.40%
Elapsed time = 2740.83 sec. (3218157.02 ticks, tree = 13792.27 MB, solutions = 27)
Nodefile size = 11725.11 MB (8136.01 MB after compression)
 463424 431609       -0.2155    81       -0.1980       -0.2246 56015664   13.40%
 464025 433049       -0.2123    69       -0.1980       -0.2246 56190681   13.40%
 464542 433211       -0.2022    35       -0.1980       -0.2246 56207541   13.40%
 465115 433580       -0.2168    88       -0.1980       -0.2246 56257534   13.40%
 465616 434110       -0.2105    66       -0.1980       -0.2246 56331176   13.40%
 466260 434803       -0.2168    87       -0.1980       -0.2246 56414151   13.40%
 466795 435608       -0.2147    69       -0.1980       -0.2246 56518621   13.40%
 467280 435215       -0.2199    81       -0.1980       -0.2246 56476264   13.40%
 467835 435915       -0.1982    44       -0.1980       -0.2246 56555065   13.40%
 468453 436499       -0.2215    81       -0.1980       -0.2246 56622684   13.40%
Elapsed time = 2773.52 sec. (3256428.83 ticks, tree = 13966.36 MB, solutions = 27)
Nodefile size = 11898.62 MB (8255.97 MB after compression)
 469034 437336       -0.2168    82       -0.1980       -0.2246 56751597   13.40%
 469421 437952       -0.2106    72       -0.1980       -0.2246 56825209   13.40%
 469924 438779       -0.2230    78       -0.1980       -0.2246 56934244   13.40%
 470566 439004       -0.2150    72       -0.1980       -0.2246 56950927   13.40%
 471103 439166       -0.2074    71       -0.1980       -0.2246 56966511   13.40%
 471706 439708       -0.2016    41       -0.1980       -0.2246 57075523   13.40%
 472237 440434       -0.2000    58       -0.1980       -0.2246 57148077   13.40%
 472815 440544       -0.2230    82       -0.1980       -0.2246 57163974   13.40%
 473398 441707       -0.2131    73       -0.1980       -0.2246 57315298   13.40%
 473923 441614       -0.2042    59       -0.1980       -0.2246 57295558   13.40%
Elapsed time = 2806.48 sec. (3294649.94 ticks, tree = 14130.64 MB, solutions = 27)
Nodefile size = 12063.85 MB (8370.13 MB after compression)
 474628 442604       -0.2159    80       -0.1980       -0.2246 57413466   13.40%
 475134 443064       -0.2022    52       -0.1980       -0.2246 57491370   13.40%
 475659 443209       -0.2246    86       -0.1980       -0.2246 57506910   13.40%
 476130 444172       -0.2004    46       -0.1980       -0.2246 57615301   13.40%
 476756 445050       -0.2003    52       -0.1980       -0.2246 57727459   13.40%
 477336 444929       -0.2211    86       -0.1980       -0.2246 57714262   13.40%
 477951 445568       -0.2172    71       -0.1980       -0.2246 57789331   13.40%
 478526 446400       -0.2211    81       -0.1980       -0.2246 57910164   13.40%
 479127 447031       -0.1991    43       -0.1980       -0.2246 57993180   13.40%
 479839 447195       -0.2097    58       -0.1980       -0.2246 58010363   13.40%
Elapsed time = 2839.55 sec. (3332882.23 ticks, tree = 14310.41 MB, solutions = 27)
Nodefile size = 12244.18 MB (8495.04 MB after compression)
 480496 447707       -0.2029    59       -0.1980       -0.2246 58061056   13.40%
 481073 449278       -0.2011    50       -0.1980       -0.2246 58241187   13.40%
 481689 448740       -0.1990    49       -0.1980       -0.2246 58186712   13.40%
 482394 450271       -0.1995    51       -0.1980       -0.2246 58376327   13.40%
 482850 450367       -0.2159    83       -0.1980       -0.2246 58393047   13.40%
 483476 451132       -0.2176   100       -0.1980       -0.2246 58464461   13.40%
 484096 451473       -0.2072    69       -0.1980       -0.2246 58515414   13.40%
 484671 452062       -0.2215    83       -0.1980       -0.2246 58596194   13.40%
 485244 452223       -0.2225    78       -0.1980       -0.2246 58613414   13.40%
 485882 452971       -0.2184    76       -0.1980       -0.2246 58692362   13.40%
Elapsed time = 2872.69 sec. (3371098.70 ticks, tree = 14496.66 MB, solutions = 27)
Nodefile size = 12431.20 MB (8624.35 MB after compression)
 486466 453945       -0.2137    67       -0.1980       -0.2246 58801719   13.40%
 486937 453801       -0.2131    68       -0.1980       -0.2246 58784516   13.40%
 487497 454978       -0.2156    88       -0.1980       -0.2246 58924175   13.40%
 488079 455670       -0.2018    56       -0.1980       -0.2246 59016521   13.40%
 488745 456028       -0.2182    76       -0.1980       -0.2246 59074873   13.40%
 489225 456234       -0.2122    66       -0.1980       -0.2246 59112399   13.40%
 489845 456753       -0.2008    51       -0.1980       -0.2246 59168129   13.40%
 490513 457260       -0.2153    70       -0.1980       -0.2246 59216989   13.40%
 491142 457740       -0.2016    45       -0.1980       -0.2246 59291653   13.40%
 491665 458182       -0.2135    65       -0.1980       -0.2246 59348366   13.40%
Elapsed time = 2905.97 sec. (3409318.52 ticks, tree = 14664.43 MB, solutions = 27)
Nodefile size = 12595.36 MB (8738.14 MB after compression)
 492189 458557       -0.2106    63       -0.1980       -0.2246 59397816   13.40%
 492774 459210       -0.2233    93       -0.1980       -0.2246 59474708   13.40%
 493438 460438       -0.2145    66       -0.1980       -0.2246 59621992   13.40%
 493993 460611       -0.2230    89       -0.1980       -0.2246 59639691   13.40%
 494566 461326       -0.2137    67       -0.1980       -0.2246 59723813   13.40%
 495309 461960       -0.2013    60       -0.1980       -0.2246 59806670   13.40%
 495951 462750       -0.2246    93       -0.1980       -0.2246 59887320   13.40%
 496479 463475       -0.1996    56       -0.1980       -0.2246 59965698   13.40%
 497008 464022       -0.2044    59       -0.1980       -0.2246 60049167   13.40%
 497652 463735       -0.2076    69       -0.1980       -0.2246 59996244   13.40%
Elapsed time = 2939.31 sec. (3447567.59 ticks, tree = 14843.25 MB, solutions = 27)
Nodefile size = 12774.15 MB (8861.94 MB after compression)
 498376 464310       -0.2023    52       -0.1980       -0.2246 60083438   13.40%
 498994 464992       -0.2029    56       -0.1980       -0.2246 60158780   13.40%
 499699 465895       -0.1988    41       -0.1980       -0.2246 60241012   13.40%
 500264 466537       -0.2194    86       -0.1980       -0.2246 60309340   13.40%
 500896 466712       -0.2091    47       -0.1980       -0.2246 60325378   13.40%
 501639 468364       -0.1986    42       -0.1980       -0.2246 60503843   13.40%
 502242 468268       -0.2108    72       -0.1980       -0.2246 60487881   13.40%
 502916 469055       -0.1984    52       -0.1980       -0.2246 60568806   13.40%
 503437 469734       -0.2005    47       -0.1980       -0.2246 60645907   13.40%
 504058 469931       -0.2010    37       -0.1980       -0.2246 60663420   13.40%
Elapsed time = 2972.53 sec. (3485782.71 ticks, tree = 15042.92 MB, solutions = 27)
Nodefile size = 12972.56 MB (8999.26 MB after compression)
 504738 470836       -0.2029    56       -0.1980       -0.2246 60781758   13.40%
 505335 471185       -0.2009    41       -0.1980       -0.2246 60823557   13.40%
 505977 471783       -0.2214    79       -0.1980       -0.2246 60886778   13.40%
 506513 472470       -0.2089    58       -0.1980       -0.2246 60964055   13.40%
 507052 473476       -0.1991    44       -0.1980       -0.2246 61077497   13.40%
 507630 473650       -0.2211    86       -0.1980       -0.2246 61090982   13.40%
 508284 474053       -0.2018    43       -0.1980       -0.2246 61140917   13.40%
 508939 475188       -0.2193    80       -0.1980       -0.2246 61267162   13.40%
 509700 475358       -0.2103    69       -0.1980       -0.2246 61284495   13.40%
 510233 476728       -0.2241    85       -0.1980       -0.2246 61439137   13.40%
Elapsed time = 3005.48 sec. (3524081.43 ticks, tree = 15261.78 MB, solutions = 27)
Nodefile size = 13201.61 MB (9157.57 MB after compression)
 510894 476332       -0.2028    43       -0.1980       -0.2246 61387388   13.40%
 511476 477814       -0.2179    71       -0.1980       -0.2246 61567902   13.40%
 512183 478003       -0.2026    58       -0.1980       -0.2246 61586048   13.40%
 512788 478961       -0.2106    81       -0.1980       -0.2246 61704348   13.40%
 513312 478586       -0.2040    42       -0.1980       -0.2246 61652229   13.40%
 513944 479245       -0.2008    60       -0.1980       -0.2246 61736504   13.40%
 514456 480246       -0.2124    60       -0.1980       -0.2246 61846199   13.40%
 515024 481268       -0.2202    80       -0.1980       -0.2246 61964466   13.40%
 515771 481583       -0.1986    40       -0.1980       -0.2246 62006947   13.40%
 518380 483334       -0.2140    76       -0.1980       -0.2246 62209501   13.40%
Elapsed time = 3048.39 sec. (3573739.17 ticks, tree = 15474.80 MB, solutions = 27)
Nodefile size = 13406.98 MB (9299.84 MB after compression)
 520952 485927       -0.1995    40       -0.1980       -0.2246 62478701   13.40%
 523792 488372       -0.2221    79       -0.1980       -0.2246 62735188   13.40%
 526331 491555       -0.2115    70       -0.1980       -0.2246 63063765   13.40%
 529067 494541       -0.2135    82       -0.1980       -0.2246 63368381   13.40%
 531383 496363       -0.2149    80       -0.1980       -0.2246 63601274   13.40%
 533532 498503       -0.2226    87       -0.1980       -0.2246 63868189   13.40%
 536049 499863       -0.2199    75       -0.1980       -0.2246 64032080   13.40%
 538652 503520       -0.2015    50       -0.1980       -0.2246 64443902   13.40%
 540745 505341       -0.2215    80       -0.1980       -0.2246 64676742   13.40%
 543127 507475       -0.2238    85       -0.1980       -0.2246 64939175   13.40%
Elapsed time = 3180.70 sec. (3726472.71 ticks, tree = 16252.30 MB, solutions = 27)
Nodefile size = 14187.91 MB (9840.55 MB after compression)
 545697 509574       -0.2154    76       -0.1980       -0.2246 65179356   13.40%
 548218 512813        cutoff             -0.1980       -0.2246 65516533   13.40%
 551003 513929       -0.2067    63       -0.1980       -0.2246 65643111   13.40%
 553778 516695       -0.2153    66       -0.1980       -0.2246 65915883   13.40%
 556240 519280       -0.2002    52       -0.1980       -0.2246 66170151   13.40%
 557822 521769       -0.2039    55       -0.1980       -0.2246 66410329   13.40%
 559966 523013       -0.2217    86       -0.1980       -0.2246 66534172   13.40%
 562062 525176       -0.1994    45       -0.1980       -0.2246 66720868   13.40%
 564182 527838       -0.2079    58       -0.1980       -0.2246 66967605   13.40%
 566310 529396       -0.2214    78       -0.1980       -0.2246 67119869   13.40%
Elapsed time = 3312.12 sec. (3879260.26 ticks, tree = 16958.47 MB, solutions = 27)
Nodefile size = 14889.37 MB (10325.02 MB after compression)
 568145 531225       -0.2096    61       -0.1980       -0.2246 67310022   13.40%
 569926 533482       -0.2060    59       -0.1980       -0.2246 67521490   13.40%
 572008 535101       -0.2168    86       -0.1980       -0.2246 67688192   13.40%
 574035 536964       -0.2150    71       -0.1980       -0.2246 67865270   13.40%
 575928 538976       -0.2230    79       -0.1980       -0.2246 68075418   13.40%
 577783 539900       -0.2009    44       -0.1980       -0.2246 68154043   13.40%
 579434 541922       -0.2168    66       -0.1980       -0.2246 68362976   13.40%
 581197 543732       -0.1982    42       -0.1980       -0.2246 68552439   13.40%
 583136 545860       -0.2096    60       -0.1980       -0.2246 68777990   13.40%
 584937 547368       -0.2003    49       -0.1980       -0.2246 68924471   13.40%
Elapsed time = 3440.19 sec. (4031994.31 ticks, tree = 17537.38 MB, solutions = 27)
Nodefile size = 15471.89 MB (10728.29 MB after compression)
 586742 548613       -0.2137    72       -0.1980       -0.2246 69082270   13.40%
 588667 550317       -0.2217    85       -0.1980       -0.2246 69255626   13.40%
 590555 552478       -0.2105    65       -0.1980       -0.2246 69496664   13.40%
 592237 554018       -0.2239    83       -0.1980       -0.2246 69675886   13.40%
 594167 555680       -0.2224    92       -0.1980       -0.2246 69850484   13.40%
 595916 557115       -0.1983    27       -0.1980       -0.2246 70010327   13.40%
 597492 559601       -0.2245    89       -0.1980       -0.2246 70329993   13.40%
 599222 560390       -0.2199    82       -0.1980       -0.2246 70448234   13.40%
 600714 562022       -0.1997    50       -0.1980       -0.2246 70672168   13.40%
 602352 563974       -0.2180    63       -0.1980       -0.2246 70967630   13.40%
Elapsed time = 3568.17 sec. (4184763.27 ticks, tree = 18072.07 MB, solutions = 27)
Nodefile size = 16011.40 MB (11102.65 MB after compression)
 604031 565766       -0.2013    55       -0.1980       -0.2246 71206880   13.40%
 605876 567319       -0.1992    43       -0.1980       -0.2246 71390862   13.40%

Mixed integer rounding cuts applied:  12
Gomory fractional cuts applied:  1

Root node processing (before b&c):
  Real time             =    7.53 sec. (9524.05 ticks)
Parallel b&c, 4 threads:
  Real time             = 3594.81 sec. (4214148.98 ticks)
  Sync time (average)   =  285.21 sec.
  Wait time (average)   =    0.00 sec.
                          ------------
Total (root+branch&cut) = 3602.34 sec. (4223673.02 ticks)
