Version identifier: 22.2.0.0 | 2026-05-04 | 5dff98e58
CPXPARAM_Read_DataCheck                          1
CPXPARAM_Threads                                 4
CPXPARAM_Parallel                                1
CPXPARAM_RandomSeed                              20260925
CPXPARAM_Simplex_Tolerances_Optimality           1.0000000000000001e-09
CPXPARAM_Simplex_Tolerances_Feasibility          1.0000000000000001e-09
CPXPARAM_TimeLimit                               3600
CPXPARAM_MIP_Tolerances_AbsMIPGap                1.0000000000000001e-09
CPXPARAM_MIP_Tolerances_Integrality              1.0000000000000001e-09
Legacy callback                                  i
Found incumbent of value 0.000000 after 0.00 sec. (0.15 ticks)
Tried aggregator 1 time.
MIP Presolve eliminated 1347 rows and 1 columns.
MIP Presolve modified 3414 coefficients.
Reduced MIP has 3968 rows, 4687 columns, and 49206 nonzeros.
Reduced MIP has 1164 binaries, 0 generals, 0 SOSs, and 0 indicators.
Presolve time = 0.02 sec. (32.64 ticks)
Probing time = 0.00 sec. (0.68 ticks)
Tried aggregator 1 time.
Detecting symmetries...
Reduced MIP has 3968 rows, 4687 columns, and 49206 nonzeros.
Reduced MIP has 1164 binaries, 0 generals, 0 SOSs, and 0 indicators.
Presolve time = 0.02 sec. (21.10 ticks)
Probing time = 0.00 sec. (0.78 ticks)
MIP emphasis: balance optimality and feasibility.
MIP search method: dynamic search.
Parallel mode: deterministic, using up to 4 threads.
Root relaxation solution time = 0.19 sec. (161.29 ticks)

        Nodes                                         Cuts/
   Node  Left     Objective  IInf  Best Integer    Best Bound    ItCnt     Gap

*     0+    0                            0.0000       -1.0000              --- 
      0     0       -0.2268   107        0.0000       -0.2268     3100     --- 
*     0+    0                           -0.0899       -0.2268           152.24%
*     0+    0                           -0.1845       -0.2268            22.94%
      0     0       -0.2268    75       -0.1845    MIRcuts: 2     3675   22.94%
      0     0       -0.2268    75       -0.1845      Cuts: 12     4700   22.94%
      0     0       -0.2268    68       -0.1845    MIRcuts: 3     5154   22.94%
*     0+    0                           -0.1876       -0.2268            20.91%
*     0+    0                           -0.1891       -0.2268            19.92%
      0     0  -1.00000e+75     0       -0.1891       -0.2268     5154   19.92%
      0     0       -0.2268    76       -0.1891   MIRcuts: 11     5843   19.92%
      0     2       -0.2268    69       -0.1891       -0.2268     5843   19.92%
Elapsed time = 4.53 sec. (5568.25 ticks, tree = 0.02 MB, solutions = 5)
      2     4       -0.2253    81       -0.1891       -0.2268     9533   19.92%
      7     9       -0.2229    77       -0.1891       -0.2268    15406   19.92%
     11    10       -0.2268    87       -0.1891       -0.2268    19537   19.92%
     17     5       -0.2253    76       -0.1891       -0.2268    11129   19.92%
     30    23       -0.2229    75       -0.1891       -0.2268    32580   19.92%
     40    28       -0.2253    86       -0.1891       -0.2268    36386   19.92%
     45    25       -0.2268    78       -0.1891       -0.2268    30514   19.92%
     51    45       -0.2268    85       -0.1891       -0.2268    45328   19.92%
     67    53       -0.2229    81       -0.1891       -0.2268    50403   19.92%
    122   104       -0.2268    81       -0.1891       -0.2268    69385   19.92%
Elapsed time = 7.39 sec. (9140.07 ticks, tree = 1.37 MB, solutions = 5)
    189   172       -0.2228    85       -0.1891       -0.2268    87287   19.92%
    244   200       -0.2217    82       -0.1891       -0.2268    98668   19.92%
    289   249       -0.2232    91       -0.1891       -0.2268   108242   19.92%
    390   359       -0.1904    16       -0.1891       -0.2268   129785   19.92%
*   448+  356                           -0.1907       -0.2268            18.94%
*   450+  348                           -0.1938       -0.2268            17.04%
    499   382       -0.2031    39       -0.1938       -0.2268   134645   17.04%
    597   452       -0.2268    79       -0.1938       -0.2268   142044   17.04%
    784   653       -0.1963    21       -0.1938       -0.2268   167070   17.04%
    884   732       -0.2268    83       -0.1938       -0.2268   174683   17.04%
    948   841       -0.1981    28       -0.1938       -0.2268   200572   17.04%
   1068   919       -0.2000    31       -0.1938       -0.2268   210565   17.04%
Elapsed time = 14.89 sec. (18870.28 ticks, tree = 25.70 MB, solutions = 7)
   1177   985       -0.2025    23       -0.1938       -0.2268   224418   17.04%
*  1242+ 1054                           -0.1943       -0.2268            16.76%
*  1242+ 1054                           -0.1947       -0.2268            16.48%
*  1260+ 1054                           -0.1953       -0.2268            16.11%
   1263  1104       -0.2253    75       -0.1953       -0.2268   240673   16.11%

Performing restart 1

Repeating presolve.
Tried aggregator 1 time.
Reduced MIP has 3968 rows, 4687 columns, and 49206 nonzeros.
Reduced MIP has 1164 binaries, 0 generals, 0 SOSs, and 0 indicators.
Presolve time = 0.00 sec. (13.87 ticks)
Tried aggregator 1 time.
Reduced MIP has 3968 rows, 4687 columns, and 49206 nonzeros.
Reduced MIP has 1164 binaries, 0 generals, 0 SOSs, and 0 indicators.
Presolve time = 0.02 sec. (21.38 ticks)
Represolve time = 0.03 sec. (44.88 ticks)
   1283     0       -0.2268    75       -0.1953       Cuts: 4   254678   16.11%
   1283     0       -0.2268    77       -0.1953      Cuts: 12   255719   16.11%
   1283     0       -0.2268    69       -0.1953       Cuts: 4   256239   16.11%
   1283     0       -0.2268    78       -0.1953       Cuts: 8   256940   16.11%
*  1283+    0                           -0.1984       -0.2268            14.30%
   1283     0       -0.2268    70       -0.1984    MIRcuts: 1   256944   14.30%
   1283     0       -0.2268    69       -0.1984    MIRcuts: 2   257128   14.30%
   1283     0       -0.2268    65       -0.1984       Cuts: 2   257322   14.30%
   1283     2       -0.2268    65       -0.1984       -0.2268   257322   14.30%
   1286     5       -0.2268    89       -0.1984       -0.2268   261491   14.30%
   1293     8       -0.2268    85       -0.1984       -0.2268   266932   14.30%
   1304    13       -0.2268    92       -0.1984       -0.2268   275785   14.30%
   1326    36       -0.2253    90       -0.1984       -0.2268   306475   14.30%
   1338    48       -0.2248    80       -0.1984       -0.2268   315967   14.30%
   1383    73       -0.2235    81       -0.1984       -0.2268   337865   14.30%
   1416   116       -0.2214    82       -0.1984       -0.2268   345649   14.30%
Elapsed time = 31.12 sec. (39623.92 ticks, tree = 1.96 MB, solutions = 11)
   1447   133       -0.2219    80       -0.1984       -0.2268   350292   14.30%
   1510   181       -0.2229    73       -0.1984       -0.2268   357462   14.30%
   1591   213       -0.2103    71       -0.1984       -0.2268   368824   14.30%
   1665   275       -0.2062    63       -0.1984       -0.2268   377632   14.30%
   1743   387       -0.2183    75       -0.1984       -0.2268   393932   14.30%
   1854   504       -0.1986    47       -0.1984       -0.2268   403625   14.30%
   1972   541       -0.2088    48       -0.1984       -0.2268   408523   14.30%
*  2055+  659                           -0.1997       -0.2268            13.59%
   2063   722       -0.2042    39       -0.1997       -0.2268   433002   13.59%
   2173   761       -0.2268    84       -0.1997       -0.2268   437042   13.59%
   2219   831       -0.2134    70       -0.1997       -0.2268   454981   13.59%
Elapsed time = 38.88 sec. (49338.05 ticks, tree = 24.07 MB, solutions = 12)
*  2221+  764                           -0.2005       -0.2268            13.15%
*  2222+  764                           -0.2009       -0.2268            12.89%
*  2223+  764                           -0.2016       -0.2268            12.54%
   2315   828       -0.2047    43       -0.2016       -0.2268   470984   12.54%
   2426   912       -0.2219    89       -0.2016       -0.2268   484000   12.54%
   2513   993       -0.2174    73       -0.2016       -0.2268   495094   12.54%
   2660  1046       -0.2136    69       -0.2016       -0.2268   505448   12.54%
*  2730+ 1117                           -0.2025       -0.2268            12.02%
   2755  1225       -0.2079    62       -0.2025       -0.2268   514856   12.02%
   2853  1224       -0.2250    90       -0.2025       -0.2268   522051   12.02%
   2924  1352       -0.2179    78       -0.2025       -0.2268   537913   12.02%
   3027  1395       -0.2129    65       -0.2025       -0.2268   547500   12.02%
   3088  1454       -0.2135    63       -0.2025       -0.2268   559926   12.02%
   3269  1693       -0.2033    61       -0.2025       -0.2268   575750   12.02%
Elapsed time = 46.25 sec. (58997.30 ticks, tree = 51.59 MB, solutions = 16)
   3421  1830       -0.2100    67       -0.2025       -0.2268   584850   12.02%
   3584  1976       -0.2171    71       -0.2025       -0.2268   599275   12.02%
   3722  2051       -0.2118    70       -0.2025       -0.2268   608822   12.02%
   3852  2176       -0.2187    72       -0.2025       -0.2268   615383   12.02%
   3974  2341       -0.2117    64       -0.2025       -0.2268   628909   12.02%
   4137  2413       -0.2242    75       -0.2025       -0.2268   641705   12.02%
   4218  2577       -0.2163    53       -0.2025       -0.2268   658399   12.02%
   4362  2640       -0.2172    56       -0.2025       -0.2268   665071   12.02%
   4546  2757       -0.2152    60       -0.2025       -0.2268   675707   12.02%
   4737  3076       -0.2031    56       -0.2025       -0.2268   694983   12.02%
Elapsed time = 53.62 sec. (68623.52 ticks, tree = 95.65 MB, solutions = 16)
   4854  3194       -0.2194    78       -0.2025       -0.2268   707467   12.02%
   4975  3236       -0.2171    72       -0.2025       -0.2268   717720   12.02%
   5109  3294       -0.2210    77       -0.2025       -0.2268   725405   12.02%
   5273  3588       -0.2031    41       -0.2025       -0.2268   749261   12.02%
   5399  3604       -0.2174    67       -0.2025       -0.2268   756340   12.02%
   5557  3763       -0.2171    62       -0.2025       -0.2268   770001   12.02%
   5759  3999       -0.2026    42       -0.2025       -0.2268   786522   12.02%
   5887  4120       -0.2086    53       -0.2025       -0.2268   793637   12.02%
   6040  4319       -0.2029    55       -0.2025       -0.2268   810150   12.02%
   6174  4436       -0.2158    60       -0.2025       -0.2268   814334   12.02%
Elapsed time = 60.86 sec. (78266.84 ticks, tree = 139.06 MB, solutions = 16)
   6303  4490       -0.2112    55       -0.2025       -0.2268   828247   12.02%
   6460  4666       -0.2056    59       -0.2025       -0.2268   841530   12.02%
   6613  4862       -0.2143    58       -0.2025       -0.2268   854717   12.02%
   6774  4931       -0.2220    79       -0.2025       -0.2268   865637   12.02%
   6891  5121       -0.2140    59       -0.2025       -0.2268   877537   12.02%
   7066  5180       -0.2072    53       -0.2025       -0.2268   880821   12.02%
   7204  5433       -0.2047    51       -0.2025       -0.2268   907461   12.02%
   7361  5513       -0.2217    72       -0.2025       -0.2268   912425   12.02%
   7528  5557       -0.2140    45       -0.2025       -0.2268   917537   12.02%
   7706  5854       -0.2031    40       -0.2025       -0.2268   946112   12.02%
Elapsed time = 68.05 sec. (87909.26 ticks, tree = 184.22 MB, solutions = 16)
   7813  5766       -0.2235    84       -0.2025       -0.2268   945276   12.02%
   7943  6116       -0.2031    37       -0.2025       -0.2268   977087   12.02%
   8015  6185       -0.2251    77       -0.2025       -0.2268   988911   12.02%
   8094  6220       -0.2140    61       -0.2025       -0.2268   992444   12.02%
   8235  6308       -0.2193    76       -0.2025       -0.2268  1008168   12.02%
   8421  6346       -0.2093    61       -0.2025       -0.2268  1012904   12.02%
   8530  6495       -0.2111    71       -0.2025       -0.2268  1028468   12.02%
   8639  6701       -0.2092    67       -0.2025       -0.2268  1054412   12.02%
   8723  6749       -0.2093    55       -0.2025       -0.2268  1064120   12.02%
   8883  6875       -0.2093    51       -0.2025       -0.2268  1084739   12.02%
Elapsed time = 75.38 sec. (97614.53 ticks, tree = 216.66 MB, solutions = 16)
   9035  6990       -0.2155    60       -0.2025       -0.2268  1096276   12.02%
   9197  7071       -0.2191    72       -0.2025       -0.2268  1109001   12.02%
   9414  7275       -0.2039    47       -0.2025       -0.2268  1125500   12.02%
   9596  7438       -0.2047    44       -0.2025       -0.2268  1143066   12.02%
   9733  7717       -0.2039    47       -0.2025       -0.2268  1169710   12.02%
   9869  7847       -0.2124    56       -0.2025       -0.2268  1184901   12.02%
  10018  7897       -0.2031    44       -0.2025       -0.2268  1194060   12.02%
  10211  8092       -0.2031    32       -0.2025       -0.2268  1215115   12.02%
  10356  8159       -0.2078    49       -0.2025       -0.2268  1226437   12.02%
  10802  8596       -0.2200    75       -0.2025       -0.2268  1299154   12.02%
Elapsed time = 85.11 sec. (110083.55 ticks, tree = 271.68 MB, solutions = 16)
  11347  9029       -0.2031    45       -0.2025       -0.2268  1356529   12.02%
  11900  9683       -0.2031    42       -0.2025       -0.2268  1435189   12.02%
  12420 10071       -0.2043    39       -0.2025       -0.2268  1492194   12.02%
  13013 10683       -0.2140    57       -0.2025       -0.2268  1565536   12.02%
  13597 11057       -0.2031    33       -0.2025       -0.2268  1621950   12.02%
  14375 11623       -0.2169    82       -0.2025       -0.2268  1688445   12.02%
  15048 12432       -0.2062    49       -0.2025       -0.2268  1763573   12.02%
  15722 13032       -0.2070    55       -0.2025       -0.2268  1839799   12.02%
  16422 13707       -0.2031    58       -0.2025       -0.2268  1916109   12.02%
  16995 14207       -0.2031    46       -0.2025       -0.2268  1974650   12.02%
Elapsed time = 115.34 sec. (148319.84 ticks, tree = 426.55 MB, solutions = 16)
  17374 14683       -0.2031    44       -0.2025       -0.2268  2031222   12.02%
  17971 15236       -0.2098    56       -0.2025       -0.2268  2105739   12.02%
  18528 15738       -0.2039    55       -0.2025       -0.2268  2175170   12.02%
* 18667+15952                           -0.2031       -0.2268            11.68%
  18927 14528       -0.2100    60       -0.2031       -0.2268  2232831   11.68%
  19499 14925       -0.2167    68       -0.2031       -0.2268  2284946   11.68%
  20008 15358       -0.2085    50       -0.2031       -0.2268  2346073   11.68%
  20447 15767       -0.2175    66       -0.2031       -0.2268  2417723   11.68%
  21226 16146       -0.2059    56       -0.2031       -0.2268  2477964   11.68%
  21872 17146       -0.2062    50       -0.2031       -0.2268  2589879   11.68%
  22566 17782       -0.2136    53       -0.2031       -0.2268  2652712   11.68%
Elapsed time = 145.03 sec. (186561.00 ticks, tree = 538.73 MB, solutions = 17)
  23103 18230       -0.2144    69       -0.2031       -0.2268  2717441   11.68%
  23641 18689       -0.2059    50       -0.2031       -0.2268  2763019   11.68%
  24236 19253       -0.2047    36       -0.2031       -0.2268  2835930   11.68%
  24459 19786       -0.2036    56       -0.2031       -0.2268  2899320   11.68%
  24682 19961       -0.2062    54       -0.2031       -0.2268  2922357   11.68%
  24921 20139       -0.2088    64       -0.2031       -0.2268  2953389   11.68%
  25223 20484       -0.2040    47       -0.2031       -0.2268  3003410   11.68%
  25443 20608       -0.2093    54       -0.2031       -0.2268  3020514   11.68%
  25746 20857       -0.2127    66       -0.2031       -0.2268  3053868   11.68%
  26036 21075       -0.2092    66       -0.2031       -0.2268  3083969   11.68%
Elapsed time = 176.08 sec. (224872.13 ticks, tree = 652.53 MB, solutions = 17)
  26394 21326       -0.2039    49       -0.2031       -0.2268  3116662   11.68%
  26638 21673       -0.2209    88       -0.2031       -0.2268  3166454   11.68%
  26893 21939       -0.2133    48       -0.2031       -0.2268  3200488   11.68%
  27147 22273       -0.2241    80       -0.2031       -0.2268  3252848   11.68%
  27535 22619       -0.2039    53       -0.2031       -0.2268  3287499   11.68%
  27825 22887       -0.2078    48       -0.2031       -0.2268  3322265   11.68%
  28055 23110       -0.2168    69       -0.2031       -0.2268  3355695   11.68%
  28344 23204       -0.2202    76       -0.2031       -0.2268  3379781   11.68%
  28577 23566       -0.2062    54       -0.2031       -0.2268  3425889   11.68%
  28781 23764       -0.2127    70       -0.2031       -0.2268  3457629   11.68%
Elapsed time = 209.22 sec. (263234.76 ticks, tree = 739.50 MB, solutions = 17)
  29002 23919       -0.2233    86       -0.2031       -0.2268  3483034   11.68%
  29209 24122       -0.2212    83       -0.2031       -0.2268  3522848   11.68%
  29560 24425       -0.2238    85       -0.2031       -0.2268  3553391   11.68%
  30024 24783       -0.2047    57       -0.2031       -0.2268  3593998   11.68%
  30410 24984       -0.2047    37       -0.2031       -0.2268  3619072   11.68%
  31032 25746       -0.2093    58       -0.2031       -0.2268  3705677   11.68%
  31525 26260       -0.2040    53       -0.2031       -0.2268  3772712   11.68%
  31943 26647       -0.2237    85       -0.2031       -0.2268  3830170   11.68%
  32539 26883       -0.2062    50       -0.2031       -0.2268  3870246   11.68%
  33126 27428       -0.2047    56       -0.2031       -0.2268  3950588   11.68%
Elapsed time = 246.06 sec. (301549.81 ticks, tree = 845.99 MB, solutions = 17)
  33660 27897       -0.2047    51       -0.2031       -0.2268  4020399   11.68%
  34139 28650       -0.2062    47       -0.2031       -0.2268  4126502   11.68%
  34753 29099       -0.2147    68       -0.2031       -0.2268  4201307   11.68%
  35334 29652       -0.2170    65       -0.2031       -0.2268  4282810   11.68%
  35997 30128       -0.2214    75       -0.2031       -0.2268  4330120   11.68%
  36577 30633       -0.2102    40       -0.2031       -0.2268  4377144   11.68%
  37302 31068       -0.2224    84       -0.2031       -0.2268  4431874   11.68%
  37873 31668       -0.2132    60       -0.2031       -0.2268  4492218   11.68%
  38312 32480       -0.2054    51       -0.2031       -0.2268  4599244   11.68%
  38813 32701       -0.2117    63       -0.2031       -0.2268  4636595   11.68%
Elapsed time = 279.30 sec. (339759.29 ticks, tree = 1016.00 MB, solutions = 17)
  39283 33349       -0.2116    80       -0.2031       -0.2268  4732080   11.68%
  39746 33759       -0.2078    47       -0.2031       -0.2268  4799158   11.68%
  40329 34353       -0.2130    67       -0.2031       -0.2268  4880719   11.68%
  40876 34825       -0.2217    91       -0.2031       -0.2268  4951515   11.68%
  41380 35390       -0.2255    91       -0.2031       -0.2268  5031921   11.68%
  41890 35733       -0.2073    58       -0.2031       -0.2268  5083519   11.68%
  42470 36326       -0.2080    51       -0.2031       -0.2268  5164447   11.68%
  43094 36713       -0.2078    47       -0.2031       -0.2268  5223027   11.68%
  43565 37403       -0.2101    47       -0.2031       -0.2268  5306687   11.68%
  44071 37545       -0.2215    87       -0.2031       -0.2268  5334330   11.68%
Elapsed time = 311.77 sec. (377956.50 ticks, tree = 1173.57 MB, solutions = 17)
  44837 38265       -0.2062    47       -0.2031       -0.2268  5432259   11.68%
  45391 38910       -0.2039    36       -0.2031       -0.2268  5501424   11.68%
  45928 39553        cutoff             -0.2031       -0.2268  5592788   11.68%
  46452 39841       -0.2052    50       -0.2031       -0.2267  5628216   11.63%
  47057 40382       -0.2059    47       -0.2031       -0.2267  5694641   11.60%

Performing restart 2

Repeating presolve.
Tried aggregator 1 time.
Reduced MIP has 3968 rows, 4687 columns, and 49206 nonzeros.
Reduced MIP has 1164 binaries, 0 generals, 0 SOSs, and 0 indicators.
Presolve time = 0.00 sec. (13.87 ticks)
Tried aggregator 1 time.
Reduced MIP has 3968 rows, 4687 columns, and 49206 nonzeros.
Reduced MIP has 1164 binaries, 0 generals, 0 SOSs, and 0 indicators.
Presolve time = 0.02 sec. (21.38 ticks)
Represolve time = 0.06 sec. (47.59 ticks)
  47148     0       -0.2268    88       -0.2031       Cuts: 7  5747654   11.59%
  47148     0       -0.2268    82       -0.2031       Cuts: 8  5748242   11.59%
  47148     0       -0.2268    83       -0.2031       Cuts: 8  5748975   11.59%
  47148     0       -0.2268    75       -0.2031    MIRcuts: 2  5749341   11.59%
  47148     0       -0.2268    74       -0.2031    MIRcuts: 2  5749440   11.59%
  47148     0       -0.2268    71       -0.2031    MIRcuts: 1  5749558   11.59%
  47148     0       -0.2268    69       -0.2031    MIRcuts: 4  5750486   11.59%
  47148     0       -0.2268    74       -0.2031       Cuts: 5  5751208   11.59%
  47148     0       -0.2268    69       -0.2031    MIRcuts: 5  5751475   11.59%
  47148     2       -0.2268    64       -0.2031       -0.2266  5751475   11.59%
  47182    31       -0.2260    72       -0.2031       -0.2266  5783772   11.59%
  47236    81       -0.2242    85       -0.2031       -0.2266  5823102   11.59%
  47304   136       -0.2181    75       -0.2031       -0.2266  5838603   11.59%
  47385   207       -0.2109    61       -0.2031       -0.2266  5856719   11.59%
Elapsed time = 353.36 sec. (427219.79 ticks, tree = 4.06 MB, solutions = 17)
  47479   297       -0.2177    70       -0.2031       -0.2266  5880930   11.59%
  47618   368       -0.2217    82       -0.2031       -0.2266  5903628   11.59%
  47806   526       -0.2140    60       -0.2031       -0.2266  5943211   11.59%
  48048   769       -0.2211    74       -0.2031       -0.2266  5981660   11.59%
  48273   969       -0.2051    68       -0.2031       -0.2266  6018691   11.59%
  48487  1153       -0.2102    54       -0.2031       -0.2266  6058556   11.59%
  48797  1352       -0.2084    53       -0.2031       -0.2266  6097069   11.59%
  49086  1586       -0.2160    66       -0.2031       -0.2266  6151682   11.59%
  49399  1846       -0.2156    78       -0.2031       -0.2266  6195174   11.59%
  49795  2149       -0.2133    71       -0.2031       -0.2266  6252463   11.59%
Elapsed time = 385.56 sec. (465643.55 ticks, tree = 65.38 MB, solutions = 17)
  50226  2610       -0.2041    57       -0.2031       -0.2266  6315159   11.59%
  50519  2762       -0.2107    68       -0.2031       -0.2266  6350179   11.59%
  50911  3122       -0.2245    78       -0.2031       -0.2266  6414050   11.59%
  51199  3442       -0.2231    76       -0.2031       -0.2266  6476105   11.59%
  51452  3646       -0.2183    87       -0.2031       -0.2266  6536685   11.59%
  51793  3922       -0.2172    74       -0.2031       -0.2266  6595526   11.59%
  52098  4103       -0.2120    74       -0.2031       -0.2266  6648557   11.59%
  52416  4359       -0.2208    73       -0.2031       -0.2266  6706786   11.59%
  52763  4755       -0.2075    48       -0.2031       -0.2266  6779796   11.59%
  53053  5096       -0.2062    61       -0.2031       -0.2266  6853267   11.59%
Elapsed time = 415.70 sec. (503906.59 ticks, tree = 158.96 MB, solutions = 17)
  53445  5317       -0.2039    64       -0.2031       -0.2266  6889001   11.59%
  53759  5675       -0.2191    78       -0.2031       -0.2266  6950842   11.59%
  54001  5872       -0.2171    66       -0.2031       -0.2266  7001027   11.59%
  54305  6215       -0.2144    68       -0.2031       -0.2266  7086859   11.59%
  54586  6488       -0.2067    45       -0.2031       -0.2266  7145580   11.59%
  54952  6687       -0.2202    65       -0.2031       -0.2266  7198643   11.58%
  55213  6896       -0.2100    63       -0.2031       -0.2265  7239186   11.52%
  55611  7134       -0.2228    83       -0.2031       -0.2264  7291842   11.49%
  56041  7580       -0.2253    76       -0.2031       -0.2264  7378429   11.49%
  56597  8005       -0.2103    61       -0.2031       -0.2263  7439591   11.41%
Elapsed time = 445.55 sec. (542107.99 ticks, tree = 251.38 MB, solutions = 17)
  56961  8293       -0.2093    68       -0.2031       -0.2262  7489121   11.39%
  57239  8575       -0.2155    62       -0.2031       -0.2262  7550630   11.39%
  57596  8784       -0.2047    60       -0.2031       -0.2262  7585573   11.39%
  58014  9040       -0.2109    70       -0.2031       -0.2262  7639155   11.39%
  58361  9427       -0.2100    73       -0.2031       -0.2262  7709530   11.39%
  58821  9876       -0.2078    63       -0.2031       -0.2261  7791850   11.33%
  59247 10127       -0.2093    72       -0.2031       -0.2260  7839621   11.30%
  59619 10570       -0.2195    81       -0.2031       -0.2260  7901016   11.30%
  60066 11037       -0.2236    77       -0.2031       -0.2260  7975220   11.30%
  60681 11276       -0.2061    57       -0.2031       -0.2260  8006799   11.30%
Elapsed time = 475.34 sec. (580400.49 ticks, tree = 355.77 MB, solutions = 17)
  61202 11760       -0.2084    66       -0.2031       -0.2260  8066835   11.30%
  61655 12441       -0.2124    63       -0.2031       -0.2260  8163655   11.30%
  62222 12627       -0.2219    83       -0.2031       -0.2260  8195937   11.30%
  62643 13343       -0.2186    71       -0.2031       -0.2260  8294466   11.30%
  62951 13610       -0.2047    57       -0.2031       -0.2260  8335167   11.30%
  63453 13984       -0.2047    67       -0.2031       -0.2260  8394010   11.30%
  63852 14135       -0.2207    76       -0.2031       -0.2260  8422419   11.30%
  64319 14614       -0.2047    53       -0.2031       -0.2260  8491219   11.30%
  64730 15224       -0.2062    56       -0.2031       -0.2260  8577443   11.30%
  65192 15367       -0.2239    59       -0.2031       -0.2260  8619936   11.30%
Elapsed time = 505.33 sec. (618684.05 ticks, tree = 485.88 MB, solutions = 17)
  65711 15945       -0.2064    51       -0.2031       -0.2260  8698936   11.30%
  66067 16084       -0.2165    87       -0.2031       -0.2260  8723936   11.30%
  66533 16480       -0.2155    62       -0.2031       -0.2260  8767741   11.30%
  67125 17153       -0.2039    60       -0.2031       -0.2260  8877718   11.30%
  67625 17384       -0.2093    65       -0.2031       -0.2260  8905314   11.30%
  68229 18163       -0.2078    58       -0.2031       -0.2260  9004613   11.30%
  68700 18250       -0.2062    70       -0.2031       -0.2260  9020156   11.27%
  69068 18902       -0.2033    53       -0.2031       -0.2259  9110549   11.22%
  69454 19328       -0.2233    80       -0.2031       -0.2258  9185842   11.19%
  69882 19434       -0.2116    67       -0.2031       -0.2258  9203024   11.19%
Elapsed time = 535.17 sec. (656920.62 ticks, tree = 616.65 MB, solutions = 17)
  70323 20087       -0.2081    55       -0.2031       -0.2258  9314212   11.19%
  70802 20485       -0.2187    78       -0.2031       -0.2258  9383444   11.17%
  71241 20675       -0.2104    66       -0.2031       -0.2258  9420239   11.17%
  71623 21086       -0.2255    87       -0.2031       -0.2257  9478859   11.14%
  71996 21559       -0.2055    55       -0.2031       -0.2257  9562740   11.13%
  72514 21960       -0.2124    68       -0.2031       -0.2256  9627207   11.09%
  72844 22327       -0.2047    54       -0.2031       -0.2256  9691090   11.09%
  73292 22595       -0.2148    51       -0.2031       -0.2256  9745596   11.09%
  73764 23060       -0.2031    53       -0.2031       -0.2256  9828037   11.09%
  74155 23375       -0.2036    49       -0.2031       -0.2256  9899721   11.09%
Elapsed time = 564.72 sec. (695187.17 ticks, tree = 743.71 MB, solutions = 17)
  74464 23650       -0.2098    52       -0.2031       -0.2256  9947611   11.09%
  74839 24111       -0.2078    48       -0.2031       -0.2256 10040267   11.08%
  75301 24259       -0.2237    77       -0.2031       -0.2256 10070213   11.08%
  75754 24610       -0.2227    76       -0.2031       -0.2256 10134646   11.07%
  76108 25011       -0.2155    73       -0.2031       -0.2256 10199622   11.07%
  76524 25501       -0.2077    57       -0.2031       -0.2255 10310898   11.05%
  76896 25698       -0.2101    60       -0.2031       -0.2255 10348786   11.04%
  77258 26020       -0.2224    83       -0.2031       -0.2255 10414475   11.03%
  77660 26547       -0.2146    74       -0.2031       -0.2255 10519182   11.03%
  78145 26819       -0.2167    62       -0.2031       -0.2255 10566107   11.03%
Elapsed time = 594.20 sec. (733429.67 ticks, tree = 854.92 MB, solutions = 17)
  78696 27086       -0.2185    66       -0.2031       -0.2255 10610188   11.01%
  79211 27753       -0.2164    66       -0.2031       -0.2254 10712756   10.99%
  79729 27986       -0.2133    57       -0.2031       -0.2254 10748954   10.99%
  80315 28495       -0.2036    41       -0.2031       -0.2254 10813789   10.99%
  80777 28879       -0.2180    61       -0.2031       -0.2254 10882639   10.99%
  81243 29504       -0.2039    57       -0.2031       -0.2254 10957865   10.98%
  81676 29686       -0.2181    74       -0.2031       -0.2254 11003663   10.97%
  82139 30279       -0.2117    59       -0.2031       -0.2254 11085940   10.97%
  82626 30676       -0.2246    68       -0.2031       -0.2254 11157690   10.97%
  83202 31049       -0.2237    66       -0.2031       -0.2254 11207687   10.97%
Elapsed time = 623.70 sec. (771741.72 ticks, tree = 991.74 MB, solutions = 17)
  83595 31703       -0.2246    77       -0.2031       -0.2253 11305484   10.95%
  84035 31899       -0.2102    56       -0.2031       -0.2253 11341408   10.94%
  84458 32523       -0.2109    70       -0.2031       -0.2253 11458518   10.92%
  84735 32728       -0.2124    64       -0.2031       -0.2253 11490138   10.92%
  85143 33061       -0.2248    69       -0.2031       -0.2253 11560544   10.92%
  85669 33411       -0.2195    80       -0.2031       -0.2253 11619038   10.92%
  86251 33899       -0.2089    42       -0.2031       -0.2253 11682806   10.92%
  86681 34249       -0.2120    68       -0.2031       -0.2253 11758671   10.92%
  87135 34859       -0.2140    65       -0.2031       -0.2253 11860682   10.92%
  87591 35346       -0.2124    61       -0.2031       -0.2253 11949055   10.92%
Elapsed time = 653.08 sec. (810002.01 ticks, tree = 1113.40 MB, solutions = 17)
  88016 35714       -0.2216    79       -0.2031       -0.2253 12001874   10.92%
  88461 36104       -0.2039    67       -0.2031       -0.2253 12082251   10.92%
  88843 36362       -0.2205    75       -0.2031       -0.2253 12109566   10.92%
  89242 36629       -0.2047    51       -0.2031       -0.2253 12155697   10.92%
  89782 37116       -0.2245    73       -0.2031       -0.2253 12238536   10.92%
  90242 37765       -0.2230    75       -0.2031       -0.2253 12335103   10.92%
  90645 37957       -0.2047    59       -0.2031       -0.2253 12368177   10.92%
  91013 38383       -0.2241    76       -0.2031       -0.2253 12447971   10.92%
  91439 38781        cutoff             -0.2031       -0.2253 12522992   10.92%
  91857 39219       -0.2053    55       -0.2031       -0.2253 12604016   10.92%
Elapsed time = 682.58 sec. (848213.22 ticks, tree = 1238.59 MB, solutions = 17)
  92206 39315       -0.2232    74       -0.2031       -0.2253 12619213   10.92%
  92638 39774       -0.2186    74       -0.2031       -0.2253 12720355   10.92%
  93067 40184       -0.2088    43       -0.2031       -0.2253 12782214   10.92%
  93590 40604       -0.2112    68       -0.2031       -0.2253 12845721   10.92%
  94067 41169       -0.2219    72       -0.2031       -0.2253 12933159   10.92%
  94612 41624       -0.2047    55       -0.2031       -0.2253 13000889   10.92%
  95006 41824       -0.2109    66       -0.2031       -0.2253 13035008   10.92%
  95416 42279       -0.2140    71       -0.2031       -0.2253 13115105   10.92%
  95847 42568       -0.2161    70       -0.2031       -0.2253 13171108   10.92%
  96274 42908       -0.2171    83       -0.2031       -0.2253 13243310   10.92%
Elapsed time = 712.17 sec. (886437.23 ticks, tree = 1357.49 MB, solutions = 17)
  96664 43382       -0.2219    80       -0.2031       -0.2253 13307737   10.92%
  96981 43733       -0.2186    67       -0.2031       -0.2253 13389703   10.92%
  97454 44005       -0.2109    60       -0.2031       -0.2253 13434743   10.92%
  98030 44540       -0.2214    68       -0.2031       -0.2253 13530721   10.92%
  98459 44729       -0.2229    79       -0.2031       -0.2253 13567846   10.92%
  98826 45160       -0.2047    52       -0.2031       -0.2253 13640881   10.92%
  99331 45932       -0.2114    62       -0.2031       -0.2253 13788355   10.92%
  99720 46213       -0.2213    77       -0.2031       -0.2253 13839352   10.92%
 100205 46415       -0.2071    54       -0.2031       -0.2253 13868939   10.92%
 100584 46704       -0.2158    78       -0.2031       -0.2253 13926911   10.92%
Elapsed time = 741.75 sec. (924731.06 ticks, tree = 1479.38 MB, solutions = 17)
 100919 47247       -0.2047    54       -0.2031       -0.2253 14029799   10.92%
 101371 47461       -0.2090    68       -0.2031       -0.2253 14071597   10.92%
 101867 47960       -0.2103    62       -0.2031       -0.2253 14147935   10.92%
 102330 48553       -0.2081    57       -0.2031       -0.2253 14249537   10.92%
 102746 48763       -0.2047    51       -0.2031       -0.2253 14287509   10.92%
 103203 49271       -0.2210    75       -0.2031       -0.2253 14371910   10.92%
 103762 49825       -0.2081    59       -0.2031       -0.2253 14458339   10.92%
 104242 49931       -0.2253    71       -0.2031       -0.2253 14477081   10.92%
 104729 50480       -0.2043    54       -0.2031       -0.2253 14569181   10.92%
 105075 51074       -0.2208    74       -0.2031       -0.2253 14669133   10.92%
Elapsed time = 771.02 sec. (962997.43 ticks, tree = 1620.48 MB, solutions = 17)
 105451 51283       -0.2076    59       -0.2031       -0.2253 14702004   10.92%
 105898 51742       -0.2093    60       -0.2031       -0.2253 14784231   10.92%
 106353 51830       -0.2214    75       -0.2031       -0.2253 14802262   10.92%
 106741 52200       -0.2038    61       -0.2031       -0.2253 14872968   10.92%
 107253 52848       -0.2101    61       -0.2031       -0.2253 14977788   10.92%
 107698 53093       -0.2248    72       -0.2031       -0.2253 15030809   10.92%
 108153 53767       -0.2071    68       -0.2031       -0.2253 15131643   10.92%
 108741 53938       -0.2209    79       -0.2031       -0.2253 15149767   10.92%
 109258 54707       -0.2124    68       -0.2031       -0.2253 15272095   10.92%
 109867 54967       -0.2214    65       -0.2031       -0.2253 15304591   10.92%
Elapsed time = 800.98 sec. (1001255.60 ticks, tree = 1746.10 MB, solutions = 17)
 110280 55650       -0.2042    49       -0.2031       -0.2253 15390449   10.92%
 110672 55936       -0.2150    64       -0.2031       -0.2253 15452118   10.92%
 111128 56224       -0.2127    72       -0.2031       -0.2253 15496157   10.92%
 111585 56639       -0.2213    77       -0.2031       -0.2253 15578879   10.92%
 112048 57190       -0.2155    66       -0.2031       -0.2253 15673907   10.92%
 112471 57551       -0.2093    69       -0.2031       -0.2253 15738171   10.92%
 112876 57628       -0.2129    74       -0.2031       -0.2253 15754461   10.92%
 113355 58122       -0.2228    76       -0.2031       -0.2253 15846620   10.92%
 113981 58794       -0.2053    50       -0.2031       -0.2253 15957262   10.92%
 114444 59054       -0.2109    64       -0.2031       -0.2253 15992000   10.92%
Elapsed time = 830.75 sec. (1039468.13 ticks, tree = 1878.16 MB, solutions = 17)
 114797 59390       -0.2183    72       -0.2031       -0.2253 16044697   10.92%
 115167 60125       -0.2131    64       -0.2031       -0.2253 16173452   10.92%
 115705 60487       -0.2047    52       -0.2031       -0.2253 16224327   10.92%
 116223 60667       -0.2124    59       -0.2031       -0.2253 16253956   10.92%
 116779 61104       -0.2116    69       -0.2031       -0.2253 16307138   10.92%
 117417 61715       -0.2082    64       -0.2031       -0.2253 16396296   10.92%
 118023 62395       -0.2152    63       -0.2031       -0.2253 16482113   10.92%
 118659 62847       -0.2033    50       -0.2031       -0.2253 16533064   10.92%
 119239 63297       -0.2087    67       -0.2031       -0.2253 16602358   10.92%
 119835 63928       -0.2042    48       -0.2031       -0.2253 16669737   10.92%
Elapsed time = 860.02 sec. (1077683.37 ticks, tree = 2035.50 MB, solutions = 17)
 120408 64369       -0.2062    53       -0.2031       -0.2253 16721851   10.92%
 121028 65036       -0.2165    69       -0.2031       -0.2253 16822291   10.92%
 121628 65462       -0.2205    83       -0.2031       -0.2253 16872424   10.92%
 121977 66200       -0.2155    78       -0.2031       -0.2253 16954790   10.92%
 122394 66529       -0.2192    79       -0.2031       -0.2253 17007299   10.92%
 122968 66935       -0.2245    84       -0.2031       -0.2253 17066191   10.92%
 123473 67039        cutoff             -0.2031       -0.2253 17087148   10.92%
 123874 67902       -0.2140    69       -0.2031       -0.2253 17214885   10.92%
 124486 68447       -0.2201    72       -0.2031       -0.2253 17281339   10.92%
 124925 68663       -0.2228    68       -0.2031       -0.2253 17333069   10.92%
Elapsed time = 891.16 sec. (1115891.23 ticks, tree = 2187.82 MB, solutions = 17)
Nodefile size = 134.80 MB (92.59 MB after compression)
 125462 68879       -0.2062    63       -0.2031       -0.2253 17374105   10.92%
 125952 69622       -0.2200    74       -0.2031       -0.2253 17482050   10.92%
 126318 70165       -0.2141    74       -0.2031       -0.2253 17573875   10.92%
 126782 70192       -0.2175    73       -0.2031       -0.2253 17571892   10.92%
 127089 70664        cutoff             -0.2031       -0.2253 17662156   10.92%
 127518 71236       -0.2035    58       -0.2031       -0.2253 17775682   10.92%
 128007 71353       -0.2201    75       -0.2031       -0.2253 17794705   10.92%
 128560 72017       -0.2193    77       -0.2031       -0.2253 17893890   10.92%
 129018 72201        cutoff             -0.2031       -0.2253 17930547   10.92%
 129590 73133       -0.2060    65       -0.2031       -0.2253 18064985   10.92%
Elapsed time = 922.38 sec. (1154173.03 ticks, tree = 2331.90 MB, solutions = 17)
Nodefile size = 279.03 MB (191.64 MB after compression)
 130077 73113       -0.2056    52       -0.2031       -0.2253 18063747   10.92%
 130599 73612       -0.2047    57       -0.2031       -0.2253 18127605   10.92%
 131201 74090       -0.2212    73       -0.2031       -0.2253 18202787   10.92%
 131797 74762       -0.2168    73       -0.2031       -0.2253 18293034   10.92%
 132366 75366       -0.2088    65       -0.2031       -0.2253 18371710   10.92%
 132760 75916       -0.2241    73       -0.2031       -0.2253 18456629   10.92%
 133186 76225       -0.2054    61       -0.2031       -0.2253 18498727   10.92%
 133712 76519       -0.2206    74       -0.2031       -0.2253 18545026   10.92%
 134221 76936       -0.2093    64       -0.2031       -0.2253 18608392   10.92%
 134725 77280       -0.2171    70       -0.2031       -0.2253 18659348   10.92%
Elapsed time = 953.34 sec. (1192404.56 ticks, tree = 2465.43 MB, solutions = 17)
Nodefile size = 411.09 MB (282.29 MB after compression)
 135122 77794       -0.2155    68       -0.2031       -0.2253 18736289   10.92%
 135483 77981       -0.2233    75       -0.2031       -0.2253 18789408   10.92%
 135820 78434       -0.2115    58       -0.2031       -0.2253 18864403   10.92%
 136354 78902       -0.2213    78       -0.2031       -0.2253 18958600   10.92%
 136726 79635       -0.2208    79       -0.2031       -0.2253 19097609   10.92%
 137119 79834       -0.2054    64       -0.2031       -0.2253 19139720   10.92%
 137502 80103       -0.2078    49       -0.2031       -0.2253 19211375   10.92%
 137927 80431       -0.2237    81       -0.2031       -0.2253 19265566   10.92%
 138285 80959       -0.2062    59       -0.2031       -0.2253 19358750   10.92%
 138722 81223       -0.2198    72       -0.2031       -0.2253 19413239   10.92%
Elapsed time = 984.75 sec. (1230732.70 ticks, tree = 2592.34 MB, solutions = 17)
Nodefile size = 538.39 MB (369.84 MB after compression)
 139173 81529       -0.2187    64       -0.2031       -0.2253 19463016   10.92%
 139680 81842       -0.2109    58       -0.2031       -0.2253 19523958   10.92%
 140240 82246       -0.2053    50       -0.2031       -0.2253 19579808   10.92%
 140783 83098       -0.2250    72       -0.2031       -0.2253 19714649   10.92%
 141298 83417       -0.2152    68       -0.2031       -0.2253 19765341   10.92%
 141731 83669       -0.2068    62       -0.2031       -0.2253 19805714   10.92%
 142262 84159       -0.2222    79       -0.2031       -0.2253 19879891   10.92%
 142861 84854       -0.2185    68       -0.2031       -0.2253 19992032   10.92%
 143355 85367       -0.2154    59       -0.2031       -0.2253 20061957   10.92%
 143841 85504       -0.2031    57       -0.2031       -0.2253 20078251   10.92%
Elapsed time = 1016.22 sec. (1268923.37 ticks, tree = 2730.12 MB, solutions = 17)
Nodefile size = 672.56 MB (461.98 MB after compression)
 144223 86160       -0.2253    78       -0.2031       -0.2253 20183462   10.92%
 144640 86489       -0.2078    62       -0.2031       -0.2253 20237348   10.92%
 145127 86469        cutoff             -0.2031       -0.2253 20236319   10.92%
 145561 87204       -0.2154    75       -0.2031       -0.2253 20367374   10.92%
 146016 87687       -0.2143    49       -0.2031       -0.2253 20441487   10.92%
 146584 88239       -0.2193    85       -0.2031       -0.2253 20523736   10.92%
 147054 88340       -0.2224    89       -0.2031       -0.2253 20542438   10.92%
 147616 88927       -0.2213    79       -0.2031       -0.2253 20633451   10.92%
 148054 89614       -0.2033    48       -0.2031       -0.2253 20727609   10.92%
 148545 89828       -0.2172    63       -0.2031       -0.2253 20765884   10.92%
Elapsed time = 1047.12 sec. (1307201.33 ticks, tree = 2869.46 MB, solutions = 17)
Nodefile size = 813.60 MB (559.01 MB after compression)
 148950 90053       -0.2140    61       -0.2031       -0.2253 20813045   10.92%
 149480 90805       -0.2140    82       -0.2031       -0.2253 20929321   10.92%
 149881 91218       -0.2199    72       -0.2031       -0.2253 20984392   10.92%
 150331 91365       -0.2179    75       -0.2031       -0.2253 21010696   10.92%
 150721 92088       -0.2047    48       -0.2031       -0.2253 21120281   10.92%
 151160 92326       -0.2068    57       -0.2031       -0.2253 21163726   10.92%
 151703 92435       -0.2161    71       -0.2031       -0.2253 21180199   10.92%
 152276 92988       -0.2199    64       -0.2031       -0.2253 21273996   10.92%
 152768 93418       -0.2227    81       -0.2031       -0.2253 21345572   10.92%
 153178 94223       -0.2109    64       -0.2031       -0.2253 21452730   10.92%
Elapsed time = 1078.31 sec. (1345459.62 ticks, tree = 3010.73 MB, solutions = 17)
Nodefile size = 955.90 MB (656.68 MB after compression)
 153642 94548       -0.2054    62       -0.2031       -0.2253 21505277   10.92%
 154114 95094       -0.2156    59       -0.2031       -0.2253 21594611   10.92%
 154548 95300       -0.2108    63       -0.2031       -0.2253 21636661   10.92%
 154988 95867       -0.2058    43       -0.2031       -0.2253 21738640   10.92%
 155458 96295       -0.2221    86       -0.2031       -0.2253 21815575   10.92%
 155914 96518       -0.2109    65       -0.2031       -0.2253 21854137   10.92%
 156289 96929       -0.2206    78       -0.2031       -0.2253 21925138   10.92%
 156705 97546       -0.2116    76       -0.2031       -0.2253 22029455   10.92%
 157108 97722       -0.2211    65       -0.2031       -0.2253 22062806   10.92%
 157654 97968       -0.2237    78       -0.2031       -0.2253 22105293   10.92%
Elapsed time = 1109.36 sec. (1383672.35 ticks, tree = 3123.24 MB, solutions = 17)
Nodefile size = 1069.00 MB (734.42 MB after compression)
 158101 98395       -0.2093    55       -0.2031       -0.2253 22168239   10.92%
 158548 98686       -0.2056    63       -0.2031       -0.2253 22222178   10.92%
 158998 99377       -0.2046    61       -0.2031       -0.2253 22337354   10.92%
 159458 99973       -0.2046    72       -0.2031       -0.2253 22430928   10.92%
 159898 99970       -0.2093    62       -0.2031       -0.2253 22425587   10.92%
 160375 100500       -0.2228    86       -0.2031       -0.2253 22522606   10.92%
 160792 101058       -0.2041    53       -0.2031       -0.2253 22624359   10.92%
 161191 101400       -0.2109    72       -0.2031       -0.2253 22686535   10.92%
 161637 101907       -0.2218    81       -0.2031       -0.2253 22781126   10.92%
 162095 102039       -0.2152    82       -0.2031       -0.2253 22797862   10.92%
Elapsed time = 1140.92 sec. (1421983.88 ticks, tree = 3254.50 MB, solutions = 17)
Nodefile size = 1196.92 MB (822.25 MB after compression)
 162499 102364       -0.2140    75       -0.2031       -0.2253 22852084   10.92%
 162853 102903       -0.2051    64       -0.2031       -0.2253 22936450   10.92%
 163232 103368       -0.2219    79       -0.2031       -0.2253 23015071   10.92%
 163713 103549       -0.2210    79       -0.2031       -0.2253 23048187   10.92%
 164147 104076       -0.2124    68       -0.2031       -0.2253 23137771   10.92%
 164596 104417       -0.2172    76       -0.2031       -0.2253 23183480   10.92%
 165058 104523       -0.2078    73       -0.2031       -0.2253 23199406   10.92%
 165462 105333       -0.2188    72       -0.2031       -0.2253 23340438   10.92%
 165910 105626       -0.2109    73       -0.2031       -0.2253 23385460   10.92%
 166314 105977       -0.2213    85       -0.2031       -0.2253 23450138   10.92%
Elapsed time = 1171.78 sec. (1460241.18 ticks, tree = 3381.23 MB, solutions = 17)
Nodefile size = 1325.50 MB (910.55 MB after compression)
 166691 106380       -0.2136    81       -0.2031       -0.2253 23518770   10.92%
 167161 106916       -0.2052    59       -0.2031       -0.2253 23614026   10.92%
 167667 107040       -0.2100    61       -0.2031       -0.2253 23631845   10.92%
 168163 107426       -0.2219    83       -0.2031       -0.2253 23702227   10.92%
 168604 108048       -0.2150    77       -0.2031       -0.2253 23797234   10.92%
 169074 108128       -0.2162    72       -0.2031       -0.2253 23812051   10.92%
 169436 108722       -0.2253    81       -0.2031       -0.2253 23898781   10.92%
 169923 109195       -0.2085    69       -0.2031       -0.2253 23962109   10.92%
 170404 109532       -0.2171    73       -0.2031       -0.2253 24030581   10.92%
 170836 110035       -0.2222    79       -0.2031       -0.2253 24102463   10.92%
Elapsed time = 1203.25 sec. (1498466.47 ticks, tree = 3511.88 MB, solutions = 17)
Nodefile size = 1456.78 MB (1000.85 MB after compression)
 171249 110587       -0.2144    72       -0.2031       -0.2253 24198333   10.92%
 171615 110538       -0.2073    41       -0.2031       -0.2253 24190735   10.92%
 172040 111074       -0.2056    42       -0.2031       -0.2253 24283814   10.92%
 172552 111592       -0.2214    68       -0.2031       -0.2253 24372573   10.92%
 173070 112166       -0.2211    82       -0.2031       -0.2253 24460233   10.92%
 173608 112324       -0.2210    84       -0.2031       -0.2253 24490205   10.92%
 174077 112751        cutoff             -0.2031       -0.2253 24552521   10.92%
 174598 113512       -0.2233    92       -0.2031       -0.2253 24669942   10.92%
 175007 113862       -0.2189    71       -0.2031       -0.2253 24727862   10.92%
 175488 113787       -0.2109    68       -0.2031       -0.2253 24721159   10.92%
Elapsed time = 1234.11 sec. (1536679.44 ticks, tree = 3632.64 MB, solutions = 17)
Nodefile size = 1575.41 MB (1082.44 MB after compression)
 175930 114661       -0.2118    61       -0.2031       -0.2253 24834259   10.92%
 176372 114967       -0.2093    69       -0.2031       -0.2253 24895782   10.92%
 176790 115547       -0.2093    69       -0.2031       -0.2253 24982781   10.92%
 177259 115819       -0.2162    62       -0.2031       -0.2253 25031618   10.92%
 177711 116269       -0.2155    75       -0.2031       -0.2253 25094157   10.92%
 178131 116648       -0.2098    69       -0.2031       -0.2253 25158193   10.92%
 178576 117126       -0.2036    68       -0.2031       -0.2253 25230434   10.92%
 179076 117451       -0.2091    53       -0.2031       -0.2253 25286388   10.92%
 179573 118052       -0.2229    78       -0.2031       -0.2253 25373791   10.92%
 180106 118182       -0.2038    54       -0.2031       -0.2253 25390576   10.92%
Elapsed time = 1265.75 sec. (1574926.33 ticks, tree = 3774.24 MB, solutions = 17)
Nodefile size = 1715.60 MB (1178.81 MB after compression)
 180576 118990       -0.2192    85       -0.2031       -0.2253 25498701   10.92%
 181056 119458       -0.2193    78       -0.2031       -0.2253 25577808   10.92%
 181622 119728       -0.2059    54       -0.2031       -0.2253 25610946   10.92%
 182057 120302       -0.2191    74       -0.2031       -0.2253 25691820   10.92%
 182535 120652       -0.2101    77       -0.2031       -0.2253 25743256   10.92%
 182946 121092       -0.2227    85       -0.2031       -0.2253 25813825   10.92%
 183323 121457       -0.2049    60       -0.2031       -0.2253 25876010   10.92%
 183725 121989       -0.2118    58       -0.2031       -0.2253 25961149   10.92%
 184197 122152       -0.2056    71       -0.2031       -0.2253 25976384   10.92%
 184695 122604       -0.2059    70       -0.2031       -0.2253 26050956   10.92%
Elapsed time = 1297.03 sec. (1613162.01 ticks, tree = 3916.41 MB, solutions = 17)
Nodefile size = 1861.27 MB (1278.85 MB after compression)
 185247 122980       -0.2062    52       -0.2031       -0.2253 26101882   10.92%
 185769 123097       -0.2240    80       -0.2031       -0.2253 26122074   10.92%
 186265 124250       -0.2144    76       -0.2031       -0.2253 26281857   10.92%
 186719 124649       -0.2069    63       -0.2031       -0.2253 26337904   10.92%
 187227 124965       -0.2139    79       -0.2031       -0.2253 26391202   10.92%
 187666 125235       -0.2139    65       -0.2031       -0.2253 26422800   10.92%
 188116 125818       -0.2206    81       -0.2031       -0.2253 26521486   10.92%
 188612 126336       -0.2078    71       -0.2031       -0.2253 26601553   10.92%
 189141 126434       -0.2061    59       -0.2031       -0.2253 26618766   10.92%
 189592 127112       -0.2241    91       -0.2031       -0.2253 26721848   10.92%
Elapsed time = 1328.09 sec. (1651391.02 ticks, tree = 4061.75 MB, solutions = 17)
Nodefile size = 2006.31 MB (1378.57 MB after compression)
 190071 127680       -0.2225    78       -0.2031       -0.2253 26794540   10.92%
 190561 127818       -0.2047    60       -0.2031       -0.2253 26811990   10.92%
 190939 128523       -0.2068    73       -0.2031       -0.2253 26932994   10.92%
 191367 128739       -0.2050    52       -0.2031       -0.2253 26962510   10.92%
 191765 129108       -0.2218    79       -0.2031       -0.2253 27018969   10.92%
 192286 129650       -0.2245    77       -0.2031       -0.2253 27116195   10.92%
 192775 129896       -0.2206    84       -0.2031       -0.2253 27147253   10.92%
 193244 130388       -0.2231    79       -0.2031       -0.2253 27212785   10.92%
 193583 130974       -0.2077    61       -0.2031       -0.2253 27305390   10.92%
 194006 131170       -0.2177    79       -0.2031       -0.2253 27360608   10.92%
Elapsed time = 1359.28 sec. (1689747.62 ticks, tree = 4192.35 MB, solutions = 17)
Nodefile size = 2138.59 MB (1469.50 MB after compression)
 194499 131429       -0.2144    64       -0.2031       -0.2253 27400824   10.92%
 194944 132070       -0.2229    73       -0.2031       -0.2253 27497000   10.92%
 195359 131971       -0.2072    82       -0.2031       -0.2253 27483532   10.92%
 195747 132860       -0.2167    67       -0.2031       -0.2253 27624902   10.92%
 196334 132984       -0.2151    78       -0.2031       -0.2253 27642351   10.92%
 196754 133772       -0.2045    64       -0.2031       -0.2253 27752979   10.92%
 197145 133858       -0.2185    85       -0.2031       -0.2253 27770582   10.92%
 197651 134425       -0.2134    76       -0.2031       -0.2253 27872668   10.92%
 198096 134828       -0.2062    75       -0.2031       -0.2253 27926031   10.92%
 198435 135361       -0.2047    75       -0.2031       -0.2253 28023569   10.92%
Elapsed time = 1390.45 sec. (1727998.04 ticks, tree = 4327.22 MB, solutions = 17)
Nodefile size = 2273.89 MB (1562.78 MB after compression)
 198783 135601       -0.2159    82       -0.2031       -0.2253 28061837   10.92%
 199184 136050       -0.2229    81       -0.2031       -0.2253 28144449   10.92%
 199707 136196       -0.2197    89       -0.2031       -0.2253 28161268   10.92%
 200165 136558       -0.2180    86       -0.2031       -0.2253 28234074   10.92%
 200648 137037       -0.2093    76       -0.2031       -0.2253 28293821   10.92%
 201085 137624       -0.2047    67       -0.2031       -0.2253 28386945   10.92%
 201442 137671       -0.2113    82       -0.2031       -0.2253 28406128   10.92%
 201857 138261       -0.2186    84       -0.2031       -0.2253 28503581   10.92%
 202278 138547       -0.2134    77       -0.2031       -0.2253 28560124   10.92%
 202696 138916       -0.2077    59       -0.2031       -0.2253 28622481   10.92%
Elapsed time = 1421.64 sec. (1766289.26 ticks, tree = 4441.50 MB, solutions = 17)
Nodefile size = 2384.63 MB (1639.13 MB after compression)
 203063 139257       -0.2062    67       -0.2031       -0.2253 28673985   10.92%
 203567 139692       -0.2251    80       -0.2031       -0.2253 28736709   10.92%
 203986 140198       -0.2047    57       -0.2031       -0.2253 28837460   10.92%
 204484 140813       -0.2196    80       -0.2031       -0.2253 28941319   10.92%
 204991 140944       -0.2118    74       -0.2031       -0.2253 28957769   10.92%
 205539 141331       -0.2109    71       -0.2031       -0.2253 29013630   10.92%
 205936 141840       -0.2206    90       -0.2031       -0.2253 29084722   10.92%
 206275 142096       -0.2215    84       -0.2031       -0.2253 29123060   10.92%
 206709 142562       -0.2078    71       -0.2031       -0.2253 29197387   10.92%
 207178 142868       -0.2120    53       -0.2031       -0.2253 29251180   10.92%
Elapsed time = 1452.66 sec. (1804533.05 ticks, tree = 4568.82 MB, solutions = 17)
Nodefile size = 2509.62 MB (1725.21 MB after compression)
 207602 143536       -0.2163    84       -0.2031       -0.2253 29340510   10.92%
 208065 143826       -0.2103    67       -0.2031       -0.2253 29393398   10.92%
 208441 144303       -0.2099    69       -0.2031       -0.2253 29478195   10.92%
 208940 144491       -0.2070    53       -0.2031       -0.2253 29512619   10.92%
 209463 145329       -0.2229    81       -0.2031       -0.2253 29633022   10.92%
 209934 145736       -0.2221    90       -0.2031       -0.2253 29687493   10.92%
 210405 145843       -0.2039    64       -0.2031       -0.2253 29701593   10.92%
 210985 146300       -0.2180    81       -0.2031       -0.2253 29764508   10.92%
 211582 146771       -0.2047    71       -0.2031       -0.2253 29836290   10.92%
 212193 147770       -0.2162    79       -0.2031       -0.2253 29969215   10.91%
Elapsed time = 1483.95 sec. (1842778.06 ticks, tree = 4726.39 MB, solutions = 17)
Nodefile size = 2672.33 MB (1837.02 MB after compression)
 212765 148280       -0.2248    84       -0.2031       -0.2253 30029546   10.91%
 213287 148397       -0.2183    73       -0.2031       -0.2253 30047575   10.91%
 213807 148846       -0.2078    74       -0.2031       -0.2253 30110925   10.91%
 214230 149484       -0.2182    73       -0.2031       -0.2253 30218058   10.91%
 214610 149598       -0.2207    75       -0.2031       -0.2252 30235149   10.91%
 215025 150097       -0.2182    80       -0.2031       -0.2252 30301545   10.90%
 215502 150812       -0.2053    70       -0.2031       -0.2252 30409693   10.90%
 216008 150960       -0.2093    69       -0.2031       -0.2252 30426692   10.90%
 216466 151434       -0.2201    87       -0.2031       -0.2252 30498043   10.89%
 216947 152029       -0.2207    71       -0.2031       -0.2252 30587679   10.89%
Elapsed time = 1514.88 sec. (1881013.68 ticks, tree = 4863.51 MB, solutions = 17)
Nodefile size = 2807.12 MB (1929.58 MB after compression)
 217592 152294       -0.2102    61       -0.2031       -0.2252 30619731   10.89%
 218091 152606       -0.2202    76       -0.2031       -0.2252 30690671   10.89%
 218533 153449       -0.2157    69       -0.2031       -0.2252 30794329   10.89%
 219082 153896       -0.2140    69       -0.2031       -0.2252 30838209   10.88%
 219647 154016       -0.2062    67       -0.2031       -0.2252 30855437   10.88%
 220128 154859       -0.2065    67       -0.2031       -0.2252 30980671   10.88%
 220647 155339       -0.2051    47       -0.2031       -0.2252 31039917   10.88%
 221164 155818       -0.2159    77       -0.2031       -0.2252 31101519   10.87%
 221637 156042       -0.2080    80       -0.2031       -0.2252 31142952   10.87%
 222160 156622       -0.2222    80       -0.2031       -0.2252 31223793   10.87%
Elapsed time = 1546.28 sec. (1919270.77 ticks, tree = 5011.66 MB, solutions = 17)
Nodefile size = 2952.62 MB (2029.70 MB after compression)
 222841 157243       -0.2240    73       -0.2031       -0.2252 31300356   10.87%
 223405 157904       -0.2062    48       -0.2031       -0.2252 31389206   10.87%
 223857 158193       -0.2124    61       -0.2031       -0.2252 31420343   10.87%
 224266 158832       -0.2193    80       -0.2031       -0.2252 31506814   10.87%
 224633 158898       -0.2176    74       -0.2031       -0.2252 31519760   10.87%
 225136 159480       -0.2211    79       -0.2031       -0.2252 31594591   10.87%
 225598 159966       -0.2180    77       -0.2031       -0.2252 31675976   10.87%
 226147 160567       -0.2093    73       -0.2031       -0.2252 31760414   10.87%
 226566 160836       -0.2198    86       -0.2031       -0.2252 31800758   10.87%
 227044 161317       -0.2078    60       -0.2031       -0.2252 31882343   10.87%
Elapsed time = 1577.36 sec. (1957497.04 ticks, tree = 5162.76 MB, solutions = 17)
Nodefile size = 3106.41 MB (2135.43 MB after compression)
 227557 161621        cutoff             -0.2031       -0.2252 31919794   10.87%
 227999 162144       -0.2078    61       -0.2031       -0.2252 32000607   10.87%
 228481 162378       -0.2202    79       -0.2031       -0.2252 32039522   10.87%
 228913 163192       -0.2156    72       -0.2031       -0.2252 32167278   10.87%
 229387 163553       -0.2196    84       -0.2031       -0.2252 32229247   10.87%
 229911 163483       -0.2133    55       -0.2031       -0.2252 32216979   10.87%
 230471 164313       -0.2239    76       -0.2031       -0.2252 32324241   10.87%
 230928 164505       -0.2195    64       -0.2031       -0.2252 32361191   10.87%
 231533 164987       -0.2217    71       -0.2031       -0.2252 32426671   10.87%
 232049 165633       -0.2171    82       -0.2031       -0.2252 32507479   10.87%
Elapsed time = 1608.28 sec. (1995777.17 ticks, tree = 5301.74 MB, solutions = 17)
Nodefile size = 3242.51 MB (2229.01 MB after compression)
 232429 165977        cutoff             -0.2031       -0.2252 32562868   10.87%
 232907 166891       -0.2217    75       -0.2031       -0.2252 32697779   10.87%
 233365 167010       -0.2149    68       -0.2031       -0.2252 32710413   10.87%
 233816 167250       -0.2104    58       -0.2031       -0.2252 32746716   10.87%
 234338 168018       -0.2056    74       -0.2031       -0.2252 32854693   10.87%
 234860 168610       -0.2216    76       -0.2031       -0.2252 32940798   10.87%
 235365 168865       -0.2212    73       -0.2031       -0.2252 32977479   10.87%
 235825 169477       -0.2208    76       -0.2031       -0.2252 33058526   10.87%
 236340 169580       -0.2180    66       -0.2031       -0.2252 33074159   10.87%
 236810 170105       -0.2228    78       -0.2031       -0.2252 33153361   10.87%
Elapsed time = 1639.50 sec. (2034025.57 ticks, tree = 5445.72 MB, solutions = 17)
Nodefile size = 3389.28 MB (2329.91 MB after compression)
 237404 170848       -0.2056    63       -0.2031       -0.2252 33253060   10.87%
 237966 170788       -0.2194    86       -0.2031       -0.2252 33241838   10.87%
 238510 171589       -0.2056    66       -0.2031       -0.2252 33337808   10.87%
 239139 172291       -0.2159    78       -0.2031       -0.2252 33423951   10.87%
 239585 172785       -0.2056    61       -0.2031       -0.2252 33487538   10.87%
 240168 172749       -0.2188    86       -0.2031       -0.2252 33471180   10.87%
 240703 173856       -0.2050    63       -0.2031       -0.2251 33631257   10.85%
 241237 173802       -0.2047    71       -0.2031       -0.2251 33622124   10.85%
 241821 174194       -0.2105    74       -0.2031       -0.2251 33683307   10.85%
 242360 174868       -0.2072    62       -0.2031       -0.2251 33774307   10.85%
Elapsed time = 1670.70 sec. (2072282.17 ticks, tree = 5599.17 MB, solutions = 17)
Nodefile size = 3539.59 MB (2433.68 MB after compression)
 242742 175650       -0.2182    80       -0.2031       -0.2251 33875581   10.85%
 243152 175927       -0.2181    82       -0.2031       -0.2251 33911443   10.85%
 243533 176279       -0.2177    77       -0.2031       -0.2251 33968802   10.85%
 244023 176793       -0.2076    69       -0.2031       -0.2251 34057606   10.85%
 244542 177211       -0.2215    83       -0.2031       -0.2251 34119079   10.85%
 244970 177441       -0.2109    63       -0.2031       -0.2251 34157087   10.85%
 245462 177791       -0.2172    68       -0.2031       -0.2251 34201811   10.85%
 245884 178425       -0.2162    72       -0.2031       -0.2251 34315882   10.83%
 246529 178737       -0.2048    70       -0.2031       -0.2251 34358072   10.83%
 247011 179048       -0.2085    80       -0.2031       -0.2251 34409268   10.83%
Elapsed time = 1701.72 sec. (2110561.28 ticks, tree = 5733.54 MB, solutions = 17)
Nodefile size = 3675.90 MB (2527.38 MB after compression)
 247540 179900       -0.2181    64       -0.2031       -0.2251 34520091   10.83%
 248168 180563       -0.2045    53       -0.2031       -0.2251 34607225   10.83%
 248739 180732       -0.2144    72       -0.2031       -0.2251 34625064   10.83%
 249296 181357       -0.2210    74       -0.2031       -0.2251 34717769   10.83%
 249849 182045       -0.2237    70       -0.2031       -0.2251 34803979   10.83%
 250367 181994       -0.2098    67       -0.2031       -0.2251 34794222   10.83%
 250889 182622       -0.2040    74       -0.2031       -0.2251 34884313   10.83%
 251479 182937       -0.2118    54       -0.2031       -0.2251 34925415   10.83%
 251924 183692       -0.2149    78       -0.2031       -0.2251 35040855   10.83%
 252432 184263       -0.2124    87       -0.2031       -0.2251 35109573   10.83%
Elapsed time = 1733.06 sec. (2148779.15 ticks, tree = 5901.63 MB, solutions = 17)
Nodefile size = 3841.86 MB (2641.43 MB after compression)
 252765 184534       -0.2041    68       -0.2031       -0.2251 35156533   10.83%
 253149 184637       -0.2121    60       -0.2031       -0.2251 35171771   10.83%
 253671 185309       -0.2237    75       -0.2031       -0.2251 35276019   10.83%
 254192 185899        cutoff             -0.2031       -0.2251 35372450   10.83%
 254667 186220       -0.2123    76       -0.2031       -0.2251 35418632   10.82%
 255085 186715       -0.2037    74       -0.2031       -0.2251 35483922   10.82%
 255532 186977       -0.2217    84       -0.2031       -0.2251 35518244   10.82%
 255971 187745       -0.2064    67       -0.2031       -0.2251 35660806   10.81%
 256510 187623       -0.2181    87       -0.2031       -0.2251 35646596   10.81%
 256996 188309       -0.2047    60       -0.2031       -0.2251 35743446   10.81%
Elapsed time = 1764.39 sec. (2186975.54 ticks, tree = 6032.07 MB, solutions = 17)
Nodefile size = 3971.61 MB (2730.82 MB after compression)
 257481 188696       -0.2160    73       -0.2031       -0.2251 35799181   10.81%
 257987 189259       -0.2168    76       -0.2031       -0.2251 35868188   10.81%
 258441 189704       -0.2151    76       -0.2031       -0.2251 35958236   10.81%
 258919 190126       -0.2109    85       -0.2031       -0.2251 36014814   10.81%
 259465 190260        cutoff             -0.2031       -0.2251 36032673   10.81%
 259972 191205       -0.2219    91       -0.2031       -0.2251 36179189   10.81%
 260324 191424       -0.2167    88       -0.2031       -0.2251 36220916   10.81%
 260775 191773       -0.2173    80       -0.2031       -0.2251 36282617   10.81%
 261209 192217       -0.2093    66       -0.2031       -0.2251 36346306   10.81%
 261629 193037       -0.2093    67       -0.2031       -0.2250 36478811   10.81%
Elapsed time = 1795.58 sec. (2225244.44 ticks, tree = 6184.07 MB, solutions = 17)
Nodefile size = 4129.87 MB (2839.82 MB after compression)
 262126 193024       -0.2210    83       -0.2031       -0.2250 36469625   10.81%
 262781 193320       -0.2209    75       -0.2031       -0.2250 36522194   10.81%
 263327 193947       -0.2095    73       -0.2031       -0.2250 36592672   10.81%
 263991 194387       -0.2172    78       -0.2031       -0.2250 36658809   10.80%
 264527 195037       -0.2103    75       -0.2031       -0.2250 36737684   10.80%
 265101 195861       -0.2054    64       -0.2031       -0.2250 36834313   10.80%
 265564 196430       -0.2045    62       -0.2031       -0.2250 36920664   10.80%
 266163 196365       -0.2238    85       -0.2031       -0.2250 36912080   10.80%
 266694 197411       -0.2120    76       -0.2031       -0.2250 37055695   10.80%
 267273 197174       -0.2155    65       -0.2031       -0.2250 37013512   10.80%
Elapsed time = 1827.23 sec. (2263517.00 ticks, tree = 6317.44 MB, solutions = 17)
Nodefile size = 4254.35 MB (2925.58 MB after compression)
 267852 198419       -0.2147    67       -0.2031       -0.2250 37185676   10.80%
 268432 198347       -0.2187    83       -0.2031       -0.2250 37178446   10.80%
 268995 198851       -0.2098    69       -0.2031       -0.2250 37246331   10.80%
 269602 199119       -0.2123    74       -0.2031       -0.2250 37280485   10.80%
 270165 200441       -0.2047    62       -0.2031       -0.2250 37452134   10.80%
 270714 200724       -0.2146    74       -0.2031       -0.2250 37493987   10.80%
 271179 201219       -0.2227    77       -0.2031       -0.2250 37553892   10.80%
 271633 201486       -0.2204    82       -0.2031       -0.2250 37592659   10.80%
 272088 202380       -0.2204    85       -0.2031       -0.2250 37724533   10.80%
 272535 202579       -0.2206    84       -0.2031       -0.2250 37752430   10.80%
Elapsed time = 1858.97 sec. (2301855.30 ticks, tree = 6491.44 MB, solutions = 17)
Nodefile size = 4436.16 MB (3050.66 MB after compression)
 273021 202713       -0.2039    70       -0.2031       -0.2250 37767308   10.80%
 273525 203128       -0.2227    84       -0.2031       -0.2250 37834157   10.80%
 273901 204011       -0.2198    78       -0.2031       -0.2250 37978658   10.80%
 274379 204128       -0.2154    84       -0.2031       -0.2250 37996617   10.80%
 274807 204455       -0.2177    85       -0.2031       -0.2250 38065076   10.80%
 275313 204996       -0.2060    50       -0.2031       -0.2250 38144524   10.80%
 275830 205256       -0.2146    52       -0.2031       -0.2250 38195154   10.80%
 276347 206008       -0.2185    93       -0.2031       -0.2250 38312821   10.80%
 276830 206122       -0.2199    71       -0.2031       -0.2250 38330069   10.80%
 277354 207072       -0.2209    89       -0.2031       -0.2250 38462617   10.80%
Elapsed time = 1890.39 sec. (2340125.88 ticks, tree = 6636.22 MB, solutions = 17)
Nodefile size = 4581.06 MB (3150.37 MB after compression)
 277814 206756       -0.2129    76       -0.2031       -0.2250 38421329   10.80%
 278342 207557       -0.2193    82       -0.2031       -0.2250 38536217   10.80%
 278851 208238       -0.2047    60       -0.2031       -0.2250 38632040   10.80%
 279376 208858       -0.2078    74       -0.2031       -0.2250 38726543   10.79%
 279883 209175       -0.2104    73       -0.2031       -0.2250 38768223   10.79%
 280382 209403       -0.2044    70       -0.2031       -0.2250 38800272   10.79%
 280808 209836       -0.2196    87       -0.2031       -0.2250 38873938   10.79%
 281226 210594       -0.2203    87       -0.2031       -0.2250 38990091   10.79%
 281732 210695       -0.2200    67       -0.2031       -0.2250 39002951   10.79%
 282140 211038       -0.2056    72       -0.2031       -0.2250 39055682   10.79%
Elapsed time = 1921.42 sec. (2378346.40 ticks, tree = 6743.23 MB, solutions = 17)
Nodefile size = 4686.22 MB (3222.42 MB after compression)
 282759 211348       -0.2062    68       -0.2031       -0.2250 39094763   10.79%
 283282 212273       -0.2039    60       -0.2031       -0.2250 39221764   10.79%
 283771 211972       -0.2098    68       -0.2031       -0.2250 39180360   10.79%
 284207 212821       -0.2191    87       -0.2031       -0.2250 39297684   10.78%
 284615 213259       -0.2221    77       -0.2031       -0.2250 39370564   10.78%
 285170 214010       -0.2057    72       -0.2031       -0.2250 39487677   10.78%
 285621 214305       -0.2052    63       -0.2031       -0.2250 39528836   10.78%
 286163 214894       -0.2053    55       -0.2031       -0.2250 39619288   10.78%
 286676 214979       -0.2225    84       -0.2031       -0.2250 39636186   10.78%
 287079 215835       -0.2191    82       -0.2031       -0.2250 39753684   10.78%
Elapsed time = 1952.94 sec. (2416575.89 ticks, tree = 6897.68 MB, solutions = 17)
Nodefile size = 4841.08 MB (3328.82 MB after compression)
 287557 215955       -0.2184    70       -0.2031       -0.2250 39771363   10.78%
 288004 216769       -0.2171    74       -0.2031       -0.2250 39912763   10.78%
 288485 217010       -0.2191    65       -0.2031       -0.2250 39946034   10.78%
 289104 217473       -0.2124    80       -0.2031       -0.2250 40018676   10.78%
 289562 217578       -0.2227    75       -0.2031       -0.2250 40036647   10.78%
 290079 218410       -0.2158    74       -0.2031       -0.2250 40152980   10.77%
 290632 218876       -0.2055    75       -0.2031       -0.2250 40209118   10.77%
 291038 219556       -0.2097    73       -0.2031       -0.2250 40302839   10.77%
 291493 219330       -0.2169    67       -0.2031       -0.2250 40271992   10.77%
 291879 220000       -0.2138    72       -0.2031       -0.2250 40382867   10.77%
Elapsed time = 1984.86 sec. (2454778.85 ticks, tree = 7031.90 MB, solutions = 17)
Nodefile size = 4975.66 MB (3421.53 MB after compression)
 292325 220510       -0.2211    83       -0.2031       -0.2250 40450454   10.77%
 292840 220745       -0.2194    76       -0.2031       -0.2250 40499496   10.77%
 293409 221374       -0.2131    85       -0.2031       -0.2250 40579986   10.77%
 293896 221482       -0.2132    78       -0.2031       -0.2250 40598389   10.76%
 294365 221798       -0.2168    81       -0.2031       -0.2250 40644842   10.76%
 294833 222338       -0.2050    75       -0.2031       -0.2250 40733357   10.76%
 295258 222903       -0.2106    70       -0.2031       -0.2250 40812201   10.76%
 295792 223574       -0.2078    57       -0.2031       -0.2250 40932952   10.76%
 296231 223851       -0.2202    75       -0.2031       -0.2250 40971363   10.76%
 296845 224697       -0.2249    74       -0.2031       -0.2250 41088027   10.76%
Elapsed time = 2016.02 sec. (2493006.22 ticks, tree = 7183.10 MB, solutions = 17)
Nodefile size = 5128.59 MB (3526.64 MB after compression)
 297315 224960       -0.2036    55       -0.2031       -0.2250 41125896   10.76%
 297825 225273       -0.2236    88       -0.2031       -0.2250 41177328   10.76%
 298339 225362       -0.2214    92       -0.2031       -0.2250 41194651   10.76%
 298790 226326       -0.2205    75       -0.2031       -0.2249 41350289   10.76%
 299378 226629       -0.2238    70       -0.2031       -0.2249 41391074   10.76%
 299851 226735       -0.2133    78       -0.2031       -0.2249 41406138   10.76%
 300326 227226       -0.2056    62       -0.2031       -0.2249 41477554   10.76%
 300745 227678       -0.2072    67       -0.2031       -0.2249 41541794   10.76%
 301109 228445       -0.2084    57       -0.2031       -0.2249 41656652   10.75%
 301525 228527       -0.2226    79       -0.2031       -0.2249 41671515   10.75%
Elapsed time = 2047.25 sec. (2531281.43 ticks, tree = 7306.42 MB, solutions = 17)
Nodefile size = 5246.80 MB (3607.86 MB after compression)
 302079 229116       -0.2043    82       -0.2031       -0.2249 41769701   10.75%
 302498 229287       -0.2117    70       -0.2031       -0.2249 41802507   10.75%
 302981 229670       -0.2101    74       -0.2031       -0.2249 41853153   10.75%
 303579 230282       -0.2236    84       -0.2031       -0.2249 41940908   10.74%
 304071 230748       -0.2038    39       -0.2031       -0.2249 42020878   10.74%
 304606 231451       -0.2130    75       -0.2031       -0.2249 42105674   10.74%
 305218 231626       -0.2032    42       -0.2031       -0.2249 42122749   10.74%
 305750 232201       -0.2190    91       -0.2031       -0.2249 42204080   10.74%
 306274 232817       -0.2054    77       -0.2031       -0.2249 42280505   10.74%
 306746 233678       -0.2056    50       -0.2031       -0.2249 42402165   10.73%
Elapsed time = 2080.55 sec. (2569479.71 ticks, tree = 7472.23 MB, solutions = 17)
Nodefile size = 5415.86 MB (3724.17 MB after compression)
 307167 233782       -0.2147    75       -0.2031       -0.2249 42419458   10.73%
 307592 234478       -0.2196    86       -0.2031       -0.2249 42536071   10.73%
 308083 234591       -0.2070    77       -0.2031       -0.2249 42555294   10.73%
 308543 234829       -0.2132    84       -0.2031       -0.2249 42596674   10.73%
 309045 235589       -0.2133    73       -0.2031       -0.2249 42725751   10.73%
 309522 235799       -0.2078    72       -0.2031       -0.2249 42761034   10.73%
 309937 236086       -0.2199    67       -0.2031       -0.2249 42811097   10.73%
 310340 236618       -0.2216    73       -0.2031       -0.2249 42879950   10.73%
 310750 237301       -0.2071    76       -0.2031       -0.2249 42999990   10.73%
 311187 237485       -0.2169    67       -0.2031       -0.2249 43028712   10.73%
Elapsed time = 2111.92 sec. (2607684.22 ticks, tree = 7594.76 MB, solutions = 17)
Nodefile size = 5537.76 MB (3808.13 MB after compression)
 311650 238047       -0.2175    71       -0.2031       -0.2249 43111300   10.73%
 312102 238154       -0.2190    85       -0.2031       -0.2249 43129101   10.73%
 312574 238373       -0.2210    82       -0.2031       -0.2249 43164103   10.73%
 313011 239094       -0.2154    82       -0.2031       -0.2249 43288497   10.73%
 313523 239207       -0.2115    69       -0.2031       -0.2249 43306464   10.73%
 314056 239503       -0.2188    82       -0.2031       -0.2249 43353261   10.73%
 314621 240189       -0.2186    73       -0.2031       -0.2249 43447047   10.73%
 315051 240895       -0.2076    67       -0.2031       -0.2249 43568837   10.73%
 315539 241019       -0.2154    66       -0.2031       -0.2249 43585814   10.73%
 316048 241704       -0.2224    75       -0.2031       -0.2249 43686899   10.73%
Elapsed time = 2143.38 sec. (2645948.20 ticks, tree = 7730.84 MB, solutions = 17)
Nodefile size = 5672.89 MB (3901.27 MB after compression)
 316555 241998       -0.2066    73       -0.2031       -0.2249 43724468   10.73%
 317142 242638       -0.2184    80       -0.2031       -0.2249 43830636   10.73%
 317652 242736       -0.2117    71       -0.2031       -0.2249 43843392   10.73%
 318192 243294       -0.2119    85       -0.2031       -0.2249 43915031   10.73%
 318717 244314       -0.2147    64       -0.2031       -0.2249 44067900   10.73%
 319254 244103       -0.2160    77       -0.2031       -0.2249 44024792   10.73%
 319782 244914       -0.2236    82       -0.2031       -0.2249 44153810   10.73%
 320240 245035        cutoff             -0.2031       -0.2249 44170457   10.73%
 320699 246056       -0.2049    58       -0.2031       -0.2249 44325778   10.73%
 321142 246147       -0.2095    70       -0.2031       -0.2249 44340876   10.73%
Elapsed time = 2175.58 sec. (2684212.53 ticks, tree = 7873.71 MB, solutions = 17)
Nodefile size = 5814.38 MB (3998.61 MB after compression)
 321594 246761       -0.2170    68       -0.2031       -0.2249 44427676   10.73%
 322244 247123       -0.2144    70       -0.2031       -0.2249 44471159   10.72%
 322797 247384       -0.2163    55       -0.2031       -0.2249 44502836   10.72%
 323466 248076       -0.2091    68       -0.2031       -0.2249 44584375   10.71%
 324131 248429       -0.2242    87       -0.2031       -0.2249 44624541   10.71%
 324696 249798       -0.2062    50       -0.2031       -0.2249 44768827   10.71%
 325476 249732       -0.2050    51       -0.2031       -0.2249 44759440   10.71%
 326122 250642       -0.2068    59       -0.2031       -0.2249 44850468   10.71%
 326686 251272       -0.2093    50       -0.2031       -0.2249 44922782   10.71%
 327224 251441       -0.2036    48       -0.2031       -0.2249 44940878   10.71%
Elapsed time = 2209.53 sec. (2722411.28 ticks, tree = 8044.77 MB, solutions = 17)
Nodefile size = 5979.52 MB (4112.05 MB after compression)
 327857 251744       -0.2078    59       -0.2031       -0.2249 44972090   10.71%
 328520 253264       -0.2149    63       -0.2031       -0.2249 45156917   10.71%
 329118 253426       -0.2211    92       -0.2031       -0.2249 45174813   10.71%
 329652 253962       -0.2173    78       -0.2031       -0.2248 45237219   10.71%
 330130 254228       -0.2177    69       -0.2031       -0.2248 45289651   10.71%
 330560 255172       -0.2087    57       -0.2031       -0.2248 45417572   10.71%
 331010 255285       -0.2122    56       -0.2031       -0.2248 45436512   10.71%
 331488 255816       -0.2129    66       -0.2031       -0.2248 45529664   10.71%
 331932 256140       -0.2163    73       -0.2031       -0.2248 45578251   10.70%
 332478 256899       -0.2052    47       -0.2031       -0.2248 45707912   10.70%
Elapsed time = 2242.19 sec. (2760639.72 ticks, tree = 8220.58 MB, solutions = 17)
Nodefile size = 6164.49 MB (4239.48 MB after compression)
 332952 256808       -0.2152    70       -0.2031       -0.2248 45695453   10.70%
 333362 257132       -0.2091    52       -0.2031       -0.2248 45741177   10.70%
 333780 257938       -0.2144    66       -0.2031       -0.2248 45869693   10.70%
 334233 258164       -0.2124    66       -0.2031       -0.2248 45914424   10.70%
 334710 258418       -0.2244    93       -0.2031       -0.2248 45961590   10.70%
 335200 258999       -0.2172    81       -0.2031       -0.2248 46047467   10.70%
 335750 259740       -0.2223    80       -0.2031       -0.2248 46175739   10.70%
 336220 259531       -0.2156    69       -0.2031       -0.2248 46131964   10.70%
 336651 260572       -0.2075    58       -0.2031       -0.2248 46293823   10.70%
 337153 260842       -0.2163    69       -0.2031       -0.2248 46345633   10.70%
Elapsed time = 2273.81 sec. (2798901.30 ticks, tree = 8347.84 MB, solutions = 17)
Nodefile size = 6288.47 MB (4325.01 MB after compression)
 337604 261403       -0.2160    72       -0.2031       -0.2248 46450615   10.70%
 338134 261546       -0.2248    76       -0.2031       -0.2248 46469531   10.70%
 338552 261990       -0.2174    75       -0.2031       -0.2248 46542320   10.70%
 339088 262270       -0.2168    77       -0.2031       -0.2248 46580733   10.70%
 339635 262915       -0.2041    53       -0.2031       -0.2248 46689251   10.70%
 340124 263145       -0.2167    73       -0.2031       -0.2248 46728160   10.70%
 340711 263757       -0.2122    54       -0.2031       -0.2248 46814258   10.70%
 341280 264708       -0.2165    82       -0.2031       -0.2248 46943961   10.70%
 341773 264362       -0.2115    76       -0.2031       -0.2248 46896258   10.70%
 342251 265304       -0.2072    74       -0.2031       -0.2248 47032007   10.70%
Elapsed time = 2305.83 sec. (2837133.65 ticks, tree = 8491.55 MB, solutions = 17)
Nodefile size = 6432.44 MB (4424.04 MB after compression)
 342733 265791       -0.2167    74       -0.2031       -0.2248 47112491   10.70%
 343066 266120       -0.2109    74       -0.2031       -0.2248 47178394   10.70%
 343514 266218       -0.2217    87       -0.2031       -0.2248 47194673   10.70%
 343933 266871       -0.2171    83       -0.2031       -0.2248 47301845   10.70%
 344378 267246       -0.2181    72       -0.2031       -0.2248 47371865   10.70%
 344957 267661       -0.2047    57       -0.2031       -0.2248 47434745   10.70%
 345470 268314       -0.2171    78       -0.2031       -0.2248 47536562   10.70%
 345976 268426       -0.2229    73       -0.2031       -0.2248 47553870   10.70%
 346427 269167       -0.2197    74       -0.2031       -0.2248 47657357   10.70%
 346951 269310       -0.2038    61       -0.2031       -0.2248 47675190   10.69%
Elapsed time = 2337.14 sec. (2875331.08 ticks, tree = 8620.80 MB, solutions = 17)
Nodefile size = 6557.75 MB (4510.25 MB after compression)
 347569 270332       -0.2066    66       -0.2031       -0.2248 47836490   10.69%
 348141 270715       -0.2198    86       -0.2031       -0.2248 47883013   10.69%
 348764 270876       -0.2044    67       -0.2031       -0.2248 47899817   10.69%
 349249 271137       -0.2241    72       -0.2031       -0.2248 47932882   10.69%
 349797 272382       -0.2106    63       -0.2031       -0.2248 48093283   10.69%
 350252 272643       -0.2222    75       -0.2031       -0.2248 48135861   10.69%
 350758 272727       -0.2179    78       -0.2031       -0.2248 48154063   10.69%
 351275 273424       -0.2040    58       -0.2031       -0.2248 48257086   10.69%
 352031 273824       -0.2040    61       -0.2031       -0.2248 48304775   10.69%
 352657 274101       -0.2055    34       -0.2031       -0.2248 48357012   10.69%
Elapsed time = 2369.34 sec. (2913555.11 ticks, tree = 8775.09 MB, solutions = 17)
Nodefile size = 6709.70 MB (4614.73 MB after compression)
 353298 275212       -0.2093    73       -0.2031       -0.2248 48487821   10.69%
 353913 275344       -0.2130    62       -0.2031       -0.2248 48503397   10.69%
 354500 275634       -0.2164    72       -0.2031       -0.2248 48538807   10.69%
 355123 276589       -0.2143    80       -0.2031       -0.2248 48647559   10.69%
 355770 277673       -0.2118    65       -0.2031       -0.2248 48775920   10.69%
 356342 277551       -0.2240    72       -0.2031       -0.2248 48756563   10.69%
 356934 278115       -0.2036    50       -0.2031       -0.2248 48822227   10.69%
 357517 279166       -0.2040    44       -0.2031       -0.2248 48932538   10.69%
 358053 279745       -0.2109    74       -0.2031       -0.2248 49012962   10.69%
 358593 280136       -0.2038    58       -0.2031       -0.2248 49064271   10.69%
Elapsed time = 2402.31 sec. (2951807.54 ticks, tree = 8969.58 MB, solutions = 17)
Nodefile size = 6909.08 MB (4751.59 MB after compression)
 359184 280271       -0.2078    51       -0.2031       -0.2248 49082671   10.69%
 359826 280534       -0.2062    53       -0.2031       -0.2248 49119637   10.69%
 360327 281289       -0.2204    74       -0.2031       -0.2248 49238191   10.69%
 360755 281898       -0.2047    55       -0.2031       -0.2248 49311975   10.69%
 361122 282195       -0.2093    73       -0.2031       -0.2248 49359232   10.69%
 361677 282875       -0.2192    81       -0.2031       -0.2248 49465606   10.69%
 362192 283158       -0.2221    72       -0.2031       -0.2248 49515199   10.69%
 362630 283406       -0.2124    73       -0.2031       -0.2248 49568835   10.69%
 363147 283671       -0.2070    64       -0.2031       -0.2248 49605526   10.69%
 363650 284432       -0.2093    73       -0.2031       -0.2248 49728854   10.69%
Elapsed time = 2434.92 sec. (2990036.86 ticks, tree = 9107.92 MB, solutions = 17)
Nodefile size = 7045.33 MB (4845.19 MB after compression)
 364062 285125       -0.2199    74       -0.2031       -0.2248 49833842   10.69%
 364548 285725       -0.2217    70       -0.2031       -0.2248 49940987   10.69%
 365168 286079       -0.2132    65       -0.2031       -0.2248 49990846   10.69%
 365680 286702       -0.2093    87       -0.2031       -0.2248 50060939   10.69%
 366143 287362       -0.2145    70       -0.2031       -0.2248 50191813   10.69%
 366647 287279       -0.2100    62       -0.2031       -0.2248 50174413   10.69%
 366983 287681       -0.2093    65       -0.2031       -0.2248 50243372   10.69%
 367380 287996       -0.2047    52       -0.2031       -0.2248 50292690   10.69%
 367832 288196       -0.2217    68       -0.2031       -0.2248 50337517   10.69%
 368366 289022       -0.2098    50       -0.2031       -0.2248 50460128   10.69%
Elapsed time = 2467.08 sec. (3028306.07 ticks, tree = 9255.81 MB, solutions = 17)
Nodefile size = 7196.30 MB (4948.97 MB after compression)
 368817 289148       -0.2093    77       -0.2031       -0.2248 50480503   10.69%
 369337 290147       -0.2193    67       -0.2031       -0.2248 50643571   10.69%
 369804 290270       -0.2093    66       -0.2031       -0.2248 50659574   10.69%
 370263 290378       -0.2066    56       -0.2031       -0.2248 50673792   10.69%
 370884 291344       -0.2140    76       -0.2031       -0.2248 50815901   10.69%
 371470 291518       -0.2231    66       -0.2031       -0.2248 50853349   10.69%
 371976 291814       -0.2217    74       -0.2031       -0.2248 50903983   10.69%
 372409 292844       -0.2216    80       -0.2031       -0.2248 51039976   10.69%
 372834 292789       -0.2140    72       -0.2031       -0.2248 51023759   10.69%
 373503 293591       -0.2163    67       -0.2031       -0.2248 51139358   10.69%
Elapsed time = 2499.39 sec. (3066584.96 ticks, tree = 9403.02 MB, solutions = 17)
Nodefile size = 7339.60 MB (5047.20 MB after compression)
 373956 294396       -0.2104    73       -0.2031       -0.2248 51280939   10.69%
 374320 294193       -0.2093    69       -0.2031       -0.2248 51261818   10.69%
 374843 294758       -0.2217    82       -0.2031       -0.2248 51336504   10.69%
 375241 295426       -0.2104    51       -0.2031       -0.2248 51451602   10.69%
 375734 295668       -0.2193    76       -0.2031       -0.2248 51491936   10.69%
 376246 295973       -0.2186    76       -0.2031       -0.2248 51548556   10.69%
 376654 296294       -0.2218    86       -0.2031       -0.2248 51601489   10.69%
 377035 297072       -0.2054    75       -0.2031       -0.2248 51735784   10.69%
 377512 297218       -0.2187    78       -0.2031       -0.2248 51753141   10.69%
 377939 298044       -0.2143    45       -0.2031       -0.2248 51891202   10.69%
Elapsed time = 2531.50 sec. (3104872.51 ticks, tree = 9546.40 MB, solutions = 17)
Nodefile size = 7489.05 MB (5150.14 MB after compression)
 378373 298287       -0.2039    56       -0.2031       -0.2248 51931145   10.69%
 378785 298647       -0.2124    71       -0.2031       -0.2248 51986226   10.69%
 379249 299117       -0.2078    53       -0.2031       -0.2248 52070278   10.69%
 379718 299194       -0.2124    62       -0.2031       -0.2248 52086809   10.69%
 380244 299934       -0.2074    67       -0.2031       -0.2248 52190700   10.69%
 380740 299571       -0.2186    69       -0.2031       -0.2248 52142609   10.69%
 381204 300713       -0.2137    65       -0.2031       -0.2248 52318188   10.69%
 381740 301132       -0.2155    64       -0.2031       -0.2248 52368635   10.69%
 382210 301433       -0.2166    73       -0.2031       -0.2248 52420083   10.69%
 382637 301809       -0.2060    71       -0.2031       -0.2248 52482203   10.69%
Elapsed time = 2563.78 sec. (3143084.74 ticks, tree = 9667.57 MB, solutions = 17)
Nodefile size = 7605.99 MB (5230.48 MB after compression)
 383073 302449       -0.2210    78       -0.2031       -0.2248 52587609   10.69%
 383799 302960       -0.2217    75       -0.2031       -0.2248 52639871   10.69%
 384385 303427       -0.2139    66       -0.2031       -0.2248 52721745   10.69%
 384823 303586       -0.2093    68       -0.2031       -0.2248 52738018   10.69%
 385267 304148       -0.2047    60       -0.2031       -0.2248 52814508   10.69%
 385859 304901       -0.2065    62       -0.2031       -0.2248 52911484   10.69%
 386333 305672       -0.2182    62       -0.2031       -0.2248 53043557   10.69%
 386964 305535       -0.2107    61       -0.2031       -0.2248 53021964   10.69%
 387437 306577       -0.2137    79       -0.2031       -0.2248 53169487   10.69%
 387896 306684       -0.2187    77       -0.2031       -0.2248 53180841   10.69%
Elapsed time = 2595.81 sec. (3181357.17 ticks, tree = 9824.60 MB, solutions = 17)
Nodefile size = 7762.73 MB (5338.10 MB after compression)
 388393 307358       -0.2207    86       -0.2031       -0.2248 53293328   10.69%
 388811 307621       -0.2232    94       -0.2031       -0.2248 53340386   10.69%
 389274 307730       -0.2150    85       -0.2031       -0.2248 53356525   10.69%
 389691 308897       -0.2179    85       -0.2031       -0.2248 53515174   10.69%
 390087 309081       -0.2099    46       -0.2031       -0.2248 53541621   10.69%
 390589 309437        cutoff             -0.2031       -0.2248 53592110   10.69%
 391041 309593       -0.2229    75       -0.2031       -0.2248 53611357   10.69%
 391497 309900       -0.2182    78       -0.2031       -0.2248 53695317   10.69%
 391936 310525       -0.2062    62       -0.2031       -0.2248 53775983   10.69%
 392429 310905       -0.2078    81       -0.2031       -0.2248 53862585   10.69%
Elapsed time = 2627.97 sec. (3219645.62 ticks, tree = 9960.46 MB, solutions = 17)
Nodefile size = 7899.43 MB (5432.40 MB after compression)
 392987 311486       -0.2043    58       -0.2031       -0.2248 53935406   10.69%
 393482 311302       -0.2122    70       -0.2031       -0.2248 53913981   10.69%
 393964 312213       -0.2208    78       -0.2031       -0.2248 54057868   10.69%
 394416 312309       -0.2143    80       -0.2031       -0.2248 54075350   10.69%
 394847 313117       -0.2078    71       -0.2031       -0.2248 54195881   10.69%
 395291 313789       -0.2142    78       -0.2031       -0.2248 54302390   10.69%
 395825 314113       -0.2140    69       -0.2031       -0.2248 54354258   10.69%
 396350 314584       -0.2200    76       -0.2031       -0.2248 54430634   10.69%
 396840 314685       -0.2217    68       -0.2031       -0.2248 54445153   10.69%
 397417 315834       -0.2184    81       -0.2031       -0.2248 54626082   10.69%
Elapsed time = 2659.89 sec. (3257827.39 ticks, tree = 10119.11 MB, solutions = 17)
Nodefile size = 8062.03 MB (5544.48 MB after compression)
 397966 315515       -0.2155    87       -0.2031       -0.2248 54575602   10.69%
 398414 316286       -0.2118    70       -0.2031       -0.2248 54694942   10.69%
 398948 317287       -0.2144    79       -0.2031       -0.2248 54833261   10.69%
 399387 317380       -0.2202    87       -0.2031       -0.2248 54852887   10.69%
 399826 318129       -0.2248    72       -0.2031       -0.2248 54960035   10.69%
 400287 318209       -0.2178    78       -0.2031       -0.2248 54975716   10.69%
 400730 318889       -0.2151    84       -0.2031       -0.2248 55086125   10.69%
 401173 318713       -0.2057    69       -0.2031       -0.2248 55064055   10.69%
 401676 319269       -0.2039    71       -0.2031       -0.2248 55145422   10.69%
 402323 320054       -0.2180    89       -0.2031       -0.2248 55268270   10.69%
Elapsed time = 2691.36 sec. (3296071.42 ticks, tree = 10254.99 MB, solutions = 17)
Nodefile size = 8197.34 MB (5637.47 MB after compression)
 402864 319893       -0.2062    60       -0.2031       -0.2248 55222565   10.69%
 403299 321101       -0.2047    63       -0.2031       -0.2248 55393518   10.69%
 403861 321415       -0.2047    72       -0.2031       -0.2248 55443972   10.69%
 404290 321517       -0.2049    44       -0.2031       -0.2248 55462470   10.69%
 404749 321976       -0.2159    83       -0.2031       -0.2248 55532941   10.69%
 405293 322320       -0.2206    88       -0.2031       -0.2248 55583255   10.69%
 405841 322830       -0.2214    87       -0.2031       -0.2248 55632971   10.69%
 406327 323380       -0.2112    50       -0.2031       -0.2248 55746125   10.69%
 406820 323785       -0.2205    81       -0.2031       -0.2248 55794776   10.69%
 407274 324372       -0.2085    52       -0.2031       -0.2248 55866675   10.69%
Elapsed time = 2725.23 sec. (3334304.58 ticks, tree = 10393.98 MB, solutions = 17)
Nodefile size = 8332.22 MB (5730.37 MB after compression)
 407740 324505       -0.2148    64       -0.2031       -0.2248 55885674   10.69%
 408267 325582       -0.2192    78       -0.2031       -0.2248 56069014   10.69%
 408844 325846       -0.2039    71       -0.2031       -0.2248 56118327   10.69%
 409294 326618       -0.2074    72       -0.2031       -0.2248 56227166   10.69%
 409683 327151       -0.2173    84       -0.2031       -0.2248 56314595   10.69%
 410088 326601       -0.2248    90       -0.2031       -0.2248 56227169   10.69%
 410559 327717       -0.2213    76       -0.2031       -0.2248 56410014   10.69%
 410954 327587       -0.2206    82       -0.2031       -0.2248 56390899   10.69%
 411323 327991       -0.2124    71       -0.2031       -0.2248 56480460   10.69%
 411707 328981       -0.2109    75       -0.2031       -0.2248 56655747   10.69%
Elapsed time = 2756.64 sec. (3372539.37 ticks, tree = 10536.48 MB, solutions = 17)
Nodefile size = 8479.49 MB (5831.74 MB after compression)
 412129 329073       -0.2248    88       -0.2031       -0.2248 56670301   10.69%
 412556 329646        cutoff             -0.2031       -0.2248 56764245   10.69%
 412946 329508       -0.2175    86       -0.2031       -0.2248 56752459   10.69%
 413347 330300       -0.2081    69       -0.2031       -0.2248 56876922   10.69%
 413862 330428       -0.2136    81       -0.2031       -0.2248 56895710   10.69%
 414449 330746       -0.2150    85       -0.2031       -0.2248 56939107   10.69%
 414897 331615       -0.2112    69       -0.2031       -0.2248 57089181   10.69%
 415435 332077       -0.2248    82       -0.2031       -0.2248 57141943   10.69%
 416009 332217       -0.2222    93       -0.2031       -0.2248 57156644   10.69%
 416497 332613       -0.2202    90       -0.2031       -0.2248 57234666   10.69%
Elapsed time = 2788.20 sec. (3410782.13 ticks, tree = 10653.42 MB, solutions = 17)
Nodefile size = 8592.48 MB (5909.58 MB after compression)
 417112 332507       -0.2211    85       -0.2031       -0.2248 57208049   10.69%
 417598 333401       -0.2153    80       -0.2031       -0.2248 57326817   10.69%
 418124 333617       -0.2047    62       -0.2031       -0.2248 57362657   10.69%
 418753 334656       -0.2212    87       -0.2031       -0.2248 57493330   10.69%
 419288 334788        cutoff             -0.2031       -0.2248 57509715   10.69%
 419751 335412       -0.2076    77       -0.2031       -0.2248 57590642   10.69%
 420482 336533       -0.2039    63       -0.2031       -0.2248 57727934   10.69%
 421064 336502       -0.2169    75       -0.2031       -0.2248 57718655   10.69%
 421638 337091       -0.2205    85       -0.2031       -0.2248 57789906   10.69%
 422270 338303       -0.2208    85       -0.2031       -0.2248 57927845   10.69%
Elapsed time = 2819.62 sec. (3449027.52 ticks, tree = 10836.68 MB, solutions = 17)
Nodefile size = 8779.63 MB (6038.31 MB after compression)
 422906 338476       -0.2234    69       -0.2031       -0.2248 57943963   10.69%
 423349 338589       -0.2056    66       -0.2031       -0.2248 57961620   10.69%
 423827 339405       -0.2198    91       -0.2031       -0.2248 58063531   10.69%
 424400 339527       -0.2175    85       -0.2031       -0.2248 58080238   10.69%
 424857 340302       -0.2083    44       -0.2031       -0.2248 58190748   10.69%
 425647 340675       -0.2224    86       -0.2031       -0.2248 58238394   10.69%
 426133 341827       -0.2223    90       -0.2031       -0.2248 58373681   10.69%
 426625 341641       -0.2062    62       -0.2031       -0.2248 58357131   10.68%
 427066 342693       -0.2185    72       -0.2031       -0.2248 58486657   10.68%
 427546 342978       -0.2155    71       -0.2031       -0.2248 58527893   10.68%
Elapsed time = 2850.86 sec. (3487294.12 ticks, tree = 10987.19 MB, solutions = 17)
Nodefile size = 8929.05 MB (6141.13 MB after compression)
 428049 342948       -0.2050    60       -0.2031       -0.2248 58520557   10.68%
 428590 343378       -0.2174    72       -0.2031       -0.2248 58592744   10.68%
 429123 344184       -0.2153    80       -0.2031       -0.2248 58694245   10.68%
 429717 344575       -0.2185    77       -0.2031       -0.2248 58747557   10.68%
 430304 344712       -0.2063    58       -0.2031       -0.2248 58764617   10.68%
 430956 345835       -0.2040    65       -0.2031       -0.2248 58910569   10.68%
 431581 346468       -0.2195    67       -0.2031       -0.2248 58992504   10.68%
 432287 346290       -0.2062    61       -0.2031       -0.2248 58968276   10.67%
 432847 347302       -0.2194    68       -0.2031       -0.2248 59091542   10.67%
 433337 347602       -0.2126    76       -0.2031       -0.2248 59123642   10.66%
Elapsed time = 2882.58 sec. (3525507.35 ticks, tree = 11136.10 MB, solutions = 17)
Nodefile size = 9076.31 MB (6242.30 MB after compression)
 433988 348151       -0.2047    74       -0.2031       -0.2248 59179453   10.66%
 434511 349223       -0.2219    80       -0.2031       -0.2248 59322818   10.66%
 435149 349562       -0.2191    75       -0.2031       -0.2248 59374348   10.66%
 435844 349539       -0.2132    64       -0.2031       -0.2248 59356134   10.66%
 436408 350964       -0.2113    67       -0.2031       -0.2247 59537964   10.66%
 437088 351108       -0.2078    66       -0.2031       -0.2247 59554009   10.66%
 437573 351748       -0.2151    63       -0.2031       -0.2247 59628765   10.65%
 438219 352431       -0.2232    85       -0.2031       -0.2247 59722266   10.65%
 438789 352329       -0.2070    57       -0.2031       -0.2247 59705939   10.65%
 440828 355067       -0.2176    72       -0.2031       -0.2247 60064366   10.64%
Elapsed time = 2923.70 sec. (3575192.94 ticks, tree = 11358.47 MB, solutions = 17)
Nodefile size = 9300.45 MB (6396.07 MB after compression)
 443416 356198       -0.2106    50       -0.2031       -0.2247 60201736   10.64%
 445983 359201       -0.2141    70       -0.2031       -0.2247 60515334   10.63%
 448542 361637       -0.2133    69       -0.2031       -0.2247 60815165   10.63%
 450944 363985       -0.2032    49       -0.2031       -0.2247 61076875   10.63%
 453252 365677       -0.2192    75       -0.2031       -0.2247 61276698   10.63%
 455249 367815       -0.2180    82       -0.2031       -0.2247 61579912   10.63%
 457472 370168       -0.2175    79       -0.2031       -0.2247 61885686   10.63%
 459793 372023       -0.2142    71       -0.2031       -0.2247 62126643   10.63%
 462248 373771       -0.2067    72       -0.2031       -0.2247 62358310   10.62%
 464690 376662       -0.2220    80       -0.2031       -0.2247 62665871   10.61%
Elapsed time = 3051.45 sec. (3727895.99 ticks, tree = 12054.43 MB, solutions = 17)
Nodefile size = 9995.67 MB (6874.00 MB after compression)
 467158 378515       -0.2215    73       -0.2031       -0.2247 62872448   10.61%
 469476 380244       -0.2178    91       -0.2031       -0.2247 63065064   10.61%
 471530 382923       -0.2129    68       -0.2031       -0.2246 63418449   10.60%
 473886 384092       -0.2233    83       -0.2031       -0.2246 63569556   10.60%
 475761 386316       -0.2198    68       -0.2031       -0.2246 63881108   10.60%
 477967 388696       -0.2135    75       -0.2031       -0.2246 64232912   10.59%
 480561 390714       -0.2065    70       -0.2031       -0.2246 64451758   10.59%
 483192 393065        cutoff             -0.2031       -0.2246 64725467   10.58%
 485636 395156       -0.2047    57       -0.2031       -0.2246 64959415   10.58%
 487787 397335       -0.2095    68       -0.2031       -0.2246 65222730   10.57%
Elapsed time = 3177.06 sec. (3880551.64 ticks, tree = 12720.37 MB, solutions = 17)
Nodefile size = 10661.99 MB (7332.14 MB after compression)
 489858 398578       -0.2229    73       -0.2031       -0.2245 65392788   10.56%
 491837 400598       -0.2189    81       -0.2031       -0.2245 65705101   10.56%
 493981 402557       -0.2182    73       -0.2031       -0.2245 65989332   10.56%
 496311 404885       -0.2158    80       -0.2031       -0.2245 66299373   10.56%
 498414 406846       -0.2128    69       -0.2031       -0.2245 66582989   10.55%
 499771 408155       -0.2133    76       -0.2031       -0.2245 66764342   10.55%
 501278 409424       -0.2184    80       -0.2031       -0.2245 66946609   10.55%
 502674 410729       -0.2186    68       -0.2031       -0.2245 67130743   10.55%
 504009 412107       -0.2126    60       -0.2031       -0.2245 67333961   10.54%
 505567 413210       -0.2062    68       -0.2031       -0.2245 67460843   10.54%
Elapsed time = 3302.19 sec. (4033285.04 ticks, tree = 13231.99 MB, solutions = 17)
Nodefile size = 11166.97 MB (7678.50 MB after compression)
 507251 414944       -0.2109    63       -0.2031       -0.2245 67687630   10.53%
 508750 415823       -0.2107    68       -0.2031       -0.2245 67794771   10.53%
 510392 417376       -0.2044    35       -0.2031       -0.2245 67982084   10.53%
 511943 419525       -0.2181    67       -0.2031       -0.2245 68275434   10.53%
 513354 420589       -0.2199    74       -0.2031       -0.2245 68426374   10.53%
 514809 421654       -0.2179    69       -0.2031       -0.2245 68570706   10.53%
 516275 422895       -0.2130    71       -0.2031       -0.2245 68766559   10.53%
 517824 424022       -0.2085    61       -0.2031       -0.2245 68903072   10.53%
 519340 425743       -0.2239    74       -0.2031       -0.2245 69143162   10.53%
 520962 427053       -0.2062    62       -0.2031       -0.2245 69315814   10.53%
Elapsed time = 3424.92 sec. (4185998.87 ticks, tree = 13673.41 MB, solutions = 17)
Nodefile size = 11609.48 MB (7981.35 MB after compression)
 522608 428766       -0.2182    67       -0.2031       -0.2245 69514400   10.53%
 524135 430844       -0.2151    65       -0.2031       -0.2245 69812872   10.53%
 525798 431360       -0.2071    65       -0.2031       -0.2245 69866942   10.53%
 527322 432501       -0.2216    85       -0.2031       -0.2245 70020327   10.53%
 528765 434641       -0.2192    79       -0.2031       -0.2245 70286444   10.53%
 530357 435762       -0.2176    73       -0.2031       -0.2245 70425423   10.53%
 531895 437544       -0.2200    75       -0.2031       -0.2245 70653057   10.53%
 533506 438983       -0.2230    69       -0.2031       -0.2245 70857363   10.53%
 535034 440071       -0.2078    57       -0.2031       -0.2245 70988809   10.53%
 536581 441376       -0.2124    70       -0.2031       -0.2245 71178562   10.53%
Elapsed time = 3548.56 sec. (4338802.92 ticks, tree = 14124.49 MB, solutions = 17)
Nodefile size = 12059.46 MB (8289.38 MB after compression)
 538005 443040       -0.2167    74       -0.2031       -0.2245 71404166   10.53%
 539823 445197       -0.2229    75       -0.2031       -0.2245 71682268   10.53%
 541267 445789       -0.2111    74       -0.2031       -0.2245 71776659   10.53%
 542694 447365       -0.2146    80       -0.2031       -0.2245 72006210   10.53%

Mixed integer rounding cuts applied:  10
Gomory fractional cuts applied:  3

Root node processing (before b&c):
  Real time             =    4.52 sec. (5564.61 ticks)
Parallel b&c, 4 threads:
  Real time             = 3597.89 sec. (4395544.51 ticks)
  Sync time (average)   =  202.52 sec.
  Wait time (average)   =    0.03 sec.
                          ------------
Total (root+branch&cut) = 3602.41 sec. (4401109.12 ticks)
