Version identifier: 22.2.0.0 | 2026-05-04 | 5dff98e58
CPXPARAM_Read_DataCheck                          1
CPXPARAM_Threads                                 4
CPXPARAM_Parallel                                1
CPXPARAM_RandomSeed                              20260925
CPXPARAM_Simplex_Tolerances_Optimality           1.0000000000000001e-09
CPXPARAM_Simplex_Tolerances_Feasibility          1.0000000000000001e-09
CPXPARAM_TimeLimit                               3600
CPXPARAM_MIP_Tolerances_AbsMIPGap                1.0000000000000001e-09
CPXPARAM_MIP_Tolerances_Integrality              1.0000000000000001e-09
Legacy callback                                  i
1 of 1 MIP starts provided solutions.
MIP start 'm1' defined initial solution with objective 0.0291.
Tried aggregator 1 time.
MIP Presolve eliminated 1347 rows and 2 columns.
MIP Presolve modified 3414 coefficients.
Reduced MIP has 3968 rows, 4686 columns, and 49203 nonzeros.
Reduced MIP has 1164 binaries, 0 generals, 0 SOSs, and 0 indicators.
Presolve time = 0.02 sec. (32.64 ticks)
Probing time = 0.00 sec. (0.68 ticks)
Tried aggregator 1 time.
Detecting symmetries...
Reduced MIP has 3968 rows, 4686 columns, and 49203 nonzeros.
Reduced MIP has 1164 binaries, 0 generals, 0 SOSs, and 0 indicators.
Presolve time = 0.02 sec. (20.17 ticks)
Probing time = 0.00 sec. (0.78 ticks)
MIP emphasis: balance optimality and feasibility.
MIP search method: dynamic search.
Parallel mode: deterministic, using up to 4 threads.
Root relaxation solution time = 0.05 sec. (53.09 ticks)

        Nodes                                         Cuts/
   Node  Left     Objective  IInf  Best Integer    Best Bound    ItCnt     Gap

*     0+    0                            0.0291        0.0000           100.00%
      0     0        0.0241    65        0.0291        0.0241     1190   17.31%
      0     0        0.0241    58        0.0291    MIRcuts: 2     1211   17.31%
      0     0        0.0241    60        0.0291    MIRcuts: 4     1283   17.31%
      0     0        0.0241    56        0.0291    MIRcuts: 2     1317   17.31%
      0     0        0.0241    57        0.0291    MIRcuts: 7     1425   17.31%
      0     2        0.0241    57        0.0291        0.0241     1425   17.31%
Elapsed time = 1.53 sec. (1447.67 ticks, tree = 0.02 MB, solutions = 1)
     20    22        0.0256    70        0.0291        0.0241     3022   17.31%
     42    37        0.0241    61        0.0291        0.0241     4342   17.31%
    101    75        0.0243    62        0.0291        0.0241     8008   17.31%
    173   157        0.0257    64        0.0291        0.0241    14180   17.31%
    220   181        0.0263    56        0.0291        0.0241    16126   17.31%
    278   261        0.0254    42        0.0291        0.0241    20254   17.31%
    285   274        0.0245    52        0.0291        0.0241    20999   17.31%
    340   295        0.0252    29        0.0291        0.0241    22912   17.31%
*   385+  323                            0.0289        0.0241            16.73%
    388   341        0.0267    32        0.0289        0.0241    30259   16.73%
    628   540        0.0252    38        0.0289        0.0241    56668   16.60%
Elapsed time = 4.20 sec. (4701.37 ticks, tree = 10.68 MB, solutions = 2)
    923   721        0.0243    52        0.0289        0.0241    80798   16.60%
   1248   990        0.0283    72        0.0289        0.0241    96485   16.60%
   1629  1318        0.0264    65        0.0289        0.0241   113217   16.60%
   2000  1666        0.0243    63        0.0289        0.0241   129000   16.60%

Performing restart 1

Repeating presolve.
Tried aggregator 1 time.
Reduced MIP has 3968 rows, 4686 columns, and 49203 nonzeros.
Reduced MIP has 1164 binaries, 0 generals, 0 SOSs, and 0 indicators.
Presolve time = 0.02 sec. (13.86 ticks)
Tried aggregator 1 time.
Reduced MIP has 3968 rows, 4686 columns, and 49203 nonzeros.
Reduced MIP has 1164 binaries, 0 generals, 0 SOSs, and 0 indicators.
Presolve time = 0.02 sec. (20.45 ticks)
Represolve time = 0.03 sec. (40.37 ticks)
   2408     0        0.0241    62        0.0289       Cuts: 7   149379   16.60%
   2408     0        0.0241    63        0.0289       Cuts: 8   149522   16.60%
   2408     0        0.0241    65        0.0289       Cuts: 8   149668   16.60%
   2408     0        0.0241    67        0.0289       Cuts: 6   149811   16.60%
   2408     0        0.0241    59        0.0289    MIRcuts: 3   149901   16.60%
   2408     0        0.0241    65        0.0289       Cuts: 7   150052   16.60%
   2408     2        0.0241    62        0.0289        0.0241   150052   16.60%
   2421    14        0.0247    58        0.0289        0.0241   151140   16.60%
   2557    71        0.0253    64        0.0289        0.0241   154270   16.60%
   2697   270        0.0273    74        0.0289        0.0241   165840   16.60%
   2904   419        0.0261    60        0.0289        0.0241   182013   16.60%
   3113   616        0.0285    45        0.0289        0.0241   197603   16.60%
Elapsed time = 16.73 sec. (20362.58 ticks, tree = 12.65 MB, solutions = 2)
   3386   807        0.0245    60        0.0289        0.0241   209501   16.60%
   3743  1080        0.0274    59        0.0289        0.0241   224753   16.60%
   4032  1467        0.0248    60        0.0289        0.0241   243373   16.60%
   4436  1811        0.0286    64        0.0289        0.0241   258367   16.60%
   4839  2191        0.0275    69        0.0289        0.0241   276030   16.60%
   5167  2451        0.0246    63        0.0289        0.0241   294968   16.60%
   5624  2768        0.0253    55        0.0289        0.0241   309481   16.60%
   6191  3389        0.0272    46        0.0289        0.0241   332257   16.60%
   6498  3743        0.0271    61        0.0289        0.0241   345896   16.60%
   6827  4051        0.0245    49        0.0289        0.0241   363847   16.60%
Elapsed time = 24.31 sec. (29937.79 ticks, tree = 121.64 MB, solutions = 2)
   7136  4328        0.0250    57        0.0289        0.0241   379988   16.60%
   7484  4665        0.0274    64        0.0289        0.0241   399326   16.60%
   7931  5095        0.0247    65        0.0289        0.0241   418369   16.60%
   8441  5412        0.0256    71        0.0289        0.0241   431505   16.60%
   8905  5885        0.0257    58        0.0289        0.0241   453359   16.60%
   9386  6316        0.0282    68        0.0289        0.0241   472468   16.60%
   9778  6758        0.0267    59        0.0289        0.0241   496274   16.60%
  10152  7047        0.0275    23        0.0289        0.0241   510404   16.60%
  10720  7458        0.0269    60        0.0289        0.0241   527553   16.60%
  11163  8057        0.0260    40        0.0289        0.0241   548790   16.59%
Elapsed time = 31.50 sec. (39494.88 ticks, tree = 249.21 MB, solutions = 2)
  11614  8557        0.0278    33        0.0289        0.0241   570595   16.58%
  12064  8907        0.0271    70        0.0289        0.0241   588043   16.58%
  12501  9160        0.0250    54        0.0289        0.0241   603844   16.55%
  12978  9645        0.0261    50        0.0289        0.0241   622417   16.55%
  13536 10194        0.0256    53        0.0289        0.0241   648231   16.55%
  14019 10533        0.0278    52        0.0289        0.0241   660997   16.55%
  14570 10980        0.0285    57        0.0289        0.0241   675242   16.55%
  15016 11420        0.0267    37        0.0289        0.0241   695411   16.55%
  15330 12000        0.0263    48        0.0289        0.0241   727384   16.55%
  15714 12305        0.0288    45        0.0289        0.0241   739689   16.55%
Elapsed time = 38.48 sec. (49060.39 ticks, tree = 384.17 MB, solutions = 2)
  16434 12600        0.0271    38        0.0289        0.0241   753098   16.55%
  16964 13281        0.0275    41        0.0289        0.0241   775476   16.51%
  17270 13749        0.0243    57        0.0289        0.0241   796387   16.51%
  17718 14150        0.0269    47        0.0289        0.0241   819520   16.51%
  18065 14368        0.0259    46        0.0289        0.0241   837938   16.49%
  18674 14688        0.0262    38        0.0289        0.0241   855847   16.49%
  19059 15364        0.0246    57        0.0289        0.0241   878705   16.48%
  19600 15873        0.0282    50        0.0289        0.0241   898807   16.47%
  20095 16504        0.0274    41        0.0289        0.0241   924707   16.47%
  20518 16826        0.0263    50        0.0289        0.0241   941945   16.47%
Elapsed time = 45.56 sec. (58611.44 ticks, tree = 527.78 MB, solutions = 2)
  20766 16997        0.0241    65        0.0289        0.0241   954978   16.47%
  21194 17357        0.0279    44        0.0289        0.0241   973698   16.47%
  21746 17718        0.0257    46        0.0289        0.0241   994347   16.47%
  22181 17985        0.0243    64        0.0289        0.0241  1006799   16.47%
  22616 18590        0.0242    65        0.0289        0.0241  1031089   16.47%
  23241 19302        0.0252    52        0.0289        0.0241  1055982   16.47%
  23755 19695        0.0272    51        0.0289        0.0241  1070555   16.47%
  24092 20005        0.0288    39        0.0289        0.0241  1087221   16.47%
  24357 20308        0.0268    48        0.0289        0.0241  1102218   16.47%
  24784 20674        0.0250    62        0.0289        0.0241  1121908   16.47%
Elapsed time = 52.72 sec. (68192.05 ticks, tree = 650.81 MB, solutions = 2)
  25310 21050        0.0286    50        0.0289        0.0241  1144220   16.47%
* 25579+21271                            0.0289        0.0241            16.38%
  25650 21623        0.0278    50        0.0289        0.0241  1166358   16.38%
* 25703+21391                            0.0288        0.0241            16.26%
  25860 21899        0.0265    57        0.0288        0.0241  1179997   16.26%
  26082 22106        0.0262    70        0.0288        0.0241  1193442   16.26%
  26195 22281        0.0279    51        0.0288        0.0241  1205365   16.26%
* 26242+21271                            0.0288        0.0241            16.23%
  26332 22465        0.0271    48        0.0288        0.0241  1221221   16.23%
  26535 22563        0.0254    48        0.0288        0.0241  1225303   16.23%
  26781 22842        0.0252    65        0.0288        0.0241  1239389   16.23%
  27049 23005        0.0277    46        0.0288        0.0241  1245583   16.23%
  27381 23309        0.0274    45        0.0288        0.0241  1256089   16.23%
Elapsed time = 60.59 sec. (77782.06 ticks, tree = 725.96 MB, solutions = 2)
* 27543+21271                            0.0288        0.0241            16.08%
  27613 23602        0.0244    64        0.0288        0.0241  1267429   16.08%
  27846 23715        0.0242    65        0.0288        0.0241  1273351   16.08%
  28060 24071        0.0269    46        0.0288        0.0241  1291868   16.08%
  28318 24345        0.0253    61        0.0288        0.0241  1300908   16.08%
* 28457+21271                            0.0287        0.0241            15.77%
* 28493+21271                            0.0286        0.0241            15.68%
  28558 24593        0.0242    66        0.0286        0.0241  1311155   15.68%
  28874 24762        0.0280    59        0.0286        0.0241  1316661   15.68%
  29096 24817        0.0252    44        0.0286        0.0241  1323752   15.68%
  29363 25159        0.0273    36        0.0286        0.0241  1334978   15.68%
* 29390+21271                            0.0286        0.0241            15.64%
  29544 25469        0.0271    57        0.0286        0.0241  1347458   15.64%
  29692 25505        0.0243    56        0.0286        0.0241  1359108   15.64%
Elapsed time = 68.66 sec. (87375.86 ticks, tree = 796.56 MB, solutions = 2)
  29945 25775        0.0284    53        0.0286        0.0241  1369600   15.64%
  30243 26091        0.0275    49        0.0286        0.0241  1380229   15.64%
  30531 26251        0.0263    49        0.0286        0.0241  1386553   15.64%
  30667 26433        0.0258    52        0.0286        0.0241  1397821   15.64%
  30921 26731        0.0254    63        0.0286        0.0241  1410274   15.64%
  31168 26869        0.0250    56        0.0286        0.0241  1415234   15.64%
  31363 27084        0.0273    43        0.0286        0.0241  1425020   15.64%
  31573 27400        0.0251    42        0.0286        0.0241  1442604   15.64%
  31813 27638        0.0245    53        0.0286        0.0241  1453099   15.64%
  32694 28391        0.0265    50        0.0286        0.0241  1489284   15.64%
Elapsed time = 79.20 sec. (99817.70 ticks, tree = 889.71 MB, solutions = 2)
  33520 29105        0.0260    52        0.0286        0.0241  1529736   15.64%
  34444 30089        0.0278    48        0.0286        0.0241  1571029   15.64%
  35316 30802        0.0255    67        0.0286        0.0241  1607583   15.64%
* 35625+30577                            0.0286        0.0241            15.54%
  36551 31101        0.0245    43        0.0286        0.0241  1651025   15.54%
  38072 32456        0.0276    46        0.0286        0.0241  1716379   15.52%
  40010 34274        0.0263    48        0.0286        0.0242  1805935   15.50%
  42068 36294        0.0266    42        0.0286        0.0242  1892166   15.48%
  43867 38070        0.0278    36        0.0286        0.0242  1979275   15.48%
  45632 39456        cutoff              0.0286        0.0242  2050723   15.47%
  47086 41031        0.0259    47        0.0286        0.0242  2140271   15.47%
Elapsed time = 108.77 sec. (138010.05 ticks, tree = 1289.93 MB, solutions = 17)

Performing restart 2

Repeating presolve.
Tried aggregator 1 time.
Reduced MIP has 3968 rows, 4686 columns, and 49203 nonzeros.
Reduced MIP has 1164 binaries, 0 generals, 0 SOSs, and 0 indicators.
Presolve time = 0.02 sec. (13.86 ticks)
Tried aggregator 1 time.
Reduced MIP has 3968 rows, 4686 columns, and 49203 nonzeros.
Reduced MIP has 1164 binaries, 0 generals, 0 SOSs, and 0 indicators.
Presolve time = 0.02 sec. (20.45 ticks)
Represolve time = 0.06 sec. (47.77 ticks)
  48183     0        0.0241    64        0.0286       Cuts: 5  2211384   15.46%
  48183     0        0.0241    68        0.0286      Cuts: 16  2211533   15.46%
  48183     0        0.0241    60        0.0286    MIRcuts: 2  2211580   15.46%
  48183     0        0.0241    65        0.0286     Covers: 3  2211704   15.46%
  48183     0        0.0241    62        0.0286    MIRcuts: 3  2211809   15.46%
  48183     0        0.0241    62        0.0286       Cuts: 7  2211906   15.46%
  48183     0        0.0241    64        0.0286       Cuts: 9  2212037   15.46%
  48183     0        0.0241    64        0.0286     Covers: 2  2212093   15.46%
  48183     2        0.0241    59        0.0286        0.0242  2212093   15.46%
  48431   207        0.0257    64        0.0286        0.0242  2222300   15.46%
  48935   654        0.0252    50        0.0286        0.0242  2271636   15.46%
  50258  1737        0.0244    55        0.0286        0.0242  2317087   15.46%
  51700  3223        0.0278    51        0.0286        0.0242  2386250   15.46%
  53314  4714        0.0264    44        0.0286        0.0242  2445400   15.46%
  54756  6024        0.0243    61        0.0286        0.0242  2517235   15.46%
  56562  7490        0.0263    45        0.0286        0.0242  2584241   15.46%
  58324  9091        0.0273    48        0.0286        0.0242  2666270   15.46%
  60090 10745        0.0273    44        0.0286        0.0242  2751477   15.46%
Elapsed time = 141.00 sec. (182130.78 ticks, tree = 326.53 MB, solutions = 17)
  62031 12323        0.0277    52        0.0286        0.0242  2826912   15.46%
  63685 14196        0.0285    38        0.0286        0.0242  2916911   15.46%
  65144 15518        0.0248    56        0.0286        0.0242  2981871   15.46%
  66938 17172        0.0273    49        0.0286        0.0242  3056956   15.46%
  68381 18491        0.0257    51        0.0286        0.0242  3127209   15.46%
  70214 19899        0.0282    50        0.0286        0.0242  3196457   15.46%
  71713 21755        0.0257    45        0.0286        0.0242  3298693   15.46%
  73432 23253        0.0251    69        0.0286        0.0242  3365268   15.46%
  75242 24676        0.0244    54        0.0286        0.0242  3436709   15.46%
  76879 26623        0.0273    41        0.0286        0.0242  3525238   15.46%
Elapsed time = 169.20 sec. (220319.86 ticks, tree = 834.18 MB, solutions = 17)
  78691 28165        0.0255    48        0.0286        0.0242  3598210   15.46%
  80456 29704        0.0255    43        0.0286        0.0242  3687015   15.46%
  82355 31260        0.0255    44        0.0286        0.0242  3754514   15.46%
  84088 33134        0.0245    58        0.0286        0.0242  3835028   15.46%
  86023 34941        0.0252    40        0.0286        0.0242  3920084   15.46%
  87950 37014        0.0267    47        0.0286        0.0242  4014155   15.46%
  89705 38628        0.0276    32        0.0286        0.0242  4094430   15.46%
  91516 39958        0.0267    43        0.0286        0.0242  4169600   15.46%
  93262 41738        0.0270    24        0.0286        0.0242  4257578   15.46%
  95022 43215        0.0248    47        0.0286        0.0242  4332884   15.44%
Elapsed time = 196.94 sec. (258478.20 ticks, tree = 1369.12 MB, solutions = 17)
  96803 45030        0.0283    50        0.0286        0.0242  4425199   15.42%
  98528 46710        0.0250    45        0.0286        0.0242  4519586   15.41%
 100027 48254        0.0284    71        0.0286        0.0242  4596293   15.41%
 101588 49563        0.0273    49        0.0286        0.0242  4667383   15.41%
 103282 51004        0.0270    55        0.0286        0.0242  4747485   15.41%
 104924 52386        0.0259    45        0.0286        0.0242  4822734   15.41%
 106328 53889        0.0255    61        0.0286        0.0242  4904788   15.41%
 107959 55372        0.0254    57        0.0286        0.0242  4981455   15.41%
 109515 56908        0.0277    61        0.0286        0.0242  5064858   15.41%
 111172 58459        0.0253    45        0.0286        0.0242  5148239   15.41%
Elapsed time = 226.81 sec. (296664.47 ticks, tree = 1859.25 MB, solutions = 17)
 112687 59830        0.0245    62        0.0286        0.0242  5219521   15.41%
 114246 61268        0.0263    50        0.0286        0.0242  5295996   15.41%
 116002 62746        0.0258    55        0.0286        0.0242  5371001   15.41%
 117623 64409        0.0263    26        0.0286        0.0242  5455453   15.41%
 119295 65959        0.0272    61        0.0286        0.0242  5528341   15.41%
 120939 67752        0.0271    47        0.0286        0.0242  5622303   15.39%
 122498 69287        0.0276    38        0.0286        0.0242  5694124   15.39%
 124194 70852        0.0279    36        0.0286        0.0242  5782464   15.39%
 125640 71915        0.0260    29        0.0286        0.0242  5842972   15.39%
 127430 73587        0.0268    48        0.0286        0.0242  5926323   15.39%
Elapsed time = 258.03 sec. (334834.42 ticks, tree = 2344.96 MB, solutions = 17)
Nodefile size = 288.68 MB (188.11 MB after compression)
 128993 75153        0.0245    60        0.0286        0.0242  6003092   15.39%
 130639 76655        0.0269    45        0.0286        0.0242  6076445   15.39%
 132312 78243        0.0256    51        0.0286        0.0242  6157886   15.39%
 133897 80006        0.0257    40        0.0286        0.0242  6246099   15.39%
 135599 81643        0.0266    53        0.0286        0.0242  6323488   15.37%
 137302 82866        0.0279    55        0.0286        0.0242  6384758   15.37%
 138894 84720        0.0267    49        0.0286        0.0242  6481848   15.37%
 140475 85885        0.0272    36        0.0286        0.0242  6545321   15.37%
 142221 87283        0.0265    49        0.0286        0.0242  6614317   15.37%
 144066 88974        0.0264    39        0.0286        0.0242  6688770   15.35%
Elapsed time = 291.45 sec. (373018.73 ticks, tree = 2839.35 MB, solutions = 17)
Nodefile size = 781.02 MB (506.40 MB after compression)
 145815 91047        0.0258    46        0.0286        0.0242  6790577   15.35%
 147517 92346        0.0257    45        0.0286        0.0242  6857364   15.35%
 149047 94161        0.0247    59        0.0286        0.0242  6951032   15.34%
 150676 95344        0.0249    54        0.0286        0.0242  7009427   15.33%
 152408 96832        0.0246    57        0.0286        0.0242  7083430   15.33%
 154248 98665        0.0277    45        0.0286        0.0242  7169667   15.33%
 155963 100682        0.0266    46        0.0286        0.0242  7266902   15.33%
 157988 102173        0.0259    52        0.0286        0.0242  7333716   15.33%
 159565 103918        0.0276    50        0.0286        0.0242  7417120   15.33%
 161230 105617        0.0252    48        0.0286        0.0242  7514739   15.33%
Elapsed time = 324.33 sec. (411201.92 ticks, tree = 3371.10 MB, solutions = 17)
Nodefile size = 1318.30 MB (851.76 MB after compression)
 162936 106836        0.0272    47        0.0286        0.0242  7584086   15.33%
 164540 108527        0.0253    44        0.0286        0.0242  7668133   15.33%
 166254 109941        0.0249    55        0.0286        0.0242  7748600   15.33%
 167956 111793        0.0256    39        0.0286        0.0242  7852320   15.33%
 169353 113089        0.0263    43        0.0286        0.0242  7922284   15.33%
 171070 114658        0.0272    43        0.0286        0.0242  8001232   15.32%
 172641 115956        0.0245    48        0.0286        0.0242  8075220   15.32%
 174313 117673        0.0250    41        0.0286        0.0242  8171628   15.31%
 176039 119222        0.0271    33        0.0286        0.0242  8256018   15.31%
 177621 120774        0.0252    42        0.0286        0.0242  8328563   15.31%
Elapsed time = 356.86 sec. (449377.95 ticks, tree = 3858.08 MB, solutions = 17)
Nodefile size = 1802.28 MB (1161.32 MB after compression)
 179337 122035        0.0247    50        0.0286        0.0242  8399970   15.31%
 180872 123455        0.0260    44        0.0286        0.0242  8474986   15.30%
 182393 125234        0.0252    47        0.0286        0.0242  8581095   15.30%
 184219 126788        0.0262    27        0.0286        0.0242  8657004   15.29%
 185733 128216        0.0244    54        0.0286        0.0242  8737043   15.29%
 187582 129600        0.0259    44        0.0286        0.0242  8808300   15.28%
 189199 131438        0.0247    45        0.0286        0.0242  8898944   15.28%
 190703 133092        0.0247    57        0.0286        0.0242  8986918   15.27%
 192061 133849        0.0243    64        0.0286        0.0242  9038586   15.27%
 193518 135254        0.0245    61        0.0286        0.0242  9121217   15.27%
Elapsed time = 389.23 sec. (487557.21 ticks, tree = 4323.24 MB, solutions = 17)
Nodefile size = 2267.50 MB (1459.12 MB after compression)
 195033 136807        0.0279    57        0.0286        0.0242  9219698   15.27%
 196559 138213        0.0244    67        0.0286        0.0242  9300379   15.27%
 198018 139882        0.0275    51        0.0286        0.0242  9385202   15.27%
 199447 140862        0.0263    67        0.0286        0.0242  9443943   15.27%
 200726 142138        0.0248    52        0.0286        0.0242  9522393   15.27%
 202307 143850        0.0264    40        0.0286        0.0242  9625263   15.27%
 203916 145220        0.0261    43        0.0286        0.0242  9694874   15.27%
 205429 146571        0.0264    42        0.0286        0.0242  9774059   15.27%
 207268 148188        0.0277    32        0.0286        0.0242  9857345   15.26%
 208661 149635        0.0270    43        0.0286        0.0242  9937427   15.26%
Elapsed time = 420.92 sec. (525725.95 ticks, tree = 4784.68 MB, solutions = 17)
Nodefile size = 2725.86 MB (1753.01 MB after compression)
 210233 150954        0.0272    48        0.0286        0.0242 10010901   15.26%
 211702 152349        0.0242    58        0.0286        0.0242 10097769   15.26%
 213404 153959        0.0246    47        0.0286        0.0242 10183790   15.26%
 215018 155511        0.0254    37        0.0286        0.0242 10280745   15.26%
 216825 156917        0.0248    47        0.0286        0.0242 10352162   15.26%
 218415 158807        0.0279    56        0.0286        0.0242 10455994   15.26%
 220033 160029        0.0280    49        0.0286        0.0242 10530150   15.26%
 221509 161538        0.0247    57        0.0286        0.0242 10609267   15.25%
 222808 163142        0.0257    56        0.0286        0.0242 10712559   15.25%
 224403 164098        0.0256    57        0.0286        0.0242 10767690   15.25%
Elapsed time = 453.39 sec. (563895.78 ticks, tree = 5249.28 MB, solutions = 17)
Nodefile size = 3189.81 MB (2048.69 MB after compression)
 225852 165481        0.0248    66        0.0286        0.0242 10860659   15.25%
 227320 166934        0.0245    62        0.0286        0.0242 10950238   15.25%
 228939 168415        0.0246    66        0.0286        0.0242 11037806   15.25%
 230527 170015        0.0249    68        0.0286        0.0242 11126846   15.25%
 232476 171674        0.0260    41        0.0286        0.0242 11227196   15.25%
 234270 173189        0.0245    63        0.0286        0.0242 11335272   15.25%
 236184 174995        0.0243    52        0.0286        0.0242 11475091   15.25%
 238100 176495        0.0248    58        0.0286        0.0242 11580144   15.24%
 239822 178541        0.0264    47        0.0286        0.0242 11734152   15.24%
 241858 180175        0.0242    69        0.0286        0.0242 11846755   15.24%
Elapsed time = 482.47 sec. (602063.93 ticks, tree = 5504.85 MB, solutions = 17)
Nodefile size = 3451.73 MB (2213.63 MB after compression)
 243704 181782        0.0258    61        0.0286        0.0242 11955915   15.24%
 245596 183326        cutoff              0.0286        0.0242 12070770   15.24%
 247500 185359        0.0245    64        0.0286        0.0242 12216834   15.24%
 249655 187131        0.0249    52        0.0286        0.0242 12329689   15.24%
 251610 188628        0.0245    46        0.0286        0.0242 12430782   15.24%
 253489 190929        0.0256    60        0.0286        0.0242 12583516   15.24%
 255593 192841        0.0247    47        0.0286        0.0242 12713073   15.24%
 257540 194721        0.0258    65        0.0286        0.0242 12850470   15.23%
 259559 196329        0.0262    35        0.0286        0.0242 12955789   15.23%
 261332 197819        0.0255    56        0.0286        0.0242 13058697   15.23%
Elapsed time = 509.56 sec. (640231.25 ticks, tree = 5537.49 MB, solutions = 17)
Nodefile size = 3485.15 MB (2232.49 MB after compression)
 263444 199670        0.0251    45        0.0286        0.0242 13189374   15.23%
 265385 201434        0.0254    56        0.0286        0.0242 13308815   15.23%
 267448 203413        0.0245    59        0.0286        0.0242 13450394   15.23%
 269230 205023        0.0268    44        0.0286        0.0242 13552189   15.23%
 271267 206710        0.0246    52        0.0286        0.0242 13682247   15.23%
 273311 208790        0.0250    46        0.0286        0.0242 13824913   15.23%
 275420 210249        0.0253    66        0.0286        0.0242 13916027   15.23%
 277529 212310        0.0262    61        0.0286        0.0242 14053981   15.22%
 279702 214492        0.0255    50        0.0286        0.0242 14180165   15.22%
 281916 216924        0.0243    61        0.0286        0.0242 14333752   15.22%
Elapsed time = 536.77 sec. (678394.80 ticks, tree = 5572.23 MB, solutions = 17)
Nodefile size = 3519.97 MB (2251.77 MB after compression)
 283953 218436        0.0243    61        0.0286        0.0242 14437605   15.22%
 285939 220414        0.0246    54        0.0286        0.0242 14570253   15.22%
*287000+221127                            0.0286        0.0242            15.18%
 287850 221312        0.0279    42        0.0286        0.0242 14646392   15.18%
 290046 224109        0.0246    57        0.0286        0.0242 14819672   15.18%
 292276 225893        0.0262    34        0.0286        0.0242 14931846   15.18%
 294334 228087        0.0274    41        0.0286        0.0242 15081496   15.18%
 296308 229044        0.0251    49        0.0286        0.0242 15147105   15.18%
 298306 231528        0.0250    39        0.0286        0.0242 15322559   15.18%
 300391 232917        0.0271    24        0.0286        0.0242 15417391   15.18%
 302733 235440        0.0250    51        0.0286        0.0242 15572747   15.17%
Elapsed time = 563.55 sec. (716560.44 ticks, tree = 5604.98 MB, solutions = 18)
Nodefile size = 3553.12 MB (2270.30 MB after compression)
 304820 236830        0.0254    49        0.0286        0.0242 15674972   15.17%
 306947 239364        0.0264    41        0.0286        0.0242 15839233   15.17%
 308892 240644        0.0254    50        0.0286        0.0242 15919679   15.17%
 311143 242671        0.0249    54        0.0286        0.0242 16051001   15.17%
 313304 244647        0.0261    31        0.0286        0.0242 16175485   15.17%
 315399 247071        cutoff              0.0286        0.0242 16343991   15.17%
 317550 248428        0.0247    53        0.0286        0.0242 16430735   15.17%
 319719 250401        0.0260    55        0.0286        0.0242 16556228   15.17%
 321698 252668        0.0259    56        0.0286        0.0242 16712866   15.17%
 323930 253952        0.0244    50        0.0286        0.0242 16801833   15.16%
Elapsed time = 590.31 sec. (754728.43 ticks, tree = 5637.87 MB, solutions = 18)
Nodefile size = 3585.81 MB (2287.91 MB after compression)
 325978 256372        0.0244    50        0.0286        0.0242 16958968   15.16%
 328118 257962        0.0256    54        0.0286        0.0242 17058401   15.16%
 330216 259801        0.0248    55        0.0286        0.0242 17177261   15.16%
 332405 261911        0.0252    66        0.0286        0.0242 17321852   15.16%
 334440 264242        0.0248    50        0.0286        0.0242 17479759   15.16%
 336472 265560        0.0254    51        0.0286        0.0242 17574342   15.16%
 338626 267424        0.0275    33        0.0286        0.0242 17698634   15.16%
 340543 269046        0.0254    48        0.0286        0.0242 17807691   15.16%
 342625 271546        0.0255    57        0.0286        0.0242 17967583   15.16%
 344495 272960        0.0244    60        0.0286        0.0242 18069105   15.15%
Elapsed time = 617.52 sec. (792892.75 ticks, tree = 5673.24 MB, solutions = 18)
Nodefile size = 3621.72 MB (2307.99 MB after compression)
 346430 274501        0.0264    66        0.0286        0.0242 18181146   15.15%
 348177 276345        0.0244    63        0.0286        0.0242 18321698   15.15%
 350054 277822        0.0264    60        0.0286        0.0242 18426882   15.15%
 352035 279674    infeasible              0.0286        0.0242 18561460   15.15%
 354049 281447        0.0243    64        0.0286        0.0242 18689868   15.15%
 356135 283842        0.0246    58        0.0286        0.0242 18851752   15.15%
 357953 285470        0.0253    61        0.0286        0.0242 18970795   15.15%
 359947 286535        0.0248    68        0.0286        0.0242 19044280   15.15%
 361891 288876        0.0250    61        0.0286        0.0242 19207984   15.15%
 363995 289945        0.0243    61        0.0286        0.0242 19281804   15.15%
Elapsed time = 643.73 sec. (831054.50 ticks, tree = 5701.68 MB, solutions = 18)
Nodefile size = 3650.81 MB (2324.12 MB after compression)
 365928 292908        0.0261    66        0.0286        0.0242 19485040   15.15%
 367880 293941        0.0274    45        0.0286        0.0242 19558245   15.15%
 369698 295575        0.0254    48        0.0286        0.0242 19667864   15.15%
 371903 297574        0.0248    53        0.0286        0.0242 19805335   15.15%
 374042 299485        0.0243    60        0.0286        0.0242 19937972   15.15%
 376346 301857        0.0251    53        0.0286        0.0242 20086067   15.15%
 378490 303439    infeasible              0.0286        0.0242 20186071   15.15%
 380335 305333        0.0248    56        0.0286        0.0242 20322304   15.15%
 382440 307203        0.0245    60        0.0286        0.0242 20441500   15.15%
 384399 309229        0.0251    65        0.0286        0.0242 20587536   15.15%
Elapsed time = 670.34 sec. (869212.84 ticks, tree = 5735.74 MB, solutions = 18)
Nodefile size = 3684.49 MB (2342.53 MB after compression)
 386415 310203    infeasible              0.0286        0.0242 20657677   15.15%
 388604 312513        0.0244    61        0.0286        0.0242 20814802   15.15%
 390513 314792        0.0253    51        0.0286        0.0242 20965003   15.15%
 392775 316353        0.0256    38        0.0286        0.0242 21075918   15.14%
 394842 317724        0.0248    56        0.0286        0.0242 21167856   15.14%
 397227 320137        0.0243    64        0.0286        0.0242 21313364   15.14%
 399322 321772        0.0259    57        0.0286        0.0242 21422625   15.14%
 401727 324258        0.0260    58        0.0286        0.0242 21574072   15.14%
 403705 326301        0.0255    62        0.0286        0.0242 21699450   15.14%
 405641 328415        0.0259    62        0.0286        0.0242 21836732   15.14%
Elapsed time = 697.22 sec. (907404.89 ticks, tree = 5768.95 MB, solutions = 18)
Nodefile size = 3717.73 MB (2360.62 MB after compression)
 408015 330394        0.0254    48        0.0286        0.0242 21962691   15.14%
 410041 332283        0.0273    39        0.0286        0.0242 22082577   15.14%
 412480 334027        0.0251    47        0.0286        0.0242 22194048   15.14%
 414719 336054        0.0246    54        0.0286        0.0242 22320484   15.14%
 416711 338409        cutoff              0.0286        0.0242 22472162   15.14%
 419065 339771        0.0261    61        0.0286        0.0242 22550933   15.14%
 421037 342472        0.0247    54        0.0286        0.0242 22734293   15.14%
 423174 343547        0.0244    63        0.0286        0.0242 22810970   15.14%
 425352 345748        0.0250    46        0.0286        0.0242 22952273   15.14%
 427361 347385        0.0271    43        0.0286        0.0242 23052935   15.14%
Elapsed time = 723.53 sec. (945566.49 ticks, tree = 5804.50 MB, solutions = 18)
Nodefile size = 3753.08 MB (2380.22 MB after compression)
 429652 350186        0.0246    59        0.0286        0.0242 23237752   15.13%
 431539 351365        0.0245    60        0.0286        0.0242 23321422   15.13%
 433736 353285        0.0256    48        0.0286        0.0242 23449729   15.13%
 436122 356080        0.0248    43        0.0286        0.0242 23629744   15.13%
 438116 357570        0.0243    56        0.0286        0.0242 23727715   15.13%
 440424 359446        0.0244    56        0.0286        0.0242 23848576   15.13%
 442461 361116        0.0244    55        0.0286        0.0242 23960525   15.13%
 444650 362927        0.0248    48        0.0286        0.0242 24078160   15.13%
 447091 366041    infeasible              0.0286        0.0242 24273633   15.13%
 449043 367543        0.0262    34        0.0286        0.0242 24365267   15.13%
Elapsed time = 750.52 sec. (983736.30 ticks, tree = 5839.88 MB, solutions = 18)
Nodefile size = 3788.52 MB (2399.25 MB after compression)
 451363 369610        0.0248    46        0.0286        0.0242 24499951   15.13%
 453179 371140        0.0257    42        0.0286        0.0242 24609521   15.13%
 455140 373166        0.0248    59        0.0286        0.0242 24752745   15.13%
 457182 375384        0.0253    49        0.0286        0.0242 24904671   15.13%
 459148 376257        0.0246    48        0.0286        0.0242 24964754   15.13%
 461482 378706        0.0248    46        0.0286        0.0242 25129695   15.13%
 463535 380839        0.0246    51        0.0286        0.0242 25266231   15.13%
 465547 382043        0.0266    50        0.0286        0.0242 25338902   15.13%
 467746 384525        0.0245    58        0.0286        0.0242 25504055   15.12%
 469636 386680        0.0273    29        0.0286        0.0242 25648034   15.12%
Elapsed time = 777.14 sec. (1021902.69 ticks, tree = 5873.42 MB, solutions = 18)
Nodefile size = 3822.17 MB (2416.35 MB after compression)
 472069 387576        0.0258    46        0.0286        0.0242 25712394   15.12%
 474136 390330        0.0256    39        0.0286        0.0242 25884498   15.12%
 476072 392111        0.0244    61        0.0286        0.0242 26017923   15.12%
 478129 394008        0.0246    54        0.0286        0.0242 26143345   15.12%
 480157 395806        0.0243    55        0.0286        0.0242 26264253   15.12%
 482301 397400        0.0246    62        0.0286        0.0242 26371550   15.12%
 484531 399392        0.0262    26        0.0286        0.0242 26503110   15.12%
 486500 401704        0.0274    32        0.0286        0.0242 26657014   15.12%
 489154 403839        0.0255    60        0.0286        0.0242 26790171   15.12%
 491132 406018        0.0249    53        0.0286        0.0242 26924549   15.12%
Elapsed time = 804.19 sec. (1060072.59 ticks, tree = 5910.05 MB, solutions = 18)
Nodefile size = 3859.52 MB (2436.32 MB after compression)
 493142 407684        0.0247    45        0.0286        0.0242 27040560   15.12%
 495409 409849        0.0247    56        0.0286        0.0242 27173756   15.12%
 497444 412091        0.0247    57        0.0286        0.0242 27324067   15.12%
 499632 413688        0.0256    59        0.0286        0.0242 27423177   15.11%
 501845 415840        0.0243    59        0.0286        0.0242 27576006   15.11%
 503760 417794        0.0264    38        0.0286        0.0243 27696941   15.11%
 506065 418929        0.0255    33        0.0286        0.0243 27772458   15.11%
 508167 421417        0.0245    58        0.0286        0.0243 27926276   15.11%
 510327 422956        0.0252    49        0.0286        0.0243 28037797   15.11%
 512647 425098        0.0247    60        0.0286        0.0243 28170610   15.11%
Elapsed time = 830.95 sec. (1098242.17 ticks, tree = 5944.40 MB, solutions = 18)
Nodefile size = 3893.34 MB (2453.89 MB after compression)
 514990 426963        0.0253    46        0.0286        0.0243 28280902   15.11%
 516903 429725        0.0246    58        0.0286        0.0243 28474967   15.11%
 518814 431814        0.0262    44        0.0286        0.0243 28612984   15.11%
 521007 433487        0.0243    61        0.0286        0.0243 28717453   15.11%
 522905 434106        0.0254    43        0.0286        0.0243 28756540   15.11%
 525218 436240        0.0248    58        0.0286        0.0243 28902430   15.11%
 527583 438546        0.0256    30        0.0286        0.0243 29055633   15.11%
 529637 440504        0.0247    60        0.0286        0.0243 29187669   15.11%
 531704 442869        0.0246    52        0.0286        0.0243 29334934   15.11%
 533744 445102        0.0256    55        0.0286        0.0243 29483549   15.11%
Elapsed time = 857.81 sec. (1136411.43 ticks, tree = 5979.88 MB, solutions = 18)
Nodefile size = 3928.42 MB (2472.00 MB after compression)
 535658 446480        0.0254    64        0.0286        0.0243 29586829   15.11%
 537780 448313        0.0252    56        0.0286        0.0243 29707066   15.11%
 539799 449318        0.0248    59        0.0286        0.0243 29779670   15.11%
 541663 451959        0.0247    58        0.0286        0.0243 29968806   15.11%
 543811 453786        0.0248    61        0.0286        0.0243 30102553   15.11%
 545928 455232        0.0246    59        0.0286        0.0243 30193582   15.11%
 547653 457711        0.0255    58        0.0286        0.0243 30370075   15.11%
 549754 459262        0.0251    49        0.0286        0.0243 30470583   15.11%
 551746 461066        0.0253    47        0.0286        0.0243 30596643   15.11%
 553661 462867        0.0247    53        0.0286        0.0243 30729064   15.11%
Elapsed time = 884.30 sec. (1174585.82 ticks, tree = 6011.82 MB, solutions = 18)
Nodefile size = 3960.61 MB (2488.27 MB after compression)
 555648 464103        0.0246    54        0.0286        0.0243 30815882   15.10%
 557689 465929        0.0244    60        0.0286        0.0243 30950504   15.10%
 559710 468348        0.0244    60        0.0286        0.0243 31108902   15.10%
 561892 470009        0.0246    63        0.0286        0.0243 31210714   15.10%
 563839 472904        0.0245    70        0.0286        0.0243 31401110   15.10%
 565726 474450        0.0259    63        0.0286        0.0243 31502921   15.10%
 567826 475904        0.0249    50        0.0286        0.0243 31610081   15.10%
 570290 477449        0.0244    53        0.0286        0.0243 31701066   15.10%
 572153 479628        0.0246    56        0.0286        0.0243 31846362   15.10%
 574374 481424    infeasible              0.0286        0.0243 31969461   15.10%
Elapsed time = 910.83 sec. (1212746.24 ticks, tree = 6047.61 MB, solutions = 18)
Nodefile size = 3996.35 MB (2506.90 MB after compression)
 576525 483241        0.0249    61        0.0286        0.0243 32091721   15.10%
 578429 485314        0.0249    55        0.0286        0.0243 32238208   15.10%
 580686 487127        0.0247    56        0.0286        0.0243 32358874   15.10%
 582883 488553        0.0244    50        0.0286        0.0243 32453668   15.10%
 584827 491185        0.0245    63        0.0286        0.0243 32616327   15.10%
 587312 493037        0.0251    40        0.0286        0.0243 32728830   15.10%
 589590 495408        0.0270    32        0.0286        0.0243 32891315   15.10%
 591476 497391        0.0263    54        0.0286        0.0243 33021632   15.10%
 593379 498865        0.0250    37        0.0286        0.0243 33131800   15.10%
 595620 501006        0.0249    58        0.0286        0.0243 33269780   15.10%
Elapsed time = 937.38 sec. (1250905.89 ticks, tree = 6083.13 MB, solutions = 18)
Nodefile size = 4031.47 MB (2524.61 MB after compression)
 597642 502910        0.0267    45        0.0286        0.0243 33400808   15.10%
 599750 504228        0.0256    50        0.0286        0.0243 33497802   15.10%
 602105 506427        0.0244    59        0.0286        0.0243 33628269   15.10%
 604271 509026        0.0245    55        0.0286        0.0243 33797120   15.09%
 606440 510465        0.0246    58        0.0286        0.0243 33889106   15.09%
 608325 512469        0.0247    54        0.0286        0.0243 34037779   15.09%
 610598 513644        0.0261    65        0.0286        0.0243 34107642   15.09%
 612762 515759    infeasible              0.0286        0.0243 34240914   15.09%
 615150 518366        0.0245    51        0.0286        0.0243 34408058   15.09%
 617237 520908        0.0246    59        0.0286        0.0243 34562321   15.09%
Elapsed time = 964.22 sec. (1289065.52 ticks, tree = 6118.64 MB, solutions = 18)
Nodefile size = 4067.49 MB (2542.81 MB after compression)
 619337 522052        0.0245    57        0.0286        0.0243 34640922   15.09%
 621601 524706        0.0249    51        0.0286        0.0243 34827237   15.09%
 623424 526503        0.0243    60        0.0286        0.0243 34941025   15.09%
 625406 528373        0.0246    66        0.0286        0.0243 35074920   15.09%
 627554 529471        0.0246    61        0.0286        0.0243 35151844   15.09%
 629553 530918        0.0243    52        0.0286        0.0243 35246129   15.09%
 631663 533765        0.0250    43        0.0286        0.0243 35432434   15.09%
 633989 536171        0.0246    58        0.0286        0.0243 35594746   15.09%
 636280 537865        0.0252    65        0.0286        0.0243 35697322   15.09%
 638208 539470        0.0269    58        0.0286        0.0243 35796403   15.09%
Elapsed time = 990.72 sec. (1327243.55 ticks, tree = 6151.25 MB, solutions = 18)
Nodefile size = 4099.55 MB (2559.05 MB after compression)
 640272 540691        0.0246    57        0.0286        0.0243 35887112   15.09%
 642612 543664        0.0247    54        0.0286        0.0243 36069099   15.09%
 644722 545231        0.0258    64        0.0286        0.0243 36168064   15.09%
 646968 548124        0.0249    59        0.0286        0.0243 36343083   15.09%
 649145 549496        0.0244    62        0.0286        0.0243 36430449   15.09%
 651250 551509        0.0254    61        0.0286        0.0243 36550311   15.09%
 653219 552621        0.0245    61        0.0286        0.0243 36622804   15.09%
 655358 555029        0.0245    65        0.0286        0.0243 36787643   15.09%
 657574 557487        0.0252    45        0.0286        0.0243 36954237   15.09%
 659677 559174        0.0243    62        0.0286        0.0243 37058289   15.09%
Elapsed time = 1016.83 sec. (1365404.80 ticks, tree = 6188.72 MB, solutions = 18)
Nodefile size = 4137.69 MB (2578.83 MB after compression)
 662050 560667        0.0270    41        0.0286        0.0243 37143371   15.09%
 664071 563024        0.0250    66        0.0286        0.0243 37299736   15.09%
 665965 565384        0.0260    49        0.0286        0.0243 37458125   15.09%
 668143 566555        0.0248    48        0.0286        0.0243 37535544   15.09%
 670642 568570    infeasible              0.0286        0.0243 37658709   15.09%
 672690 571776        0.0248    59        0.0286        0.0243 37878860   15.08%
 674808 573666        0.0247    64        0.0286        0.0243 37999255   15.08%
 677134 574514        0.0247    65        0.0286        0.0243 38049161   15.08%
 679198 576393        0.0244    63        0.0286        0.0243 38171966   15.08%
 681295 578723        0.0249    65        0.0286        0.0243 38311247   15.08%
Elapsed time = 1043.45 sec. (1403569.46 ticks, tree = 6224.05 MB, solutions = 18)
Nodefile size = 4172.88 MB (2596.22 MB after compression)
 683505 580808        0.0245    63        0.0286        0.0243 38443394   15.08%
 685762 581936        0.0248    65        0.0286        0.0243 38522376   15.08%
 687828 584018        0.0248    65        0.0286        0.0243 38654971   15.08%
 689856 586549        0.0255    65        0.0286        0.0243 38828504   15.08%
 691911 588385        0.0249    61        0.0286        0.0243 38939336   15.08%
 694315 589939        0.0253    68        0.0286        0.0243 39047993   15.08%
 696169 592250        0.0269    69        0.0286        0.0243 39195136   15.08%
 698119 594392        0.0275    36        0.0286        0.0243 39333741   15.08%
 700553 595113        0.0244    63        0.0286        0.0243 39378606   15.08%
 702507 596974        0.0247    60        0.0286        0.0243 39502673   15.08%
Elapsed time = 1070.02 sec. (1441741.28 ticks, tree = 6256.37 MB, solutions = 18)
Nodefile size = 4205.22 MB (2611.61 MB after compression)
 704476 599045    infeasible              0.0286        0.0243 39643889   15.08%
 706570 601510        0.0243    60        0.0286        0.0243 39816037   15.08%
 708961 603027        0.0262    48        0.0286        0.0243 39924655   15.08%
 711021 605963        0.0244    61        0.0286        0.0243 40117536   15.08%
 713150 607146        0.0248    61        0.0286        0.0243 40202445   15.08%
 715564 609098        0.0253    50        0.0286        0.0243 40302676   15.08%
 718219 612379        0.0244    57        0.0286        0.0243 40501968   15.08%
 720225 614300        0.0278    26        0.0286        0.0243 40615860   15.08%
 722395 615732        0.0258    51        0.0286        0.0243 40695668   15.08%
 724736 618278        0.0255    60        0.0286        0.0243 40869026   15.08%
Elapsed time = 1096.48 sec. (1479923.90 ticks, tree = 6294.71 MB, solutions = 18)
Nodefile size = 4244.20 MB (2630.09 MB after compression)
 726894 619706        0.0247    54        0.0286        0.0243 40960055   15.08%
 728967 621836        0.0250    62        0.0286        0.0243 41090633   15.08%
 731172 624417        0.0256    55        0.0286        0.0243 41271274   15.08%
 733462 625345        0.0258    44        0.0286        0.0243 41332791   15.08%
 735394 628271        0.0272    40        0.0286        0.0243 41524294   15.08%
 737645 629548        cutoff              0.0286        0.0243 41616819   15.08%
 740094 631531        0.0245    59        0.0286        0.0243 41739312   15.08%
 742268 634233        0.0244    55        0.0286        0.0243 41914766   15.07%
 744303 635793        0.0251    52        0.0286        0.0243 42011324   15.07%
 746586 637604        0.0252    56        0.0286        0.0243 42139587   15.07%
Elapsed time = 1123.27 sec. (1518093.39 ticks, tree = 6329.75 MB, solutions = 18)
Nodefile size = 4278.22 MB (2646.50 MB after compression)
 749042 639801        0.0264    51        0.0286        0.0243 42279452   15.07%
 751182 641914        0.0247    53        0.0286        0.0243 42417713   15.07%
 753045 643583        0.0246    59        0.0286        0.0243 42527616   15.07%
 755118 645619        0.0243    55        0.0286        0.0243 42669729   15.07%
 757505 648160        0.0243    61        0.0286        0.0243 42834930   15.07%
 759791 649480        0.0246    57        0.0286        0.0243 42918249   15.07%
 761987 651229        0.0245    60        0.0286        0.0243 43016996   15.07%
 764414 654682        0.0248    43        0.0286        0.0243 43234248   15.07%
 766814 655821        0.0243    59        0.0286        0.0243 43317376   15.07%
 768919 658508        0.0243    62        0.0286        0.0243 43481478   15.07%
Elapsed time = 1149.94 sec. (1556256.52 ticks, tree = 6367.68 MB, solutions = 18)
Nodefile size = 4317.33 MB (2665.76 MB after compression)
 770705 659520    infeasible              0.0286        0.0243 43537628   15.07%
 772930 661297        0.0247    57        0.0286        0.0243 43662845   15.07%
 774989 662698        0.0260    46        0.0286        0.0243 43762246   15.07%
 777020 664699        cutoff              0.0286        0.0243 43910466   15.07%
 779152 667421        0.0244    60        0.0286        0.0243 44085411   15.07%
 781707 669247        0.0248    52        0.0286        0.0243 44199011   15.07%
 783968 670666        0.0252    52        0.0286        0.0243 44281246   15.07%
 786131 673990        0.0245    57        0.0286        0.0243 44496442   15.07%
 788196 675239        0.0249    49        0.0286        0.0243 44576920   15.07%
 790296 677342        0.0243    59        0.0286        0.0243 44708295   15.07%
Elapsed time = 1177.36 sec. (1594429.52 ticks, tree = 6401.44 MB, solutions = 18)
Nodefile size = 4350.88 MB (2681.94 MB after compression)
 792330 678610        0.0260    68        0.0286        0.0243 44791196   15.07%
 794369 681066        0.0244    55        0.0286        0.0243 44947759   15.07%
 796730 682998        0.0257    60        0.0286        0.0243 45075533   15.07%
 799043 685133        0.0244    49        0.0286        0.0243 45220446   15.07%
 801206 686849        0.0247    53        0.0286        0.0243 45341330   15.07%
 803490 689426        0.0249    58        0.0286        0.0243 45500509   15.07%
 805807 690371        0.0244    60        0.0286        0.0243 45555547   15.07%
 808025 693931        0.0249    57        0.0286        0.0243 45787328   15.07%
 809822 695248        0.0252    51        0.0286        0.0243 45870469   15.07%
 812079 697086        0.0246    62        0.0286        0.0243 46000540   15.07%
Elapsed time = 1203.88 sec. (1632612.37 ticks, tree = 6440.56 MB, solutions = 18)
Nodefile size = 4388.76 MB (2700.36 MB after compression)
 814305 699238        0.0250    60        0.0286        0.0243 46133439   15.07%
 816463 701663        0.0246    54        0.0286        0.0243 46300475   15.07%
 818545 703388        0.0245    59        0.0286        0.0243 46407481   15.07%
 820824 704370        0.0248    56        0.0286        0.0243 46463623   15.07%
 822920 706651        0.0259    37        0.0286        0.0243 46630859   15.07%
 824933 708593        0.0252    45        0.0286        0.0243 46748485   15.07%
 826913 710089    infeasible              0.0286        0.0243 46857950   15.07%
 829244 712171        0.0247    55        0.0286        0.0243 46993404   15.06%
 831623 714193        0.0250    47        0.0286        0.0243 47134720   15.06%
 833950 717283        0.0262    48        0.0286        0.0243 47315034   15.06%
Elapsed time = 1230.52 sec. (1670773.41 ticks, tree = 6475.35 MB, solutions = 18)
Nodefile size = 4424.36 MB (2717.03 MB after compression)
 836133 719322    infeasible              0.0286        0.0243 47446954   15.06%
 838226 721415        0.0245    63        0.0286        0.0243 47576069   15.06%
 840316 723196        0.0251    60        0.0286        0.0243 47690198   15.06%
 842264 724410        0.0270    43        0.0286        0.0243 47771696   15.06%
 844057 726606        0.0251    53        0.0286        0.0243 47924986   15.06%
 846224 727766        0.0266    52        0.0286        0.0243 47996979   15.06%
 848251 729612        0.0254    64        0.0286        0.0243 48119229   15.06%
 850381 732483        0.0248    59        0.0286        0.0243 48314518   15.06%
 852403 734486        0.0243    67        0.0286        0.0243 48445288   15.06%
 854476 735740        0.0268    20        0.0286        0.0243 48528191   15.06%
Elapsed time = 1257.20 sec. (1708954.09 ticks, tree = 6508.42 MB, solutions = 18)
Nodefile size = 4457.32 MB (2732.22 MB after compression)
 856747 737413        0.0256    59        0.0286        0.0243 48649120   15.06%
 858664 738759        0.0268    41        0.0286        0.0243 48742571   15.06%
 860463 741521        0.0250    56        0.0286        0.0243 48934110   15.06%
 862536 743175        0.0263    42        0.0286        0.0243 49064456   15.06%
 864683 744336        0.0243    64        0.0286        0.0243 49142392   15.06%
 866754 747302        0.0251    45        0.0286        0.0243 49348865   15.06%
 868873 749033        0.0243    59        0.0286        0.0243 49463706   15.06%
 871161 750382        0.0244    57        0.0286        0.0243 49551923   15.06%
 873648 752317        0.0265    55        0.0286        0.0243 49668806   15.06%
 875675 754127        0.0244    62        0.0286        0.0243 49789365   15.06%
Elapsed time = 1284.48 sec. (1747119.90 ticks, tree = 6542.06 MB, solutions = 18)
Nodefile size = 4490.48 MB (2747.04 MB after compression)
 877853 756827        0.0246    66        0.0286        0.0243 49969789   15.06%
 879894 757596        0.0250    59        0.0286        0.0243 50027266   15.06%
 882014 759712        0.0245    55        0.0286        0.0243 50165940   15.06%
 883918 762654        0.0246    47        0.0286        0.0243 50381474   15.06%
 885798 764196        0.0246    59        0.0286        0.0243 50503881   15.06%
 887963 766301        0.0246    54        0.0286        0.0243 50630716   15.06%
 890182 767117        0.0245    61        0.0286        0.0243 50691773   15.06%
 892462 770344        0.0244    55        0.0286        0.0243 50908732   15.06%
 894420 770805        0.0266    48        0.0286        0.0243 50942243   15.06%
 896344 773748        0.0244    65        0.0286        0.0243 51145831   15.06%
Elapsed time = 1311.31 sec. (1785282.85 ticks, tree = 6577.29 MB, solutions = 18)
Nodefile size = 4525.88 MB (2763.21 MB after compression)
 898599 775580        0.0251    44        0.0286        0.0243 51259690   15.06%
 900902 777257        0.0248    58        0.0286        0.0243 51361899   15.06%
 903113 779694        0.0255    54        0.0286        0.0243 51518529   15.06%
 905245 782464        0.0243    58        0.0286        0.0243 51693694   15.06%
 907423 783434        0.0261    44        0.0286        0.0243 51753344   15.06%
 909713 785206        0.0251    65        0.0286        0.0243 51872180   15.06%
 911711 787005        0.0251    58        0.0286        0.0243 51995298   15.06%
 913783 789619        0.0250    46        0.0286        0.0243 52177716   15.06%
 915605 791246        0.0244    57        0.0286        0.0243 52279178   15.06%
 917811 793280        0.0248    58        0.0286        0.0243 52421953   15.06%
Elapsed time = 1337.97 sec. (1823440.99 ticks, tree = 6612.89 MB, solutions = 18)
Nodefile size = 4561.97 MB (2779.52 MB after compression)
 920057 795653        0.0245    61        0.0286        0.0243 52584606   15.06%
 922124 796757        0.0245    63        0.0286        0.0243 52652168   15.06%
 924053 798849        0.0283    57        0.0286        0.0243 52786701   15.06%
 926375 800417        0.0246    64        0.0286        0.0243 52904155   15.06%
 928348 801819        0.0244    69        0.0286        0.0243 52998101   15.06%
 930389 804523        0.0249    49        0.0286        0.0243 53179859   15.06%
 932494 806264        0.0267    44        0.0286        0.0243 53296376   15.06%
 934558 808859        0.0245    60        0.0286        0.0243 53474825   15.06%
 936927 810698        0.0247    60        0.0286        0.0243 53599447   15.05%
 939036 811683        0.0249    53        0.0286        0.0243 53659417   15.05%
Elapsed time = 1365.03 sec. (1861602.03 ticks, tree = 6646.61 MB, solutions = 18)
Nodefile size = 4594.86 MB (2794.53 MB after compression)
 941181 814505        0.0251    40        0.0286        0.0243 53838857   15.05%
 943512 816101        0.0256    66        0.0286        0.0243 53932214   15.05%
 945766 818050        0.0251    54        0.0286        0.0243 54054507   15.05%
 947738 820826        0.0247    58        0.0286        0.0243 54243760   15.05%
 949994 823157        0.0265    50        0.0286        0.0243 54378902   15.05%
 952482 823715        0.0243    54        0.0286        0.0243 54414872   15.05%
 954798 825611        0.0265    44        0.0286        0.0243 54534952   15.05%
 957009 829273        0.0250    42        0.0286        0.0243 54760224   15.05%
 958988 830614        cutoff              0.0286        0.0243 54848457   15.05%
 960939 833200        0.0246    52        0.0286        0.0243 55027280   15.05%
Elapsed time = 1391.92 sec. (1899766.21 ticks, tree = 6684.61 MB, solutions = 18)
Nodefile size = 4633.55 MB (2811.83 MB after compression)
 962997 834476        0.0268    43        0.0286        0.0243 55117423   15.05%
 965146 835400        0.0253    47        0.0286        0.0243 55185895   15.05%
 967176 837097        0.0259    52        0.0286        0.0243 55308985   15.05%
 969045 840213        0.0243    60        0.0286        0.0243 55539161   15.05%
 971122 841198        0.0272    26        0.0286        0.0243 55598357   15.05%
 973283 844138        0.0244    59        0.0286        0.0243 55813270   15.05%
 975554 844766        0.0272    51        0.0286        0.0243 55848224   15.05%
 977734 846600        0.0247    53        0.0286        0.0243 55966469   15.05%
 979628 849516        0.0244    67        0.0286        0.0243 56152305   15.05%
 982134 852437        0.0244    50        0.0286        0.0243 56336904   15.05%
Elapsed time = 1419.11 sec. (1937957.66 ticks, tree = 6724.35 MB, solutions = 18)
Nodefile size = 4672.75 MB (2829.92 MB after compression)
 984234 852935        0.0264    54        0.0286        0.0243 56372084   15.05%
 986352 856171        0.0245    59        0.0286        0.0243 56590585   15.05%
 988398 856562        0.0246    64        0.0286        0.0243 56622819   15.05%
 990742 858646        0.0245    53        0.0286        0.0243 56745307   15.05%
 992719 860397        0.0262    42        0.0286        0.0243 56864963   15.05%
 994742 863644        0.0264    36        0.0286        0.0243 57095102   15.05%
 996617 864086        0.0267    47        0.0286        0.0243 57123579   15.05%
 998668 865955        0.0267    30        0.0286        0.0243 57253937   15.05%
 1000736 869499        0.0245    57        0.0286        0.0243 57502413   15.05%
 1003155 870883        0.0244    52        0.0286        0.0243 57596834   15.05%
Elapsed time = 1445.92 sec. (1976118.39 ticks, tree = 6757.84 MB, solutions = 18)
Nodefile size = 4706.47 MB (2845.00 MB after compression)
 1005246 872958        0.0246    46        0.0286        0.0243 57738296   15.05%
 1007365 874504        0.0246    48        0.0286        0.0243 57841001   15.05%
 1009437 875790        0.0249    52        0.0286        0.0243 57927256   15.05%
 1011541 879161        0.0243    63        0.0286        0.0243 58157205   15.05%
 1013690 879662        0.0243    65        0.0286        0.0243 58193046   15.05%
 1015708 881927        0.0248    54        0.0286        0.0243 58342625   15.05%
 1017680 883685        0.0283    43        0.0286        0.0243 58470232   15.05%
 1020070 886006        0.0255    60        0.0286        0.0243 58620432   15.05%
 1022428 888518        0.0250    54        0.0286        0.0243 58776696   15.05%
 1024486 889070        0.0263    50        0.0286        0.0243 58809967   15.05%
Elapsed time = 1473.17 sec. (2014293.21 ticks, tree = 6791.06 MB, solutions = 18)
Nodefile size = 4738.44 MB (2859.03 MB after compression)
 1026414 892630        0.0246    58        0.0286        0.0243 59038542   15.05%
 1028514 893977        0.0250    61        0.0286        0.0243 59121373   15.05%
 1030757 895331        0.0246    55        0.0286        0.0243 59217594   15.05%
 1032974 897868        0.0272    49        0.0286        0.0243 59377208   15.05%
 1034846 899773        0.0251    57        0.0286        0.0243 59514766   15.05%
 1036904 902117        0.0247    58        0.0286        0.0243 59672777   15.05%
 1038946 902964        0.0244    60        0.0286        0.0243 59730670   15.05%
 1041205 905292        0.0244    53        0.0286        0.0243 59888857   15.05%
 1043475 907809        0.0257    41        0.0286        0.0243 60054007   15.05%
 1045545 910408        0.0251    61        0.0286        0.0243 60237664   15.04%
Elapsed time = 1500.08 sec. (2052454.98 ticks, tree = 6829.28 MB, solutions = 18)
Nodefile size = 4777.72 MB (2876.22 MB after compression)
 1047417 911246        0.0249    52        0.0286        0.0243 60297376   15.04%
 1049289 913025        0.0256    54        0.0286        0.0243 60424728   15.04%
 1051543 915217        0.0252    58        0.0286        0.0243 60580066   15.04%
 1053674 917849        0.0248    64        0.0286        0.0243 60736283   15.04%
 1055844 918260        cutoff              0.0286        0.0243 60767243   15.04%
 1057954 920353        0.0244    62        0.0286        0.0243 60903793   15.04%
 1060065 921622        0.0245    54        0.0286        0.0243 60997780   15.04%
 1062016 924954        0.0255    50        0.0286        0.0243 61217611   15.04%
 1064429 925510        0.0258    45        0.0286        0.0243 61254576   15.04%
 1066451 928077        0.0244    57        0.0286        0.0243 61425812   15.04%
Elapsed time = 1527.00 sec. (2090617.56 ticks, tree = 6861.75 MB, solutions = 18)
Nodefile size = 4810.17 MB (2890.15 MB after compression)
 1068439 931015        0.0248    56        0.0286        0.0243 61633707   15.04%
 1070640 931486        0.0269    51        0.0286        0.0243 61665362   15.04%
 1072861 934275        0.0243    58        0.0286        0.0243 61853220   15.04%
 1075311 935320        0.0247    62        0.0286        0.0243 61921582   15.04%
 1077302 937996        0.0249    56        0.0286        0.0243 62100621   15.04%
 1079537 940493        0.0254    48        0.0286        0.0243 62266032   15.04%
 1081483 940823        0.0243    58        0.0286        0.0243 62299054   15.04%
 1083817 943393        0.0247    57        0.0286        0.0243 62465564   15.04%
 1086136 946533        0.0246    69        0.0286        0.0243 62680502   15.04%
 1087960 947550        0.0244    64        0.0286        0.0243 62740582   15.04%
Elapsed time = 1553.73 sec. (2128775.68 ticks, tree = 6897.00 MB, solutions = 18)
Nodefile size = 4845.50 MB (2905.09 MB after compression)
 1089723 949556        0.0246    56        0.0286        0.0243 62882138   15.04%
 1091771 950742        0.0250    64        0.0286        0.0243 62970949   15.04%
 1093742 952879        0.0246    62        0.0286        0.0243 63125681   15.04%
 1095936 954867        0.0250    49        0.0286        0.0243 63258038   15.04%
 1098118 957878        0.0264    54        0.0286        0.0243 63470604   15.04%
 1100091 958320        0.0246    58        0.0286        0.0243 63501858   15.04%
 1102169 961282        0.0249    62        0.0286        0.0243 63689969   15.04%
 1104114 963187        cutoff              0.0286        0.0243 63823176   15.04%
 1106340 964005        0.0257    56        0.0286        0.0243 63880675   15.04%
 1108407 965541        0.0247    62        0.0286        0.0243 63992946   15.04%
Elapsed time = 1580.66 sec. (2166944.40 ticks, tree = 6929.52 MB, solutions = 18)
Nodefile size = 4877.22 MB (2918.64 MB after compression)
 1110277 968192        0.0249    54        0.0286        0.0243 64171775   15.04%
 1112204 969436        0.0256    54        0.0286        0.0243 64264367   15.04%
 1114408 972349        0.0245    57        0.0286        0.0243 64453620   15.04%
 1116508 973788        0.0252    50        0.0286        0.0243 64548592   15.04%
 1118749 975844        0.0245    57        0.0286        0.0243 64687623   15.04%
 1120941 977395        0.0249    54        0.0286        0.0243 64794228   15.04%
 1123047 980073        0.0257    52        0.0286        0.0243 64959638   15.04%
 1125241 980664        0.0264    52        0.0286        0.0243 64990353   15.04%
 1127666 983212        0.0264    51        0.0286        0.0243 65159472   15.04%
 1129865 985972        0.0246    60        0.0286        0.0243 65331213   15.04%
Elapsed time = 1607.66 sec. (2205103.20 ticks, tree = 6966.38 MB, solutions = 18)
Nodefile size = 4915.09 MB (2934.58 MB after compression)
 1131880 988557        0.0243    58        0.0286        0.0243 65507589   15.04%
 1133661 989543        0.0255    55        0.0286        0.0243 65573816   15.04%
 1135545 990954        0.0259    47        0.0286        0.0243 65677456   15.04%
 1137554 992721        0.0249    45        0.0286        0.0243 65809909   15.04%
 1139783 995562        0.0273    45        0.0286        0.0243 66016950   15.04%
 1141716 996446        0.0258    58        0.0286        0.0243 66083323   15.04%
 1143709 998148        0.0251    48        0.0286        0.0243 66199100   15.04%
 1145602 999970        0.0251    50        0.0286        0.0243 66329065   15.04%
 1147571 1002758        0.0252    48        0.0286        0.0243 66533098   15.04%
 1149468 1004657        0.0251    52        0.0286        0.0243 66667216   15.04%
Elapsed time = 1634.59 sec. (2243270.62 ticks, tree = 7000.46 MB, solutions = 18)
Nodefile size = 4949.11 MB (2948.87 MB after compression)
 1151622 1005199        0.0248    52        0.0286        0.0243 66701501   15.04%
 1153834 1007617        0.0250    53        0.0286        0.0243 66885121   15.04%
 1155676 1008594        0.0249    60        0.0286        0.0243 66952392   15.04%
 1157639 1010533    infeasible              0.0286        0.0243 67094668   15.04%
 1159730 1012968        0.0248    55        0.0286        0.0243 67253373   15.04%
 1162063 1016013        0.0246    63        0.0286        0.0243 67460710   15.04%
 1164257 1017161    infeasible              0.0286        0.0243 67533324   15.04%
 1166288 1019300        0.0253    52        0.0286        0.0243 67683178   15.04%
 1168221 1021397        0.0248    53        0.0286        0.0243 67820452   15.04%
 1170194 1023755        0.0244    54        0.0286        0.0243 67985976   15.04%
Elapsed time = 1661.67 sec. (2281440.05 ticks, tree = 7035.09 MB, solutions = 18)
Nodefile size = 4984.48 MB (2963.40 MB after compression)
 1172354 1023685        0.0244    63        0.0286        0.0243 67983071   15.04%
 1174579 1025790        0.0254    48        0.0286        0.0243 68115132   15.04%
 1176665 1028973        0.0257    32        0.0286        0.0243 68332823   15.04%
 1178618 1031072        0.0244    62        0.0286        0.0243 68474101   15.04%
 1180646 1032848        0.0244    53        0.0286        0.0243 68599845   15.04%
 1182715 1033308        0.0244    57        0.0286        0.0243 68633675   15.04%
 1184999 1035988        0.0243    59        0.0286        0.0243 68805864   15.04%
 1187140 1038676        0.0247    60        0.0286        0.0243 68991616   15.04%
 1189181 1039168        0.0249    51        0.0286        0.0243 69024447   15.04%
 1191216 1042250        0.0246    56        0.0286        0.0243 69254316   15.04%
Elapsed time = 1688.62 sec. (2319619.47 ticks, tree = 7068.97 MB, solutions = 18)
Nodefile size = 5017.29 MB (2977.25 MB after compression)
 1193204 1044371        0.0251    43        0.0286        0.0243 69392060   15.04%
 1195244 1045287        0.0251    55        0.0286        0.0243 69458857   15.04%
 1197394 1047263        0.0245    53        0.0286        0.0243 69601505   15.04%
 1199531 1050031        0.0248    57        0.0286        0.0243 69784443   15.04%
 1201343 1051924        0.0246    53        0.0286        0.0243 69927377   15.04%
 1203131 1051674        0.0243    63        0.0286        0.0243 69916068   15.03%
 1204958 1053988        0.0259    57        0.0286        0.0243 70094056   15.03%
 1207020 1056197    infeasible              0.0286        0.0243 70266551   15.03%
 1208811 1058379        0.0243    56        0.0286        0.0243 70423996   15.03%
 1210882 1058866        0.0249    53        0.0286        0.0243 70459727   15.03%
Elapsed time = 1715.94 sec. (2357778.01 ticks, tree = 7097.90 MB, solutions = 18)
Nodefile size = 5045.18 MB (2988.24 MB after compression)
 1212836 1061350        0.0245    63        0.0286        0.0243 70646882   15.03%
 1214858 1062732        0.0252    65        0.0286        0.0243 70752716   15.03%
 1216715 1064696        0.0266    53        0.0286        0.0243 70880897   15.03%
 1218898 1067281        cutoff              0.0286        0.0243 71058344   15.03%
 1220937 1068960        0.0251    47        0.0286        0.0243 71177860   15.03%
 1222950 1069857    infeasible              0.0286        0.0243 71253566   15.03%
 1225040 1072980        0.0244    64        0.0286        0.0243 71468616   15.03%
 1226896 1074525        0.0255    60        0.0286        0.0243 71581659   15.03%
 1229165 1075937        0.0247    54        0.0286        0.0243 71682562   15.03%
 1231343 1076999        0.0244    60        0.0286        0.0243 71757115   15.03%
Elapsed time = 1743.17 sec. (2395942.53 ticks, tree = 7131.21 MB, solutions = 18)
Nodefile size = 5079.02 MB (3001.92 MB after compression)
 1233578 1081089        0.0247    46        0.0286        0.0243 72036782   15.03%
 1235845 1081543        0.0250    53        0.0286        0.0243 72068377   15.03%
 1237955 1083814        0.0250    58        0.0286        0.0243 72202753   15.03%
 1240402 1086178        0.0244    60        0.0286        0.0243 72334846   15.03%
 1242642 1089026        0.0244    64        0.0286        0.0243 72512087   15.03%
 1245047 1090315    infeasible              0.0286        0.0243 72588417   15.03%
 1247029 1091339        0.0246    65        0.0286        0.0243 72655554   15.03%
 1249014 1095319        0.0252    53        0.0286        0.0243 72912113   15.03%
 1251087 1094960        0.0249    48        0.0286        0.0243 72902563   15.03%
 1253248 1098738        0.0243    70        0.0286        0.0243 73160836   15.03%
Elapsed time = 1770.08 sec. (2434108.76 ticks, tree = 7170.30 MB, solutions = 18)
Nodefile size = 5118.69 MB (3017.87 MB after compression)
 1255589 1098981        0.0247    46        0.0286        0.0243 73154346   15.03%
 1257842 1103091        0.0247    55        0.0286        0.0243 73438257   15.03%
 1259597 1103518        0.0243    61        0.0286        0.0243 73464983   15.03%
 1261506 1106471        0.0253    57        0.0286        0.0243 73666631   15.03%
 1263727 1108467        0.0246    52        0.0286        0.0243 73807098   15.03%
 1265969 1109012        0.0255    46        0.0286        0.0243 73842348   15.03%
 1268194 1111337        0.0244    59        0.0286        0.0243 73995874   15.03%
 1270265 1112459        0.0268    49        0.0286        0.0243 74066480   15.03%
 1272260 1115291    infeasible              0.0286        0.0243 74248861   15.03%
 1274375 1116184        0.0245    57        0.0286        0.0243 74314300   15.03%
Elapsed time = 1797.30 sec. (2472278.77 ticks, tree = 7208.32 MB, solutions = 18)
Nodefile size = 5155.96 MB (3033.40 MB after compression)
 1276563 1120276        0.0253    40        0.0286        0.0243 74579314   15.03%
 1278920 1120199        0.0262    51        0.0286        0.0243 74574319   15.03%
 1281299 1123179        0.0254    49        0.0286        0.0243 74772105   15.03%
 1283146 1125354        0.0248    58        0.0286        0.0243 74920966   15.03%
 1285191 1127590        0.0246    56        0.0286        0.0243 75072247   15.03%
 1287373 1129195        0.0273    34        0.0286        0.0243 75176079   15.03%
 1289411 1130249        0.0243    61        0.0286        0.0243 75250140   15.03%
 1291725 1131712        0.0247    55        0.0286        0.0243 75343240   15.03%
 1293841 1134092    infeasible              0.0286        0.0243 75524521   15.03%
 1296007 1135047        0.0261    53        0.0286        0.0243 75587814   15.03%
Elapsed time = 1824.52 sec. (2510442.55 ticks, tree = 7242.31 MB, solutions = 18)
Nodefile size = 5189.64 MB (3047.05 MB after compression)
 1298072 1139771        0.0247    58        0.0286        0.0243 75897015   15.03%
 1300305 1140632        0.0261    50        0.0286        0.0243 75953789   15.03%
 1302617 1142386        0.0268    45        0.0286        0.0243 76084219   15.03%
 1304846 1143660        0.0270    19        0.0286        0.0243 76163215   15.03%
 1306664 1146065        0.0264    59        0.0286        0.0243 76322717   15.03%
 1308694 1149382        0.0265    46        0.0286        0.0243 76545500   15.03%
 1310923 1150907        0.0265    46        0.0286        0.0243 76644784   15.03%
 1312969 1152565        0.0259    50        0.0286        0.0243 76750408   15.03%
 1315353 1155343        0.0248    52        0.0286        0.0243 76946272   15.03%
 1317474 1156221        0.0249    49        0.0286        0.0243 77007770   15.03%
Elapsed time = 1851.66 sec. (2548617.75 ticks, tree = 7280.36 MB, solutions = 18)
Nodefile size = 5229.32 MB (3063.12 MB after compression)
 1319482 1158397        0.0246    53        0.0286        0.0243 77145240   15.03%
 1321428 1160520        0.0245    54        0.0286        0.0243 77283403   15.03%
 1323367 1160222        0.0250    60        0.0286        0.0243 77268891   15.03%
 1325687 1163702        0.0258    55        0.0286        0.0243 77503577   15.03%
 1327746 1165295        0.0264    34        0.0286        0.0243 77621237   15.03%
 1329955 1166154        0.0243    61        0.0286        0.0243 77681615   15.03%
 1331683 1169801        0.0264    47        0.0286        0.0243 77933705   15.03%
 1333798 1171254        0.0243    59        0.0286        0.0243 78041282   15.03%
 1335892 1172796        0.0268    43        0.0286        0.0243 78151867   15.03%
 1337998 1174511        0.0276    51        0.0286        0.0243 78260605   15.03%
Elapsed time = 1878.97 sec. (2586794.70 ticks, tree = 7314.17 MB, solutions = 18)
Nodefile size = 5262.27 MB (3076.30 MB after compression)
 1340154 1176883        0.0244    63        0.0286        0.0243 78415556   15.03%
 1342255 1179883        0.0249    60        0.0286        0.0243 78615812   15.03%
 1344314 1180947        0.0259    59        0.0286        0.0243 78692782   15.03%
 1346205 1182445        0.0257    53        0.0286        0.0243 78802092   15.03%
 1348001 1185472        0.0253    68        0.0286        0.0243 79044551   15.03%
 1349901 1184718        0.0278    53        0.0286        0.0243 78979887   15.03%
 1351706 1187892        0.0253    59        0.0286        0.0243 79220486   15.03%
 1353832 1189352        0.0252    70        0.0286        0.0243 79335138   15.03%
 1355793 1190800        0.0250    59        0.0286        0.0243 79439956   15.03%
 1357873 1192535        0.0244    60        0.0286        0.0243 79557178   15.03%
Elapsed time = 1906.14 sec. (2624958.13 ticks, tree = 7346.88 MB, solutions = 18)
Nodefile size = 5294.90 MB (3088.40 MB after compression)
 1359845 1193539        0.0256    58        0.0286        0.0243 79621025   15.03%
 1362057 1195908        0.0251    56        0.0286        0.0243 79796024   15.03%
 1364311 1198247        0.0251    65        0.0286        0.0243 79949325   15.03%
 1366444 1201751        0.0243    66        0.0286        0.0243 80185507   15.03%
 1368966 1202315        0.0249    52        0.0286        0.0243 80218851   15.03%
 1371110 1205736        0.0247    47        0.0286        0.0243 80427160   15.03%
 1372973 1207366    infeasible              0.0286        0.0243 80529754   15.03%
 1374864 1208959        0.0250    51        0.0286        0.0243 80638107   15.03%
 1377151 1211536        0.0248    54        0.0286        0.0243 80812815   15.03%
 1379408 1212077        0.0250    46        0.0286        0.0243 80848800   15.03%
Elapsed time = 1933.44 sec. (2663136.54 ticks, tree = 7382.20 MB, solutions = 18)
Nodefile size = 5329.67 MB (3102.07 MB after compression)
 1381617 1213021        0.0247    61        0.0286        0.0243 80921219   15.03%
 1383627 1215749        0.0272    43        0.0286        0.0243 81101116   15.03%
 1385689 1218102        0.0251    59        0.0286        0.0243 81267995   15.03%
 1387677 1220157        0.0258    54        0.0286        0.0243 81406390   15.02%
 1389791 1221943        0.0247    57        0.0286        0.0243 81527746   15.02%
 1391876 1224779        0.0256    53        0.0286        0.0243 81734766   15.02%
 1394055 1227242        0.0270    39        0.0286        0.0243 81910444   15.02%
 1396139 1228321        0.0245    60        0.0286        0.0243 81988499   15.02%
 1397989 1229896        0.0246    66        0.0286        0.0243 82091357   15.02%
 1400105 1231052        0.0253    52        0.0286        0.0243 82176750   15.02%
Elapsed time = 1961.52 sec. (2701297.08 ticks, tree = 7416.96 MB, solutions = 18)
Nodefile size = 5364.65 MB (3115.79 MB after compression)
 1402144 1234382        0.0256    64        0.0286        0.0243 82402728   15.02%
 1404460 1234884        0.0279    35        0.0286        0.0243 82440835   15.02%
 1406746 1237887        0.0245    61        0.0286        0.0243 82635962   15.02%
 1409111 1238474        0.0247    61        0.0286        0.0243 82664739   15.02%
 1410997 1239327        0.0250    55        0.0286        0.0243 82728353   15.02%
 1412798 1244324        0.0244    61        0.0286        0.0243 83069826   15.02%
 1414833 1245125        0.0251    61        0.0286        0.0243 83130125   15.02%
 1417098 1246929        0.0245    64        0.0286        0.0243 83252223   15.02%
 1419365 1249980        0.0266    50        0.0286        0.0243 83463798   15.02%
 1421479 1249770        0.0251    52        0.0286        0.0243 83443135   15.02%
Elapsed time = 1988.53 sec. (2739481.10 ticks, tree = 7448.58 MB, solutions = 18)
Nodefile size = 5396.55 MB (3128.17 MB after compression)
 1423355 1252244        0.0245    58        0.0286        0.0243 83601408   15.02%
 1425267 1254706        0.0259    66        0.0286        0.0243 83765998   15.02%
 1427303 1255598        0.0260    65        0.0286        0.0243 83825363   15.02%
 1429433 1258171        0.0261    53        0.0286        0.0243 84002339   15.02%
 1431563 1258621        cutoff              0.0286        0.0243 84037478   15.02%
 1433805 1261353        0.0266    42        0.0286        0.0243 84222040   15.02%
 1435851 1263807        0.0253    55        0.0286        0.0243 84377524   15.02%
 1437768 1265908        0.0254    57        0.0286        0.0243 84537332   15.02%
 1439745 1266369        0.0252    54        0.0286        0.0243 84570933   15.02%
 1441705 1269889        0.0281    29        0.0286        0.0243 84830044   15.02%
Elapsed time = 2015.67 sec. (2777651.72 ticks, tree = 7485.31 MB, solutions = 18)
Nodefile size = 5434.50 MB (3142.80 MB after compression)
 1443917 1269734        0.0265    54        0.0286        0.0243 84811718   15.02%
 1446176 1271962        0.0252    53        0.0286        0.0243 84970154   15.02%
 1448095 1274934        0.0249    44        0.0286        0.0243 85187828   15.02%
 1450075 1277624        0.0244    53        0.0286        0.0243 85381364   15.02%
 1452102 1278448        0.0246    62        0.0286        0.0243 85443869   15.02%
 1454141 1278943        0.0246    50        0.0286        0.0243 85476407   15.02%
 1456349 1282573        0.0258    61        0.0286        0.0243 85728177   15.02%
 1458713 1283031        0.0243    61        0.0286        0.0243 85761494   15.02%
 1460865 1287639        0.0247    56        0.0286        0.0243 86075406   15.02%
 1462973 1288101        0.0247    61        0.0286        0.0243 86107090   15.02%
Elapsed time = 2043.05 sec. (2815830.51 ticks, tree = 7518.26 MB, solutions = 18)
Nodefile size = 5466.07 MB (3154.97 MB after compression)
 1464874 1291173        0.0250    55        0.0286        0.0243 86332281   15.02%
 1466819 1291644    infeasible              0.0286        0.0243 86362379   15.02%
 1468752 1293809        0.0257    51        0.0286        0.0243 86525020   15.02%
 1470830 1296048        0.0257    53        0.0286        0.0243 86670787   15.02%
 1473100 1297881        0.0255    61        0.0286        0.0243 86794121   15.02%
 1475138 1298729        0.0256    60        0.0286        0.0243 86844546   15.02%
 1477300 1301928        0.0246    60        0.0286        0.0243 87077601   15.02%
 1479360 1304598        0.0260    46        0.0286        0.0243 87260908   15.02%
 1481408 1306151        0.0257    51        0.0286        0.0243 87370151   15.02%
 1483551 1307384        0.0257    48        0.0286        0.0243 87450684   15.02%
Elapsed time = 2071.78 sec. (2853990.98 ticks, tree = 7553.98 MB, solutions = 18)
Nodefile size = 5501.99 MB (3168.04 MB after compression)
 1485349 1308809        0.0258    57        0.0286        0.0243 87556790   15.02%
 1487368 1310218        0.0253    67        0.0286        0.0243 87643763   15.02%
 1489285 1312971        0.0243    64        0.0286        0.0243 87850707   15.02%
 1491271 1312620        0.0254    61        0.0286        0.0243 87832380   15.02%
 1493263 1316235        0.0264    49        0.0286        0.0243 88111215   15.02%
 1495194 1317485        0.0257    56        0.0286        0.0243 88192487   15.02%
 1497086 1318936        0.0251    56        0.0286        0.0243 88295673   15.02%
 1498898 1321583        0.0249    51        0.0286        0.0243 88502337   15.02%
 1500661 1323242        0.0246    58        0.0286        0.0243 88637919   15.02%
 1502347 1325292        0.0258    56        0.0286        0.0243 88800794   15.02%
Elapsed time = 2099.00 sec. (2892157.15 ticks, tree = 7586.03 MB, solutions = 18)
Nodefile size = 5534.66 MB (3178.40 MB after compression)
 1504406 1326821        0.0257    50        0.0286        0.0243 88927453   15.02%
 1506420 1328322        0.0258    56        0.0286        0.0243 89056273   15.02%
 1508400 1329544        0.0254    52        0.0286        0.0243 89140899   15.02%
 1510246 1331199        0.0261    57        0.0286        0.0243 89242120   15.02%
 1512130 1332986        0.0275    54        0.0286        0.0243 89387679   15.02%
 1514106 1335694        0.0245    64        0.0286        0.0243 89590462   15.02%
 1516022 1335519        0.0257    63        0.0286        0.0243 89570837   15.02%
 1518120 1338418        0.0245    63        0.0286        0.0243 89782317   15.02%
 1520190 1339707        0.0249    52        0.0286        0.0243 89865742   15.02%
 1522016 1343284        0.0243    64        0.0286        0.0243 90137523   15.02%
Elapsed time = 2126.47 sec. (2930329.25 ticks, tree = 7619.26 MB, solutions = 18)
Nodefile size = 5568.09 MB (3189.97 MB after compression)
 1523991 1344889        0.0250    54        0.0286        0.0243 90259456   15.02%
 1526053 1345989        0.0258    51        0.0286        0.0243 90337622   15.02%
 1528070 1348310        0.0248    57        0.0286        0.0243 90495777   15.02%
 1530377 1350021        0.0247    58        0.0286        0.0243 90614229   15.02%
 1532484 1352838        0.0250    52        0.0286        0.0243 90795598   15.02%
 1534965 1353801        0.0251    58        0.0286        0.0243 90874011   15.02%
 1537029 1357031        0.0245    57        0.0286        0.0243 91068920   15.02%
 1539065 1355420        0.0244    65        0.0286        0.0243 90971810   15.02%
 1541162 1358474        0.0249    60        0.0286        0.0243 91175355   15.02%
 1542965 1359353        0.0243    53        0.0286        0.0243 91239037   15.02%
Elapsed time = 2153.78 sec. (2968513.59 ticks, tree = 7648.27 MB, solutions = 18)
Nodefile size = 5595.74 MB (3200.19 MB after compression)
 1545226 1363164        0.0247    52        0.0286        0.0243 91497198   15.02%
 1547512 1364406        0.0254    46        0.0286        0.0243 91584132   15.02%
 1549743 1366803        0.0251    47        0.0286        0.0243 91755779   15.02%
 1552039 1369253        0.0258    33        0.0286        0.0243 91927963   15.02%
 1554038 1371591        0.0246    62        0.0286        0.0243 92075206   15.02%
 1556010 1372020        cutoff              0.0286        0.0243 92107387   15.02%
 1557827 1375090    infeasible              0.0286        0.0243 92317653   15.02%
 1559789 1375471        0.0250    54        0.0286        0.0243 92352408   15.02%
 1562010 1376908        cutoff              0.0286        0.0243 92455073   15.02%
 1564193 1381783        0.0244    57        0.0286        0.0243 92808910   15.02%
Elapsed time = 2182.33 sec. (3006687.56 ticks, tree = 7689.58 MB, solutions = 18)
Nodefile size = 5638.58 MB (3216.10 MB after compression)
 1566312 1381272        0.0244    58        0.0286        0.0243 92775022   15.02%
 1568193 1384506        0.0257    45        0.0286        0.0243 93002182   15.02%
 1570275 1386387        0.0264    46        0.0286        0.0243 93119561   15.02%
 1572254 1388739        0.0268    50        0.0286        0.0243 93284530   15.02%
 1574465 1387772        0.0264    36        0.0286        0.0243 93210547   15.02%
 1576679 1390336        0.0247    54        0.0286        0.0243 93389250   15.02%
 1578847 1392388        0.0248    58        0.0286        0.0243 93517245   15.02%
 1580871 1394305        0.0244    63        0.0286        0.0243 93652244   15.02%
 1583159 1396971        0.0265    49        0.0286        0.0243 93843939   15.02%
 1584989 1399526        0.0265    58        0.0286        0.0243 94004102   15.02%
Elapsed time = 2210.50 sec. (3044853.04 ticks, tree = 7721.63 MB, solutions = 18)
Nodefile size = 5670.60 MB (3228.10 MB after compression)
 1586965 1401316        0.0245    61        0.0286        0.0243 94131912   15.02%
 1588802 1402990        cutoff              0.0286        0.0243 94261291   15.02%
 1590786 1404784        0.0261    52        0.0286        0.0243 94388636   15.02%
 1592673 1407572        0.0247    58        0.0286        0.0243 94596274   15.02%
 1594619 1408022        0.0262    47        0.0286        0.0243 94633026   15.02%
 1596708 1409035        0.0251    51        0.0286        0.0243 94699622   15.02%
 1598593 1410755        0.0247    58        0.0286        0.0243 94852050   15.02%
 1600503 1414513        0.0248    54        0.0286        0.0243 95128392   15.02%
 1602576 1415405        0.0254    63        0.0286        0.0243 95197294   15.02%
 1604693 1418225        0.0247    65        0.0286        0.0243 95380941   15.02%
Elapsed time = 2238.28 sec. (3083011.12 ticks, tree = 7755.96 MB, solutions = 18)
Nodefile size = 5704.49 MB (3239.30 MB after compression)
 1606822 1419906        0.0260    38        0.0286        0.0243 95503951   15.02%
 1608878 1421676        0.0253    58        0.0286        0.0243 95643226   15.02%
 1611159 1423831        0.0245    50        0.0286        0.0243 95779637   15.02%
 1613180 1425690        0.0251    51        0.0286        0.0243 95924392   15.02%
 1615211 1426723        0.0266    42        0.0286        0.0243 95983007   15.02%
 1617458 1427280        0.0252    52        0.0286        0.0243 96015917   15.02%
 1619582 1430040        0.0256    41        0.0286        0.0243 96203895   15.02%
 1621825 1432733        0.0244    57        0.0286        0.0243 96381062   15.02%
 1624154 1435473        0.0261    49        0.0286        0.0243 96552167   15.02%
 1626583 1436870        0.0264    56        0.0286        0.0243 96644807   15.02%
Elapsed time = 2265.45 sec. (3121180.47 ticks, tree = 7789.66 MB, solutions = 18)
Nodefile size = 5738.05 MB (3251.33 MB after compression)
 1628608 1440275        cutoff              0.0286        0.0243 96889247   15.02%
 1630640 1439752        0.0259    51        0.0286        0.0243 96860978   15.02%
 1632698 1442005        0.0253    56        0.0286        0.0243 96998409   15.02%
 1634503 1444462        0.0249    67        0.0286        0.0243 97176456   15.02%
 1636666 1445533        0.0278    58        0.0286        0.0243 97244200   15.02%
 1638818 1447337        0.0248    64        0.0286        0.0243 97365896   15.02%
 1641345 1449552        0.0249    61        0.0286        0.0243 97508241   15.02%
 1643555 1451172        0.0243    65        0.0286        0.0243 97606247   15.02%
 1645854 1455735        0.0244    63        0.0286        0.0243 97899715   15.02%
 1647941 1457125        0.0260    53        0.0286        0.0243 97974290   15.02%
Elapsed time = 2292.89 sec. (3159353.75 ticks, tree = 7826.57 MB, solutions = 18)
Nodefile size = 5775.38 MB (3264.56 MB after compression)
 1649998 1457987        0.0266    51        0.0286        0.0243 98037270   15.02%
 1651859 1459451        0.0249    57        0.0286        0.0243 98134630   15.02%
 1653980 1461714        0.0259    59        0.0286        0.0243 98296232   15.02%
 1655920 1462978        0.0262    59        0.0286        0.0243 98389657   15.02%
 1657857 1467038        0.0248    62        0.0286        0.0243 98667837   15.02%
 1659663 1465744        0.0251    54        0.0286        0.0243 98576421   15.02%
 1661752 1469821    infeasible              0.0286        0.0243 98875634   15.02%
 1663824 1470983        0.0246    56        0.0286        0.0243 98957932   15.02%
 1665859 1474279        0.0256    50        0.0286        0.0243 99182298   15.02%
 1667945 1475474        0.0247    58        0.0286        0.0243 99259998   15.02%
Elapsed time = 2320.11 sec. (3197527.72 ticks, tree = 7860.30 MB, solutions = 18)
Nodefile size = 5809.27 MB (3276.32 MB after compression)
 1669998 1476452        0.0248    59        0.0286        0.0243 99324429   15.02%
 1672280 1477710        0.0254    65        0.0286        0.0243 99420498   15.02%
 1674578 1481347        0.0243    60        0.0286        0.0243 99664851   15.01%
 1676518 1483328        0.0250    61        0.0286        0.0243 99802688   15.01%
 1678376 1485819        0.0245    56        0.0286        0.0243 99988895   15.01%
 1680246 1485666        0.0254    57        0.0286        0.0243 99973382   15.01%
 1682033 1488568        0.0250    64        0.0286        0.0243 1.00e+08   15.01%
 1683992 1488054        0.0247    69        0.0286        0.0243 1.00e+08   15.01%
 1685760 1491152        0.0243    61        0.0286        0.0243 1.00e+08   15.01%
 1687716 1493714        0.0259    56        0.0286        0.0243 1.01e+08   15.01%
Elapsed time = 2347.20 sec. (3235689.77 ticks, tree = 7893.04 MB, solutions = 18)
Nodefile size = 5842.36 MB (3287.17 MB after compression)
 1689620 1495478        0.0264    47        0.0286        0.0243 1.01e+08   15.01%
 1691535 1497270        0.0265    55        0.0286        0.0243 1.01e+08   15.01%
 1693427 1497673        0.0255    48        0.0286        0.0243 1.01e+08   15.01%
 1695349 1498553        0.0258    52        0.0286        0.0243 1.01e+08   15.01%
 1697172 1501162        0.0247    60        0.0286        0.0243 1.01e+08   15.01%
 1699088 1503587        0.0257    39        0.0286        0.0243 1.01e+08   15.01%
 1700986 1504587        0.0259    55        0.0286        0.0243 1.01e+08   15.01%
 1703197 1506402        0.0254    61        0.0286        0.0243 1.02e+08   15.01%
 1705394 1507766        0.0248    54        0.0286        0.0243 1.02e+08   15.01%
 1707498 1511022        0.0251    44        0.0286        0.0243 1.02e+08   15.01%
Elapsed time = 2374.64 sec. (3273846.68 ticks, tree = 7925.03 MB, solutions = 18)
Nodefile size = 5873.06 MB (3296.74 MB after compression)
 1709930 1513826        0.0249    48        0.0286        0.0243 1.02e+08   15.01%
 1712092 1514209        0.0247    62        0.0286        0.0243 1.02e+08   15.01%
 1714314 1518152        0.0245    63        0.0286        0.0243 1.02e+08   15.01%
 1716305 1517762        0.0247    52        0.0286        0.0243 1.02e+08   15.01%
 1718293 1519881        0.0245    63        0.0286        0.0243 1.02e+08   15.01%
 1720661 1520986        0.0253    57        0.0286        0.0243 1.03e+08   15.01%
 1723063 1522856    infeasible              0.0286        0.0243 1.03e+08   15.01%
 1725460 1526670        0.0245    56        0.0286        0.0243 1.03e+08   15.01%
 1727610 1527243        0.0250    52        0.0286        0.0243 1.03e+08   15.01%
 1729685 1531823        0.0257    45        0.0286        0.0243 1.03e+08   15.01%
Elapsed time = 2402.03 sec. (3312006.03 ticks, tree = 7962.95 MB, solutions = 18)
Nodefile size = 5911.69 MB (3310.23 MB after compression)
 1731755 1531527        0.0244    64        0.0286        0.0243 1.03e+08   15.01%
 1733659 1535711        0.0244    60        0.0286        0.0243 1.04e+08   15.01%
 1735808 1534473        0.0244    55        0.0286        0.0243 1.03e+08   15.01%
 1737900 1539540        0.0252    58        0.0286        0.0243 1.04e+08   15.01%
 1740138 1540559        0.0249    51        0.0286        0.0243 1.04e+08   15.01%
 1742403 1541046        0.0262    28        0.0286        0.0243 1.04e+08   15.01%
 1744332 1544797        0.0250    55        0.0286        0.0243 1.04e+08   15.01%
 1746627 1546844        0.0254    41        0.0286        0.0243 1.04e+08   15.01%
 1748577 1548077        0.0248    45        0.0286        0.0243 1.04e+08   15.01%
 1750537 1551399        0.0263    31        0.0286        0.0243 1.05e+08   15.01%
Elapsed time = 2429.48 sec. (3350175.42 ticks, tree = 7998.22 MB, solutions = 18)
Nodefile size = 5947.47 MB (3322.87 MB after compression)
 1752644 1550074        0.0255    35        0.0286        0.0243 1.05e+08   15.01%
 1754731 1554536        0.0243    57        0.0286        0.0243 1.05e+08   15.01%
 1756963 1554045        0.0243    58        0.0286        0.0243 1.05e+08   15.01%
 1759183 1557568        0.0246    55        0.0286        0.0243 1.05e+08   15.01%
 1761112 1559993        0.0243    58        0.0286        0.0243 1.05e+08   15.01%
 1763069 1560525        0.0244    50        0.0286        0.0243 1.05e+08   15.01%
 1765089 1563681        0.0248    61        0.0286        0.0243 1.05e+08   15.01%
 1767082 1563341        0.0245    56        0.0286        0.0243 1.05e+08   15.01%
 1769088 1566669        0.0275    53        0.0286        0.0243 1.06e+08   15.01%
 1771327 1566220        0.0255    58        0.0286        0.0243 1.06e+08   15.01%
Elapsed time = 2456.88 sec. (3388345.09 ticks, tree = 8025.36 MB, solutions = 18)
Nodefile size = 5972.39 MB (3331.59 MB after compression)
 1773521 1571468        0.0248    51        0.0286        0.0243 1.06e+08   15.01%
 1775659 1572537        cutoff              0.0286        0.0243 1.06e+08   15.01%
 1777690 1573049        0.0259    61        0.0286        0.0243 1.06e+08   15.01%
 1779630 1576721        0.0246    47        0.0286        0.0243 1.06e+08   15.01%
 1781646 1579380        0.0245    54        0.0286        0.0243 1.07e+08   15.01%
 1783652 1578094        0.0249    52        0.0286        0.0243 1.07e+08   15.01%
 1785920 1582577        0.0257    28        0.0286        0.0243 1.07e+08   15.01%
 1788322 1583886        0.0256    51        0.0286        0.0243 1.07e+08   15.01%
 1790419 1586831        0.0259    63        0.0286        0.0243 1.07e+08   15.01%
 1792420 1588160        0.0265    55        0.0286        0.0243 1.07e+08   15.01%
Elapsed time = 2484.08 sec. (3426516.24 ticks, tree = 8065.32 MB, solutions = 18)
Nodefile size = 6013.51 MB (3345.77 MB after compression)
 1794337 1591005        0.0246    63        0.0286        0.0243 1.07e+08   15.01%
 1796440 1592145        0.0261    56        0.0286        0.0243 1.07e+08   15.01%
 1798139 1593246    infeasible              0.0286        0.0243 1.08e+08   15.01%
 1800158 1595065        0.0243    66        0.0286        0.0243 1.08e+08   15.01%
 1802064 1595522        0.0245    52        0.0286        0.0243 1.08e+08   15.01%
 1804206 1597793        cutoff              0.0286        0.0243 1.08e+08   15.01%
 1806412 1598453        0.0249    54        0.0286        0.0243 1.08e+08   15.01%
 1808663 1601317        0.0243    61        0.0286        0.0243 1.08e+08   15.01%
 1810939 1605100        0.0262    35        0.0286        0.0243 1.08e+08   15.01%
 1812918 1605512        0.0260    59        0.0286        0.0243 1.08e+08   15.01%
Elapsed time = 2511.67 sec. (3464694.95 ticks, tree = 8104.27 MB, solutions = 18)
Nodefile size = 6051.93 MB (3359.47 MB after compression)
 1815014 1608485        0.0253    44        0.0286        0.0243 1.09e+08   15.01%
 1817167 1609686        0.0267    46        0.0286        0.0243 1.09e+08   15.01%
 1819213 1613356        0.0253    46        0.0286        0.0243 1.09e+08   15.01%
 1821310 1612090        0.0246    59        0.0286        0.0243 1.09e+08   15.01%
 1823535 1614728        0.0252    56        0.0286        0.0243 1.09e+08   15.01%
 1825714 1615228        0.0248    56        0.0286        0.0243 1.09e+08   15.01%
 1827560 1619746        0.0247    58        0.0286        0.0243 1.09e+08   15.01%
 1829489 1621165        0.0252    52        0.0286        0.0243 1.09e+08   15.01%
 1831283 1622650        0.0246    52        0.0286        0.0243 1.10e+08   15.01%
 1833233 1623123        cutoff              0.0286        0.0243 1.10e+08   15.01%
Elapsed time = 2539.06 sec. (3502854.65 ticks, tree = 8135.83 MB, solutions = 18)
Nodefile size = 6083.55 MB (3370.19 MB after compression)
 1835243 1625857        0.0244    60        0.0286        0.0243 1.10e+08   15.01%
 1837420 1628717        0.0245    51        0.0286        0.0243 1.10e+08   15.01%
 1839645 1632185        0.0246    48        0.0286        0.0243 1.10e+08   15.01%
 1841895 1633519        0.0244    52        0.0286        0.0243 1.10e+08   15.01%
 1844103 1634033        0.0267    41        0.0286        0.0243 1.10e+08   15.01%
 1845959 1637795        0.0248    52        0.0286        0.0243 1.11e+08   15.01%
 1847988 1636500        0.0259    60        0.0286        0.0243 1.11e+08   15.01%
 1849992 1640048        0.0244    60        0.0286        0.0243 1.11e+08   15.01%
 1852084 1641965        0.0252    65        0.0286        0.0243 1.11e+08   15.01%
 1860547 1647455        0.0243    62        0.0286        0.0243 1.11e+08   15.01%
Elapsed time = 2574.81 sec. (3552457.09 ticks, tree = 8180.50 MB, solutions = 18)
Nodefile size = 6127.59 MB (3384.97 MB after compression)
 1868403 1657487        0.0264    49        0.0286        0.0243 1.12e+08   15.01%
 1876010 1663119        0.0253    44        0.0286        0.0243 1.12e+08   15.01%
 1884138 1672002        0.0260    59        0.0286        0.0243 1.13e+08   15.01%
 1892100 1677708        0.0245    60        0.0286        0.0243 1.14e+08   15.01%
 1900422 1683414        0.0266    47        0.0286        0.0243 1.14e+08   15.01%
 1908512 1693533        0.0246    62        0.0286        0.0243 1.15e+08   15.01%
 1917459 1700122        0.0246    64        0.0286        0.0243 1.15e+08   15.01%
 1925455 1707723        0.0245    55        0.0286        0.0243 1.16e+08   15.01%
 1934112 1716095        0.0245    57        0.0286        0.0243 1.16e+08   15.01%
 1942178 1724132        0.0243    60        0.0286        0.0243 1.17e+08   15.00%
Elapsed time = 2685.28 sec. (3705066.74 ticks, tree = 8321.40 MB, solutions = 18)
Nodefile size = 6270.05 MB (3432.14 MB after compression)
 1951192 1729453        0.0258    46        0.0286        0.0243 1.17e+08   15.00%
 1959256 1738116        0.0257    56        0.0286        0.0243 1.18e+08   15.00%
 1968073 1745386        0.0244    64        0.0286        0.0243 1.18e+08   15.00%
 1976950 1752132        0.0248    59        0.0286        0.0243 1.19e+08   15.00%
 1985261 1763196        cutoff              0.0286        0.0243 1.19e+08   15.00%
 1993232 1769585        0.0245    59        0.0286        0.0243 1.20e+08   15.00%
 2001353 1778283        0.0264    60        0.0286        0.0243 1.21e+08   15.00%
 2009185 1784514        0.0245    60        0.0286        0.0243 1.21e+08   15.00%
 2016747 1791192        0.0247    60        0.0286        0.0243 1.21e+08   15.00%
 2025246 1797877        0.0244    61        0.0286        0.0243 1.22e+08   15.00%
Elapsed time = 2794.28 sec. (3857664.30 ticks, tree = 8454.32 MB, solutions = 18)
Nodefile size = 6402.47 MB (3475.59 MB after compression)
 2033756 1805951        0.0251    57        0.0286        0.0243 1.23e+08   15.00%
 2041873 1813485        0.0244    66        0.0286        0.0243 1.23e+08   15.00%
 2050162 1821344        0.0255    55        0.0286        0.0243 1.24e+08   15.00%
 2058540 1826777        0.0243    65        0.0286        0.0243 1.24e+08   15.00%
 2066297 1834850        0.0264    51        0.0286        0.0243 1.25e+08   15.00%
 2074226 1844969        0.0250    55        0.0286        0.0243 1.25e+08   15.00%
 2081959 1850117        0.0245    59        0.0286        0.0243 1.26e+08   15.00%
 2090762 1857759        0.0256    60        0.0286        0.0243 1.26e+08   15.00%
 2098402 1865055        0.0252    42        0.0286        0.0243 1.27e+08   15.00%
 2106702 1870890        0.0252    56        0.0286        0.0243 1.27e+08   15.00%
Elapsed time = 2904.08 sec. (4010288.33 ticks, tree = 8588.60 MB, solutions = 18)
Nodefile size = 6536.62 MB (3518.11 MB after compression)
 2114780 1879111        0.0246    58        0.0286        0.0243 1.28e+08   15.00%
 2122722 1886444        0.0246    56        0.0286        0.0243 1.28e+08   15.00%
 2131124 1894477        0.0244    53        0.0286        0.0243 1.29e+08   15.00%
 2139419 1900944        0.0247    61        0.0286        0.0243 1.29e+08   15.00%
 2147719 1909362        0.0270    44        0.0286        0.0243 1.30e+08   15.00%
 2155479 1916884        0.0258    59        0.0286        0.0243 1.30e+08   15.00%
 2163513 1923243        0.0251    59        0.0286        0.0243 1.31e+08   15.00%
 2171184 1931589        0.0265    56        0.0286        0.0243 1.32e+08   15.00%
 2178687 1936878        0.0245    63        0.0286        0.0243 1.32e+08   15.00%
 2186438 1945393        0.0244    57        0.0286        0.0243 1.33e+08   15.00%
Elapsed time = 3013.80 sec. (4162888.89 ticks, tree = 8724.92 MB, solutions = 18)
Nodefile size = 6672.90 MB (3559.77 MB after compression)
 2194741 1952434        0.0255    57        0.0286        0.0243 1.33e+08   15.00%
 2202343 1960266        0.0266    42        0.0286        0.0243 1.34e+08   15.00%
 2210600 1967924        0.0264    46        0.0286        0.0243 1.34e+08   15.00%
 2218890 1974177        0.0259    44        0.0286        0.0243 1.35e+08   15.00%
 2226817 1980925        0.0254    50        0.0286        0.0243 1.35e+08   15.00%
 2235240 1988322        0.0243    61        0.0286        0.0243 1.36e+08   15.00%
 2243594 1998099        0.0261    42        0.0286        0.0243 1.36e+08   15.00%
 2252670 2007206        0.0252    53        0.0286        0.0243 1.37e+08   15.00%
 2260950 2011238        0.0272    42        0.0286        0.0243 1.37e+08   15.00%
 2269681 2019698        cutoff              0.0286        0.0243 1.38e+08   15.00%
Elapsed time = 3124.41 sec. (4315494.38 ticks, tree = 8860.84 MB, solutions = 18)
Nodefile size = 6809.11 MB (3602.56 MB after compression)
 2278206 2028053        0.0249    63        0.0286        0.0243 1.38e+08   15.00%
 2286593 2036430        0.0263    46        0.0286        0.0243 1.39e+08   15.00%
 2294789 2043415        0.0244    60        0.0286        0.0243 1.39e+08   15.00%
 2302921 2050539        0.0252    42        0.0286        0.0243 1.40e+08   15.00%
 2310938 2056312        0.0250    58        0.0286        0.0243 1.40e+08   15.00%
 2319425 2066773        0.0255    55        0.0286        0.0243 1.41e+08   15.00%
 2327005 2072257        0.0254    55        0.0286        0.0243 1.41e+08   15.00%
 2335578 2079652        0.0243    63        0.0286        0.0243 1.42e+08   14.99%
 2343224 2087822        0.0267    48        0.0286        0.0243 1.43e+08   14.99%
 2351835 2092977        0.0276    19        0.0286        0.0243 1.43e+08   14.99%
Elapsed time = 3234.72 sec. (4468108.15 ticks, tree = 8995.66 MB, solutions = 18)
Nodefile size = 6943.58 MB (3643.75 MB after compression)
 2356989 2101483        0.0259    32        0.0286        0.0243 1.43e+08   14.99%
 2360083 2104464        0.0252    47        0.0286        0.0243 1.44e+08   14.99%
 2364183 2108103        0.0248    58        0.0286        0.0243 1.44e+08   14.99%
 2368089 2110787        0.0264    51        0.0286        0.0243 1.44e+08   14.99%
 2371955 2115611        0.0245    60        0.0286        0.0243 1.44e+08   14.99%
 2375842 2118689        0.0246    62        0.0286        0.0243 1.45e+08   14.99%
 2379741 2121963        0.0250    49        0.0286        0.0243 1.45e+08   14.99%
 2383247 2125150        0.0257    53        0.0286        0.0243 1.45e+08   14.99%
 2386920 2128350        0.0246    50        0.0286        0.0243 1.45e+08   14.99%
 2390305 2131292        0.0265    46        0.0286        0.0243 1.46e+08   14.99%
Elapsed time = 3354.33 sec. (4620817.69 ticks, tree = 9065.65 MB, solutions = 18)
Nodefile size = 7014.29 MB (3664.18 MB after compression)
 2394286 2135478        0.0272    44        0.0286        0.0243 1.46e+08   14.99%
 2398646 2139895        0.0258    56        0.0286        0.0243 1.46e+08   14.99%
 2402519 2142555        0.0250    51        0.0286        0.0243 1.46e+08   14.99%
 2406370 2146252        0.0243    59        0.0286        0.0243 1.47e+08   14.99%
 2410444 2149860        0.0247    57        0.0286        0.0243 1.47e+08   14.99%
 2414372 2154147        0.0257    56        0.0286        0.0243 1.47e+08   14.99%
 2417783 2157131        0.0247    56        0.0286        0.0243 1.47e+08   14.99%
 2421583 2160866        0.0266    47        0.0286        0.0243 1.48e+08   14.99%
 2425216 2163216        0.0243    56        0.0286        0.0243 1.48e+08   14.99%
 2428883 2166215        0.0247    59        0.0286        0.0243 1.48e+08   14.99%
Elapsed time = 3474.06 sec. (4774328.59 ticks, tree = 9129.81 MB, solutions = 18)
Nodefile size = 7079.24 MB (3683.33 MB after compression)
 2432194 2168976        cutoff              0.0286        0.0243 1.48e+08   14.99%
 2436099 2173045        0.0270    44        0.0286        0.0243 1.49e+08   14.99%
 2439683 2176130        0.0244    64        0.0286        0.0243 1.49e+08   14.99%
 2443275 2179643        0.0254    43        0.0286        0.0243 1.49e+08   14.99%
 2446883 2183761        0.0255    55        0.0286        0.0243 1.49e+08   14.99%
 2450199 2186506        0.0253    51        0.0286        0.0243 1.50e+08   14.99%
 2454326 2189724        0.0249    58        0.0286        0.0243 1.50e+08   14.99%
 2457416 2193241        0.0246    52        0.0286        0.0243 1.50e+08   14.99%
 2461057 2196134        0.0272    46        0.0286        0.0243 1.50e+08   14.99%
 2464929 2198609        0.0244    59        0.0286        0.0243 1.50e+08   14.99%
Elapsed time = 3592.45 sec. (4927296.90 ticks, tree = 9189.22 MB, solutions = 18)
Nodefile size = 7137.68 MB (3700.68 MB after compression)

Cover cuts applied:  1
Mixed integer rounding cuts applied:  4

Root node processing (before b&c):
  Real time             =    1.53 sec. (1446.04 ticks)
Parallel b&c, 4 threads:
  Real time             = 3600.36 sec. (4942217.56 ticks)
  Sync time (average)   =  191.09 sec.
  Wait time (average)   =    0.02 sec.
                          ------------
Total (root+branch&cut) = 3601.89 sec. (4943663.61 ticks)
