Version identifier: 22.2.0.0 | 2026-05-04 | 5dff98e58
CPXPARAM_Read_DataCheck                          1
CPXPARAM_Threads                                 4
CPXPARAM_Parallel                                1
CPXPARAM_RandomSeed                              20260925
CPXPARAM_MIP_Strategy_Search                     1
CPXPARAM_Simplex_Tolerances_Optimality           1.0000000000000001e-09
CPXPARAM_Simplex_Tolerances_Feasibility          1.0000000000000001e-09
CPXPARAM_TimeLimit                               180
CPXPARAM_MIP_Tolerances_AbsMIPGap                1.0000000000000001e-09
CPXPARAM_MIP_Tolerances_Integrality              1.0000000000000001e-09
Legacy callback                                  iLUD
Lazy constraint(s) or lazy constraint/branch callback is present.
    Disabling dual reductions (CPX_PARAM_REDUCE) in presolve.
    Disabling presolve reductions that prevent crushing forms (CPX_PARAM_PREREFORM).
         Disabling repeat represolve because of lazy constraint/incumbent callback.
Warning: Effort level 'CheckFeas' is incompatible with lazy constraint/incumbent callback.
         Effort level increased to 'SolveFixed'.
1 of 1 MIP starts provided solutions.
MIP start 'm1' defined initial solution with objective 0.0139.
Tried aggregator 1 time.
MIP Presolve eliminated 1 rows and 0 columns.
MIP Presolve modified 12 coefficients.
Reduced MIP has 23 rows, 110 columns, and 488 nonzeros.
Reduced MIP has 96 binaries, 0 generals, 0 SOSs, and 0 indicators.
Presolve time = 0.00 sec. (0.26 ticks)
Probing time = 0.00 sec. (0.03 ticks)
MIP emphasis: balance optimality and feasibility.
MIP search method: traditional branch-and-cut.
Parallel mode: deterministic, using up to 4 threads.
Root relaxation solution time = 0.00 sec. (0.17 ticks)

        Nodes                                         Cuts/
   Node  Left     Objective  IInf  Best Integer    Best Bound    ItCnt     Gap         Variable B NodeID Parent  Depth

*     0+    0                            0.0139        0.0000           100.00%
      0     0        0.0079     2        0.0139        0.0079       39   43.15%
      0     0        0.0079     2        0.0139       Cuts: 3       42   43.15%
      0     0        0.0079     4        0.0139    MIRcuts: 1       45   43.15%
      0     0        0.0079     5        0.0139   Flowcuts: 1       47   43.15%
      0     0        0.0079     4        0.0139 UserPurge1: 1       50   43.15%
      0     0        0.0084     2        0.0139 UserPurge1: 1       55   39.43%
      0     0        0.0084     4        0.0139 UserPurge1: 1       56   39.43%
      0     0        0.0084     2        0.0139 UserPurge1: 1       57   39.43%
      0     0        0.0084     4        0.0139 UserPurge1: 1       60   39.43%
      0     0        0.0084     4        0.0139 UserPurge1: 1       62   39.43%
      0     0        0.0084     6        0.0139 UserPurge1: 1       64   39.43%
      0     0        0.0084     6        0.0139 UserPurge1: 1       68   39.43%
      0     0        0.0084     6        0.0139 UserPurge1: 1       71   39.43%
      0     0        0.0084     8        0.0139 UserPurge1: 1       72   39.43%
      0     0        0.0084     9        0.0139 UserPurge1: 1       74   39.43%
      0     0        0.0088     7        0.0139 UserPurge1: 1       82   36.73%
      0     0        0.0088     8        0.0139 UserPurge1: 1       83   36.73%
      0     0        0.0088     5        0.0139 UserPurge1: 1       85   36.73%
      0     0        0.0088     5        0.0139 UserPurge1: 1       89   36.73%
      0     0        0.0088     7        0.0139 UserPurge1: 1       91   36.73%
      0     0        0.0088     8        0.0139 UserPurge1: 1       93   36.73%
      0     0        0.0088    10        0.0139 UserPurge1: 1       94   36.73%
      0     0        0.0088     5        0.0139 UserPurge1: 1       95   36.73%
      0     0        0.0088     5        0.0139 UserPurge1: 1       96   36.73%
      0     0        0.0088     5        0.0139 UserPurge1: 1       99   36.73%
      0     0        0.0088     6        0.0139 UserPurge1: 1      100   36.73%
      0     0        0.0088     8        0.0139 UserPurge1: 1      102   36.73%
      0     0        0.0088    10        0.0139 UserPurge1: 1      106   36.73%
      0     0        0.0088     6        0.0139 UserPurge1: 1      108   36.73%
      0     0        0.0088     2        0.0139 UserPurge1: 1      112   36.73%
      0     0        0.0088     4        0.0139 UserPurge1: 1      115   36.73%
      0     0        0.0088     4        0.0139 UserPurge1: 1      119   36.73%
      0     0        0.0088     2        0.0139 UserPurge1: 1      121   36.73%
      0     0        0.0088     4        0.0139 UserPurge1: 1      126   36.73%
      0     0        0.0088     6        0.0139 UserPurge1: 1      128   36.73%
      0     0        0.0088     8        0.0139 UserPurge1: 1      129   36.73%
      0     0        0.0088     8        0.0139 UserPurge1: 1      130   36.73%
      0     0        0.0088     9        0.0139 UserPurge1: 1      131   36.73%
      0     0        0.0088     8        0.0139 UserPurge1: 1      133   36.73%
      0     0        0.0088     8        0.0139 UserPurge1: 1      134   36.73%
      0     0        0.0088     9        0.0139 UserPurge1: 1      135   36.73%
      0     0        0.0088     9        0.0139 UserPurge1: 1      137   36.73%
      0     0        0.0088     9        0.0139 UserPurge1: 1      138   36.73%
      0     0        0.0088    11        0.0139 UserPurge1: 1      139   36.73%
      0     0        0.0088     4        0.0139 UserPurge1: 1      142   36.73%
      0     0        0.0088     6        0.0139 UserPurge1: 1      143   36.73%
      0     0        0.0088     8        0.0139 UserPurge1: 1      145   36.73%
      0     0        0.0088     9        0.0139 UserPurge1: 1      146   36.73%
      0     0        0.0088    11        0.0139 UserPurge1: 1      148   36.73%
      0     0        0.0088     4        0.0139 UserPurge1: 1      149   36.73%
      0     0        0.0088     6        0.0139 UserPurge1: 1      150   36.73%
      0     0        0.0088     4        0.0139 UserPurge1: 1      152   36.73%
      0     0        0.0088     6        0.0139 UserPurge1: 1      153   36.73%
      0     0        0.0088     8        0.0139 UserPurge1: 1      157   36.73%
      0     0        0.0088     8        0.0139 UserPurge1: 1      159   36.73%
      0     0        0.0088     8        0.0139 UserPurge1: 1      160   36.73%
      0     0        0.0088     7        0.0139 UserPurge1: 1      161   36.73%
      0     0        0.0088     7        0.0139 UserPurge1: 1      162   36.73%
      0     0        0.0088     8        0.0139 UserPurge1: 1      164   36.73%
      0     0        0.0088     8        0.0139 UserPurge1: 1      166   36.73%
      0     0        0.0088     8        0.0139 UserPurge1: 1      167   36.73%
      0     0        0.0088     8        0.0139 UserPurge1: 1      168   36.73%
      0     0        0.0088     8        0.0139 UserPurge1: 1      169   36.73%
      0     0        0.0088     8        0.0139 UserPurge1: 1      170   36.73%
      0     0        0.0088     8        0.0139 UserPurge1: 1      171   36.73%
      0     0        0.0088     8        0.0139 UserPurge1: 1      172   36.73%
      0     0        0.0088     8        0.0139 UserPurge1: 1      173   36.73%
      0     0        0.0088     8        0.0139 UserPurge1: 1      174   36.73%
      0     0        0.0088     8        0.0139 UserPurge1: 1      175   36.73%
      0     0        0.0088     8        0.0139 UserPurge1: 1      176   36.73%
      0     0        0.0088     8        0.0139 UserPurge1: 1      177   36.73%
      0     0        0.0088     8        0.0139 UserPurge1: 1      178   36.73%
      0     0        0.0088     8        0.0139 UserPurge1: 1      179   36.73%
      0     0        0.0088    10        0.0139 UserPurge1: 1      180   36.73%
      0     0        0.0088     4        0.0139 UserPurge1: 1      181   36.73%
      0     0        0.0088     4        0.0139 UserPurge1: 1      182   36.73%
      0     0        0.0088     4        0.0139 UserPurge1: 1      184   36.73%
      0     0        0.0088     6        0.0139 UserPurge1: 1      188   36.73%
      0     0        0.0088     6        0.0139 UserPurge1: 1      189   36.73%
      0     0        0.0088     5        0.0139 UserPurge1: 1      190   36.73%
      0     0        0.0088     6        0.0139 UserPurge1: 1      191   36.73%
      0     0        0.0088     8        0.0139 UserPurge1: 1      192   36.73%
      0     0        0.0088    10        0.0139 UserPurge1: 1      193   36.73%
      0     0        0.0088     4        0.0139 UserPurge1: 1      196   36.73%
      0     0        0.0088     4        0.0139 UserPurge1: 1      199   36.73%
      0     0        0.0088     6        0.0139 UserPurge1: 1      202   36.73%
      0     0        0.0088     6        0.0139 UserPurge1: 1      204   36.73%
      0     0        0.0088     7        0.0139 UserPurge1: 1      205   36.73%
      0     0        0.0088     7        0.0139 UserPurge1: 1      206   36.73%
      0     0        0.0088     3        0.0139 UserPurge1: 1      209   36.73%
      0     0        0.0088     5        0.0139 UserPurge1: 1      210   36.73%
      0     0        0.0088     7        0.0139 UserPurge1: 1      211   36.73%
      0     0        0.0088     8        0.0139 UserPurge1: 1      216   36.73%
      0     0        0.0088    10        0.0139 UserPurge1: 1      217   36.73%
      0     0        0.0088     4        0.0139 UserPurge1: 1      218   36.73%
      0     0        0.0088     4        0.0139 UserPurge1: 1      219   36.73%
      0     0        0.0088     4        0.0139 UserPurge1: 1      221   36.73%
      0     0        0.0088     6        0.0139 UserPurge1: 1      223   36.73%
      0     0        0.0088     8        0.0139 UserPurge1: 1      225   36.73%
      0     0        0.0088    10        0.0139 UserPurge1: 1      226   36.73%
      0     0        0.0088     6        0.0139 UserPurge1: 1      233   36.73%
      0     0        0.0088     4        0.0139 UserPurge1: 1      239   36.73%
      0     0        0.0088     6        0.0139 UserPurge1: 1      241   36.73%
      0     0        0.0088     6        0.0139 UserPurge1: 1      245   36.73%
      0     0        0.0088     8        0.0139 UserPurge1: 1      246   36.73%
      0     0        0.0088     9        0.0139 UserPurge1: 1      247   36.73%
      0     0        0.0088     9        0.0139 UserPurge1: 1      248   36.73%
      0     0        0.0088     9        0.0139 UserPurge1: 1      249   36.73%
      0     0        0.0088     9        0.0139 UserPurge1: 1      250   36.73%
      0     0        0.0088     9        0.0139 UserPurge1: 1      251   36.73%
      0     0        0.0088    10        0.0139 UserPurge1: 1      252   36.73%
      0     0        0.0088     4        0.0139 UserPurge1: 1      254   36.73%
      0     0        0.0088     6        0.0139 UserPurge1: 1      255   36.73%
      0     0        0.0088     6        0.0139 UserPurge1: 1      256   36.73%
      0     0        0.0088     6        0.0139 UserPurge1: 1      258   36.73%
      0     0        0.0088     8        0.0139 UserPurge1: 1      259   36.73%
      0     0        0.0088     8        0.0139 UserPurge1: 1      260   36.73%
      0     0        0.0088    12        0.0139 UserPurge1: 1      262   36.73%
      0     0        0.0088     4        0.0139 UserPurge1: 1      263   36.73%
      0     0        0.0088     6        0.0139 UserPurge1: 1      266   36.73%
      0     0        0.0088     8        0.0139 UserPurge1: 1      268   36.73%
      0     0        0.0088     7        0.0139 UserPurge1: 1      271   36.73%
      0     0        0.0088     4        0.0139 UserPurge1: 1      273   36.73%
      0     0        0.0088     6        0.0139 UserPurge1: 1      275   36.73%
      0     0        0.0088     8        0.0139 UserPurge1: 1      277   36.73%
      0     0        0.0088     8        0.0139 UserPurge1: 1      278   36.73%
      0     0        0.0088     8        0.0139 UserPurge1: 1      280   36.73%
      0     0        0.0088     9        0.0139 UserPurge1: 1      282   36.73%
      0     0        0.0088     9        0.0139 UserPurge1: 1      284   36.73%
      0     0        0.0088     9        0.0139 UserPurge1: 1      285   36.73%
      0     0        0.0088     9        0.0139 UserPurge1: 1      286   36.73%
      0     0        0.0088     7        0.0139 UserPurge1: 1      288   36.73%
      0     0        0.0088     9        0.0139 UserPurge1: 1      289   36.73%
      0     0        0.0088     8        0.0139 UserPurge1: 1      291   36.73%
      0     0        0.0088     9        0.0139 UserPurge1: 1      292   36.73%
      0     0        0.0088     9        0.0139 UserPurge1: 1      293   36.73%
      0     0        0.0088    10        0.0139 UserPurge1: 1      294   36.73%
      0     0        0.0088     4        0.0139 UserPurge1: 1      295   36.73%
      0     0        0.0088     4        0.0139 UserPurge1: 1      296   36.73%
      0     0        0.0088     6        0.0139 UserPurge1: 1      299   36.73%
      0     0        0.0088     8        0.0139 UserPurge1: 1      301   36.73%
      0     0        0.0088     8        0.0139 UserPurge1: 1      302   36.73%
      0     0        0.0088     8        0.0139 UserPurge1: 1      303   36.73%
      0     0        0.0088     8        0.0139 UserPurge1: 1      304   36.73%
      0     0        0.0088    10        0.0139 UserPurge1: 1      305   36.73%
      0     0        0.0088     5        0.0139 UserPurge1: 1      307   36.73%
      0     0        0.0088     6        0.0139 UserPurge1: 1      309   36.73%
      0     0        0.0088     4        0.0139 UserPurge1: 1      311   36.73%
      0     0        0.0088     4        0.0139 UserPurge1: 1      315   36.73%
      0     0        0.0088     6        0.0139 UserPurge1: 1      317   36.73%
      0     0        0.0088     8        0.0139 UserPurge1: 1      318   36.73%
      0     0        0.0088     8        0.0139 UserPurge1: 1      319   36.73%
      0     0        0.0088    10        0.0139 UserPurge1: 1      320   36.73%
      0     0        0.0088     4        0.0139 UserPurge1: 1      322   36.73%
      0     0        0.0088     6        0.0139 UserPurge1: 1      324   36.73%
      0     0        0.0088     4        0.0139 UserPurge1: 1      326   36.73%
      0     0        0.0088     6        0.0139 UserPurge1: 1      328   36.73%
      0     0        0.0088     8        0.0139 UserPurge1: 1      329   36.73%
      0     0        0.0088    10        0.0139 UserPurge1: 1      331   36.73%
      0     0        0.0088     4        0.0139 UserPurge1: 1      333   36.73%
      0     0        0.0088     6        0.0139 UserPurge1: 1      336   36.73%
      0     0        0.0088     6        0.0139 UserPurge1: 1      340   36.73%
      0     0        0.0088     8        0.0139 UserPurge1: 1      341   36.73%
      0     0        0.0088     6        0.0139 UserPurge1: 1      343   36.73%
      0     0        0.0088     8        0.0139 UserPurge1: 1      344   36.73%
      0     0        0.0088    10        0.0139 UserPurge1: 1      346   36.73%
      0     0        0.0088     4        0.0139 UserPurge1: 1      348   36.73%
      0     0        0.0088     6        0.0139 UserPurge1: 1      350   36.73%
      0     0        0.0088     4        0.0139 UserPurge1: 1      352   36.73%
      0     0        0.0088     6        0.0139 UserPurge1: 1      355   36.73%
      0     0        0.0088     8        0.0139 UserPurge1: 1      356   36.73%
      0     0        0.0088     8        0.0139 UserPurge1: 1      357   36.73%
      0     0        0.0088    10        0.0139 UserPurge1: 1      359   36.73%
      0     0        0.0088     4        0.0139 UserPurge1: 1      362   36.73%
      0     0        0.0088     4        0.0139 UserPurge1: 1      363   36.73%
      0     0        0.0088     6        0.0139 UserPurge1: 1      365   36.73%
      0     0        0.0088     6        0.0139 UserPurge1: 1      366   36.73%
      0     0        0.0088    10        0.0139 UserPurge1: 1      369   36.73%
      0     0        0.0088     4        0.0139 UserPurge1: 1      370   36.73%
      0     0        0.0088     4        0.0139 UserPurge1: 1      371   36.73%
      0     0        0.0088     6        0.0139 UserPurge1: 1      375   36.73%
      0     0        0.0088     8        0.0139 UserPurge1: 1      377   36.73%
      0     0        0.0088    10        0.0139 UserPurge1: 1      378   36.73%
      0     0        0.0088     4        0.0139 UserPurge1: 1      380   36.73%
      0     0        0.0088     6        0.0139 UserPurge1: 1      385   36.73%
      0     0        0.0088     6        0.0139 UserPurge1: 1      386   36.73%
      0     0        0.0088     6        0.0139 UserPurge1: 1      387   36.73%
      0     0        0.0088     8        0.0139 UserPurge1: 1      390   36.73%
      0     0        0.0088    10        0.0139 UserPurge1: 1      392   36.73%
      0     0        0.0088     4        0.0139 UserPurge1: 1      394   36.73%
      0     0        0.0088     6        0.0139 UserPurge1: 1      396   36.73%
      0     0        0.0088     4        0.0139 UserPurge1: 1      398   36.73%
      0     0        0.0088     6        0.0139 UserPurge1: 1      401   36.73%
      0     0        0.0088     8        0.0139 UserPurge1: 1      403   36.73%
      0     0        0.0088     8        0.0139 UserPurge1: 1      404   36.73%
      0     0        0.0088     8        0.0139 UserPurge1: 1      405   36.73%
      0     0        0.0088    10        0.0139 UserPurge1: 1      407   36.73%
      0     0        0.0088     4        0.0139 UserPurge1: 1      410   36.73%
      0     0        0.0088     4        0.0139 UserPurge1: 1      412   36.73%
      0     0        0.0088     6        0.0139 UserPurge1: 1      415   36.73%
      0     0        0.0088     8        0.0139 UserPurge1: 1      417   36.73%
      0     0        0.0088     8        0.0139 UserPurge1: 1      418   36.73%
      0     0        0.0088     8        0.0139 UserPurge1: 1      419   36.73%
      0     0        0.0088    10        0.0139 UserPurge1: 1      420   36.73%
      0     0        0.0088     4        0.0139 UserPurge1: 1      423   36.73%
      0     0        0.0088     6        0.0139 UserPurge1: 1      425   36.73%
      0     0        0.0088     6        0.0139 UserPurge1: 1      426   36.73%
      0     0        0.0088     8        0.0139 UserPurge1: 1      428   36.73%
      0     0        0.0088     7        0.0139 UserPurge1: 1      432   36.73%
      0     0        0.0088     9        0.0139 UserPurge1: 1      433   36.73%
      0     0        0.0088    10        0.0139 UserPurge1: 1      435   36.73%
      0     0        0.0088     4        0.0139 UserPurge1: 1      437   36.73%
      0     0        0.0088     6        0.0139 UserPurge1: 1      438   36.73%
      0     0        0.0088     8        0.0139 UserPurge1: 1      441   36.73%
      0     0        0.0088     8        0.0139 UserPurge1: 1      442   36.73%
      0     0        0.0088     8        0.0139 UserPurge1: 1      445   36.73%
      0     0        0.0088    10        0.0139 UserPurge1: 1      446   36.73%
      0     0        0.0088     4        0.0139 UserPurge1: 1      451   36.73%
      0     0        0.0088     6        0.0139 UserPurge1: 1      454   36.73%
      0     0        0.0088     7        0.0139 UserPurge1: 1      455   36.73%
      0     0        0.0088     9        0.0139 UserPurge1: 1      456   36.73%
      0     0        0.0088     4        0.0139 UserPurge1: 1      460   36.73%
      0     0        0.0088     3        0.0139 UserPurge1: 1      463   36.73%
      0     0        0.0088     5        0.0139 UserPurge1: 1      464   36.73%
      0     0        0.0088     7        0.0139 UserPurge1: 1      465   36.73%
      0     0        0.0088     9        0.0139 UserPurge1: 1      466   36.73%
      0     0        0.0088     6        0.0139 UserPurge1: 1      469   36.73%
      0     0        0.0088     6        0.0139 UserPurge1: 1      471   36.73%
      0     0        0.0088     8        0.0139 UserPurge1: 1      472   36.73%
      0     0        0.0088     9        0.0139 UserPurge1: 1      473   36.73%
      0     0        0.0088     4        0.0139 UserPurge1: 1      478   36.73%
      0     0        0.0088     6        0.0139 UserPurge1: 1      480   36.73%
      0     0        0.0088     8        0.0139 UserPurge1: 1      482   36.73%
      0     0        0.0088    10        0.0139 UserPurge1: 1      483   36.73%
      0     0        0.0088     4        0.0139 UserPurge1: 1      484   36.73%
      0     0        0.0088     6        0.0139 UserPurge1: 1      485   36.73%
      0     0        0.0088     6        0.0139 UserPurge1: 1      486   36.73%
      0     0        0.0088     6        0.0139 UserPurge1: 1      487   36.73%
      0     0        0.0088     4        0.0139 UserPurge1: 1      491   36.73%
      0     0        0.0088     4        0.0139 UserPurge1: 1      493   36.73%
      0     0        0.0088     4        0.0139 UserPurge1: 1      495   36.73%
      0     0        0.0088     6        0.0139 UserPurge1: 1      497   36.73%
      0     0        0.0088     6        0.0139 UserPurge1: 1      499   36.73%
      0     0        0.0088     6        0.0139 UserPurge1: 1      500   36.73%
      0     0        0.0088     7        0.0139 UserPurge1: 1      501   36.73%
      0     0        0.0088     5        0.0139 UserPurge1: 1      503   36.73%
      0     0        0.0088     5        0.0139 UserPurge1: 1      504   36.73%
      0     0        0.0088     5        0.0139 UserPurge1: 1      506   36.73%
      0     0        0.0088     9        0.0139 UserPurge1: 1      510   36.73%
      0     0        0.0088     9        0.0139 UserPurge1: 1      511   36.73%
      0     0        0.0088     7        0.0139 UserPurge1: 1      513   36.73%
      0     0        0.0088     7        0.0139 UserPurge1: 1      514   36.73%
      0     0        0.0088     9        0.0139 UserPurge1: 1      516   36.73%
      0     0        0.0088     7        0.0139 UserPurge1: 1      518   36.73%
      0     0        0.0088     7        0.0139 UserPurge1: 1      520   36.73%
      0     0        0.0088     7        0.0139 UserPurge1: 1      521   36.73%
      0     0        0.0088     7        0.0139 UserPurge1: 1      523   36.73%
      0     0        0.0088     5        0.0139 UserPurge1: 1      525   36.73%
      0     0        0.0088     7        0.0139 UserPurge1: 1      526   36.73%
      0     0        0.0088     7        0.0139 UserPurge1: 1      527   36.73%
      0     0        0.0088     7        0.0139 UserPurge1: 1      529   36.73%
      0     0        0.0088     7        0.0139 UserPurge1: 1      531   36.73%
      0     0        0.0088     7        0.0139 UserPurge1: 1      532   36.73%
      0     0        0.0088     7        0.0139 UserPurge1: 1      533   36.73%
      0     0        0.0088     7        0.0139 UserPurge1: 1      534   36.73%
      0     0        0.0088     7        0.0139 UserPurge1: 1      535   36.73%
      0     0        0.0088     7        0.0139 UserPurge1: 1      536   36.73%
      0     0        0.0088     7        0.0139 UserPurge1: 1      537   36.73%
      0     0        0.0088     7        0.0139 UserPurge1: 1      538   36.73%
      0     0        0.0088     7        0.0139 UserPurge1: 1      539   36.73%
      0     0        0.0088     7        0.0139 UserPurge1: 1      540   36.73%
      0     0        0.0088     7        0.0139 UserPurge1: 1      541   36.73%
      0     0        0.0088     7        0.0139 UserPurge1: 1      542   36.73%
      0     0        0.0088     9        0.0139 UserPurge1: 1      543   36.73%
      0     0        0.0088    11        0.0139 UserPurge1: 1      544   36.73%
      0     0        0.0088     4        0.0139 UserPurge1: 1      549   36.73%
      0     0        0.0088     6        0.0139 UserPurge1: 1      551   36.73%
      0     0        0.0088     6        0.0139 UserPurge1: 1      553   36.73%
      0     0        0.0088     6        0.0139 UserPurge1: 1      555   36.73%
      0     0        0.0088     6        0.0139 UserPurge1: 1      559   36.73%
      0     0        0.0088     8        0.0139 UserPurge1: 1      560   36.73%
      0     0        0.0088    10        0.0139 UserPurge1: 1      561   36.73%
      0     0        0.0088     4        0.0139 UserPurge1: 1      564   36.73%
      0     0        0.0088     5        0.0139 UserPurge1: 1      566   36.73%
      0     0        0.0088     7        0.0139 UserPurge1: 1      567   36.73%
      0     0        0.0088     9        0.0139 UserPurge1: 1      569   36.73%
      0     0        0.0088     9        0.0139 UserPurge1: 1      571   36.73%
      0     0        0.0088     9        0.0139 UserPurge1: 1      574   36.73%
      0     0        0.0088     9        0.0139 UserPurge1: 1      575   36.73%
      0     0        0.0088     9        0.0139 UserPurge1: 1      576   36.73%
      0     0        0.0088    11        0.0139 UserPurge1: 1      583   36.73%
      0     0        0.0088     4        0.0139 UserPurge1: 1      585   36.73%
      0     0        0.0088     4        0.0139 UserPurge1: 1      586   36.73%
      0     0        0.0088     6        0.0139 UserPurge1: 1      588   36.73%
      0     0        0.0088     6        0.0139 UserPurge1: 1      590   36.73%
      0     0        0.0088     6        0.0139 UserPurge1: 1      594   36.73%
      0     0        0.0088     8        0.0139 UserPurge1: 1      596   36.73%
      0     0        0.0088    10        0.0139 UserPurge1: 1      598   36.73%
      0     0        0.0088     2        0.0139 UserPurge1: 1      600   36.73%
      0     0        0.0088     2        0.0139 UserPurge1: 1      602   36.73%
      0     0        0.0088     4        0.0139 UserPurge1: 1      604   36.73%
      0     0        0.0088     6        0.0139 UserPurge1: 1      606   36.73%
      0     0        0.0088     6        0.0139 UserPurge1: 1      607   36.73%
      0     0        0.0088     8        0.0139 UserPurge1: 1      609   36.73%
      0     0        0.0088     9        0.0139 UserPurge1: 1      610   36.73%
      0     0        0.0088     9        0.0139 UserPurge1: 1      611   36.73%
      0     0        0.0088     9        0.0139 UserPurge1: 1      612   36.73%
      0     0        0.0088     9        0.0139 UserPurge1: 1      613   36.73%
      0     0        0.0088     9        0.0139 UserPurge1: 1      614   36.73%
      0     0        0.0088     9        0.0139 UserPurge1: 1      615   36.73%
      0     0        0.0088     9        0.0139 UserPurge1: 1      616   36.73%
      0     0        0.0088     9        0.0139 UserPurge1: 1      617   36.73%
      0     0        0.0088     9        0.0139 UserPurge1: 1      618   36.73%
      0     0        0.0088    11        0.0139 UserPurge1: 1      620   36.73%
      0     0        0.0088     4        0.0139 UserPurge1: 1      624   36.73%
      0     0        0.0088     4        0.0139 UserPurge1: 1      626   36.73%
      0     0        0.0088     6        0.0139 UserPurge1: 1      627   36.73%
      0     0        0.0088     7        0.0139 UserPurge1: 1      628   36.73%
      0     0        0.0088     6        0.0139 UserPurge1: 1      636   36.73%
      0     0        0.0088     8        0.0139 UserPurge1: 1      637   36.73%
      0     0        0.0088     8        0.0139 UserPurge1: 1      638   36.73%
      0     0        0.0088     9        0.0139 UserPurge1: 1      639   36.73%
      0     0        0.0088     9        0.0139 UserPurge1: 1      641   36.73%
      0     0        0.0088     9        0.0139 UserPurge1: 1      642   36.73%
      0     0        0.0088     7        0.0139 UserPurge1: 1      644   36.73%
      0     0        0.0088     7        0.0139 UserPurge1: 1      645   36.73%
      0     0        0.0088     7        0.0139 UserPurge1: 1      646   36.73%
      0     0        0.0088     7        0.0139 UserPurge1: 1      648   36.73%
      0     0        0.0088     7        0.0139 UserPurge1: 1      649   36.73%
      0     0        0.0088     9        0.0139 UserPurge1: 1      652   36.73%
      0     0        0.0088     9        0.0139 UserPurge1: 1      653   36.73%
      0     0        0.0088     6        0.0139 UserPurge1: 1      656   36.73%
      0     0        0.0088     7        0.0139 UserPurge1: 1      657   36.73%
      0     0        0.0088     7        0.0139 UserPurge1: 1      662   36.73%
      0     0        0.0088     6        0.0139 UserPurge1: 1      667   36.73%
      0     0        0.0088     7        0.0139 UserPurge1: 1      668   36.73%
      0     0        0.0088     6        0.0139 UserPurge1: 1      671   36.73%
      0     0        0.0088     7        0.0139 UserPurge1: 1      672   36.73%
      0     0        0.0088     9        0.0139 UserPurge1: 1      673   36.73%
      0     0        0.0088    11        0.0139 UserPurge1: 1      674   36.73%
      0     0        0.0088     5        0.0139 UserPurge1: 1      675   36.73%
      0     0        0.0088     4        0.0139 UserPurge1: 1      679   36.73%
      0     0        0.0088     4        0.0139 UserPurge1: 1      682   36.73%
      0     0        0.0088     6        0.0139 UserPurge1: 1      684   36.73%
      0     0        0.0088     4        0.0139 UserPurge1: 1      688   36.73%
      0     0        0.0088     2        0.0139 UserPurge1: 1      690   36.73%
      0     0        0.0088     4        0.0139 UserPurge1: 1      691   36.73%
      0     0        0.0088     4        0.0139 UserPurge1: 1      693   36.73%
      0     0        0.0088     6        0.0139 UserPurge1: 1      694   36.73%
      0     0        0.0088     8        0.0139 UserPurge1: 1      695   36.73%
      0     0        0.0088     9        0.0139 UserPurge1: 1      698   36.73%
      0     0        0.0088     9        0.0139 UserPurge1: 1      700   36.73%
      0     0        0.0088     9        0.0139 UserPurge1: 1      702   36.73%
      0     0        0.0088    11        0.0139 UserPurge1: 1      704   36.73%
      0     0        0.0088     2        0.0139 UserPurge1: 1      706   36.73%
      0     0        0.0088     4        0.0139 UserPurge1: 1      709   36.73%
      0     0        0.0088     6        0.0139 UserPurge1: 1      711   36.73%
      0     0        0.0088     5        0.0139 UserPurge1: 1      712   36.73%
      0     0        0.0088     5        0.0139 UserPurge1: 1      713   36.73%
      0     0        0.0088     3        0.0139 UserPurge1: 1      716   36.73%
      0     0        0.0088     4        0.0139 UserPurge1: 1      717   36.73%
      0     0        0.0088     4        0.0139 UserPurge1: 1      720   36.73%
      0     0        0.0088     5        0.0139 UserPurge1: 1      721   36.73%
      0     0        0.0088     7        0.0139 UserPurge1: 1      722   36.73%
      0     0        0.0088     7        0.0139 UserPurge1: 1      723   36.73%
      0     0        0.0088     7        0.0139 UserPurge1: 1      724   36.73%
      0     0        0.0088     7        0.0139 UserPurge1: 1      726   36.73%
      0     0        0.0088     7        0.0139 UserPurge1: 1      727   36.73%
      0     0        0.0088     7        0.0139 UserPurge1: 1      728   36.73%
      0     0        0.0088     7        0.0139 UserPurge1: 1      729   36.73%
      0     0        0.0088     7        0.0139 UserPurge1: 1      730   36.73%
      0     0        0.0088     7        0.0139 UserPurge1: 1      731   36.73%
      0     0        0.0088     7        0.0139 UserPurge1: 1      732   36.73%
      0     0        0.0088     9        0.0139 UserPurge1: 1      733   36.73%
      0     0        0.0088    11        0.0139 UserPurge1: 1      734   36.73%
      0     0        0.0088     2        0.0139 UserPurge1: 1      737   36.73%
      0     0        0.0088     2        0.0139 UserPurge1: 1      740   36.73%
      0     0        0.0088     4        0.0139 UserPurge1: 1      742   36.73%
      0     0        0.0088     5        0.0139 UserPurge1: 1      743   36.73%
      0     0        0.0088     7        0.0139 UserPurge1: 1      745   36.73%
      0     0        0.0088     8        0.0139 UserPurge1: 1      746   36.73%
      0     0        0.0088    10        0.0139 UserPurge1: 1      748   36.73%
      0     0        0.0088     5        0.0139 UserPurge1: 1      749   36.73%
      0     0        0.0088     7        0.0139 UserPurge1: 1      752   36.73%
      0     0        0.0088     7        0.0139 UserPurge1: 1      754   36.73%
      0     0        0.0088     7        0.0139 UserPurge1: 1      755   36.73%
      0     0        0.0088     7        0.0139 UserPurge1: 1      756   36.73%
      0     0        0.0088     9        0.0139 UserPurge1: 1      757   36.73%
      0     0        0.0088     9        0.0139 UserPurge1: 1      758   36.73%
      0     0        0.0088     9        0.0139 UserPurge1: 1      759   36.73%
      0     0        0.0088     9        0.0139 UserPurge1: 1      761   36.73%
      0     0        0.0088    10        0.0139 UserPurge1: 1      762   36.73%
      0     0        0.0088     4        0.0139 UserPurge1: 1      764   36.73%
      0     0        0.0088     6        0.0139 UserPurge1: 1      765   36.73%
      0     0        0.0088     7        0.0139 UserPurge1: 1      766   36.73%
      0     0        0.0088     7        0.0139 UserPurge1: 1      768   36.73%
      0     0        0.0088     9        0.0139 UserPurge1: 1      771   36.73%
      0     0        0.0088     7        0.0139 UserPurge1: 1      773   36.73%
      0     0        0.0088     7        0.0139 UserPurge1: 1      774   36.73%
      0     0        0.0088     5        0.0139 UserPurge1: 1      776   36.73%
      0     0        0.0088     5        0.0139 UserPurge1: 1      778   36.73%
      0     0        0.0088     6        0.0139 UserPurge1: 1      781   36.73%
      0     0        0.0088     7        0.0139 UserPurge1: 1      782   36.73%
      0     0        0.0088     8        0.0139 UserPurge1: 1      784   36.73%
      0     0        0.0088     8        0.0139 UserPurge1: 1      785   36.73%
      0     0        0.0088     8        0.0139 UserPurge1: 1      786   36.73%
      0     0        0.0088     6        0.0139 UserPurge1: 1      788   36.73%
      0     0        0.0088     6        0.0139 UserPurge1: 1      789   36.73%
      0     0        0.0088     6        0.0139 UserPurge1: 1      790   36.73%
      0     0        0.0088     7        0.0139 UserPurge1: 1      791   36.73%
      0     0        0.0088     9        0.0139 UserPurge1: 1      792   36.73%
      0     0        0.0088     8        0.0139 UserPurge1: 1      793   36.73%
      0     0        0.0088     9        0.0139 UserPurge1: 1      794   36.73%
      0     0        0.0088     9        0.0139 UserPurge1: 1      795   36.73%
      0     0        0.0088     9        0.0139 UserPurge1: 1      796   36.73%
      0     0        0.0088    11        0.0139 UserPurge1: 1      797   36.73%
      0     0        0.0088     4        0.0139 UserPurge1: 1      801   36.73%
      0     0        0.0088     4        0.0139 UserPurge1: 1      803   36.73%
      0     0        0.0088     6        0.0139 UserPurge1: 1      806   36.73%
      0     0        0.0088     4        0.0139 UserPurge1: 1      810   36.73%
      0     0        0.0088     6        0.0139 UserPurge1: 1      813   36.73%
      0     0        0.0088     8        0.0139 UserPurge1: 1      815   36.73%
      0     0        0.0088     9        0.0139 UserPurge1: 1      816   36.73%
      0     0        0.0088     9        0.0139 UserPurge1: 1      817   36.73%
      0     0        0.0088     9        0.0139 UserPurge1: 1      818   36.73%
      0     0        0.0088     9        0.0139 UserPurge1: 1      819   36.73%
      0     0        0.0088     9        0.0139 UserPurge1: 1      821   36.73%
      0     0        0.0088     9        0.0139 UserPurge1: 1      822   36.73%
      0     0        0.0088    11        0.0139 UserPurge1: 1      823   36.73%
      0     0        0.0088     4        0.0139 UserPurge1: 1      825   36.73%
      0     0        0.0088     4        0.0139 UserPurge1: 1      826   36.73%
      0     0        0.0088     6        0.0139 UserPurge1: 1      827   36.73%
      0     0        0.0088     6        0.0139 UserPurge1: 1      828   36.73%
      0     0        0.0088     8        0.0139 UserPurge1: 1      832   36.73%
      0     0        0.0088     8        0.0139 UserPurge1: 1      833   36.73%
      0     0        0.0088     9        0.0139 UserPurge1: 1      834   36.73%
      0     0        0.0088     9        0.0139 UserPurge1: 1      836   36.73%
      0     0        0.0088    11        0.0139 UserPurge1: 1      837   36.73%
      0     0        0.0088     4        0.0139 UserPurge1: 1      839   36.73%
      0     0        0.0088     5        0.0139 UserPurge1: 1      840   36.73%
      0     0        0.0088     5        0.0139 UserPurge1: 1      842   36.73%
      0     0        0.0088     7        0.0139 UserPurge1: 1      843   36.73%
      0     0        0.0088     4        0.0139 UserPurge1: 1      847   36.73%
      0     0        0.0088     4        0.0139 UserPurge1: 1      849   36.73%
      0     0        0.0088     8        0.0139 UserPurge1: 1      853   36.73%
      0     0        0.0088     4        0.0139 UserPurge1: 1      857   36.73%
      0     0        0.0088     4        0.0139 UserPurge1: 1      859   36.73%
      0     0        0.0088     6        0.0139 UserPurge1: 1      861   36.73%
      0     0        0.0088     6        0.0139 UserPurge1: 1      862   36.73%
      0     0        0.0088     8        0.0139 UserPurge1: 1      863   36.73%
      0     0        0.0088     9        0.0139 UserPurge1: 1      864   36.73%
      0     0        0.0088     9        0.0139 UserPurge1: 1      865   36.73%
      0     0        0.0088     9        0.0139 UserPurge1: 1      866   36.73%
      0     0        0.0088     9        0.0139 UserPurge1: 1      867   36.73%
      0     0        0.0088     9        0.0139 UserPurge1: 1      868   36.73%
      0     0        0.0088     9        0.0139 UserPurge1: 1      869   36.73%
      0     0        0.0088     9        0.0139 UserPurge1: 1      871   36.73%
      0     0        0.0088     9        0.0139 UserPurge1: 1      872   36.73%
      0     0        0.0088    10        0.0139 UserPurge1: 1      873   36.73%
      0     0        0.0088     6        0.0139 UserPurge1: 1      876   36.73%
      0     0        0.0088     6        0.0139 UserPurge1: 1      878   36.73%
      0     0        0.0088     8        0.0139 UserPurge1: 1      880   36.73%
      0     0        0.0088     8        0.0139 UserPurge1: 1      881   36.73%
      0     0        0.0088    10        0.0139 UserPurge1: 1      884   36.73%
      0     0        0.0088     7        0.0139 UserPurge1: 1      888   36.73%
      0     0        0.0088     7        0.0139 UserPurge1: 1      892   36.73%
      0     0        0.0088     8        0.0139 UserPurge1: 1      894   36.73%
      0     0        0.0088     8        0.0139 UserPurge1: 1      896   36.73%
      0     0        0.0088     6        0.0139 UserPurge1: 1      898   36.73%
      0     0        0.0088     8        0.0139 UserPurge1: 1      899   36.73%
      0     0        0.0088     8        0.0139 UserPurge1: 1      900   36.73%
      0     0        0.0088    10        0.0139 UserPurge1: 1      901   36.73%
      0     0        0.0088     4        0.0139 UserPurge1: 1      904   36.73%
      0     0        0.0088     6        0.0139 UserPurge1: 1      907   36.73%
      0     0        0.0088     4        0.0139 UserPurge1: 1      911   36.73%
      0     0        0.0088     4        0.0139 UserPurge1: 1      914   36.73%
      0     0        0.0088     6        0.0139 UserPurge1: 1      916   36.73%
      0     0        0.0088     8        0.0139 UserPurge1: 1      917   36.73%
      0     0        0.0088     8        0.0139 UserPurge1: 1      918   36.73%
      0     0        0.0088    10        0.0139 UserPurge1: 1      922   36.73%
      0     0        0.0088     5        0.0139 UserPurge1: 1      925   36.73%
      0     0        0.0088     5        0.0139 UserPurge1: 1      926   36.73%
      0     0        0.0088     5        0.0139 UserPurge1: 1      928   36.73%
      0     0        0.0088     5        0.0139 UserPurge1: 1      935   36.73%
      0     0        0.0088     6        0.0139 UserPurge1: 1      937   36.73%
      0     0        0.0088     7        0.0139 UserPurge1: 1      940   36.73%
      0     0        0.0088     6        0.0139 UserPurge1: 1      942   36.73%
      0     0        0.0088     8        0.0139 UserPurge1: 1      945   36.73%
      0     0        0.0088     8        0.0139 UserPurge1: 1      946   36.73%
      0     0        0.0088     9        0.0139 UserPurge1: 1      947   36.73%
      0     0        0.0088     9        0.0139 UserPurge1: 1      948   36.73%
      0     0        0.0088     9        0.0139 UserPurge1: 1      949   36.73%
      0     0        0.0088     9        0.0139 UserPurge1: 1      950   36.73%
      0     0        0.0088     9        0.0139 UserPurge1: 1      951   36.73%
      0     0        0.0088     9        0.0139 UserPurge1: 1      952   36.73%
      0     0        0.0088     9        0.0139 UserPurge1: 1      953   36.73%
      0     0        0.0088     9        0.0139 UserPurge1: 1      954   36.73%
      0     0        0.0088     9        0.0139 UserPurge1: 1      955   36.73%
      0     0        0.0088    11        0.0139 UserPurge1: 1      957   36.73%
      0     0        0.0088     2        0.0139 UserPurge1: 1      959   36.73%
      0     0        0.0088     6        0.0139 UserPurge1: 1      962   36.73%
      0     0        0.0088     7        0.0139 UserPurge1: 1      963   36.73%
      0     0        0.0088     6        0.0139 UserPurge1: 1      966   36.73%
      0     0        0.0088     6        0.0139 UserPurge1: 1      967   36.73%
      0     0        0.0088     6        0.0139 UserPurge1: 1      968   36.73%
      0     0        0.0088     7        0.0139 UserPurge1: 1      969   36.73%
      0     0        0.0088     9        0.0139 UserPurge1: 1      971   36.73%
      0     0        0.0088    11        0.0139 UserPurge1: 1      973   36.73%
      0     0        0.0088     2        0.0139 UserPurge1: 1      975   36.73%
      0     0        0.0088     2        0.0139 UserPurge1: 1      980   36.73%
      0     0        0.0088     2        0.0139 UserPurge1: 1      981   36.73%
      0     0        0.0088     4        0.0139 UserPurge1: 1      982   36.73%
      0     0        0.0088     4        0.0139 UserPurge1: 1      983   36.73%
      0     0        0.0088     4        0.0139 UserPurge1: 1      984   36.73%
      0     0        0.0088     5        0.0139 UserPurge1: 1      985   36.73%
      0     0        0.0088     7        0.0139 UserPurge1: 1      987   36.73%
      0     0        0.0088     7        0.0139 UserPurge1: 1      988   36.73%
      0     0        0.0088     7        0.0139 UserPurge1: 1      989   36.73%
      0     0        0.0088     9        0.0139 UserPurge1: 1      991   36.73%
      0     0        0.0088     4        0.0139 UserPurge1: 1      997   36.73%
      0     0        0.0088     4        0.0139 UserPurge1: 1      998   36.73%
      0     0        0.0088     4        0.0139 UserPurge1: 1      999   36.73%
      0     0        0.0088     6        0.0139 UserPurge1: 1     1000   36.73%
      0     0        0.0088     8        0.0139 UserPurge1: 1     1001   36.73%
      0     0        0.0088     6        0.0139 UserPurge1: 1     1006   36.73%
      0     0        0.0088     4        0.0139 UserPurge1: 1     1008   36.73%
      0     0        0.0088     7        0.0139 UserPurge1: 1     1011   36.73%
      0     0        0.0088     9        0.0139 UserPurge1: 1     1012   36.73%
      0     0        0.0088    10        0.0139 UserPurge1: 1     1014   36.73%
      0     0        0.0088     4        0.0139 UserPurge1: 1     1016   36.73%
      0     0        0.0088     4        0.0139 UserPurge1: 1     1018   36.73%
      0     0        0.0088     4        0.0139 UserPurge1: 1     1019   36.73%
      0     0        0.0088     6        0.0139 UserPurge1: 1     1022   36.73%
      0     0        0.0088     8        0.0139 UserPurge1: 1     1023   36.73%
      0     0        0.0088    10        0.0139 UserPurge1: 1     1024   36.73%
      0     0        0.0088     4        0.0139 UserPurge1: 1     1025   36.73%
      0     0        0.0088     4        0.0139 UserPurge1: 1     1027   36.73%
      0     0        0.0088     4        0.0139 UserPurge1: 1     1028   36.73%
      0     0        0.0088     6        0.0139 UserPurge1: 1     1029   36.73%
      0     0        0.0088     8        0.0139 UserPurge1: 1     1030   36.73%
      0     0        0.0088     4        0.0139 UserPurge1: 1     1034   36.73%
      0     0        0.0088     6        0.0139 UserPurge1: 1     1035   36.73%
      0     0        0.0088     8        0.0139 UserPurge1: 1     1036   36.73%
      0     0        0.0088     9        0.0139 UserPurge1: 1     1037   36.73%
      0     0        0.0088     4        0.0139 UserPurge1: 1     1041   36.73%
      0     0        0.0088     6        0.0139 UserPurge1: 1     1042   36.73%
      0     0        0.0088     6        0.0139 UserPurge1: 1     1043   36.73%
      0     0        0.0088     6        0.0139 UserPurge1: 1     1044   36.73%
      0     0        0.0088     8        0.0139 UserPurge1: 1     1045   36.73%
      0     0        0.0088    10        0.0139 UserPurge1: 1     1048   36.73%
      0     0        0.0088     3        0.0139 UserPurge1: 1     1049   36.73%
      0     0        0.0088     5        0.0139 UserPurge1: 1     1053   36.73%
      0     0        0.0088     4        0.0139 UserPurge1: 1     1057   36.73%
      0     0        0.0088     2        0.0139 UserPurge1: 1     1059   36.73%
      0     0        0.0088     2        0.0139 UserPurge1: 1     1060   36.73%
      0     0        0.0088     4        0.0139 UserPurge1: 1     1061   36.73%
      0     0        0.0088     4        0.0139 UserPurge1: 1     1062   36.73%
      0     0        0.0088     4        0.0139 UserPurge1: 1     1063   36.73%
      0     0        0.0088     4        0.0139 UserPurge1: 1     1064   36.73%
      0     0        0.0088     6        0.0139 UserPurge1: 1     1065   36.73%
      0     0        0.0088     8        0.0139 UserPurge1: 1     1067   36.73%
      0     0        0.0088     9        0.0139 UserPurge1: 1     1068   36.73%
      0     0        0.0088     4        0.0139 UserPurge1: 1     1076   36.73%
      0     0        0.0088     6        0.0139 UserPurge1: 1     1077   36.73%
      0     0        0.0088     8        0.0139 UserPurge1: 1     1078   36.73%
      0     0        0.0088     8        0.0139 UserPurge1: 1     1079   36.73%
      0     0        0.0088     8        0.0139 UserPurge1: 1     1080   36.73%
      0     0        0.0088    10        0.0139 UserPurge1: 1     1081   36.73%
      0     0        0.0088     4        0.0139 UserPurge1: 1     1085   36.73%
      0     0        0.0088     5        0.0139 UserPurge1: 1     1087   36.73%
      0     0        0.0088     6        0.0139 UserPurge1: 1     1088   36.73%
      0     0        0.0088     7        0.0139 UserPurge1: 1     1091   36.73%
      0     0        0.0088     7        0.0139 UserPurge1: 1     1092   36.73%
      0     0        0.0088     8        0.0139 UserPurge1: 1     1093   36.73%
      0     0        0.0088    10        0.0139 UserPurge1: 1     1094   36.73%
      0     0        0.0088     2        0.0139 UserPurge1: 1     1095   36.73%
      0     0        0.0088     4        0.0139 UserPurge1: 1     1097   36.73%
      0     0        0.0088     4        0.0139 UserPurge1: 1     1098   36.73%
      0     0        0.0088     2        0.0139 UserPurge1: 1     1100   36.73%
      0     0        0.0088     2        0.0139 UserPurge1: 1     1101   36.73%
      0     0        0.0088     4        0.0139 UserPurge1: 1     1102   36.73%
      0     0        0.0088     6        0.0139 UserPurge1: 1     1103   36.73%
      0     0        0.0088     6        0.0139 UserPurge1: 1     1104   36.73%
      0     0        0.0088     6        0.0139 UserPurge1: 1     1105   36.73%
      0     0        0.0088     8        0.0139 UserPurge1: 1     1106   36.73%
      0     0        0.0088     8        0.0139 UserPurge1: 1     1107   36.73%
      0     0        0.0088     8        0.0139 UserPurge1: 1     1108   36.73%
      0     0        0.0088     8        0.0139 UserPurge1: 1     1109   36.73%
      0     0        0.0088     6        0.0139 UserPurge1: 1     1112   36.73%
      0     0        0.0088     8        0.0139 UserPurge1: 1     1113   36.73%
      0     0        0.0088     9        0.0139 UserPurge1: 1     1114   36.73%
      0     0        0.0088     7        0.0139 UserPurge1: 1     1120   36.73%
      0     0        0.0088     8        0.0139 UserPurge1: 1     1121   36.73%
      0     0        0.0088    10        0.0139 UserPurge1: 1     1122   36.73%
      0     0        0.0088     6        0.0139 UserPurge1: 1     1123   36.73%
      0     0        0.0088     6        0.0139 UserPurge1: 1     1124   36.73%
      0     0        0.0088     8        0.0139 UserPurge1: 1     1125   36.73%
      0     0        0.0088    10        0.0139 UserPurge1: 1     1126   36.73%
      0     0        0.0088     5        0.0139 UserPurge1: 1     1127   36.73%
      0     0        0.0088     7        0.0139 UserPurge1: 1     1128   36.73%
      0     0        0.0088     7        0.0139 UserPurge1: 1     1129   36.73%
      0     0        0.0088     8        0.0139 UserPurge1: 1     1130   36.73%
      0     0        0.0088     8        0.0139 UserPurge1: 1     1132   36.73%
      0     0        0.0088    10        0.0139 UserPurge1: 1     1136   36.73%
      0     0        0.0088     5        0.0139 UserPurge1: 1     1138   36.73%
      0     0        0.0088     6        0.0139 UserPurge1: 1     1139   36.73%
      0     0        0.0088     7        0.0139 UserPurge1: 1     1141   36.73%
      0     0        0.0088     8        0.0139 UserPurge1: 1     1142   36.73%
      0     0        0.0088     8        0.0139 UserPurge1: 1     1144   36.73%
      0     0        0.0088     9        0.0139 UserPurge1: 1     1147   36.73%
      0     0        0.0088     9        0.0139 UserPurge1: 1     1148   36.73%
      0     0        0.0088     9        0.0139 UserPurge1: 1     1149   36.73%
      0     0        0.0088     9        0.0139 UserPurge1: 1     1150   36.73%
      0     0        0.0088    10        0.0139 UserPurge1: 1     1151   36.73%
      0     0        0.0088     5        0.0139 UserPurge1: 1     1153   36.73%
      0     0        0.0088     5        0.0139 UserPurge1: 1     1155   36.73%
      0     0        0.0088     6        0.0139 UserPurge1: 1     1156   36.73%
      0     0        0.0088     8        0.0139 UserPurge1: 1     1159   36.73%
      0     0        0.0088     7        0.0139 UserPurge1: 1     1161   36.73%
      0     0        0.0088     9        0.0139 UserPurge1: 1     1162   36.73%
      0     0        0.0088    10        0.0139 UserPurge1: 1     1163   36.73%
      0     0        0.0088     6        0.0139 UserPurge1: 1     1164   36.73%
      0     0        0.0088     5        0.0139 UserPurge1: 1     1166   36.73%
      0     0        0.0088     6        0.0139 UserPurge1: 1     1170   36.73%
      0     0        0.0088     6        0.0139 UserPurge1: 1     1173   36.73%
      0     0        0.0088     8        0.0139 UserPurge1: 1     1174   36.73%
      0     0        0.0088     8        0.0139 UserPurge1: 1     1175   36.73%
      0     0        0.0088     9        0.0139 UserPurge1: 1     1176   36.73%
      0     0        0.0088     9        0.0139 UserPurge1: 1     1178   36.73%
      0     0        0.0088     9        0.0139 UserPurge1: 1     1179   36.73%
      0     0        0.0088     9        0.0139 UserPurge1: 1     1180   36.73%
      0     0        0.0088     9        0.0139 UserPurge1: 1     1181   36.73%
      0     0        0.0088     9        0.0139 UserPurge1: 1     1182   36.73%
      0     0        0.0088     9        0.0139 UserPurge1: 1     1183   36.73%
      0     0        0.0088    10        0.0139 UserPurge1: 1     1185   36.73%
      0     0        0.0088     7        0.0139 UserPurge1: 1     1187   36.73%
      0     0        0.0088     7        0.0139 UserPurge1: 1     1189   36.73%
      0     0        0.0088     7        0.0139 UserPurge1: 1     1191   36.73%
      0     0        0.0088     9        0.0139 UserPurge1: 1     1193   36.73%
      0     0        0.0088    10        0.0139 UserPurge1: 1     1194   36.73%
      0     0        0.0088     6        0.0139 UserPurge1: 1     1196   36.73%
      0     0        0.0088     6        0.0139 UserPurge1: 1     1199   36.73%
      0     0        0.0088     5        0.0139 UserPurge1: 1     1201   36.73%
      0     0        0.0088     7        0.0139 UserPurge1: 1     1203   36.73%
      0     0        0.0088     8        0.0139 UserPurge1: 1     1204   36.73%
      0     0        0.0088     8        0.0139 UserPurge1: 1     1205   36.73%
      0     0        0.0088     8        0.0139 UserPurge1: 1     1206   36.73%
      0     0        0.0088     8        0.0139 UserPurge1: 1     1207   36.73%
      0     0        0.0088     9        0.0139 UserPurge1: 1     1209   36.73%
      0     0        0.0088     9        0.0139 UserPurge1: 1     1211   36.73%
      0     0        0.0088     9        0.0139 UserPurge1: 1     1212   36.73%
      0     0        0.0088     9        0.0139 UserPurge1: 1     1215   36.73%
      0     0        0.0088    10        0.0139 UserPurge1: 1     1216   36.73%
      0     0        0.0088     4        0.0139 UserPurge1: 1     1220   36.73%
      0     0        0.0088     5        0.0139 UserPurge1: 1     1222   36.73%
      0     0        0.0088     7        0.0139 UserPurge1: 1     1223   36.73%
      0     0        0.0088     8        0.0139 UserPurge1: 1     1224   36.73%
      0     0        0.0088     8        0.0139 UserPurge1: 1     1225   36.73%
      0     0        0.0088     8        0.0139 UserPurge1: 1     1227   36.73%
      0     0        0.0088     7        0.0139 UserPurge1: 1     1230   36.73%
      0     0        0.0088     8        0.0139 UserPurge1: 1     1231   36.73%
      0     0        0.0088     9        0.0139 UserPurge1: 1     1234   36.73%
      0     0        0.0088     4        0.0139 UserPurge1: 1     1240   36.73%
      0     0        0.0088     6        0.0139 UserPurge1: 1     1241   36.73%
      0     0        0.0088     8        0.0139 UserPurge1: 1     1242   36.73%
      0     0        0.0088     9        0.0139 UserPurge1: 1     1243   36.73%
      0     0        0.0088     9        0.0139 UserPurge1: 1     1245   36.73%
      0     0        0.0088     9        0.0139 UserPurge1: 1     1246   36.73%
      0     0        0.0088     9        0.0139 UserPurge1: 1     1247   36.73%
      0     0        0.0088     9        0.0139 UserPurge1: 1     1248   36.73%
      0     0        0.0088    10        0.0139 UserPurge1: 1     1249   36.73%
      0     0        0.0088     5        0.0139 UserPurge1: 1     1250   36.73%
      0     0        0.0088     7        0.0139 UserPurge1: 1     1251   36.73%
      0     0        0.0088     9        0.0139 UserPurge1: 1     1252   36.73%
      0     0        0.0088     9        0.0139 UserPurge1: 1     1253   36.73%
      0     0        0.0088     9        0.0139 UserPurge1: 1     1254   36.73%
      0     0        0.0088     9        0.0139 UserPurge1: 1     1255   36.73%
      0     0        0.0088     9        0.0139 UserPurge1: 1     1256   36.73%
      0     0        0.0088     4        0.0139 UserPurge1: 1     1261   36.73%
      0     0        0.0088     6        0.0139 UserPurge1: 1     1262   36.73%
      0     0        0.0088     7        0.0139 UserPurge1: 1     1263   36.73%
      0     0        0.0088     7        0.0139 UserPurge1: 1     1265   36.73%
      0     0        0.0088     2        0.0139 UserPurge1: 1     1268   36.73%
      0     0        0.0088     4        0.0139 UserPurge1: 1     1271   36.73%
      0     0        0.0088     6        0.0139 UserPurge1: 1     1272   36.73%
      0     0        0.0088     6        0.0139 UserPurge1: 1     1273   36.73%
      0     0        0.0088     6        0.0139 UserPurge1: 1     1274   36.73%
      0     0        0.0088     8        0.0139 UserPurge1: 1     1276   36.73%
      0     0        0.0088     9        0.0139 UserPurge1: 1     1277   36.73%
      0     0        0.0088     5        0.0139 UserPurge1: 1     1285   36.73%
      0     0        0.0088     5        0.0139 UserPurge1: 1     1287   36.73%
      0     0        0.0088     6        0.0139 UserPurge1: 1     1291   36.73%
      0     0        0.0088     5        0.0139 UserPurge1: 1     1295   36.73%
      0     0        0.0088     5        0.0139 UserPurge1: 1     1296   36.73%
      0     0        0.0088     7        0.0139 UserPurge1: 1     1297   36.73%
      0     0        0.0088     8        0.0139 UserPurge1: 1     1299   36.73%
      0     0        0.0088     8        0.0139 UserPurge1: 1     1302   36.73%
      0     0        0.0088    10        0.0139 UserPurge1: 1     1304   36.73%
      0     0        0.0088     2        0.0139 UserPurge1: 1     1306   36.73%
      0     0        0.0088     4        0.0139 UserPurge1: 1     1307   36.73%
      0     0        0.0088     2        0.0139 UserPurge1: 1     1309   36.73%
      0     0        0.0088     3        0.0139 UserPurge1: 1     1310   36.73%
      0     0        0.0088     4        0.0139 UserPurge1: 1     1313   36.73%
      0     0        0.0088     4        0.0139 UserPurge1: 1     1314   36.73%
      0     0        0.0088     4        0.0139 UserPurge1: 1     1315   36.73%
      0     0        0.0088     6        0.0139 UserPurge1: 1     1317   36.73%
      0     0        0.0088     8        0.0139 UserPurge1: 1     1318   36.73%
      0     0        0.0088     8        0.0139 UserPurge1: 1     1319   36.73%
      0     0        0.0088     8        0.0139 UserPurge1: 1     1320   36.73%
      0     0        0.0088     8        0.0139 UserPurge1: 1     1321   36.73%
      0     0        0.0088     8        0.0139 UserPurge1: 1     1322   36.73%
      0     0        0.0088     8        0.0139 UserPurge1: 1     1323   36.73%
      0     0        0.0088     8        0.0139 UserPurge1: 1     1324   36.73%
      0     0        0.0088     6        0.0139 UserPurge1: 1     1326   36.73%
      0     0        0.0088     6        0.0139 UserPurge1: 1     1327   36.73%
      0     0        0.0088     8        0.0139 UserPurge1: 1     1328   36.73%
      0     0        0.0088     9        0.0139 UserPurge1: 1     1329   36.73%
      0     0        0.0088    10        0.0139 UserPurge1: 1     1330   36.73%
      0     0        0.0088     4        0.0139 UserPurge1: 1     1332   36.73%
      0     0        0.0088     4        0.0139 UserPurge1: 1     1333   36.73%
      0     0        0.0088     4        0.0139 UserPurge1: 1     1334   36.73%
      0     0        0.0088     6        0.0139 UserPurge1: 1     1335   36.73%
      0     0        0.0088     4        0.0139 UserPurge1: 1     1337   36.73%
      0     0        0.0088     6        0.0139 UserPurge1: 1     1338   36.73%
      0     0        0.0088     6        0.0139 UserPurge1: 1     1339   36.73%
      0     0        0.0088     7        0.0139 UserPurge1: 1     1340   36.73%
      0     0        0.0088     7        0.0139 UserPurge1: 1     1342   36.73%
      0     0        0.0088     7        0.0139 UserPurge1: 1     1343   36.73%
      0     0        0.0088     7        0.0139 UserPurge1: 1     1344   36.73%
      0     0        0.0088     6        0.0139 UserPurge1: 1     1345   36.73%
      0     0        0.0088     4        0.0139 UserPurge1: 1     1347   36.73%
      0     0        0.0088     4        0.0139 UserPurge1: 1     1348   36.73%
      0     0        0.0088     4        0.0139 UserPurge1: 1     1349   36.73%
      0     0        0.0088     6        0.0139 UserPurge1: 1     1350   36.73%
      0     0        0.0088     6        0.0139 UserPurge1: 1     1351   36.73%
      0     0        0.0088     8        0.0139 UserPurge1: 1     1352   36.73%
      0     0        0.0088     8        0.0139 UserPurge1: 1     1353   36.73%
      0     0        0.0088     9        0.0139 UserPurge1: 1     1354   36.73%
      0     0        0.0088    10        0.0139 UserPurge1: 1     1355   36.73%
      0     0        0.0088     3        0.0139 UserPurge1: 1     1356   36.73%
      0     0        0.0088     3        0.0139 UserPurge1: 1     1357   36.73%
      0     0        0.0088     5        0.0139 UserPurge1: 1     1359   36.73%
      0     0        0.0088     6        0.0139 UserPurge1: 1     1362   36.73%
      0     0        0.0088     7        0.0139 UserPurge1: 1     1363   36.73%
      0     0        0.0088     8        0.0139 UserPurge1: 1     1365   36.73%
      0     0        0.0088     9        0.0139 UserPurge1: 1     1366   36.73%
      0     0        0.0088     5        0.0139 UserPurge1: 1     1370   36.73%
      0     0        0.0088     6        0.0139 UserPurge1: 1     1373   36.73%
      0     0        0.0088     6        0.0139 UserPurge1: 1     1374   36.73%
      0     0        0.0088     7        0.0139 UserPurge1: 1     1375   36.73%
      0     0        0.0088     8        0.0139 UserPurge1: 1     1377   36.73%
      0     0        0.0088     9        0.0139 UserPurge1: 1     1378   36.73%
      0     0        0.0088     9        0.0139 UserPurge1: 1     1380   36.73%
      0     0        0.0088    10        0.0139 UserPurge1: 1     1383   36.73%
      0     0        0.0088     4        0.0139 UserPurge1: 1     1384   36.73%
      0     0        0.0088     4        0.0139 UserPurge1: 1     1387   36.73%
      0     0        0.0088     2        0.0139 UserPurge1: 1     1390   36.73%
      0     0        0.0088     4        0.0139 UserPurge1: 1     1391   36.73%
      0     0        0.0088     6        0.0139 UserPurge1: 1     1392   36.73%
      0     0        0.0088     7        0.0139 UserPurge1: 1     1393   36.73%
      0     0        0.0088     8        0.0139 UserPurge1: 1     1394   36.73%
      0     0        0.0088     5        0.0139 UserPurge1: 1     1397   36.73%
      0     0        0.0088     6        0.0139 UserPurge1: 1     1399   36.73%
      0     0        0.0088     5        0.0139 UserPurge1: 1     1401   36.73%
      0     0        0.0088     7        0.0139 UserPurge1: 1     1402   36.73%
      0     0        0.0088     8        0.0139 UserPurge1: 1     1403   36.73%
      0     0        0.0088     8        0.0139 UserPurge1: 1     1406   36.73%
      0     0        0.0088     2        0.0139 UserPurge1: 1     1410   36.73%
      0     0        0.0088     4        0.0139 UserPurge1: 1     1411   36.73%
      0     0        0.0088     6        0.0139 UserPurge1: 1     1412   36.73%
      0     0        0.0088     8        0.0139 UserPurge1: 1     1413   36.73%
      0     0        0.0088     4        0.0139 UserPurge1: 1     1416   36.73%
      0     0        0.0088     3        0.0139 UserPurge1: 1     1417   36.73%
      0     0        0.0088     5        0.0139 UserPurge1: 1     1418   36.73%
      0     0        0.0088     5        0.0139 UserPurge1: 1     1419   36.73%
      0     0        0.0088     7        0.0139 UserPurge1: 1     1420   36.73%
      0     0        0.0088     6        0.0139 UserPurge1: 1     1422   36.73%
      0     0        0.0088     4        0.0139 UserPurge1: 1     1426   36.73%
      0     0        0.0088     6        0.0139 UserPurge1: 1     1428   36.73%
      0     0        0.0088     6        0.0139 UserPurge1: 1     1431   36.73%
      0     0        0.0088     7        0.0139 UserPurge1: 1     1432   36.73%
      0     0        0.0088     8        0.0139 UserPurge1: 1     1434   36.73%
      0     0        0.0088     8        0.0139 UserPurge1: 1     1435   36.73%
      0     0        0.0088     8        0.0139 UserPurge1: 1     1436   36.73%
      0     0        0.0088     9        0.0139 UserPurge1: 1     1437   36.73%
      0     0        0.0088     9        0.0139 UserPurge1: 1     1438   36.73%
      0     0        0.0088     9        0.0139 UserPurge1: 1     1439   36.73%
      0     0        0.0088     9        0.0139 UserPurge1: 1     1441   36.73%
      0     0        0.0088     9        0.0139 UserPurge1: 1     1443   36.73%
      0     0        0.0088     9        0.0139 UserPurge1: 1     1444   36.73%
      0     0        0.0088     9        0.0139 UserPurge1: 1     1445   36.73%
      0     0        0.0088     9        0.0139 UserPurge1: 1     1446   36.73%
      0     0        0.0088     9        0.0139 UserPurge1: 1     1447   36.73%
      0     0        0.0088     9        0.0139 UserPurge1: 1     1448   36.73%
      0     0        0.0088     9        0.0139 UserPurge1: 1     1449   36.73%
      0     0        0.0088     9        0.0139 UserPurge1: 1     1450   36.73%
      0     0        0.0088     9        0.0139 UserPurge1: 1     1451   36.73%
      0     0        0.0088     9        0.0139 UserPurge1: 1     1452   36.73%
      0     0        0.0088     9        0.0139 UserPurge1: 1     1453   36.73%
      0     0        0.0088     9        0.0139 UserPurge1: 1     1454   36.73%
      0     0        0.0088     9        0.0139 UserPurge1: 1     1455   36.73%
      0     0        0.0088     9        0.0139 UserPurge1: 1     1456   36.73%
      0     0        0.0088     9        0.0139 UserPurge1: 1     1457   36.73%
      0     0        0.0088    10        0.0139 UserPurge1: 1     1458   36.73%
      0     0        0.0088     2        0.0139 UserPurge1: 1     1459   36.73%
      0     0        0.0088     2        0.0139 UserPurge1: 1     1462   36.73%
      0     0        0.0088     2        0.0139 UserPurge1: 1     1463   36.73%
      0     0        0.0088     4        0.0139 UserPurge1: 1     1465   36.73%
      0     0        0.0088     4        0.0139 UserPurge1: 1     1466   36.73%
      0     0        0.0088     6        0.0139 UserPurge1: 1     1468   36.73%
      0     0        0.0088     8        0.0139 UserPurge1: 1     1470   36.73%
      0     0        0.0088     6        0.0139 UserPurge1: 1     1472   36.73%
      0     0        0.0088     7        0.0139 UserPurge1: 1     1473   36.73%
      0     0        0.0088     7        0.0139 UserPurge1: 1     1474   36.73%
      0     0        0.0088     6        0.0139 UserPurge1: 1     1476   36.73%
      0     0        0.0088     3        0.0139 UserPurge1: 1     1479   36.73%
      0     0        0.0088     4        0.0139 UserPurge1: 1     1481   36.73%
      0     0        0.0088     4        0.0139 UserPurge1: 1     1484   36.73%
      0     0        0.0088     4        0.0139 UserPurge1: 1     1485   36.73%
      0     0        0.0088     6        0.0139 UserPurge1: 1     1486   36.73%
      0     0        0.0088     7        0.0139 UserPurge1: 1     1487   36.73%
      0     0        0.0088     8        0.0139 UserPurge1: 1     1489   36.73%
      0     0        0.0088    10        0.0139 UserPurge1: 1     1490   36.73%
      0     0        0.0088     3        0.0139 UserPurge1: 1     1491   36.73%
      0     0        0.0088     5        0.0139 UserPurge1: 1     1492   36.73%
      0     0        0.0088     5        0.0139 UserPurge1: 1     1493   36.73%
      0     0        0.0088     5        0.0139 UserPurge1: 1     1494   36.73%
      0     0        0.0088     7        0.0139 UserPurge1: 1     1495   36.73%
      0     0        0.0088     7        0.0139 UserPurge1: 1     1496   36.73%
      0     0        0.0088     9        0.0139 UserPurge1: 1     1497   36.73%
      0     0        0.0088    11        0.0139 UserPurge1: 1     1498   36.73%
      0     0        0.0088     2        0.0139 UserPurge1: 1     1501   36.73%
      0     0        0.0088     2        0.0139 UserPurge1: 1     1503   36.73%
      0     0        0.0088     4        0.0139 UserPurge1: 1     1504   36.73%
      0     0        0.0088     6        0.0139 UserPurge1: 1     1505   36.73%
      0     0        0.0088     7        0.0139 UserPurge1: 1     1506   36.73%
      0     0        0.0088     8        0.0139 UserPurge1: 1     1507   36.73%
      0     0        0.0088     7        0.0139 UserPurge1: 1     1510   36.73%
      0     0        0.0088     8        0.0139 UserPurge1: 1     1511   36.73%
      0     0        0.0088     9        0.0139 UserPurge1: 1     1514   36.73%
      0     0        0.0088     6        0.0139 UserPurge1: 1     1517   36.73%
      0     0        0.0088     4        0.0139 UserPurge1: 1     1519   36.73%
      0     0        0.0088     4        0.0139 UserPurge1: 1     1522   36.73%
      0     0        0.0088     6        0.0139 UserPurge1: 1     1523   36.73%
      0     0        0.0088     8        0.0139 UserPurge1: 1     1524   36.73%
      0     0        0.0088     8        0.0139 UserPurge1: 1     1525   36.73%
      0     0        0.0088     4        0.0139 UserPurge1: 1     1530   36.73%
      0     0        0.0088     2        0.0139 UserPurge1: 1     1534   36.73%
      0     0        0.0088     2        0.0139 UserPurge1: 1     1536   36.73%
      0     0        0.0088     4        0.0139 UserPurge1: 1     1537   36.73%
      0     0        0.0088     5        0.0139 UserPurge1: 1     1538   36.73%
      0     0        0.0088     6        0.0139 UserPurge1: 1     1540   36.73%
      0     0        0.0088     8        0.0139 UserPurge1: 1     1541   36.73%
      0     0        0.0088     9        0.0139 UserPurge1: 1     1542   36.73%
      0     0        0.0088     9        0.0139 UserPurge1: 1     1544   36.73%
      0     0        0.0088     9        0.0139 UserPurge1: 1     1545   36.73%
      0     0        0.0088     9        0.0139 UserPurge1: 1     1546   36.73%
      0     0        0.0088     9        0.0139 UserPurge1: 1     1547   36.73%
      0     0        0.0088     9        0.0139 UserPurge1: 1     1548   36.73%
      0     0        0.0088     9        0.0139 UserPurge1: 1     1549   36.73%
      0     0        0.0088     9        0.0139 UserPurge1: 1     1550   36.73%
      0     0        0.0088     9        0.0139 UserPurge1: 1     1551   36.73%
      0     0        0.0088     9        0.0139 UserPurge1: 1     1552   36.73%
      0     0        0.0088     9        0.0139 UserPurge1: 1     1553   36.73%
      0     0        0.0088     9        0.0139 UserPurge1: 1     1554   36.73%
      0     0        0.0088    10        0.0139 UserPurge1: 1     1555   36.73%
      0     0        0.0088     2        0.0139 UserPurge1: 1     1556   36.73%
      0     0        0.0088     2        0.0139 UserPurge1: 1     1557   36.73%
      0     0        0.0088     2        0.0139 UserPurge1: 1     1564   36.73%
      0     0        0.0088     4        0.0139 UserPurge1: 1     1565   36.73%
      0     0        0.0088     5        0.0139 UserPurge1: 1     1566   36.73%
      0     0        0.0088     4        0.0139 UserPurge1: 1     1569   36.73%
      0     0        0.0088     5        0.0139 UserPurge1: 1     1570   36.73%
      0     0        0.0088     7        0.0139 UserPurge1: 1     1572   36.73%
      0     0        0.0088     8        0.0139 UserPurge1: 1     1573   36.73%
      0     0        0.0088     8        0.0139 UserPurge1: 1     1575   36.73%
      0     0        0.0088     9        0.0139 UserPurge1: 1     1577   36.73%
      0     0        0.0088     9        0.0139 UserPurge1: 1     1578   36.73%
      0     0        0.0088     9        0.0139 UserPurge1: 1     1579   36.73%
      0     0        0.0088     9        0.0139 UserPurge1: 1     1580   36.73%
      0     0        0.0088     8        0.0139 UserPurge1: 1     1582   36.73%
      0     0        0.0088     8        0.0139 UserPurge1: 1     1583   36.73%
      0     0        0.0088     8        0.0139 UserPurge1: 1     1584   36.73%
      0     0        0.0088     8        0.0139 UserPurge1: 1     1585   36.73%
      0     0        0.0088     8        0.0139 UserPurge1: 1     1586   36.73%
      0     0        0.0088     9        0.0139 UserPurge1: 1     1587   36.73%
      0     0        0.0088     9        0.0139 UserPurge1: 1     1588   36.73%
      0     0        0.0088     9        0.0139 UserPurge1: 1     1589   36.73%
      0     0        0.0088    10        0.0139 UserPurge1: 1     1590   36.73%
      0     0        0.0088     4        0.0139 UserPurge1: 1     1592   36.73%
      0     0        0.0088     6        0.0139 UserPurge1: 1     1593   36.73%
      0     0        0.0088     5        0.0139 UserPurge1: 1     1595   36.73%
      0     0        0.0088     7        0.0139 UserPurge1: 1     1596   36.73%
      0     0        0.0088     7        0.0139 UserPurge1: 1     1600   36.73%
      0     0        0.0088     9        0.0139 UserPurge1: 1     1601   36.73%
      0     0        0.0088    10        0.0139 UserPurge1: 1     1602   36.73%
      0     0        0.0088     4        0.0139 UserPurge1: 1     1604   36.73%
      0     0        0.0088     2        0.0139 UserPurge1: 1     1611   36.73%
      0     0        0.0088     2        0.0139 UserPurge1: 1     1614   36.73%
      0     0        0.0088     4        0.0139 UserPurge1: 1     1616   36.73%
      0     0        0.0088     4        0.0139 UserPurge1: 1     1617   36.73%
      0     0        0.0088     5        0.0139 UserPurge1: 1     1618   36.73%
      0     0        0.0088     6        0.0139 UserPurge1: 1     1620   36.73%
      0     0        0.0088     6        0.0139 UserPurge1: 1     1622   36.73%
      0     0        0.0088     6        0.0139 UserPurge1: 1     1623   36.73%
      0     0        0.0088     6        0.0139 UserPurge1: 1     1624   36.73%
      0     0        0.0088     6        0.0139 UserPurge1: 1     1625   36.73%
      0     0        0.0088     6        0.0139 UserPurge1: 1     1626   36.73%
      0     0        0.0088     6        0.0139 UserPurge1: 1     1627   36.73%
      0     0        0.0088     6        0.0139 UserPurge1: 1     1628   36.73%
      0     0        0.0088     8        0.0139 UserPurge1: 1     1630   36.73%
      0     0        0.0088     8        0.0139 UserPurge1: 1     1631   36.73%
      0     0        0.0088     8        0.0139 UserPurge1: 1     1632   36.73%
      0     0        0.0088     8        0.0139 UserPurge1: 1     1633   36.73%
      0     0        0.0088     8        0.0139 UserPurge1: 1     1634   36.73%
      0     0        0.0088     8        0.0139 UserPurge1: 1     1635   36.73%
      0     0        0.0088     8        0.0139 UserPurge1: 1     1636   36.73%
      0     0        0.0088     8        0.0139 UserPurge1: 1     1637   36.73%
      0     0        0.0088     8        0.0139 UserPurge1: 1     1638   36.73%
      0     0        0.0088     8        0.0139 UserPurge1: 1     1639   36.73%
      0     0        0.0088     8        0.0139 UserPurge1: 1     1640   36.73%
      0     0        0.0088     8        0.0139 UserPurge1: 1     1641   36.73%
      0     0        0.0088     8        0.0139 UserPurge1: 1     1642   36.73%
      0     0        0.0088     8        0.0139 UserPurge1: 1     1643   36.73%
      0     0        0.0088     9        0.0139 UserPurge1: 1     1644   36.73%
      0     0        0.0088    10        0.0139 UserPurge1: 1     1645   36.73%
      0     0        0.0088     2        0.0139 UserPurge1: 1     1646   36.73%
      0     0        0.0088     4        0.0139 UserPurge1: 1     1648   36.73%
      0     0        0.0088     7        0.0139 UserPurge1: 1     1653   36.73%
      0     0        0.0088     6        0.0139 UserPurge1: 1     1654   36.73%
      0     0        0.0088     5        0.0139 UserPurge1: 1     1658   36.73%
      0     0        0.0088     8        0.0139 UserPurge1: 1     1661   36.73%
      0     0        0.0088     6        0.0139 UserPurge1: 1     1663   36.73%
      0     0        0.0088     7        0.0139 UserPurge1: 1     1665   36.73%
      0     0        0.0088     8        0.0139 UserPurge1: 1     1667   36.73%
      0     0        0.0088     8        0.0139 UserPurge1: 1     1668   36.73%
      0     0        0.0088     8        0.0139 UserPurge1: 1     1669   36.73%
      0     0        0.0088     9        0.0139 UserPurge1: 1     1670   36.73%
      0     0        0.0088    10        0.0139 UserPurge1: 1     1671   36.73%
      0     0        0.0088     4        0.0139 UserPurge1: 1     1674   36.73%
      0     0        0.0088     4        0.0139 UserPurge1: 1     1677   36.73%
      0     0        0.0088     6        0.0139 UserPurge1: 1     1679   36.73%
      0     0        0.0088     7        0.0139 UserPurge1: 1     1680   36.73%
      0     0        0.0088     7        0.0139 UserPurge1: 1     1682   36.73%
      0     0        0.0088     6        0.0139 UserPurge1: 1     1685   36.73%
      0     0        0.0088     4        0.0139 UserPurge1: 1     1689   36.73%
      0     0        0.0088     6        0.0139 UserPurge1: 1     1690   36.73%
      0     0        0.0088     7        0.0139 UserPurge1: 1     1691   36.73%
      0     0        0.0088     8        0.0139 UserPurge1: 1     1693   36.73%
      0     0        0.0088     9        0.0139 UserPurge1: 1     1694   36.73%
      0     0        0.0088     8        0.0139 UserPurge1: 1     1697   36.73%
      0     0        0.0088     4        0.0139 UserPurge1: 1     1700   36.73%
      0     0        0.0088     4        0.0139 UserPurge1: 1     1702   36.73%
      0     0        0.0088     6        0.0139 UserPurge1: 1     1705   36.73%
      0     0        0.0088     6        0.0139 UserPurge1: 1     1706   36.73%
      0     0        0.0088     6        0.0139 UserPurge1: 1     1707   36.73%
      0     0        0.0088     7        0.0139 UserPurge1: 1     1708   36.73%
      0     0        0.0088     8        0.0139 UserPurge1: 1     1711   36.73%
      0     0        0.0088     9        0.0139 UserPurge1: 1     1712   36.73%
      0     0        0.0088     9        0.0139 UserPurge1: 1     1714   36.73%
      0     0        0.0088     9        0.0139 UserPurge1: 1     1715   36.73%
      0     0        0.0088     9        0.0139 UserPurge1: 1     1716   36.73%
      0     0        0.0088     9        0.0139 UserPurge1: 1     1717   36.73%
      0     0        0.0088    10        0.0139 UserPurge1: 1     1718   36.73%
      0     0        0.0088     4        0.0139 UserPurge1: 1     1722   36.73%
      0     0        0.0088     6        0.0139 UserPurge1: 1     1724   36.73%
      0     0        0.0088     6        0.0139 UserPurge1: 1     1726   36.73%
      0     0        0.0088     6        0.0139 UserPurge1: 1     1728   36.73%
      0     0        0.0088     7        0.0139 UserPurge1: 1     1729   36.73%
      0     0        0.0088     7        0.0139 UserPurge1: 1     1731   36.73%
      0     0        0.0088     7        0.0139 UserPurge1: 1     1733   36.73%
      0     0        0.0088     7        0.0139 UserPurge1: 1     1735   36.73%
      0     0        0.0088     5        0.0139 UserPurge1: 1     1738   36.73%
      0     0        0.0088     7        0.0139 UserPurge1: 1     1739   36.73%
      0     0        0.0088     7        0.0139 UserPurge1: 1     1741   36.73%
      0     0        0.0088     6        0.0139 UserPurge1: 1     1743   36.73%
      0     0        0.0088     7        0.0139 UserPurge1: 1     1747   36.73%
      0     0        0.0088     5        0.0139 UserPurge1: 1     1754   36.73%
      0     0        0.0088     5        0.0139 UserPurge1: 1     1755   36.73%
      0     0        0.0088     5        0.0139 UserPurge1: 1     1756   36.73%
      0     0        0.0088     7        0.0139 UserPurge1: 1     1757   36.73%
      0     0        0.0088     9        0.0139 UserPurge1: 1     1758   36.73%
      0     0        0.0088    10        0.0139 UserPurge1: 1     1759   36.73%
      0     0        0.0088     4        0.0139 UserPurge1: 1     1762   36.73%
      0     0        0.0088     4        0.0139 UserPurge1: 1     1764   36.73%
      0     0        0.0088     7        0.0139 UserPurge1: 1     1768   36.73%
      0     0        0.0088     4        0.0139 UserPurge1: 1     1770   36.73%
      0     0        0.0088     6        0.0139 UserPurge1: 1     1772   36.73%
      0     0        0.0088     8        0.0139 UserPurge1: 1     1773   36.73%
      0     0        0.0088     8        0.0139 UserPurge1: 1     1774   36.73%
      0     0        0.0088     8        0.0139 UserPurge1: 1     1775   36.73%
      0     0        0.0088     8        0.0139 UserPurge1: 1     1776   36.73%
      0     0        0.0088     6        0.0139 UserPurge1: 1     1778   36.73%
      0     0        0.0088     6        0.0139 UserPurge1: 1     1780   36.73%
      0     0        0.0088     6        0.0139 UserPurge1: 1     1781   36.73%
      0     0        0.0088     8        0.0139 UserPurge1: 1     1782   36.73%
      0     0        0.0088     9        0.0139 UserPurge1: 1     1783   36.73%
      0     0        0.0088     9        0.0139 UserPurge1: 1     1785   36.73%
      0     0        0.0088     9        0.0139 UserPurge1: 1     1786   36.73%
      0     0        0.0088     9        0.0139 UserPurge1: 1     1787   36.73%
      0     0        0.0088     9        0.0139 UserPurge1: 1     1788   36.73%
      0     0        0.0088    10        0.0139 UserPurge1: 1     1789   36.73%
      0     0        0.0088     4        0.0139 UserPurge1: 1     1793   36.73%
      0     0        0.0088     5        0.0139 UserPurge1: 1     1798   36.73%
      0     0        0.0088     4        0.0139 UserPurge1: 1     1801   36.73%
      0     0        0.0088     6        0.0139 UserPurge1: 1     1802   36.73%
      0     0        0.0088     6        0.0139 UserPurge1: 1     1807   36.73%
      0     0        0.0088     6        0.0139 UserPurge1: 1     1808   36.73%
      0     0        0.0088     8        0.0139 UserPurge1: 1     1810   36.73%
      0     0        0.0088     6        0.0139 UserPurge1: 1     1812   36.73%
      0     0        0.0088     9        0.0139 UserPurge1: 1     1814   36.73%
      0     0        0.0088     8        0.0139 UserPurge1: 1     1816   36.73%
      0     0        0.0088     8        0.0139 UserPurge1: 1     1817   36.73%
      0     0        0.0088     9        0.0139 UserPurge1: 1     1818   36.73%
      0     0        0.0088    10        0.0139 UserPurge1: 1     1819   36.73%
      0     0        0.0088     4        0.0139 UserPurge1: 1     1826   36.73%
      0     0        0.0088     4        0.0139 UserPurge1: 1     1828   36.73%
      0     0        0.0088     6        0.0139 UserPurge1: 1     1830   36.73%
      0     0        0.0088     5        0.0139 UserPurge1: 1     1832   36.73%
      0     0        0.0088     7        0.0139 UserPurge1: 1     1834   36.73%
      0     0        0.0088     8        0.0139 UserPurge1: 1     1842   36.73%
      0     0        0.0088     8        0.0139 UserPurge1: 1     1843   36.73%
      0     0        0.0088     6        0.0139 UserPurge1: 1     1845   36.73%
      0     0        0.0088     8        0.0139 UserPurge1: 1     1847   36.73%
      0     0        0.0088     8        0.0139 UserPurge1: 1     1848   36.73%
      0     0        0.0088     9        0.0139 UserPurge1: 1     1849   36.73%
      0     0        0.0088     7        0.0139 UserPurge1: 1     1851   36.73%
      0     0        0.0088     7        0.0139 UserPurge1: 1     1852   36.73%
      0     0        0.0088     9        0.0139 UserPurge1: 1     1853   36.73%
      0     0        0.0088     9        0.0139 UserPurge1: 1     1854   36.73%
      0     0        0.0088     9        0.0139 UserPurge1: 1     1855   36.73%
      0     0        0.0088     9        0.0139 UserPurge1: 1     1857   36.73%
      0     0        0.0088     9        0.0139 UserPurge1: 1     1858   36.73%
      0     0        0.0088     9        0.0139 UserPurge1: 1     1859   36.73%
      0     0        0.0088     9        0.0139 UserPurge1: 1     1860   36.73%
      0     0        0.0088     9        0.0139 UserPurge1: 1     1862   36.73%
      0     0        0.0088     9        0.0139 UserPurge1: 1     1863   36.73%
      0     0        0.0088     9        0.0139 UserPurge1: 1     1864   36.73%
      0     0        0.0088     9        0.0139 UserPurge1: 1     1865   36.73%
      0     0        0.0088     9        0.0139 UserPurge1: 1     1866   36.73%
      0     0        0.0088     9        0.0139 UserPurge1: 1     1867   36.73%
      0     0        0.0088     9        0.0139 UserPurge1: 1     1868   36.73%
      0     0        0.0088    10        0.0139 UserPurge1: 1     1869   36.73%
      0     0        0.0088     2        0.0139 UserPurge1: 1     1871   36.73%
      0     0        0.0088     4        0.0139 UserPurge1: 1     1875   36.73%
      0     0        0.0088     4        0.0139 UserPurge1: 1     1880   36.73%
      0     0        0.0088     6        0.0139 UserPurge1: 1     1882   36.73%
      0     0        0.0088     6        0.0139 UserPurge1: 1     1883   36.73%
      0     0        0.0088     8        0.0139 UserPurge1: 1     1884   36.73%
      0     0        0.0088     6        0.0139 UserPurge1: 1     1886   36.73%
      0     0        0.0088     6        0.0139 UserPurge1: 1     1888   36.73%
      0     0        0.0088     8        0.0139 UserPurge1: 1     1889   36.73%
      0     0        0.0088     9        0.0139 UserPurge1: 1     1890   36.73%
      0     0        0.0088     6        0.0139 UserPurge1: 1     1894   36.73%
      0     0        0.0088     8        0.0139 UserPurge1: 1     1896   36.73%
      0     0        0.0088     7        0.0139 UserPurge1: 1     1898   36.73%
      0     0        0.0088     7        0.0139 UserPurge1: 1     1899   36.73%
      0     0        0.0088     5        0.0139 UserPurge1: 1     1900   36.73%
      0     0        0.0088     7        0.0139 UserPurge1: 1     1901   36.73%
      0     0        0.0088     7        0.0139 UserPurge1: 1     1903   36.73%
      0     0        0.0088     9        0.0139 UserPurge1: 1     1904   36.73%
      0     0        0.0088     9        0.0139 UserPurge1: 1     1905   36.73%
      0     0        0.0088     9        0.0139 UserPurge1: 1     1906   36.73%
      0     0        0.0088     9        0.0139 UserPurge1: 1     1907   36.73%
      0     0        0.0088     9        0.0139 UserPurge1: 1     1908   36.73%
      0     0        0.0088     9        0.0139 UserPurge1: 1     1909   36.73%
      0     0        0.0088     9        0.0139 UserPurge1: 1     1910   36.73%
      0     0        0.0088     9        0.0139 UserPurge1: 1     1911   36.73%
      0     0        0.0088     9        0.0139 UserPurge1: 1     1912   36.73%
      0     0        0.0088     9        0.0139 UserPurge1: 1     1914   36.73%
      0     0        0.0088     9        0.0139 UserPurge1: 1     1915   36.73%
      0     0        0.0088     9        0.0139 UserPurge1: 1     1916   36.73%
      0     0        0.0088     9        0.0139 UserPurge1: 1     1917   36.73%
      0     0        0.0088     9        0.0139 UserPurge1: 1     1918   36.73%
      0     0        0.0088     9        0.0139 UserPurge1: 1     1919   36.73%
      0     0        0.0088    10        0.0139 UserPurge1: 1     1920   36.73%
      0     0        0.0088     5        0.0139 UserPurge1: 1     1923   36.73%
      0     0        0.0088     5        0.0139 UserPurge1: 1     1925   36.73%
      0     0        0.0088     6        0.0139 UserPurge1: 1     1926   36.73%
      0     0        0.0088     7        0.0139 UserPurge1: 1     1930   36.73%
      0     0        0.0088     7        0.0139 UserPurge1: 1     1931   36.73%
      0     0        0.0088     7        0.0139 UserPurge1: 1     1933   36.73%
      0     0        0.0088     9        0.0139 UserPurge1: 1     1937   36.73%
      0     0        0.0088     9        0.0139 UserPurge1: 1     1940   36.73%
      0     0        0.0088     9        0.0139 UserPurge1: 1     1941   36.73%
      0     0        0.0088     7        0.0139 UserPurge1: 1     1945   36.73%
      0     0        0.0088     6        0.0139 UserPurge1: 1     1948   36.73%
      0     0        0.0088     7        0.0139 UserPurge1: 1     1954   36.73%
      0     0        0.0088     8        0.0139 UserPurge1: 1     1956   36.73%
      0     0        0.0088     8        0.0139 UserPurge1: 1     1958   36.73%
      0     0        0.0088     9        0.0139 UserPurge1: 1     1959   36.73%
      0     0        0.0088     9        0.0139 UserPurge1: 1     1960   36.73%
      0     0        0.0088     9        0.0139 UserPurge1: 1     1962   36.73%
      0     0        0.0088     9        0.0139 UserPurge1: 1     1964   36.73%
      0     0        0.0088     8        0.0139 UserPurge1: 1     1966   36.73%
      0     0        0.0088    10        0.0139 UserPurge1: 1     1967   36.73%
      0     0        0.0088     4        0.0139 UserPurge1: 1     1974   36.73%
      0     0        0.0088     4        0.0139 UserPurge1: 1     1977   36.73%
      0     0        0.0088     4        0.0139 UserPurge1: 1     1979   36.73%
      0     0        0.0088     4        0.0139 UserPurge1: 1     1981   36.73%
      0     0        0.0088     4        0.0139 UserPurge1: 1     1988   36.73%
      0     0        0.0088     6        0.0139 UserPurge1: 1     1989   36.73%
      0     0        0.0088     7        0.0139 UserPurge1: 1     1990   36.73%
      0     0        0.0088     7        0.0139 UserPurge1: 1     1992   36.73%
      0     0        0.0088     7        0.0139 UserPurge1: 1     1994   36.73%
      0     0        0.0088     7        0.0139 UserPurge1: 1     1995   36.73%
      0     0        0.0088     3        0.0139 UserPurge1: 1     1998   36.73%
      0     0        0.0088     5        0.0139 UserPurge1: 1     2001   36.73%
      0     0        0.0088     7        0.0139 UserPurge1: 1     2002   36.73%
      0     0        0.0088     6        0.0139 UserPurge1: 1     2005   36.73%
      0     0        0.0088     4        0.0139 UserPurge1: 1     2007   36.73%
      0     0        0.0088     6        0.0139 UserPurge1: 1     2008   36.73%
      0     0        0.0088     6        0.0139 UserPurge1: 1     2009   36.73%
      0     0        0.0088     8        0.0139 UserPurge1: 1     2010   36.73%
      0     0        0.0088     9        0.0139 UserPurge1: 1     2011   36.73%
      0     0        0.0088    10        0.0139 UserPurge1: 1     2012   36.73%
      0     0        0.0088     4        0.0139 UserPurge1: 1     2015   36.73%
      0     0        0.0088     5        0.0139 UserPurge1: 1     2019   36.73%
      0     0        0.0088     4        0.0139 UserPurge1: 1     2020   36.73%
      0     0        0.0088     4        0.0139 UserPurge1: 1     2024   36.73%
      0     0        0.0088     4        0.0139 UserPurge1: 1     2025   36.73%
      0     0        0.0088     6        0.0139 UserPurge1: 1     2027   36.73%
      0     0        0.0088     7        0.0139 UserPurge1: 1     2028   36.73%
      0     0        0.0088     8        0.0139 UserPurge1: 1     2029   36.73%
      0     0        0.0088     8        0.0139 UserPurge1: 1     2031   36.73%
      0     0        0.0088     8        0.0139 UserPurge1: 1     2035   36.73%
      0     0        0.0088     8        0.0139 UserPurge1: 1     2036   36.73%
      0     0        0.0088     9        0.0139 UserPurge1: 1     2039   36.73%
      0     0        0.0088     7        0.0139 UserPurge1: 1     2041   36.73%
      0     0        0.0088     9        0.0139 UserPurge1: 1     2042   36.73%
      0     0        0.0088     9        0.0139 UserPurge1: 1     2044   36.73%
      0     0        0.0088    10        0.0139 UserPurge1: 1     2045   36.73%
      0     0        0.0088     4        0.0139 UserPurge1: 1     2048   36.73%
      0     0        0.0088     4        0.0139 UserPurge1: 1     2049   36.73%
      0     0        0.0088     4        0.0139 UserPurge1: 1     2052   36.73%
      0     0        0.0088     5        0.0139 UserPurge1: 1     2058   36.73%
      0     0        0.0088     4        0.0139 UserPurge1: 1     2060   36.73%
      0     0        0.0088     4        0.0139 UserPurge1: 1     2061   36.73%
      0     0        0.0088     5        0.0139 UserPurge1: 1     2062   36.73%
      0     0        0.0088     6        0.0139 UserPurge1: 1     2065   36.73%
      0     0        0.0088     7        0.0139 UserPurge1: 1     2066   36.73%
      0     0        0.0088     4        0.0139 UserPurge1: 1     2070   36.73%
      0     0        0.0088     4        0.0139 UserPurge1: 1     2071   36.73%
      0     0        0.0088     4        0.0139 UserPurge1: 1     2073   36.73%
      0     0        0.0088     5        0.0139 UserPurge1: 1     2074   36.73%
      0     0        0.0088     5        0.0139 UserPurge1: 1     2079   36.73%
      0     0        0.0088     7        0.0139 UserPurge1: 1     2080   36.73%
      0     0        0.0088     7        0.0139 UserPurge1: 1     2083   36.73%
      0     0        0.0088     9        0.0139 UserPurge1: 1     2086   36.73%
      0     0        0.0088     9        0.0139 UserPurge1: 1     2088   36.73%
      0     0        0.0088     9        0.0139 UserPurge1: 1     2090   36.73%
      0     0        0.0088    10        0.0139 UserPurge1: 1     2091   36.73%
      0     0        0.0088     4        0.0139 UserPurge1: 1     2093   36.73%
      0     0        0.0088     4        0.0139 UserPurge1: 1     2095   36.73%
      0     0        0.0088     4        0.0139 UserPurge1: 1     2097   36.73%
      0     0        0.0088     4        0.0139 UserPurge1: 1     2099   36.73%
      0     0        0.0088     4        0.0139 UserPurge1: 1     2100   36.73%
      0     0        0.0088     6        0.0139 UserPurge1: 1     2102   36.73%
      0     0        0.0088     7        0.0139 UserPurge1: 1     2103   36.73%
      0     0        0.0088     8        0.0139 UserPurge1: 1     2104   36.73%
      0     0        0.0088     8        0.0139 UserPurge1: 1     2106   36.73%
      0     0        0.0088     7        0.0139 UserPurge1: 1     2109   36.73%
      0     0        0.0088     5        0.0139 UserPurge1: 1     2111   36.73%
      0     0        0.0088     5        0.0139 UserPurge1: 1     2112   36.73%
      0     0        0.0088     7        0.0139 UserPurge1: 1     2113   36.73%
      0     0        0.0088     7        0.0139 UserPurge1: 1     2115   36.73%
      0     0        0.0088     7        0.0139 UserPurge1: 1     2117   36.73%
      0     0        0.0088     7        0.0139 UserPurge1: 1     2118   36.73%
      0     0        0.0088     9        0.0139 UserPurge1: 1     2120   36.73%
      0     0        0.0088     9        0.0139 UserPurge1: 1     2121   36.73%
      0     0        0.0088     8        0.0139 UserPurge1: 1     2123   36.73%
      0     0        0.0088     8        0.0139 UserPurge1: 1     2125   36.73%
      0     0        0.0088     9        0.0139 UserPurge1: 1     2126   36.73%
      0     0        0.0088     9        0.0139 UserPurge1: 1     2128   36.73%
      0     0        0.0088     9        0.0139 UserPurge1: 1     2129   36.73%
      0     0        0.0088     9        0.0139 UserPurge1: 1     2130   36.73%
      0     0        0.0088    10        0.0139 UserPurge1: 1     2131   36.73%
      0     0        0.0088     4        0.0139 UserPurge1: 1     2135   36.73%
      0     0        0.0088     6        0.0139 UserPurge1: 1     2137   36.73%
      0     0        0.0088     7        0.0139 UserPurge1: 1     2138   36.73%
      0     0        0.0088     4        0.0139 UserPurge1: 1     2142   36.73%
      0     0        0.0088     4        0.0139 UserPurge1: 1     2144   36.73%
      0     0        0.0088     4        0.0139 UserPurge1: 1     2148   36.73%
      0     0        0.0088     6        0.0139 UserPurge1: 1     2149   36.73%
      0     0        0.0088     7        0.0139 UserPurge1: 1     2150   36.73%
      0     0        0.0088     8        0.0139 UserPurge1: 1     2152   36.73%
      0     0        0.0088     9        0.0139 UserPurge1: 1     2153   36.73%
      0     0        0.0088     6        0.0139 UserPurge1: 1     2156   36.73%
      0     0        0.0088     4        0.0139 UserPurge1: 1     2159   36.73%
      0     0        0.0088     4        0.0139 UserPurge1: 1     2161   36.73%
      0     0        0.0088     5        0.0139 UserPurge1: 1     2162   36.73%
      0     0        0.0088     5        0.0139 UserPurge1: 1     2165   36.73%
      0     0        0.0088     7        0.0139 UserPurge1: 1     2166   36.73%
      0     0        0.0088     9        0.0139 UserPurge1: 1     2167   36.73%
      0     0        0.0088     8        0.0139 UserPurge1: 1     2170   36.73%
      0     0        0.0088     9        0.0139 UserPurge1: 1     2171   36.73%
      0     0        0.0088    10        0.0139 UserPurge1: 1     2172   36.73%
      0     0        0.0088     2        0.0139 UserPurge1: 1     2173   36.73%
      0     0        0.0088     4        0.0139 UserPurge1: 1     2176   36.73%
      0     0        0.0088     6        0.0139 UserPurge1: 1     2177   36.73%
      0     0        0.0088     7        0.0139 UserPurge1: 1     2181   36.73%
      0     0        0.0088     6        0.0139 UserPurge1: 1     2182   36.73%
      0     0        0.0088     8        0.0139 UserPurge1: 1     2185   36.73%
      0     0        0.0088     8        0.0139 UserPurge1: 1     2186   36.73%
      0     0        0.0088     8        0.0139 UserPurge1: 1     2187   36.73%
      0     0        0.0088     9        0.0139 UserPurge1: 1     2188   36.73%
      0     0        0.0088     9        0.0139 UserPurge1: 1     2189   36.73%
      0     0        0.0088     9        0.0139 UserPurge1: 1     2190   36.73%
      0     0        0.0088     9        0.0139 UserPurge1: 1     2192   36.73%
      0     0        0.0088     7        0.0139 UserPurge1: 1     2196   36.73%
      0     0        0.0088     7        0.0139 UserPurge1: 1     2197   36.73%
      0     0        0.0088     7        0.0139 UserPurge1: 1     2198   36.73%
      0     0        0.0088     9        0.0139 UserPurge1: 1     2202   36.73%
      0     0        0.0088     9        0.0139 UserPurge1: 1     2203   36.73%
      0     0        0.0088     9        0.0139 UserPurge1: 1     2205   36.73%
      0     0        0.0088     9        0.0139 UserPurge1: 1     2206   36.73%
      0     0        0.0088     9        0.0139 UserPurge1: 1     2207   36.73%
      0     0        0.0088    10        0.0139 UserPurge1: 1     2208   36.73%
      0     0        0.0088     2        0.0139 UserPurge1: 1     2210   36.73%
      0     0        0.0088     4        0.0139 UserPurge1: 1     2214   36.73%
      0     0        0.0088     4        0.0139 UserPurge1: 1     2216   36.73%
      0     0        0.0088     6        0.0139 UserPurge1: 1     2217   36.73%
      0     0        0.0088     7        0.0139 UserPurge1: 1     2219   36.73%
      0     0        0.0088     7        0.0139 UserPurge1: 1     2221   36.73%
      0     0        0.0088     6        0.0139 UserPurge1: 1     2224   36.73%
      0     0        0.0088     7        0.0139 UserPurge1: 1     2225   36.73%
      0     0        0.0088     8        0.0139 UserPurge1: 1     2226   36.73%
      0     0        0.0088     7        0.0139 UserPurge1: 1     2228   36.73%
      0     0        0.0088     9        0.0139 UserPurge1: 1     2231   36.73%
      0     0        0.0088     9        0.0139 UserPurge1: 1     2232   36.73%
      0     0        0.0088     5        0.0139 UserPurge1: 1     2235   36.73%
      0     0        0.0088     7        0.0139 UserPurge1: 1     2236   36.73%
      0     0        0.0088    10        0.0139 UserPurge1: 1     2240   36.73%
      0     0        0.0088     3        0.0139 UserPurge1: 1     2241   36.73%
      0     0        0.0088     5        0.0139 UserPurge1: 1     2244   36.73%
      0     0        0.0088     4        0.0139 UserPurge1: 1     2246   36.73%
      0     0        0.0088     6        0.0139 UserPurge1: 1     2247   36.73%
      0     0        0.0088     7        0.0139 UserPurge1: 1     2248   36.73%
      0     0        0.0088     8        0.0139 UserPurge1: 1     2249   36.73%
      0     0        0.0088     9        0.0139 UserPurge1: 1     2250   36.73%
      0     0        0.0088     8        0.0139 UserPurge1: 1     2254   36.73%
      0     0        0.0088     6        0.0139 UserPurge1: 1     2256   36.73%
      0     0        0.0088     6        0.0139 UserPurge1: 1     2257   36.73%
      0     0        0.0088     6        0.0139 UserPurge1: 1     2258   36.73%
      0     0        0.0088     8        0.0139 UserPurge1: 1     2259   36.73%
      0     0        0.0088    10        0.0139 UserPurge1: 1     2260   36.73%
      0     0        0.0088     4        0.0139 UserPurge1: 1     2263   36.73%
      0     0        0.0088     5        0.0139 UserPurge1: 1     2269   36.73%
      0     0        0.0088     7        0.0139 UserPurge1: 1     2271   36.73%
      0     0        0.0088     6        0.0139 UserPurge1: 1     2274   36.73%
      0     0        0.0088     7        0.0139 UserPurge1: 1     2276   36.73%
      0     0        0.0088     6        0.0139 UserPurge1: 1     2277   36.73%
      0     0        0.0088     7        0.0139 UserPurge1: 1     2280   36.73%
      0     0        0.0088     7        0.0139 UserPurge1: 1     2281   36.73%
      0     0        0.0088     7        0.0139 UserPurge1: 1     2283   36.73%
      0     0        0.0088     6        0.0139 UserPurge1: 1     2286   36.73%
      0     0        0.0088     9        0.0139 UserPurge1: 1     2289   36.73%
      0     0        0.0088     8        0.0139 UserPurge1: 1     2291   36.73%
      0     0        0.0088     8        0.0139 UserPurge1: 1     2293   36.73%
      0     0        0.0088     8        0.0139 UserPurge1: 1     2295   36.73%
      0     0        0.0088     8        0.0139 UserPurge1: 1     2296   36.73%
      0     0        0.0088     8        0.0139 UserPurge1: 1     2297   36.73%
      0     0        0.0088     8        0.0139 UserPurge1: 1     2299   36.73%
      0     0        0.0088     9        0.0139 UserPurge1: 1     2300   36.73%
      0     0        0.0088     9        0.0139 UserPurge1: 1     2301   36.73%
      0     0        0.0088     9        0.0139 UserPurge1: 1     2303   36.73%
      0     0        0.0088     9        0.0139 UserPurge1: 1     2305   36.73%
      0     0        0.0088     9        0.0139 UserPurge1: 1     2307   36.73%
      0     0        0.0088     9        0.0139 UserPurge1: 1     2308   36.73%
      0     0        0.0088     9        0.0139 UserPurge1: 1     2309   36.73%
      0     0        0.0088     9        0.0139 UserPurge1: 1     2310   36.73%
      0     0        0.0088    10        0.0139 UserPurge1: 1     2311   36.73%
      0     0        0.0088     3        0.0139 UserPurge1: 1     2312   36.73%
      0     0        0.0088     4        0.0139 UserPurge1: 1     2313   36.73%
      0     0        0.0088     3        0.0139 UserPurge1: 1     2316   36.73%
      0     0        0.0088     3        0.0139 UserPurge1: 1     2318   36.73%
      0     0        0.0088     3        0.0139 UserPurge1: 1     2319   36.73%
      0     0        0.0088     4        0.0139 UserPurge1: 1     2320   36.73%
      0     0        0.0088     7        0.0139 UserPurge1: 1     2323   36.73%
      0     0        0.0088     7        0.0139 UserPurge1: 1     2325   36.73%
      0     0        0.0088     8        0.0139 UserPurge1: 1     2326   36.73%
      0     0        0.0088     9        0.0139 UserPurge1: 1     2327   36.73%
      0     0        0.0088     7        0.0139 UserPurge1: 1     2331   36.73%
      0     0        0.0088     6        0.0139 UserPurge1: 1     2333   36.73%
      0     0        0.0088     8        0.0139 UserPurge1: 1     2334   36.73%
      0     0        0.0088     7        0.0139 UserPurge1: 1     2337   36.73%
      0     0        0.0088     7        0.0139 UserPurge1: 1     2339   36.73%
      0     0        0.0088     7        0.0139 UserPurge1: 1     2340   36.73%
      0     0        0.0088     7        0.0139 UserPurge1: 1     2341   36.73%
      0     0        0.0088     9        0.0139 UserPurge1: 1     2344   36.73%
      0     0        0.0088     4        0.0139 UserPurge1: 1     2349   36.73%
      0     0        0.0088     4        0.0139 UserPurge1: 1     2351   36.73%
      0     0        0.0088     4        0.0139 UserPurge1: 1     2352   36.73%
      0     0        0.0088     6        0.0139 UserPurge1: 1     2353   36.73%
      0     0        0.0088     8        0.0139 UserPurge1: 1     2354   36.73%
      0     0        0.0088     6        0.0139 UserPurge1: 1     2356   36.73%
      0     0        0.0088     7        0.0139 UserPurge1: 1     2357   36.73%
      0     0        0.0088     8        0.0139 UserPurge1: 1     2359   36.73%
      0     0        0.0088     7        0.0139 UserPurge1: 1     2362   36.73%
      0     0        0.0088     7        0.0139 UserPurge1: 1     2363   36.73%
      0     0        0.0088     5        0.0139 UserPurge1: 1     2366   36.73%
      0     0        0.0088     4        0.0139 UserPurge1: 1     2368   36.73%
      0     0        0.0088     4        0.0139 UserPurge1: 1     2370   36.73%
      0     0        0.0088     4        0.0139 UserPurge1: 1     2373   36.73%
      0     0        0.0088     5        0.0139 UserPurge1: 1     2374   36.73%
      0     0        0.0088     5        0.0139 UserPurge1: 1     2377   36.73%
      0     0        0.0088     4        0.0139 UserPurge1: 1     2380   36.73%
      0     0        0.0088     6        0.0139 UserPurge1: 1     2381   36.73%
      0     0        0.0088     8        0.0139 UserPurge1: 1     2382   36.73%
      0     0        0.0088     9        0.0139 UserPurge1: 1     2383   36.73%
      0     0        0.0088     9        0.0139 UserPurge1: 1     2385   36.73%
      0     0        0.0088    10        0.0139 UserPurge1: 1     2386   36.73%
      0     0        0.0088     4        0.0139 UserPurge1: 1     2388   36.73%
      0     0        0.0088     4        0.0139 UserPurge1: 1     2394   36.73%
      0     0        0.0088     6        0.0139 UserPurge1: 1     2397   36.73%
      0     0        0.0088     8        0.0139 UserPurge1: 1     2398   36.73%
      0     0        0.0088     8        0.0139 UserPurge1: 1     2400   36.73%
      0     0        0.0088     8        0.0139 UserPurge1: 1     2401   36.73%
      0     0        0.0088     9        0.0139 UserPurge1: 1     2402   36.73%
      0     0        0.0088    10        0.0139 UserPurge1: 1     2403   36.73%
      0     0        0.0088     6        0.0139 UserPurge1: 1     2405   36.73%
      0     0        0.0088     4        0.0139 UserPurge1: 1     2407   36.73%
      0     0        0.0088     4        0.0139 UserPurge1: 1     2410   36.73%
      0     0        0.0088     2        0.0139 UserPurge1: 1     2413   36.73%
      0     0        0.0088     4        0.0139 UserPurge1: 1     2415   36.73%
      0     0        0.0088     4        0.0139 UserPurge1: 1     2417   36.73%
      0     0        0.0088     6        0.0139 UserPurge1: 1     2419   36.73%
      0     0        0.0088     4        0.0139 UserPurge1: 1     2421   36.73%
      0     0        0.0088     5        0.0139 UserPurge1: 1     2422   36.73%
      0     0        0.0088     7        0.0139 UserPurge1: 1     2423   36.73%
      0     0        0.0088     7        0.0139 UserPurge1: 1     2424   36.73%
      0     0        0.0088     6        0.0139 UserPurge1: 1     2427   36.73%
      0     0        0.0088     7        0.0139 UserPurge1: 1     2428   36.73%
      0     0        0.0088     7        0.0139 UserPurge1: 1     2429   36.73%
      0     0        0.0088     9        0.0139 UserPurge1: 1     2432   36.73%
      0     0        0.0088     9        0.0139 UserPurge1: 1     2433   36.73%
      0     0        0.0088     9        0.0139 UserPurge1: 1     2435   36.73%
      0     0        0.0088     9        0.0139 UserPurge1: 1     2436   36.73%
      0     0        0.0088     9        0.0139 UserPurge1: 1     2438   36.73%
      0     0        0.0088     9        0.0139 UserPurge1: 1     2440   36.73%
      0     0        0.0088     9        0.0139 UserPurge1: 1     2441   36.73%
      0     0        0.0088     9        0.0139 UserPurge1: 1     2442   36.73%
      0     0        0.0088     9        0.0139 UserPurge1: 1     2443   36.73%
      0     0        0.0088    10        0.0139 UserPurge1: 1     2444   36.73%
      0     0        0.0088     3        0.0139 UserPurge1: 1     2446   36.73%
      0     0        0.0088     5        0.0139 UserPurge1: 1     2448   36.73%
      0     0        0.0088     7        0.0139 UserPurge1: 1     2451   36.73%
      0     0        0.0088     7        0.0139 UserPurge1: 1     2452   36.73%
      0     0        0.0088     8        0.0139 UserPurge1: 1     2453   36.73%
      0     0        0.0088     8        0.0139 UserPurge1: 1     2455   36.73%
      0     0        0.0088     7        0.0139 UserPurge1: 1     2458   36.73%
      0     0        0.0088     9        0.0139 UserPurge1: 1     2460   36.73%
      0     0        0.0088     4        0.0139 UserPurge1: 1     2465   36.73%
      0     0        0.0088     6        0.0139 UserPurge1: 1     2466   36.73%
      0     0        0.0088     6        0.0139 UserPurge1: 1     2468   36.73%
      0     0        0.0088     8        0.0139 UserPurge1: 1     2469   36.73%
      0     0        0.0088     8        0.0139 UserPurge1: 1     2470   36.73%
      0     0        0.0088     9        0.0139 UserPurge1: 1     2471   36.73%
      0     0        0.0088     9        0.0139 UserPurge1: 1     2473   36.73%
      0     0        0.0088    10        0.0139 UserPurge1: 1     2474   36.73%
      0     0        0.0088     4        0.0139 UserPurge1: 1     2478   36.73%
      0     0        0.0088     5        0.0139 UserPurge1: 1     2480   36.73%
      0     0        0.0088     5        0.0139 UserPurge1: 1     2484   36.73%
      0     0        0.0088     4        0.0139 UserPurge1: 1     2486   36.73%
      0     0        0.0088     6        0.0139 UserPurge1: 1     2487   36.73%
      0     0        0.0088     2        0.0139 UserPurge1: 1     2490   36.73%
      0     0        0.0088     4        0.0139 UserPurge1: 1     2491   36.73%
      0     0        0.0088     4        0.0139 UserPurge1: 1     2493   36.73%
      0     0        0.0088     4        0.0139 UserPurge1: 1     2496   36.73%
      0     0        0.0088     4        0.0139 UserPurge1: 1     2500   36.73%
      0     0        0.0088     4        0.0139 UserPurge1: 1     2501   36.73%
      0     0        0.0088     5        0.0139 UserPurge1: 1     2502   36.73%
      0     0        0.0088     4        0.0139 UserPurge1: 1     2506   36.73%
      0     0        0.0088     4        0.0139 UserPurge1: 1     2507   36.73%
      0     0        0.0088     6        0.0139 UserPurge1: 1     2508   36.73%
      0     0        0.0088     6        0.0139 UserPurge1: 1     2510   36.73%
      0     0        0.0088     8        0.0139 UserPurge1: 1     2511   36.73%
      0     0        0.0088     7        0.0139 UserPurge1: 1     2514   36.73%
      0     0        0.0088     7        0.0139 UserPurge1: 1     2515   36.73%
      0     0        0.0088     7        0.0139 UserPurge1: 1     2517   36.73%
      0     0        0.0088     6        0.0139 UserPurge1: 1     2520   36.73%
      0     0        0.0088     8        0.0139 UserPurge1: 1     2522   36.73%
      0     0        0.0088     7        0.0139 UserPurge1: 1     2524   36.73%
      0     0        0.0088     7        0.0139 UserPurge1: 1     2525   36.73%
      0     0        0.0088     9        0.0139 UserPurge1: 1     2526   36.73%
      0     0        0.0088     9        0.0139 UserPurge1: 1     2527   36.73%
      0     0        0.0088     9        0.0139 UserPurge1: 1     2528   36.73%
      0     0        0.0088     9        0.0139 UserPurge1: 1     2529   36.73%
      0     0        0.0088     9        0.0139 UserPurge1: 1     2530   36.73%
      0     0        0.0088     9        0.0139 UserPurge1: 1     2531   36.73%
      0     0        0.0088     9        0.0139 UserPurge1: 1     2532   36.73%
      0     0        0.0088     9        0.0139 UserPurge1: 1     2533   36.73%
      0     0        0.0088     9        0.0139 UserPurge1: 1     2534   36.73%
      0     0        0.0088     9        0.0139 UserPurge1: 1     2535   36.73%
      0     0        0.0088     9        0.0139 UserPurge1: 1     2536   36.73%
      0     0        0.0088    10        0.0139 UserPurge1: 1     2537   36.73%
      0     0        0.0088     5        0.0139 UserPurge1: 1     2543   36.73%
      0     0        0.0088     5        0.0139 UserPurge1: 1     2545   36.73%
      0     0        0.0088     5        0.0139 UserPurge1: 1     2546   36.73%
      0     0        0.0088     5        0.0139 UserPurge1: 1     2547   36.73%
      0     0        0.0088     5        0.0139 UserPurge1: 1     2550   36.73%
      0     0        0.0088     5        0.0139 UserPurge1: 1     2551   36.73%
      0     0        0.0088     7        0.0139 UserPurge1: 1     2552   36.73%
      0     0        0.0088     7        0.0139 UserPurge1: 1     2553   36.73%
      0     0        0.0088     7        0.0139 UserPurge1: 1     2554   36.73%
      0     0        0.0088     7        0.0139 UserPurge1: 1     2555   36.73%
      0     0        0.0088     7        0.0139 UserPurge1: 1     2557   36.73%
      0     0        0.0088     7        0.0139 UserPurge1: 1     2558   36.73%
      0     0        0.0088     7        0.0139 UserPurge1: 1     2559   36.73%
      0     0        0.0088     7        0.0139 UserPurge1: 1     2560   36.73%
      0     0        0.0088     7        0.0139 UserPurge1: 1     2561   36.73%
      0     0        0.0088     9        0.0139 UserPurge1: 1     2562   36.73%
      0     0        0.0088     4        0.0139 UserPurge1: 1     2569   36.73%
      0     0        0.0088     6        0.0139 UserPurge1: 1     2570   36.73%
      0     0        0.0088     6        0.0139 UserPurge1: 1     2574   36.73%
      0     0        0.0088     7        0.0139 UserPurge1: 1     2575   36.73%
      0     0        0.0088     6        0.0139 UserPurge1: 1     2578   36.73%
      0     0        0.0088     7        0.0139 UserPurge1: 1     2580   36.73%
      0     0        0.0088     8        0.0139 UserPurge1: 1     2582   36.73%
      0     0        0.0088     9        0.0139 UserPurge1: 1     2583   36.73%
      0     0        0.0088    10        0.0139 UserPurge1: 1     2584   36.73%
      0     0        0.0088     3        0.0139 UserPurge1: 1     2586   36.73%
      0     0        0.0088     5        0.0139 UserPurge1: 1     2588   36.73%
      0     0        0.0088     7        0.0139 UserPurge1: 1     2589   36.73%
      0     0        0.0088     6        0.0139 UserPurge1: 1     2592   36.73%
      0     0        0.0088     7        0.0139 UserPurge1: 1     2594   36.73%
      0     0        0.0088     7        0.0139 UserPurge1: 1     2595   36.73%
      0     0        0.0088     9        0.0139 UserPurge1: 1     2597   36.73%
      0     0        0.0088     9        0.0139 UserPurge1: 1     2598   36.73%
      0     0        0.0088     4        0.0139 UserPurge1: 1     2602   36.73%
      0     0        0.0088     6        0.0139 UserPurge1: 1     2603   36.73%
      0     0        0.0088     7        0.0139 UserPurge1: 1     2604   36.73%
      0     0        0.0088     8        0.0139 UserPurge1: 1     2607   36.73%
      0     0        0.0088     8        0.0139 UserPurge1: 1     2608   36.73%
      0     0        0.0088     8        0.0139 UserPurge1: 1     2609   36.73%
      0     0        0.0088     9        0.0139 UserPurge1: 1     2610   36.73%
      0     0        0.0088    10        0.0139 UserPurge1: 1     2611   36.73%
      0     0        0.0088     4        0.0139 UserPurge1: 1     2612   36.73%
      0     0        0.0088     4        0.0139 UserPurge1: 1     2613   36.73%
      0     0        0.0088     6        0.0139 UserPurge1: 1     2614   36.73%
      0     0        0.0088     5        0.0139 UserPurge1: 1     2616   36.73%
      0     0        0.0088     5        0.0139 UserPurge1: 1     2618   36.73%
      0     0        0.0088     7        0.0139 UserPurge1: 1     2619   36.73%
      0     0        0.0088     8        0.0139 UserPurge1: 1     2620   36.73%
      0     0        0.0088     9        0.0139 UserPurge1: 1     2622   36.73%
      0     0        0.0088     9        0.0139 UserPurge1: 1     2623   36.73%
      0     0        0.0088    10        0.0139 UserPurge1: 1     2624   36.73%
      0     0        0.0088     3        0.0139 UserPurge1: 1     2625   36.73%
      0     0        0.0088     5        0.0139 UserPurge1: 1     2627   36.73%
      0     0        0.0088     7        0.0139 UserPurge1: 1     2629   36.73%
      0     0        0.0088     7        0.0139 UserPurge1: 1     2630   36.73%
      0     0        0.0088     7        0.0139 UserPurge1: 1     2631   36.73%
      0     0        0.0088     7        0.0139 UserPurge1: 1     2632   36.73%
      0     0        0.0088     9        0.0139 UserPurge1: 1     2635   36.73%
      0     0        0.0088     9        0.0139 UserPurge1: 1     2637   36.73%
      0     0        0.0088     8        0.0139 UserPurge1: 1     2640   36.73%
      0     0        0.0088     9        0.0139 UserPurge1: 1     2643   36.73%
      0     0        0.0088     9        0.0139 UserPurge1: 1     2644   36.73%
      0     0        0.0088    11        0.0139 UserPurge1: 1     2645   36.73%
      0     0        0.0088     4        0.0139 UserPurge1: 1     2648   36.73%
      0     0        0.0088     4        0.0139 UserPurge1: 1     2649   36.73%
      0     0        0.0088     6        0.0139 UserPurge1: 1     2651   36.73%
      0     0        0.0088     6        0.0139 UserPurge1: 1     2652   36.73%
      0     0        0.0088     6        0.0139 UserPurge1: 1     2654   36.73%
      0     0        0.0088     8        0.0139 UserPurge1: 1     2656   36.73%
      0     0        0.0088     6        0.0139 UserPurge1: 1     2658   36.73%
      0     0        0.0088     6        0.0139 UserPurge1: 1     2659   36.73%
      0     0        0.0088     7        0.0139 UserPurge1: 1     2660   36.73%
      0     0        0.0088     9        0.0139 UserPurge1: 1     2661   36.73%
      0     0        0.0088     9        0.0139 UserPurge1: 1     2662   36.73%
      0     0        0.0088     9        0.0139 UserPurge1: 1     2663   36.73%
      0     0        0.0088     9        0.0139 UserPurge1: 1     2664   36.73%
      0     0        0.0088     9        0.0139 UserPurge1: 1     2665   36.73%
      0     0        0.0088    10        0.0139 UserPurge1: 1     2666   36.73%
      0     0        0.0088     4        0.0139 UserPurge1: 1     2669   36.73%
      0     0        0.0088     4        0.0139 UserPurge1: 1     2672   36.73%
      0     0        0.0088     5        0.0139 UserPurge1: 1     2673   36.73%
      0     0        0.0088     7        0.0139 UserPurge1: 1     2677   36.73%
      0     0        0.0088     7        0.0139 UserPurge1: 1     2680   36.73%
      0     0        0.0088     7        0.0139 UserPurge1: 1     2681   36.73%
      0     0        0.0088     6        0.0139 UserPurge1: 1     2686   36.73%
      0     0        0.0088     6        0.0139 UserPurge1: 1     2687   36.73%
      0     0        0.0088     8        0.0139 UserPurge1: 1     2689   36.73%
      0     0        0.0088     8        0.0139 UserPurge1: 1     2690   36.73%
      0     0        0.0088     8        0.0139 UserPurge1: 1     2691   36.73%
      0     0        0.0088     9        0.0139 UserPurge1: 1     2692   36.73%
      0     0        0.0088     9        0.0139 UserPurge1: 1     2693   36.73%
      0     0        0.0088     7        0.0139 UserPurge1: 1     2695   36.73%
      0     0        0.0088     7        0.0139 UserPurge1: 1     2696   36.73%
      0     0        0.0088     5        0.0139 UserPurge1: 1     2700   36.73%
      0     0        0.0088     6        0.0139 UserPurge1: 1     2701   36.73%
      0     0        0.0088     6        0.0139 UserPurge1: 1     2703   36.73%
      0     0        0.0088     7        0.0139 UserPurge1: 1     2705   36.73%
      0     0        0.0088     7        0.0139 UserPurge1: 1     2706   36.73%
      0     0        0.0088     7        0.0139 UserPurge1: 1     2707   36.73%
      0     0        0.0088     8        0.0139 UserPurge1: 1     2708   36.73%
      0     0        0.0088     8        0.0139 UserPurge1: 1     2710   36.73%
      0     0        0.0088     9        0.0139 UserPurge1: 1     2712   36.73%
      0     0        0.0088     9        0.0139 UserPurge1: 1     2714   36.73%
      0     0        0.0088     9        0.0139 UserPurge1: 1     2715   36.73%
      0     0        0.0088     9        0.0139 UserPurge1: 1     2716   36.73%
      0     0        0.0088     9        0.0139 UserPurge1: 1     2717   36.73%
      0     0        0.0088     9        0.0139 UserPurge1: 1     2718   36.73%
      0     0        0.0088     9        0.0139 UserPurge1: 1     2719   36.73%
      0     0        0.0088    11        0.0139 UserPurge1: 1     2720   36.73%
      0     0        0.0088     4        0.0139 UserPurge1: 1     2723   36.73%
      0     0        0.0088     6        0.0139 UserPurge1: 1     2726   36.73%
      0     0        0.0088     6        0.0139 UserPurge1: 1     2731   36.73%
      0     0        0.0088     4        0.0139 UserPurge1: 1     2734   36.73%
      0     0        0.0088     2        0.0139 UserPurge1: 1     2736   36.73%
      0     0        0.0088     4        0.0139 UserPurge1: 1     2738   36.73%
      0     0        0.0088     4        0.0139 UserPurge1: 1     2739   36.73%
      0     0        0.0088     4        0.0139 UserPurge1: 1     2741   36.73%
      0     0        0.0088     5        0.0139 UserPurge1: 1     2742   36.73%
      0     0        0.0088     7        0.0139 UserPurge1: 1     2744   36.73%
      0     0        0.0088     8        0.0139 UserPurge1: 1     2745   36.73%
      0     0        0.0088     9        0.0139 UserPurge1: 1     2748   36.73%
      0     0        0.0088     9        0.0139 UserPurge1: 1     2749   36.73%
      0     0        0.0088     9        0.0139 UserPurge1: 1     2750   36.73%
      0     0        0.0088     9        0.0139 UserPurge1: 1     2751   36.73%
      0     0        0.0088     9        0.0139 UserPurge1: 1     2752   36.73%
      0     0        0.0088     9        0.0139 UserPurge1: 1     2753   36.73%
      0     0        0.0088    10        0.0139 UserPurge1: 1     2754   36.73%
      0     0        0.0088     2        0.0139 UserPurge1: 1     2756   36.73%
      0     0        0.0088     4        0.0139 UserPurge1: 1     2757   36.73%
      0     0        0.0088     6        0.0139 UserPurge1: 1     2762   36.73%
      0     0        0.0088     4        0.0139 UserPurge1: 1     2766   36.73%
      0     0        0.0088     7        0.0139 UserPurge1: 1     2770   36.73%
      0     0        0.0088     7        0.0139 UserPurge1: 1     2771   36.73%
      0     0        0.0088     7        0.0139 UserPurge1: 1     2773   36.73%
      0     0        0.0088     9        0.0139 UserPurge1: 1     2774   36.73%
      0     0        0.0088     9        0.0139 UserPurge1: 1     2776   36.73%
      0     0        0.0088     9        0.0139 UserPurge1: 1     2777   36.73%
      0     0        0.0088     9        0.0139 UserPurge1: 1     2778   36.73%
      0     0        0.0088     9        0.0139 UserPurge1: 1     2779   36.73%
      0     0        0.0088     9        0.0139 UserPurge1: 1     2780   36.73%
      0     0        0.0088     9        0.0139 UserPurge1: 1     2781   36.73%
      0     0        0.0088    11        0.0139 UserPurge1: 1     2782   36.73%
      0     0        0.0088     4        0.0139 UserPurge1: 1     2786   36.73%
      0     0        0.0088     4        0.0139 UserPurge1: 1     2791   36.73%
      0     0        0.0088     5        0.0139 UserPurge1: 1     2792   36.73%
      0     0        0.0088     5        0.0139 UserPurge1: 1     2795   36.73%
      0     0        0.0088     7        0.0139 UserPurge1: 1     2796   36.73%
      0     0        0.0088     5        0.0139 UserPurge1: 1     2799   36.73%
      0     0        0.0088     4        0.0139 UserPurge1: 1     2802   36.73%
      0     0        0.0088     7        0.0139 UserPurge1: 1     2804   36.73%
      0     0        0.0088     7        0.0139 UserPurge1: 1     2805   36.73%
      0     0        0.0088     9        0.0139 UserPurge1: 1     2806   36.73%
      0     0        0.0088     9        0.0139 UserPurge1: 1     2807   36.73%
      0     0        0.0088     9        0.0139 UserPurge1: 1     2809   36.73%
      0     0        0.0088     9        0.0139 UserPurge1: 1     2810   36.73%
      0     0        0.0088     9        0.0139 UserPurge1: 1     2811   36.73%
      0     0        0.0088     9        0.0139 UserPurge1: 1     2812   36.73%
      0     0        0.0088    11        0.0139 UserPurge1: 1     2813   36.73%
      0     0        0.0088     2        0.0139 UserPurge1: 1     2818   36.73%
      0     0        0.0088     4        0.0139 UserPurge1: 1     2819   36.73%
      0     0        0.0088     5        0.0139 UserPurge1: 1     2820   36.73%
      0     0        0.0088     5        0.0139 UserPurge1: 1     2823   36.73%
      0     0        0.0088     5        0.0139 UserPurge1: 1     2825   36.73%
      0     0        0.0088     4        0.0139 UserPurge1: 1     2827   36.73%
      0     0        0.0088     5        0.0139 UserPurge1: 1     2829   36.73%
      0     0        0.0088     5        0.0139 UserPurge1: 1     2830   36.73%
      0     0        0.0088     7        0.0139 UserPurge1: 1     2835   36.73%
      0     0        0.0088     6        0.0139 UserPurge1: 1     2838   36.73%
      0     0        0.0088     7        0.0139 UserPurge1: 1     2839   36.73%
      0     0        0.0088     6        0.0139 UserPurge1: 1     2842   36.73%
      0     0        0.0088     7        0.0139 UserPurge1: 1     2843   36.73%
      0     0        0.0088     8        0.0139 UserPurge1: 1     2844   36.73%
      0     0        0.0088     9        0.0139 UserPurge1: 1     2846   36.73%
      0     0        0.0088     9        0.0139 UserPurge1: 1     2847   36.73%
      0     0        0.0088     9        0.0139 UserPurge1: 1     2848   36.73%
      0     0        0.0088     9        0.0139 UserPurge1: 1     2849   36.73%
      0     0        0.0088     9        0.0139 UserPurge1: 1     2850   36.73%
      0     0        0.0088     9        0.0139 UserPurge1: 1     2851   36.73%
      0     0        0.0088     9        0.0139 UserPurge1: 1     2852   36.73%
      0     0        0.0088     9        0.0139 UserPurge1: 1     2853   36.73%
      0     0        0.0088     9        0.0139 UserPurge1: 1     2854   36.73%
      0     0        0.0088     9        0.0139 UserPurge1: 1     2855   36.73%
      0     0        0.0088     9        0.0139 UserPurge1: 1     2856   36.73%
      0     0        0.0088     9        0.0139 UserPurge1: 1     2857   36.73%
      0     0        0.0088     9        0.0139 UserPurge1: 1     2858   36.73%
      0     0        0.0088     9        0.0139 UserPurge1: 1     2859   36.73%
      0     0        0.0088     9        0.0139 UserPurge1: 1     2860   36.73%
      0     0        0.0088     9        0.0139 UserPurge1: 1     2861   36.73%
      0     0        0.0088     9        0.0139 UserPurge1: 1     2862   36.73%
      0     0        0.0088    11        0.0139 UserPurge1: 1     2863   36.73%
      0     0        0.0088     6        0.0139 UserPurge1: 1     2864   36.73%
      0     0        0.0088     7        0.0139 UserPurge1: 1     2865   36.73%
      0     0        0.0088     3        0.0139 UserPurge1: 1     2870   36.73%
      0     0        0.0088     5        0.0139 UserPurge1: 1     2874   36.73%
      0     0        0.0088     5        0.0139 UserPurge1: 1     2876   36.73%
      0     0        0.0088     7        0.0139 UserPurge1: 1     2877   36.73%
      0     0        0.0088     8        0.0139 UserPurge1: 1     2878   36.73%
      0     0        0.0088     8        0.0139 UserPurge1: 1     2879   36.73%
      0     0        0.0088     8        0.0139 UserPurge1: 1     2880   36.73%
      0     0        0.0088     8        0.0139 UserPurge1: 1     2881   36.73%
      0     0        0.0088     8        0.0139 UserPurge1: 1     2882   36.73%
      0     0        0.0088     9        0.0139 UserPurge1: 1     2883   36.73%
      0     0        0.0088     8        0.0139 UserPurge1: 1     2885   36.73%
      0     0        0.0088     8        0.0139 UserPurge1: 1     2886   36.73%
      0     0        0.0088     7        0.0139 UserPurge1: 1     2889   36.73%
      0     0        0.0088     6        0.0139 UserPurge1: 1     2891   36.73%
      0     0        0.0088     7        0.0139 UserPurge1: 1     2894   36.73%
      0     0        0.0088     9        0.0139 UserPurge1: 1     2895   36.73%
      0     0        0.0088     7        0.0139 UserPurge1: 1     2897   36.73%
      0     0        0.0088     9        0.0139 UserPurge1: 1     2899   36.73%
      0     0        0.0088     9        0.0139 UserPurge1: 1     2901   36.73%
      0     0        0.0088    10        0.0139 UserPurge1: 1     2902   36.73%
      0     0        0.0088     6        0.0139 UserPurge1: 1     2904   36.73%
      0     0        0.0088     6        0.0139 UserPurge1: 1     2907   36.73%
      0     0        0.0088     8        0.0139 UserPurge1: 1     2908   36.73%
      0     0        0.0088     8        0.0139 UserPurge1: 1     2909   36.73%
      0     0        0.0088    10        0.0139 UserPurge1: 1     2910   36.73%
      0     0        0.0088     7        0.0139 UserPurge1: 1     2912   36.73%
      0     0        0.0088     7        0.0139 UserPurge1: 1     2914   36.73%
      0     0        0.0088     7        0.0139 UserPurge1: 1     2915   36.73%
      0     0        0.0088     8        0.0139 UserPurge1: 1     2916   36.73%
      0     0        0.0088     9        0.0139 UserPurge1: 1     2917   36.73%
      0     0        0.0088     9        0.0139 UserPurge1: 1     2920   36.73%
      0     0        0.0088     9        0.0139 UserPurge1: 1     2921   36.73%
      0     0        0.0088    10        0.0139 UserPurge1: 1     2923   36.73%
      0     0        0.0088     7        0.0139 UserPurge1: 1     2927   36.73%
      0     0        0.0088     8        0.0139 UserPurge1: 1     2930   36.73%
      0     0        0.0088     9        0.0139 UserPurge1: 1     2932   36.73%
      0     0        0.0088    10        0.0139 UserPurge1: 1     2933   36.73%
      0     0        0.0088     5        0.0139 UserPurge1: 1     2934   36.73%
      0     0        0.0088     5        0.0139 UserPurge1: 1     2936   36.73%
      0     0        0.0088     5        0.0139 UserPurge1: 1     2939   36.73%
      0     0        0.0088     6        0.0139 UserPurge1: 1     2941   36.73%
      0     0        0.0088     7        0.0139 UserPurge1: 1     2944   36.73%
      0     0        0.0088     8        0.0139 UserPurge1: 1     2945   36.73%
      0     0        0.0088     8        0.0139 UserPurge1: 1     2946   36.73%
      0     0        0.0088     8        0.0139 UserPurge1: 1     2947   36.73%
      0     0        0.0088     8        0.0139 UserPurge1: 1     2948   36.73%
      0     0        0.0088     8        0.0139 UserPurge1: 1     2949   36.73%
      0     0        0.0088     8        0.0139 UserPurge1: 1     2950   36.73%
      0     0        0.0088     9        0.0139 UserPurge1: 1     2951   36.73%
      0     0        0.0088     5        0.0139 UserPurge1: 1     2961   36.73%
      0     0        0.0088     6        0.0139 UserPurge1: 1     2963   36.73%
      0     0        0.0088     6        0.0139 UserPurge1: 1     2967   36.73%
      0     0        0.0088     6        0.0139 UserPurge1: 1     2968   36.73%
      0     0        0.0088     7        0.0139 UserPurge1: 1     2970   36.73%
      0     0        0.0088     7        0.0139 UserPurge1: 1     2973   36.73%
      0     0        0.0088     9        0.0139 UserPurge1: 1     2974   36.73%
      0     0        0.0088     9        0.0139 UserPurge1: 1     2975   36.73%
      0     0        0.0088     9        0.0139 UserPurge1: 1     2976   36.73%
      0     0        0.0088    10        0.0139 UserPurge1: 1     2977   36.73%
      0     0        0.0088     2        0.0139 UserPurge1: 1     2980   36.73%
      0     0        0.0088     4        0.0139 UserPurge1: 1     2983   36.73%
      0     0        0.0088     4        0.0139 UserPurge1: 1     2986   36.73%
      0     0        0.0088     4        0.0139 UserPurge1: 1     2989   36.73%
      0     0        0.0088     6        0.0139 UserPurge1: 1     2991   36.73%
      0     0        0.0088     4        0.0139 UserPurge1: 1     2993   36.73%
      0     0        0.0088     5        0.0139 UserPurge1: 1     2994   36.73%
      0     0        0.0088     6        0.0139 UserPurge1: 1     2995   36.73%
      0     0        0.0088     8        0.0139 UserPurge1: 1     2996   36.73%
      0     0        0.0088     9        0.0139 UserPurge1: 1     2997   36.73%
      0     0        0.0088     9        0.0139 UserPurge1: 1     2998   36.73%
      0     0        0.0088     9        0.0139 UserPurge1: 1     2999   36.73%
      0     0        0.0088    10        0.0139 UserPurge1: 1     3000   36.73%
      0     0        0.0088     4        0.0139 UserPurge1: 1     3002   36.73%
      0     0        0.0088     4        0.0139 UserPurge1: 1     3004   36.73%
      0     0        0.0088     4        0.0139 UserPurge1: 1     3006   36.73%
      0     0        0.0088     6        0.0139 UserPurge1: 1     3007   36.73%
      0     0        0.0088     7        0.0139 UserPurge1: 1     3008   36.73%
      0     0        0.0088     9        0.0139 UserPurge1: 1     3009   36.73%
      0     0        0.0088    10        0.0139 UserPurge1: 1     3010   36.73%
      0     0        0.0088     4        0.0139 UserPurge1: 1     3012   36.73%
      0     0        0.0088     4        0.0139 UserPurge1: 1     3014   36.73%
      0     0        0.0088     6        0.0139 UserPurge1: 1     3015   36.73%
      0     0        0.0088     6        0.0139 UserPurge1: 1     3016   36.73%
      0     0        0.0088     6        0.0139 UserPurge1: 1     3017   36.73%
      0     0        0.0088     6        0.0139 UserPurge1: 1     3018   36.73%
      0     0        0.0088     7        0.0139 UserPurge1: 1     3020   36.73%
      0     0        0.0088     8        0.0139 UserPurge1: 1     3023   36.73%
      0     0        0.0088     8        0.0139 UserPurge1: 1     3024   36.73%
      0     0        0.0088     8        0.0139 UserPurge1: 1     3025   36.73%
      0     0        0.0088     9        0.0139 UserPurge1: 1     3026   36.73%
      0     0        0.0088     7        0.0139 UserPurge1: 1     3028   36.73%
      0     0        0.0088     7        0.0139 UserPurge1: 1     3029   36.73%
      0     0        0.0088     9        0.0139 UserPurge1: 1     3030   36.73%
      0     0        0.0088    10        0.0139 UserPurge1: 1     3031   36.73%
      0     0        0.0088     2        0.0139 UserPurge1: 1     3032   36.73%
      0     0        0.0088     4        0.0139 UserPurge1: 1     3034   36.73%
      0     0        0.0088     6        0.0139 UserPurge1: 1     3038   36.73%
      0     0        0.0088     6        0.0139 UserPurge1: 1     3039   36.73%
      0     0        0.0088     6        0.0139 UserPurge1: 1     3041   36.73%
      0     0        0.0088     6        0.0139 UserPurge1: 1     3042   36.73%
      0     0        0.0088     6        0.0139 UserPurge1: 1     3043   36.73%
      0     0        0.0088     6        0.0139 UserPurge1: 1     3044   36.73%
      0     0        0.0088     8        0.0139 UserPurge1: 1     3045   36.73%
      0     0        0.0088     9        0.0139 UserPurge1: 1     3046   36.73%
      0     0        0.0088     9        0.0139 UserPurge1: 1     3048   36.73%
      0     0        0.0088     9        0.0139 UserPurge1: 1     3049   36.73%
      0     0        0.0088     9        0.0139 UserPurge1: 1     3050   36.73%
      0     0        0.0088     9        0.0139 UserPurge1: 1     3051   36.73%
      0     0        0.0088     9        0.0139 UserPurge1: 1     3052   36.73%
      0     0        0.0088     9        0.0139 UserPurge1: 1     3053   36.73%
      0     0        0.0088     9        0.0139 UserPurge1: 1     3054   36.73%
      0     0        0.0088    10        0.0139 UserPurge1: 1     3055   36.73%
      0     0        0.0088     4        0.0139 UserPurge1: 1     3056   36.73%
      0     0        0.0088     4        0.0139 UserPurge1: 1     3058   36.73%
      0     0        0.0088     4        0.0139 UserPurge1: 1     3059   36.73%
      0     0        0.0088     5        0.0139 UserPurge1: 1     3062   36.73%
      0     0        0.0088     4        0.0139 UserPurge1: 1     3066   36.73%
      0     0        0.0088     4        0.0139 UserPurge1: 1     3067   36.73%
      0     0        0.0088     6        0.0139 UserPurge1: 1     3069   36.73%
      0     0        0.0088     4        0.0139 UserPurge1: 1     3072   36.73%
      0     0        0.0088     4        0.0139 UserPurge1: 1     3075   36.73%
      0     0        0.0088     6        0.0139 UserPurge1: 1     3076   36.73%
      0     0        0.0088     8        0.0139 UserPurge1: 1     3077   36.73%
      0     0        0.0088     8        0.0139 UserPurge1: 1     3078   36.73%
      0     0        0.0088     9        0.0139 UserPurge1: 1     3079   36.73%
      0     0        0.0088     9        0.0139 UserPurge1: 1     3080   36.73%
      0     0        0.0088     9        0.0139 UserPurge1: 1     3081   36.73%
      0     0        0.0088     9        0.0139 UserPurge1: 1     3082   36.73%
      0     0        0.0088     9        0.0139 UserPurge1: 1     3083   36.73%
      0     0        0.0088     9        0.0139 UserPurge1: 1     3084   36.73%
      0     0        0.0088     9        0.0139 UserPurge1: 1     3085   36.73%
      0     0        0.0088     9        0.0139 UserPurge1: 1     3086   36.73%
      0     0        0.0088     9        0.0139 UserPurge1: 1     3087   36.73%
      0     0        0.0088    10        0.0139 UserPurge1: 1     3088   36.73%
      0     0        0.0088     2        0.0139 UserPurge1: 1     3089   36.73%
      0     0        0.0088     4        0.0139 UserPurge1: 1     3090   36.73%
      0     0        0.0088     5        0.0139 UserPurge1: 1     3092   36.73%
      0     0        0.0088     4        0.0139 UserPurge1: 1     3096   36.73%
      0     0        0.0088     6        0.0139 UserPurge1: 1     3097   36.73%
      0     0        0.0088     7        0.0139 UserPurge1: 1     3098   36.73%
      0     0        0.0088     9        0.0139 UserPurge1: 1     3100   36.73%
      0     0        0.0088     9        0.0139 UserPurge1: 1     3101   36.73%
      0     0        0.0088     9        0.0139 UserPurge1: 1     3102   36.73%
      0     0        0.0088     6        0.0139 UserPurge1: 1     3106   36.73%
      0     0        0.0088     6        0.0139 UserPurge1: 1     3109   36.73%
      0     0        0.0088     6        0.0139 UserPurge1: 1     3110   36.73%
      0     0        0.0088     6        0.0139 UserPurge1: 1     3112   36.73%
      0     0        0.0088     7        0.0139 UserPurge1: 1     3113   36.73%
      0     0        0.0088     9        0.0139 UserPurge1: 1     3114   36.73%
      0     0        0.0088     9        0.0139 UserPurge1: 1     3117   36.73%
      0     0        0.0088     9        0.0139 UserPurge1: 1     3118   36.73%
      0     0        0.0088     7        0.0139 UserPurge1: 1     3121   36.73%
      0     0        0.0088     7        0.0139 UserPurge1: 1     3122   36.73%
      0     0        0.0088     7        0.0139 UserPurge1: 1     3123   36.73%
      0     0        0.0088     7        0.0139 UserPurge1: 1     3124   36.73%
      0     0        0.0088     7        0.0139 UserPurge1: 1     3125   36.73%
      0     0        0.0088     7        0.0139 UserPurge1: 1     3126   36.73%
      0     0        0.0088     7        0.0139 UserPurge1: 1     3127   36.73%
      0     0        0.0088     7        0.0139 UserPurge1: 1     3128   36.73%
      0     0        0.0088     9        0.0139 UserPurge1: 1     3129   36.73%
      0     0        0.0088     9        0.0139 UserPurge1: 1     3130   36.73%
      0     0        0.0088     6        0.0139 UserPurge1: 1     3138   36.73%
      0     0        0.0088     6        0.0139 UserPurge1: 1     3139   36.73%
      0     0        0.0088     7        0.0139 UserPurge1: 1     3140   36.73%
      0     0        0.0088     9        0.0139 UserPurge1: 1     3141   36.73%
      0     0        0.0088     7        0.0139 UserPurge1: 1     3143   36.73%
      0     0        0.0088     8        0.0139 UserPurge1: 1     3144   36.73%
      0     0        0.0088    10        0.0139 UserPurge1: 1     3145   36.73%
      0     0        0.0088     4        0.0139 UserPurge1: 1     3146   36.73%
      0     0        0.0088     5        0.0139 UserPurge1: 1     3150   36.73%
      0     0        0.0088     7        0.0139 UserPurge1: 1     3152   36.73%
      0     0        0.0088     5        0.0139 UserPurge1: 1     3154   36.73%
      0     0        0.0088     5        0.0139 UserPurge1: 1     3156   36.73%
      0     0        0.0088     6        0.0139 UserPurge1: 1     3157   36.73%
      0     0        0.0088     7        0.0139 UserPurge1: 1     3159   36.73%
      0     0        0.0088     4        0.0139 UserPurge1: 1     3161   36.73%
      0     0        0.0088     4        0.0139 UserPurge1: 1     3163   36.73%
      0     0        0.0088     4        0.0139 UserPurge1: 1     3165   36.73%
      0     0        0.0088     5        0.0139 UserPurge1: 1     3166   36.73%
      0     0        0.0088     6        0.0139 UserPurge1: 1     3167   36.73%
      0     0        0.0088     7        0.0139 UserPurge1: 1     3169   36.73%
      0     0        0.0088     6        0.0139 UserPurge1: 1     3171   36.73%
      0     0        0.0088     6        0.0139 UserPurge1: 1     3172   36.73%
      0     0        0.0088     6        0.0139 UserPurge1: 1     3173   36.73%
      0     0        0.0088     7        0.0139 UserPurge1: 1     3174   36.73%
      0     0        0.0088     8        0.0139 UserPurge1: 1     3177   36.73%
      0     0        0.0088     9        0.0139 UserPurge1: 1     3178   36.73%
      0     0        0.0088     9        0.0139 UserPurge1: 1     3179   36.73%
      0     0        0.0088     9        0.0139 UserPurge1: 1     3180   36.73%
      0     0        0.0088     9        0.0139 UserPurge1: 1     3181   36.73%
      0     0        0.0088     9        0.0139 UserPurge1: 1     3182   36.73%
      0     0        0.0088    10        0.0139 UserPurge1: 1     3183   36.73%
      0     0        0.0088     4        0.0139 UserPurge1: 1     3185   36.73%
      0     0        0.0088     4        0.0139 UserPurge1: 1     3186   36.73%
      0     0        0.0088     5        0.0139 UserPurge1: 1     3187   36.73%
      0     0        0.0088     5        0.0139 UserPurge1: 1     3190   36.73%
      0     0        0.0088     6        0.0139 UserPurge1: 1     3192   36.73%
      0     0        0.0088     7        0.0139 UserPurge1: 1     3194   36.73%
      0     0        0.0088     4        0.0139 UserPurge1: 1     3197   36.73%
      0     0        0.0088     5        0.0139 UserPurge1: 1     3198   36.73%
      0     0        0.0088     8        0.0139 UserPurge1: 1     3200   36.73%
      0     0        0.0088     8        0.0139 UserPurge1: 1     3201   36.73%
      0     0        0.0088     8        0.0139 UserPurge1: 1     3202   36.73%
      0     0        0.0088     9        0.0139 UserPurge1: 1     3204   36.73%
      0     0        0.0088     9        0.0139 UserPurge1: 1     3206   36.73%
      0     0        0.0088     9        0.0139 UserPurge1: 1     3207   36.73%
      0     0        0.0088     9        0.0139 UserPurge1: 1     3208   36.73%
      0     0        0.0088     9        0.0139 UserPurge1: 1     3209   36.73%
      0     0        0.0088     9        0.0139 UserPurge1: 1     3210   36.73%
      0     0        0.0088     2        0.0139 UserPurge1: 1     3214   36.73%
      0     0        0.0088     3        0.0139 UserPurge1: 1     3215   36.73%
      0     0        0.0088     4        0.0139 UserPurge1: 1     3216   36.73%
      0     0        0.0088     5        0.0139 UserPurge1: 1     3218   36.73%
      0     0        0.0088     7        0.0139 UserPurge1: 1     3219   36.73%
      0     0        0.0088     7        0.0139 UserPurge1: 1     3220   36.73%
      0     0        0.0088     6        0.0139 UserPurge1: 1     3222   36.73%
      0     0        0.0088     7        0.0139 UserPurge1: 1     3223   36.73%
      0     0        0.0088     7        0.0139 UserPurge1: 1     3225   36.73%
      0     0        0.0088     7        0.0139 UserPurge1: 1     3227   36.73%
      0     0        0.0088     7        0.0139 UserPurge1: 1     3228   36.73%
      0     0        0.0088     8        0.0139 UserPurge1: 1     3229   36.73%
      0     0        0.0088     8        0.0139 UserPurge1: 1     3230   36.73%
      0     0        0.0088    10        0.0139 UserPurge1: 1     3231   36.73%
      0     0        0.0088     4        0.0139 UserPurge1: 1     3233   36.73%
      0     0        0.0088     4        0.0139 UserPurge1: 1     3234   36.73%
      0     0        0.0088     6        0.0139 UserPurge1: 1     3235   36.73%
      0     0        0.0088     8        0.0139 UserPurge1: 1     3236   36.73%
      0     0        0.0088     8        0.0139 UserPurge1: 1     3237   36.73%
      0     0        0.0088     8        0.0139 UserPurge1: 1     3239   36.73%
      0     0        0.0088     8        0.0139 UserPurge1: 1     3240   36.73%
      0     0        0.0088     8        0.0139 UserPurge1: 1     3241   36.73%
      0     0        0.0088     8        0.0139 UserPurge1: 1     3242   36.73%
      0     0        0.0088     8        0.0139 UserPurge1: 1     3243   36.73%
      0     0        0.0088     8        0.0139 UserPurge1: 1     3244   36.73%
      0     0        0.0088     8        0.0139 UserPurge1: 1     3245   36.73%
      0     0        0.0088     8        0.0139 UserPurge1: 1     3246   36.73%
      0     0        0.0088     9        0.0139 UserPurge1: 1     3247   36.73%

User cuts applied:  33

Root node processing (before b&c):
  Real time             =    2.88 sec. (404.03 ticks)
Parallel b&c, 4 threads:
  Real time             =    0.00 sec. (0.00 ticks)
  Sync time (average)   =    0.00 sec.
  Wait time (average)   =    0.00 sec.
                          ------------
Total (root+branch&cut) =    2.88 sec. (404.03 ticks)
