run_id,plan,policy,algorithm,settings,attained_z,maxmin_upper_bound,service,fine_service,coverage_fraction,travel_person_minutes,source_certified,primary_relative_gap,secondary_relative_gap,seconds,result_sha256
core_ND_balanced_base_r1,core_v1,proposed,benders_flow,"{""pattern"": ""balanced"", ""scarcity"": 1.0, ""loss"": 0.0, ""replication"": 1, ""seed"": 20260925, ""k"": 5, ""detour"": 1.5, ""delta"": 15.0, ""window"": 90.0, ""concentration"": null, ""assisted_share"": null, ""assistance"": 0.5, ""partition"": ""three"", ""demand_scale"": 1.0, ""network"": ""ND""}",0.3571428471428571,0.35717592592592595,"[0.3571428471428571, 0.35714284714285716, 0.35714284714285716]","[0.3571428471428571, 0.35714284714285716, 0.35714284714285716]",0.3571428471428571,424299.98151999974,True,9.262059518616144e-05,7.85908620926894e-05,5.894661500118673,06c53916cb935135810c2904d0be57df2ba639f8aadeb263b282bb05e8a6f2f6
core_ND_balanced_base_r2,core_v1,proposed,benders_flow,"{""pattern"": ""balanced"", ""scarcity"": 1.0, ""loss"": 0.0, ""replication"": 2, ""seed"": 20260925, ""k"": 5, ""detour"": 1.5, ""delta"": 15.0, ""window"": 90.0, ""concentration"": null, ""assisted_share"": null, ""assistance"": 0.5, ""partition"": ""three"", ""demand_scale"": 1.0, ""network"": ""ND""}",0.35714284714285716,0.3571764864137747,"[0.35714284714285716, 0.35714284714285716, 0.35714284714285716]","[0.35714284714285716, 0.35714284714285716, 0.35714284714285716]",0.35714284714285705,424299.9815199998,True,9.418996120643197e-05,9.821534876627169e-05,8.022767800139263,49dfd18d6a8cfe857021e0ee736bd8fd2e97119a2c4cdda5aa8657090cbd2acd
core_ND_balanced_base_r3,core_v1,proposed,benders_flow,"{""pattern"": ""balanced"", ""scarcity"": 1.0, ""loss"": 0.0, ""replication"": 3, ""seed"": 20260925, ""k"": 5, ""detour"": 1.5, ""delta"": 15.0, ""window"": 90.0, ""concentration"": null, ""assisted_share"": null, ""assistance"": 0.5, ""partition"": ""three"", ""demand_scale"": 1.0, ""network"": ""ND""}",0.35714284714285705,0.3571777779789058,"[0.35714284714285705, 0.35714284714285705, 0.35714284714285705]","[0.35714284714285705, 0.35714284714285705, 0.35714284714285705]",0.35714284714285705,424299.98151999974,True,9.78063436751458e-05,8.643305459372906e-05,6.622996800113469,f4c63bf4979195bb8ea10e94b758f956bd581b9fa110f5ed84420e168edd2f49
core_ND_balanced_moderate_r1,core_v1,proposed,benders_flow,"{""pattern"": ""balanced"", ""scarcity"": 0.8, ""loss"": 0.0, ""replication"": 1, ""seed"": 20260925, ""k"": 5, ""detour"": 1.5, ""delta"": 15.0, ""window"": 90.0, ""concentration"": null, ""assisted_share"": null, ""assistance"": 0.5, ""partition"": ""three"", ""demand_scale"": 1.0, ""network"": ""ND""}",0.25952379952380955,0.2595238095238096,"[0.25952379952380955, 0.2595237995238096, 0.2595237995238096]","[0.25952379952380955, 0.2595237995238096, 0.2595237995238096]",0.25952379952380955,301919.98152000003,True,3.8532111770081264e-08,0.0,0.5233027999056503,33e535bef6da491ec943b29a582bcaa2b1b4e620cd65c315027551652ed1fe93
core_ND_balanced_moderate_r2,core_v1,proposed,benders_flow,"{""pattern"": ""balanced"", ""scarcity"": 0.8, ""loss"": 0.0, ""replication"": 2, ""seed"": 20260925, ""k"": 5, ""detour"": 1.5, ""delta"": 15.0, ""window"": 90.0, ""concentration"": null, ""assisted_share"": null, ""assistance"": 0.5, ""partition"": ""three"", ""demand_scale"": 1.0, ""network"": ""ND""}",0.2595237995238095,0.25953073089700995,"[0.25952379952380955, 0.2595237995238095, 0.2595237995238095]","[0.25952379952380955, 0.2595237995238095, 0.2595237995238095]",0.2595237995238095,301919.9815199999,True,2.6708044553819156e-05,4.872944587997863e-08,0.5805496999528259,c830115cee4217975f0b80ab9b7fbd75ae403b03a9a76eaf60b6946fca5e8172
core_ND_balanced_moderate_r3,core_v1,proposed,benders_flow,"{""pattern"": ""balanced"", ""scarcity"": 0.8, ""loss"": 0.0, ""replication"": 3, ""seed"": 20260925, ""k"": 5, ""detour"": 1.5, ""delta"": 15.0, ""window"": 90.0, ""concentration"": null, ""assisted_share"": null, ""assistance"": 0.5, ""partition"": ""three"", ""demand_scale"": 1.0, ""network"": ""ND""}",0.2595237995238094,0.25952380952380955,"[0.2595237995238094, 0.25952379952380944, 0.2595237995238094]","[0.2595237995238094, 0.25952379952380944, 0.2595237995238094]",0.25952379952380944,301919.9815199998,True,3.8532112197873666e-08,3.138315018438774e-07,0.8338808001717553,8676a858b75a9f15b94b348d54e65e6ad897cced9c6274e0579db7c812741a77
core_ND_balanced_severe_r1,core_v1,proposed,benders_flow,"{""pattern"": ""balanced"", ""scarcity"": 0.6, ""loss"": 0.0, ""replication"": 1, ""seed"": 20260925, ""k"": 5, ""detour"": 1.5, ""delta"": 15.0, ""window"": 90.0, ""concentration"": null, ""assisted_share"": null, ""assistance"": 0.5, ""partition"": ""three"", ""demand_scale"": 1.0, ""network"": ""ND""}",0.14999998999999994,0.14999999999999997,"[0.14999998999999994, 0.14999998999999997, 0.14999998999999997]","[0.14999998999999994, 0.14999998999999997, 0.14999998999999997]",0.14999998999999994,150479.9855519999,True,6.666667126105822e-08,7.145136304228324e-08,0.09778650000225753,108a6bef46aa6c960829e87cedd6fbe13e77be389d06929c75920e2454b372fe
core_ND_balanced_severe_r2,core_v1,proposed,benders_flow,"{""pattern"": ""balanced"", ""scarcity"": 0.6, ""loss"": 0.0, ""replication"": 2, ""seed"": 20260925, ""k"": 5, ""detour"": 1.5, ""delta"": 15.0, ""window"": 90.0, ""concentration"": null, ""assisted_share"": null, ""assistance"": 0.5, ""partition"": ""three"", ""demand_scale"": 1.0, ""network"": ""ND""}",0.14999998999999994,0.14999999999999997,"[0.14999998999999994, 0.14999998999999997, 0.14999998999999997]","[0.14999998999999994, 0.14999998999999997, 0.14999998999999997]",0.14999998999999994,150479.9855519999,True,6.666667126105822e-08,7.145136304228324e-08,0.12142409989610314,eaf03145be5cc612b5b7dcf321dd5d6722f2e10e78f7c574fc74512de0c11852
core_ND_balanced_severe_r3,core_v1,proposed,benders_flow,"{""pattern"": ""balanced"", ""scarcity"": 0.6, ""loss"": 0.0, ""replication"": 3, ""seed"": 20260925, ""k"": 5, ""detour"": 1.5, ""delta"": 15.0, ""window"": 90.0, ""concentration"": null, ""assisted_share"": null, ""assistance"": 0.5, ""partition"": ""three"", ""demand_scale"": 1.0, ""network"": ""ND""}",0.14999998999999994,0.14999999999999997,"[0.14999998999999994, 0.14999998999999997, 0.14999999]","[0.14999998999999994, 0.14999998999999997, 0.14999999]",0.14999998999999994,150479.98555199994,True,6.666667126105822e-08,7.145136267043816e-08,0.09585029981099069,84162ca6a2fa2f53bc3ad2171864d7a844b0ce36fc333f226d8e6015cd8ccf7f
core_ND_concentrated_base_r1,core_v1,proposed,benders_flow,"{""pattern"": ""concentrated"", ""scarcity"": 1.0, ""loss"": 0.0, ""replication"": 1, ""seed"": 20260925, ""k"": 5, ""detour"": 1.5, ""delta"": 15.0, ""window"": 90.0, ""concentration"": null, ""assisted_share"": null, ""assistance"": 0.5, ""partition"": ""three"", ""demand_scale"": 1.0, ""network"": ""ND""}",0.33427356253733626,0.33427357253733614,"[0.33427356253733626, 0.3342735625373363, 0.33427356253733626]","[0.33427356253733626, 0.3342735625373363, 0.33427356253733626]",0.3342735625373362,354737.5435689974,True,2.9915617040749976e-08,9.158584878294287e-05,2.1467414998915046,d4eea6afbeaaa91dad469f74a546d4e5a14cdfbc1ce11195c3b66732a919ad87
core_ND_concentrated_base_r2,core_v1,proposed,benders_flow,"{""pattern"": ""concentrated"", ""scarcity"": 1.0, ""loss"": 0.0, ""replication"": 2, ""seed"": 20260925, ""k"": 5, ""detour"": 1.5, ""delta"": 15.0, ""window"": 90.0, ""concentration"": null, ""assisted_share"": null, ""assistance"": 0.5, ""partition"": ""three"", ""demand_scale"": 1.0, ""network"": ""ND""}",0.3370269367714171,0.33702694677141726,"[0.3370269367714172, 0.3370269367714171, 0.3370269367714171]","[0.3370269367714172, 0.3370269367714171, 0.3370269367714171]",0.33702693677141715,359825.77915357886,True,2.96712193306146e-08,9.932332766311807e-05,1.1295368999708444,59514247e53153cd794fc7f750a99a7b3046781b2cdf3ebe6eb3f586b4f5d843
core_ND_concentrated_base_r3,core_v1,proposed,benders_flow,"{""pattern"": ""concentrated"", ""scarcity"": 1.0, ""loss"": 0.0, ""replication"": 3, ""seed"": 20260925, ""k"": 5, ""detour"": 1.5, ""delta"": 15.0, ""window"": 90.0, ""concentration"": null, ""assisted_share"": null, ""assistance"": 0.5, ""partition"": ""three"", ""demand_scale"": 1.0, ""network"": ""ND""}",0.3440508797142348,0.3440508897142349,"[0.34405087971423487, 0.3440508797142348, 0.3440508797142349]","[0.34405087971423487, 0.3440508797142348, 0.3440508797142349]",0.34405087971423487,376706.0257139224,True,2.906546878782767e-08,8.26696820805694e-05,1.6056444998830557,634dc4520e13978ad4c3b75d32f0683c00c7eacc8fa06a5c577106cd176b792b
core_ND_concentrated_moderate_r1,core_v1,proposed,benders_flow,"{""pattern"": ""concentrated"", ""scarcity"": 0.8, ""loss"": 0.0, ""replication"": 1, ""seed"": 20260925, ""k"": 5, ""detour"": 1.5, ""delta"": 15.0, ""window"": 90.0, ""concentration"": null, ""assisted_share"": null, ""assistance"": 0.5, ""partition"": ""three"", ""demand_scale"": 1.0, ""network"": ""ND""}",0.25952379952380955,0.2595436507936508,"[0.25952379952380955, 0.2595237995238096, 0.25952379952380955]","[0.25952379952380955, 0.2595237995238096, 0.25952379952380955]",0.25952379952380955,301919.9815199999,True,7.649113444585798e-05,0.0,0.8530209999298677,0c9821f12eb687f5a4c3760df9741c5163a09fd1f6c82e1817248cd66f4e1aac
core_ND_concentrated_moderate_r2,core_v1,proposed,benders_flow,"{""pattern"": ""concentrated"", ""scarcity"": 0.8, ""loss"": 0.0, ""replication"": 2, ""seed"": 20260925, ""k"": 5, ""detour"": 1.5, ""delta"": 15.0, ""window"": 90.0, ""concentration"": null, ""assisted_share"": null, ""assistance"": 0.5, ""partition"": ""three"", ""demand_scale"": 1.0, ""network"": ""ND""}",0.2595237995238095,0.25954212454212466,"[0.2595237995238095, 0.25952379952380955, 0.2595237995238095]","[0.2595237995238095, 0.25952379952380955, 0.2595237995238095]",0.25952379952380955,301919.98152,True,7.061016503608651e-05,1.9872815474378502e-08,0.723553100018762,7f038a641200477f8caa16eb80fe161ba63cf949e41b2b186259c0b0e024ee2c
core_ND_concentrated_moderate_r3,core_v1,proposed,benders_flow,"{""pattern"": ""concentrated"", ""scarcity"": 0.8, ""loss"": 0.0, ""replication"": 3, ""seed"": 20260925, ""k"": 5, ""detour"": 1.5, ""delta"": 15.0, ""window"": 90.0, ""concentration"": null, ""assisted_share"": null, ""assistance"": 0.5, ""partition"": ""three"", ""demand_scale"": 1.0, ""network"": ""ND""}",0.2595237995238096,0.2595457697642163,"[0.2595237995238096, 0.2595237995238096, 0.2595237995238096]","[0.2595237995238096, 0.2595237995238096, 0.2595237995238096]",0.25952379952380955,301919.9815200001,True,8.465597547118683e-05,5.230524987487302e-08,0.6196375001454726,4827f186520c3761944c5e8356bdcc13da1a5774b38ce0703bb777d5d2069c07
core_ND_concentrated_severe_r1,core_v1,proposed,benders_flow,"{""pattern"": ""concentrated"", ""scarcity"": 0.6, ""loss"": 0.0, ""replication"": 1, ""seed"": 20260925, ""k"": 5, ""detour"": 1.5, ""delta"": 15.0, ""window"": 90.0, ""concentration"": null, ""assisted_share"": null, ""assistance"": 0.5, ""partition"": ""three"", ""demand_scale"": 1.0, ""network"": ""ND""}",0.14999998999999997,0.15000000000000002,"[0.14999998999999997, 0.14999999, 0.14999999]","[0.14999998999999997, 0.14999999, 0.14999999]",0.14999998999999997,150479.98555199997,True,6.666667144609539e-08,7.145136267043813e-08,0.10138939996249974,f019441a581deb1a360dbc5f41edcd127ba8626ae3d1d53c13949a8e9f9e6ead
core_ND_concentrated_severe_r2,core_v1,proposed,benders_flow,"{""pattern"": ""concentrated"", ""scarcity"": 0.6, ""loss"": 0.0, ""replication"": 2, ""seed"": 20260925, ""k"": 5, ""detour"": 1.5, ""delta"": 15.0, ""window"": 90.0, ""concentration"": null, ""assisted_share"": null, ""assistance"": 0.5, ""partition"": ""three"", ""demand_scale"": 1.0, ""network"": ""ND""}",0.14999998999999997,0.15,"[0.14999999000000003, 0.14999999, 0.14999998999999997]","[0.14999999000000003, 0.14999999, 0.14999998999999997]",0.14999999,150479.98555200003,True,6.666667126105821e-08,7.145136285636066e-08,0.08805169991683215,7e8c9cea791c1aa6f072b6676a8651ca8d621d9dfedc8f5af7c1a277505bb963
core_ND_concentrated_severe_r3,core_v1,proposed,benders_flow,"{""pattern"": ""concentrated"", ""scarcity"": 0.6, ""loss"": 0.0, ""replication"": 3, ""seed"": 20260925, ""k"": 5, ""detour"": 1.5, ""delta"": 15.0, ""window"": 90.0, ""concentration"": null, ""assisted_share"": null, ""assistance"": 0.5, ""partition"": ""three"", ""demand_scale"": 1.0, ""network"": ""ND""}",0.14999998999999992,0.15,"[0.14999998999999992, 0.14999998999999994, 0.14999998999999992]","[0.14999998999999992, 0.14999998999999994, 0.14999998999999992]",0.14999998999999992,150479.9855533775,True,6.66666716311326e-08,7.146051786720006e-08,0.09260749991517514,589d3ba4f11ec6f59db454dc6c0b6cf4955f852fbda6944410ca7a1c23f60e1e
core_ND_loss_moderate_r1,core_v1,proposed,benders_flow,"{""pattern"": ""concentrated"", ""scarcity"": 0.8, ""loss"": 0.25, ""replication"": 1, ""seed"": 20260925, ""k"": 5, ""detour"": 1.5, ""delta"": 15.0, ""window"": 90.0, ""concentration"": null, ""assisted_share"": null, ""assistance"": 0.5, ""partition"": ""three"", ""demand_scale"": 1.0, ""network"": ""ND""}",0.25535713285714284,0.25537202380952384,"[0.25535713285714284, 0.2553571328571429, 0.25535713285714284]","[0.25535713285714284, 0.2553571328571429, 0.25535713285714284]",0.2553571328571428,296139.9815245699,True,5.831422139802779e-05,1.543162263514415e-11,0.8233559000073001,3b9aca825efe0ea4503727443d8c7a197e3b61b292804aaa3946951b7499282b
core_ND_loss_moderate_r2,core_v1,proposed,benders_flow,"{""pattern"": ""concentrated"", ""scarcity"": 0.8, ""loss"": 0.25, ""replication"": 2, ""seed"": 20260925, ""k"": 5, ""detour"": 1.5, ""delta"": 15.0, ""window"": 90.0, ""concentration"": null, ""assisted_share"": null, ""assistance"": 0.5, ""partition"": ""three"", ""demand_scale"": 1.0, ""network"": ""ND""}",0.25535713285714284,0.2553571428571429,"[0.2553571328571429, 0.2553571328571429, 0.25535713285714284]","[0.2553571328571429, 0.2553571328571429, 0.25535713285714284]",0.2553571328571429,296139.98152,True,3.9160840891184345e-08,0.0,0.8374346001073718,4410b9f7750a8db8d63162da53086da0c964a90e4d8949df4b4866e2b20d9e9d
core_ND_loss_moderate_r3,core_v1,proposed,benders_flow,"{""pattern"": ""concentrated"", ""scarcity"": 0.8, ""loss"": 0.25, ""replication"": 3, ""seed"": 20260925, ""k"": 5, ""detour"": 1.5, ""delta"": 15.0, ""window"": 90.0, ""concentration"": null, ""assisted_share"": null, ""assistance"": 0.5, ""partition"": ""three"", ""demand_scale"": 1.0, ""network"": ""ND""}",0.25535713285714284,0.2553720238095239,"[0.25535713285714284, 0.2553571328571429, 0.25535713285714284]","[0.25535713285714284, 0.2553571328571429, 0.25535713285714284]",0.25535713285714284,296139.98152,True,5.8314221398245173e-05,3.0129895435651235e-08,0.8522573999362066,f908269296b291cea029f7ad2d1df03fc7a319879f6fda33397a08ab4cb67633
core_ND_loss_severe_r1,core_v1,proposed,benders_flow,"{""pattern"": ""concentrated"", ""scarcity"": 0.8, ""loss"": 0.5, ""replication"": 1, ""seed"": 20260925, ""k"": 5, ""detour"": 1.5, ""delta"": 15.0, ""window"": 90.0, ""concentration"": null, ""assisted_share"": null, ""assistance"": 0.5, ""partition"": ""three"", ""demand_scale"": 1.0, ""network"": ""ND""}",0.2535714185714285,0.2535965931087881,"[0.2535714185714285, 0.25357141857142856, 0.2535714185714285]","[0.2535714185714285, 0.25357141857142856, 0.2535714185714285]",0.2535714185714285,302119.9815199998,True,9.927986955882621e-05,1.3345691819051508e-08,0.8967887001344934,075819ab3198285e75b05963110e67172d1bf1aa0b70d0ad1faba9d4e2359fb6
core_ND_loss_severe_r2,core_v1,proposed,benders_flow,"{""pattern"": ""concentrated"", ""scarcity"": 0.8, ""loss"": 0.5, ""replication"": 2, ""seed"": 20260925, ""k"": 5, ""detour"": 1.5, ""delta"": 15.0, ""window"": 90.0, ""concentration"": null, ""assisted_share"": null, ""assistance"": 0.5, ""partition"": ""three"", ""demand_scale"": 1.0, ""network"": ""ND""}",0.2535714185714285,0.2535799319727892,"[0.2535714185714286, 0.2535714185714286, 0.2535714185714285]","[0.2535714185714286, 0.2535714185714286, 0.2535714185714285]",0.25357141857142856,302119.9815199999,True,3.3573978521211276e-05,1.1455051714075713e-07,0.7564947000937536,577d07a0c9ef84202bf104aa9502a880be602a29ad06e5a4ddc68d4d309b58ae
core_ND_loss_severe_r3,core_v1,proposed,benders_flow,"{""pattern"": ""concentrated"", ""scarcity"": 0.8, ""loss"": 0.5, ""replication"": 3, ""seed"": 20260925, ""k"": 5, ""detour"": 1.5, ""delta"": 15.0, ""window"": 90.0, ""concentration"": null, ""assisted_share"": null, ""assistance"": 0.5, ""partition"": ""three"", ""demand_scale"": 1.0, ""network"": ""ND""}",0.2535714185714285,0.25358642884416077,"[0.25357141857142856, 0.2535714185714285, 0.2535714185714285]","[0.25357141857142856, 0.2535714185714285, 0.2535714185714285]",0.25357141857142856,302119.9815199999,True,5.919544409550615e-05,1.1455051769638315e-07,0.9176647999556735,6e228e400db31b31a9720480a8839b95b3ed5a1662eb5c7657fd28594fa8a268
core_SF_balanced_base_r1,core_v1,proposed,benders_flow,"{""pattern"": ""balanced"", ""scarcity"": 1.0, ""loss"": 0.0, ""replication"": 1, ""seed"": 20260925, ""k"": 5, ""detour"": 1.5, ""delta"": 15.0, ""window"": 90.0, ""concentration"": null, ""assisted_share"": null, ""assistance"": 0.5, ""partition"": ""three"", ""demand_scale"": 1.0, ""network"": ""SF""}",0.3113114431543904,0.3113116273273466,"[0.3113114431543904, 0.31131144315439047, 0.31131144315439047]","[0.3113114431543904, 0.31131144315439047, 0.31131144315439047]",0.3113114431543904,273727.48412988667,True,5.916035539761296e-07,1.7310694774033924e-05,0.041795099852606654,7aa7948734795bc4e05c097269294a604831b320e6f0b9d9bb0efc0413b8b9b9
core_SF_balanced_base_r2,core_v1,proposed,benders_flow,"{""pattern"": ""balanced"", ""scarcity"": 1.0, ""loss"": 0.0, ""replication"": 2, ""seed"": 20260925, ""k"": 5, ""detour"": 1.5, ""delta"": 15.0, ""window"": 90.0, ""concentration"": null, ""assisted_share"": null, ""assistance"": 0.5, ""partition"": ""three"", ""demand_scale"": 1.0, ""network"": ""SF""}",0.3113114431543904,0.3113116273273466,"[0.3113114431543904, 0.31131144315439047, 0.31131144315439047]","[0.3113114431543904, 0.31131144315439047, 0.31131144315439047]",0.3113114431543904,273727.48412988667,True,5.916035539761296e-07,1.7310694774033924e-05,0.059616099926643074,d392aae2f53d9852d4845c5080f07e42f73ab7d6e72f1e60a91f0b23f0c0017e
core_SF_balanced_base_r3,core_v1,proposed,benders_flow,"{""pattern"": ""balanced"", ""scarcity"": 1.0, ""loss"": 0.0, ""replication"": 3, ""seed"": 20260925, ""k"": 5, ""detour"": 1.5, ""delta"": 15.0, ""window"": 90.0, ""concentration"": null, ""assisted_share"": null, ""assistance"": 0.5, ""partition"": ""three"", ""demand_scale"": 1.0, ""network"": ""SF""}",0.31131144315439047,0.3113116273273466,"[0.3113114431543905, 0.3113114431543905, 0.31131144315439047]","[0.3113114431543905, 0.3113114431543905, 0.31131144315439047]",0.3113114431543905,273727.4841298869,True,5.916035537978156e-07,1.7310694428763996e-05,0.037225799984298646,01ed18609dbdf0ba313f741ab71b0f384b99200cec7edff75c15fad68400bbd5
core_SF_balanced_moderate_r1,core_v1,proposed,benders_flow,"{""pattern"": ""balanced"", ""scarcity"": 0.8, ""loss"": 0.0, ""replication"": 1, ""seed"": 20260925, ""k"": 5, ""detour"": 1.5, ""delta"": 15.0, ""window"": 90.0, ""concentration"": null, ""assisted_share"": null, ""assistance"": 0.5, ""partition"": ""three"", ""demand_scale"": 1.0, ""network"": ""SF""}",0.2170532434741379,0.21705325347413792,"[0.2170532434741379, 0.2170532434741379, 0.2170532434741379]","[0.2170532434741379, 0.2170532434741379, 0.2170532434741379]",0.2170532434741379,150188.89344960917,True,4.6071645198352114e-08,5.2981368645070194e-09,0.03716870001517236,f92d95f27d2695a6329af330bda329b5d7e7bb96857df043b72d88a32cbc8b21
core_SF_balanced_moderate_r2,core_v1,proposed,benders_flow,"{""pattern"": ""balanced"", ""scarcity"": 0.8, ""loss"": 0.0, ""replication"": 2, ""seed"": 20260925, ""k"": 5, ""detour"": 1.5, ""delta"": 15.0, ""window"": 90.0, ""concentration"": null, ""assisted_share"": null, ""assistance"": 0.5, ""partition"": ""three"", ""demand_scale"": 1.0, ""network"": ""SF""}",0.2170532434741379,0.2170532534741379,"[0.2170532434741379, 0.2170532434741379, 0.2170532434741379]","[0.2170532434741379, 0.2170532434741379, 0.2170532434741379]",0.2170532434741379,150188.89344960917,True,4.607164507047761e-08,5.2981368645070194e-09,0.03536760015413165,3e51fc238d83440efd07bfb097193e4d196649f1ea91d41c328ca02418262628
core_SF_balanced_moderate_r3,core_v1,proposed,benders_flow,"{""pattern"": ""balanced"", ""scarcity"": 0.8, ""loss"": 0.0, ""replication"": 3, ""seed"": 20260925, ""k"": 5, ""detour"": 1.5, ""delta"": 15.0, ""window"": 90.0, ""concentration"": null, ""assisted_share"": null, ""assistance"": 0.5, ""partition"": ""three"", ""demand_scale"": 1.0, ""network"": ""SF""}",0.2170532434741379,0.21705325347413795,"[0.2170532434741379, 0.21705324347413793, 0.21705324347413793]","[0.2170532434741379, 0.21705324347413793, 0.21705324347413793]",0.2170532434741379,150188.89344960917,True,4.607164532622661e-08,5.298136665872759e-09,0.0398684999672696,6fd49b116500823356b432fcde754c52e76eb9635a4ffb2ffd3af9b75d5348c5
core_SF_balanced_severe_r1,core_v1,proposed,benders_flow,"{""pattern"": ""balanced"", ""scarcity"": 0.6, ""loss"": 0.0, ""replication"": 1, ""seed"": 20260925, ""k"": 5, ""detour"": 1.5, ""delta"": 15.0, ""window"": 90.0, ""concentration"": null, ""assisted_share"": null, ""assistance"": 0.5, ""partition"": ""three"", ""demand_scale"": 1.0, ""network"": ""SF""}",0.11559590290923484,0.11559591290923484,"[0.11559590290923485, 0.11559590290923484, 0.11559590290923484]","[0.11559590290923485, 0.11559590290923484, 0.11559590290923484]",0.11559590290923485,92351.35401310617,True,8.650825628818676e-08,7.277621945613127e-07,0.03698330000042915,bd57de815d903ac7ca36672828d1d8d788c5981f01e8d7acd59acd2a984ad09d
core_SF_balanced_severe_r2,core_v1,proposed,benders_flow,"{""pattern"": ""balanced"", ""scarcity"": 0.6, ""loss"": 0.0, ""replication"": 2, ""seed"": 20260925, ""k"": 5, ""detour"": 1.5, ""delta"": 15.0, ""window"": 90.0, ""concentration"": null, ""assisted_share"": null, ""assistance"": 0.5, ""partition"": ""three"", ""demand_scale"": 1.0, ""network"": ""SF""}",0.11559590290923484,0.11559591290923484,"[0.11559590290923485, 0.11559590290923484, 0.11559590290923484]","[0.11559590290923485, 0.11559590290923484, 0.11559590290923484]",0.11559590290923485,92351.35401310617,True,8.650825628818676e-08,7.277621945613127e-07,0.03573330002836883,48d9bd05e733a48342e6b468a1c6826516bddb10df191ec3f87a60327329cdf7
core_SF_balanced_severe_r3,core_v1,proposed,benders_flow,"{""pattern"": ""balanced"", ""scarcity"": 0.6, ""loss"": 0.0, ""replication"": 3, ""seed"": 20260925, ""k"": 5, ""detour"": 1.5, ""delta"": 15.0, ""window"": 90.0, ""concentration"": null, ""assisted_share"": null, ""assistance"": 0.5, ""partition"": ""three"", ""demand_scale"": 1.0, ""network"": ""SF""}",0.11559590290923484,0.11559591290923484,"[0.11559590290923485, 0.11559590290923484, 0.11559590290923484]","[0.11559590290923485, 0.11559590290923484, 0.11559590290923484]",0.11559590290923485,92351.35401310617,True,8.650825628818676e-08,7.277621945613127e-07,0.043585099978372455,90f75e7915a8b04846484ebca8e2f9f5a633ac84ac5e8cf94f85ce6a6598cee1
core_SF_concentrated_base_r1,core_v1,proposed,benders_flow,"{""pattern"": ""concentrated"", ""scarcity"": 1.0, ""loss"": 0.0, ""replication"": 1, ""seed"": 20260925, ""k"": 5, ""detour"": 1.5, ""delta"": 15.0, ""window"": 90.0, ""concentration"": null, ""assisted_share"": null, ""assistance"": 0.5, ""partition"": ""three"", ""demand_scale"": 1.0, ""network"": ""SF""}",0.3113114431543905,0.3113116273273464,"[0.3113114431543905, 0.3113114431543905, 0.3113114431543905]","[0.3113114431543905, 0.3113114431543905, 0.3113114431543905]",0.3113114431543905,273727.4841298869,True,5.9160355308456e-07,1.7310694709513777e-05,0.05142219993285835,19e51d598570a1848bdb9262902cbd33ff51215fc45082e767f22168c7253583
core_SF_concentrated_base_r2,core_v1,proposed,benders_flow,"{""pattern"": ""concentrated"", ""scarcity"": 1.0, ""loss"": 0.0, ""replication"": 2, ""seed"": 20260925, ""k"": 5, ""detour"": 1.5, ""delta"": 15.0, ""window"": 90.0, ""concentration"": null, ""assisted_share"": null, ""assistance"": 0.5, ""partition"": ""three"", ""demand_scale"": 1.0, ""network"": ""SF""}",0.31131144315439047,0.31131162732734624,"[0.3113114431543905, 0.3113114431543906, 0.31131144315439047]","[0.3113114431543905, 0.3113114431543906, 0.31131144315439047]",0.3113114431543905,273727.48412988684,True,5.916035527279323e-07,1.7310694580037558e-05,0.04649669991340488,24f1a3738f8ca491df4d0db32e11bcf9ce9a352aa9356d591cd11e0e43052115
core_SF_concentrated_base_r3,core_v1,proposed,benders_flow,"{""pattern"": ""concentrated"", ""scarcity"": 1.0, ""loss"": 0.0, ""replication"": 3, ""seed"": 20260925, ""k"": 5, ""detour"": 1.5, ""delta"": 15.0, ""window"": 90.0, ""concentration"": null, ""assisted_share"": null, ""assistance"": 0.5, ""partition"": ""three"", ""demand_scale"": 1.0, ""network"": ""SF""}",0.3113114431543904,0.3113116273273465,"[0.3113114431543905, 0.3113114431543904, 0.31131144315439047]","[0.3113114431543905, 0.3113114431543904, 0.31131144315439047]",0.3113114431543905,273727.4841298868,True,5.916035537978157e-07,1.7310694652840694e-05,0.04134380002506077,b318166eb518c40e5698b17602322bc66e8649ef7172ad5b54243d3ecaa88189
core_SF_concentrated_moderate_r1,core_v1,proposed,benders_flow,"{""pattern"": ""concentrated"", ""scarcity"": 0.8, ""loss"": 0.0, ""replication"": 1, ""seed"": 20260925, ""k"": 5, ""detour"": 1.5, ""delta"": 15.0, ""window"": 90.0, ""concentration"": null, ""assisted_share"": null, ""assistance"": 0.5, ""partition"": ""three"", ""demand_scale"": 1.0, ""network"": ""SF""}",0.21705324347413782,0.2170532534741379,"[0.21705324347413782, 0.21705324347413782, 0.21705324347413785]","[0.21705324347413782, 0.21705324347413782, 0.21705324347413785]",0.21705324347413785,150188.8934496091,True,4.607164545410113e-08,5.298136268604242e-09,0.04079309990629554,59f3c5e9dd665c75845ab30e4e6e0a50e33edf69edd98422036af657f5f6b11a
core_SF_concentrated_moderate_r2,core_v1,proposed,benders_flow,"{""pattern"": ""concentrated"", ""scarcity"": 0.8, ""loss"": 0.0, ""replication"": 2, ""seed"": 20260925, ""k"": 5, ""detour"": 1.5, ""delta"": 15.0, ""window"": 90.0, ""concentration"": null, ""assisted_share"": null, ""assistance"": 0.5, ""partition"": ""three"", ""demand_scale"": 1.0, ""network"": ""SF""}",0.2170532434741379,0.2170532534741379,"[0.2170532434741379, 0.2170532434741379, 0.2170532434741379]","[0.2170532434741379, 0.2170532434741379, 0.2170532434741379]",0.2170532434741379,150188.8934496092,True,4.607164507047761e-08,5.2981368645070194e-09,0.05629609990864992,f17bc9ce4de67c184b1f05d23ea2598fc6c4b309d32f5473f30bbd6214b25ea0
core_SF_concentrated_moderate_r3,core_v1,proposed,benders_flow,"{""pattern"": ""concentrated"", ""scarcity"": 0.8, ""loss"": 0.0, ""replication"": 3, ""seed"": 20260925, ""k"": 5, ""detour"": 1.5, ""delta"": 15.0, ""window"": 90.0, ""concentration"": null, ""assisted_share"": null, ""assistance"": 0.5, ""partition"": ""three"", ""demand_scale"": 1.0, ""network"": ""SF""}",0.2170532434741379,0.21705325347413792,"[0.2170532434741379, 0.2170532434741379, 0.2170532434741379]","[0.2170532434741379, 0.2170532434741379, 0.2170532434741379]",0.2170532434741379,150188.89344960917,True,4.6071645198352114e-08,5.298136665872759e-09,0.04155650001484901,3b7f719dc616dac2a4cdfaa00101c7b99f9031469bf1809c1060ac549adaf67e
core_SF_concentrated_severe_r1,core_v1,proposed,benders_flow,"{""pattern"": ""concentrated"", ""scarcity"": 0.6, ""loss"": 0.0, ""replication"": 1, ""seed"": 20260925, ""k"": 5, ""detour"": 1.5, ""delta"": 15.0, ""window"": 90.0, ""concentration"": null, ""assisted_share"": null, ""assistance"": 0.5, ""partition"": ""three"", ""demand_scale"": 1.0, ""network"": ""SF""}",0.11559590290923479,0.11559591290923481,"[0.11559590290923481, 0.11559590290923479, 0.1155959029092348]","[0.11559590290923481, 0.11559590290923479, 0.1155959029092348]",0.1155959029092348,92351.35401310612,True,8.650825652829545e-08,7.277621960149677e-07,0.037575300084427,3d4a82255c2bdab1620e0b5494e622faede625c90f5ab461888442585f10d0dc
core_SF_concentrated_severe_r2,core_v1,proposed,benders_flow,"{""pattern"": ""concentrated"", ""scarcity"": 0.6, ""loss"": 0.0, ""replication"": 2, ""seed"": 20260925, ""k"": 5, ""detour"": 1.5, ""delta"": 15.0, ""window"": 90.0, ""concentration"": null, ""assisted_share"": null, ""assistance"": 0.5, ""partition"": ""three"", ""demand_scale"": 1.0, ""network"": ""SF""}",0.11559590290923483,0.11559591290923482,"[0.11559590290923485, 0.11559590290923483, 0.11559590290923483]","[0.11559590290923485, 0.11559590290923483, 0.11559590290923483]",0.11559590290923484,92351.35401310617,True,8.650825628818677e-08,7.277621977916563e-07,0.03726860007736832,458f61201e6e42af6f8d5cc26a994bb4e403c357599f32b6be1c21b6c122b7a4
core_SF_concentrated_severe_r3,core_v1,proposed,benders_flow,"{""pattern"": ""concentrated"", ""scarcity"": 0.6, ""loss"": 0.0, ""replication"": 3, ""seed"": 20260925, ""k"": 5, ""detour"": 1.5, ""delta"": 15.0, ""window"": 90.0, ""concentration"": null, ""assisted_share"": null, ""assistance"": 0.5, ""partition"": ""three"", ""demand_scale"": 1.0, ""network"": ""SF""}",0.11559590290923481,0.11559591290923482,"[0.11559590290923483, 0.11559590290923481, 0.11559590290923481]","[0.11559590290923483, 0.11559590290923481, 0.11559590290923481]",0.11559590290923483,92351.35401310616,True,8.65082564082411e-08,7.277621950458644e-07,0.03799580002669245,3dd40ba17f50464bda1444c1740b5077811ec90a91183d2dffd48765eb75d33e
core_SF_loss_moderate_r1,core_v1,proposed,benders_flow,"{""pattern"": ""concentrated"", ""scarcity"": 0.8, ""loss"": 0.25, ""replication"": 1, ""seed"": 20260925, ""k"": 5, ""detour"": 1.5, ""delta"": 15.0, ""window"": 90.0, ""concentration"": null, ""assisted_share"": null, ""assistance"": 0.5, ""partition"": ""three"", ""demand_scale"": 1.0, ""network"": ""SF""}",0.21705324347413787,0.21705325347413792,"[0.2170532434741379, 0.21705324347413787, 0.2170532434741379]","[0.2170532434741379, 0.21705324347413787, 0.2170532434741379]",0.2170532434741379,150188.8934496092,True,4.607164532622662e-08,5.298136665872759e-09,0.03973090008366853,3f73c1a80acaa4c978189db19516447223f874836498ed49854033e183d4f8dd
core_SF_loss_moderate_r2,core_v1,proposed,benders_flow,"{""pattern"": ""concentrated"", ""scarcity"": 0.8, ""loss"": 0.25, ""replication"": 2, ""seed"": 20260925, ""k"": 5, ""detour"": 1.5, ""delta"": 15.0, ""window"": 90.0, ""concentration"": null, ""assisted_share"": null, ""assistance"": 0.5, ""partition"": ""three"", ""demand_scale"": 1.0, ""network"": ""SF""}",0.2170532434741379,0.21705325347413795,"[0.2170532434741379, 0.2170532434741379, 0.2170532434741379]","[0.2170532434741379, 0.2170532434741379, 0.2170532434741379]",0.2170532434741379,150188.8934496092,True,4.607164532622661e-08,5.2981368645070194e-09,0.034671599976718426,39dde34c9ccd5bd1b066274cbebc711d038e6d2f41a8220b52844f835fd3739d
core_SF_loss_moderate_r3,core_v1,proposed,benders_flow,"{""pattern"": ""concentrated"", ""scarcity"": 0.8, ""loss"": 0.25, ""replication"": 3, ""seed"": 20260925, ""k"": 5, ""detour"": 1.5, ""delta"": 15.0, ""window"": 90.0, ""concentration"": null, ""assisted_share"": null, ""assistance"": 0.5, ""partition"": ""three"", ""demand_scale"": 1.0, ""network"": ""SF""}",0.21705324347413785,0.21705325347413792,"[0.21705324347413785, 0.21705324347413787, 0.2170532434741379]","[0.21705324347413785, 0.21705324347413787, 0.2170532434741379]",0.21705324347413787,150188.89344960914,True,4.6071645454101126e-08,5.29813666587276e-09,0.03890400007367134,748188d6c89a01cbd3ddcc9f98503ca93afa30ebd6b710a486ce145ad08bdbd5
core_SF_loss_severe_r1,core_v1,proposed,benders_flow,"{""pattern"": ""concentrated"", ""scarcity"": 0.8, ""loss"": 0.5, ""replication"": 1, ""seed"": 20260925, ""k"": 5, ""detour"": 1.5, ""delta"": 15.0, ""window"": 90.0, ""concentration"": null, ""assisted_share"": null, ""assistance"": 0.5, ""partition"": ""three"", ""demand_scale"": 1.0, ""network"": ""SF""}",0.21705324347413787,0.21705325347413792,"[0.2170532434741379, 0.21705324347413787, 0.2170532434741379]","[0.2170532434741379, 0.21705324347413787, 0.2170532434741379]",0.2170532434741379,150188.8934496092,True,4.607164532622662e-08,5.298136665872759e-09,0.03720149991568178,4fe7b491bd5e81f904404ca76f48bc34df2c52490c99fd0df217575e62338da4
core_SF_loss_severe_r2,core_v1,proposed,benders_flow,"{""pattern"": ""concentrated"", ""scarcity"": 0.8, ""loss"": 0.5, ""replication"": 2, ""seed"": 20260925, ""k"": 5, ""detour"": 1.5, ""delta"": 15.0, ""window"": 90.0, ""concentration"": null, ""assisted_share"": null, ""assistance"": 0.5, ""partition"": ""three"", ""demand_scale"": 1.0, ""network"": ""SF""}",0.2170532434741379,0.21705325347413792,"[0.2170532434741379, 0.2170532434741379, 0.2170532434741379]","[0.2170532434741379, 0.2170532434741379, 0.2170532434741379]",0.2170532434741379,150188.8934496092,True,4.6071645198352114e-08,5.2981368645070194e-09,0.034608400077559054,a1a02bbd766a5b6f936ce41164a574ed9de8a3ab763af3c8a50ab582dfd52a12
core_SF_loss_severe_r3,core_v1,proposed,benders_flow,"{""pattern"": ""concentrated"", ""scarcity"": 0.8, ""loss"": 0.5, ""replication"": 3, ""seed"": 20260925, ""k"": 5, ""detour"": 1.5, ""delta"": 15.0, ""window"": 90.0, ""concentration"": null, ""assisted_share"": null, ""assistance"": 0.5, ""partition"": ""three"", ""demand_scale"": 1.0, ""network"": ""SF""}",0.2170532434741379,0.21705325347413792,"[0.2170532434741379, 0.2170532434741379, 0.2170532434741379]","[0.2170532434741379, 0.2170532434741379, 0.2170532434741379]",0.2170532434741379,150188.89344960917,True,4.6071645198352114e-08,5.298136665872759e-09,0.035151499905623496,6b6342ae4371c51c28f2588b303196c3e0a7bacad3189a28241203b217efdbd5
core_Anaheim_balanced_base_r1,core_v1,proposed,benders_flow,"{""pattern"": ""balanced"", ""scarcity"": 1.0, ""loss"": 0.0, ""replication"": 1, ""seed"": 20260925, ""k"": 5, ""detour"": 1.5, ""delta"": 15.0, ""window"": 90.0, ""concentration"": null, ""assisted_share"": null, ""assistance"": 0.5, ""partition"": ""three"", ""demand_scale"": 1.0, ""network"": ""Anaheim""}",0.25775192798449625,0.25839490059230164,"[0.25775192798449625, 0.25775192798449625, 0.25775192798449625]","[0.25775192798449625, 0.25775192798449625, 0.25775192798449625]",0.25775192798449625,413177.34867147956,False,0.002494540439845151,0.0009154164752797091,1202.2915206002071,28239ee4343d298fce5048810230b291da70eb73accb6813f374153b90a24d97
core_Anaheim_balanced_base_r2,core_v1,proposed,benders_flow,"{""pattern"": ""balanced"", ""scarcity"": 1.0, ""loss"": 0.0, ""replication"": 2, ""seed"": 20260925, ""k"": 5, ""detour"": 1.5, ""delta"": 15.0, ""window"": 90.0, ""concentration"": null, ""assisted_share"": null, ""assistance"": 0.5, ""partition"": ""three"", ""demand_scale"": 1.0, ""network"": ""Anaheim""}",0.25581394348837216,0.25684467370309905,"[0.25581394348837216, 0.25581394348837216, 0.25581394348837216]","[0.25581394348837216, 0.25581394348837216, 0.25581394348837216]",0.25581394348837216,405759.5645834986,False,0.004029218269619982,0.006477935394240045,1203.399008099921,264ac289a006d068be9b5a94c63f17062df4565af5ee031ffe534d42fe506082
core_Anaheim_balanced_base_r3,core_v1,proposed,benders_flow,"{""pattern"": ""balanced"", ""scarcity"": 1.0, ""loss"": 0.0, ""replication"": 3, ""seed"": 20260925, ""k"": 5, ""detour"": 1.5, ""delta"": 15.0, ""window"": 90.0, ""concentration"": null, ""assisted_share"": null, ""assistance"": 0.5, ""partition"": ""three"", ""demand_scale"": 1.0, ""network"": ""Anaheim""}",0.24860195443150318,0.25101589567903815,"[0.24860195443150318, 0.24860195443150318, 0.24860195443150318]","[0.24860195443150318, 0.24860195443150315, 0.24860195443150315]",0.24860195443150318,402453.21533063566,False,0.009710065446006283,0.007003308872438649,1202.2720412999624,5b7b05dbc234fd538359fa58840dd38978ec16356487aa0afaad338c56848007
core_Anaheim_balanced_moderate_r1,core_v1,proposed,benders_flow,"{""pattern"": ""balanced"", ""scarcity"": 0.8, ""loss"": 0.0, ""replication"": 1, ""seed"": 20260925, ""k"": 5, ""detour"": 1.5, ""delta"": 15.0, ""window"": 90.0, ""concentration"": null, ""assisted_share"": null, ""assistance"": 0.5, ""partition"": ""three"", ""demand_scale"": 1.0, ""network"": ""Anaheim""}",0.2053003369554134,0.20608747075762412,"[0.2053003369554134, 0.20530033695541341, 0.2053003369554134]","[0.2053003369554134, 0.20530033695541341, 0.2053003369554134]",0.2053003369554134,281359.23364462936,False,0.0038340599625108526,0.00448679336041352,1201.722517300048,1603b4b2ab06ce140b073ea145c117e81a513d8981d244de5e622830171a98c1
core_Anaheim_balanced_moderate_r2,core_v1,proposed,benders_flow,"{""pattern"": ""balanced"", ""scarcity"": 0.8, ""loss"": 0.0, ""replication"": 2, ""seed"": 20260925, ""k"": 5, ""detour"": 1.5, ""delta"": 15.0, ""window"": 90.0, ""concentration"": null, ""assisted_share"": null, ""assistance"": 0.5, ""partition"": ""three"", ""demand_scale"": 1.0, ""network"": ""Anaheim""}",0.2031007651937984,0.20366176406620107,"[0.2031007651937984, 0.20310076519379847, 0.20310076519379844]","[0.2031007651937984, 0.20310076519379847, 0.20310076519379844]",0.2031007651937984,281508.2671668734,False,0.002762170156608484,9.977293479537666e-05,628.3982399001252,fedb5a31e97a8f99f5b41755fa57f93923aa6d3048c8a2674266d38174805a90
core_Anaheim_balanced_moderate_r3,core_v1,proposed,benders_flow,"{""pattern"": ""balanced"", ""scarcity"": 0.8, ""loss"": 0.0, ""replication"": 3, ""seed"": 20260925, ""k"": 5, ""detour"": 1.5, ""delta"": 15.0, ""window"": 90.0, ""concentration"": null, ""assisted_share"": null, ""assistance"": 0.5, ""partition"": ""three"", ""demand_scale"": 1.0, ""network"": ""Anaheim""}",0.1980384107675719,0.2001456008651685,"[0.1980384107675719, 0.1980384107675719, 0.1980384107675719]","[0.1980384107675719, 0.19803841076757187, 0.19803841076757187]",0.19803841076757192,274955.06260430755,False,0.010640310076360456,0.0022664043472765756,1202.6635899998946,f385d50f5339e12d6d8628277aece9a4a36b461d51a57fc6560b4e7a90f7e5a7
core_Anaheim_balanced_severe_r1,core_v1,proposed,benders_flow,"{""pattern"": ""balanced"", ""scarcity"": 0.6, ""loss"": 0.0, ""replication"": 1, ""seed"": 20260925, ""k"": 5, ""detour"": 1.5, ""delta"": 15.0, ""window"": 90.0, ""concentration"": null, ""assisted_share"": null, ""assistance"": 0.5, ""partition"": ""three"", ""demand_scale"": 1.0, ""network"": ""Anaheim""}",0.13255812953488377,0.13255813953488377,"[0.13255812953488377, 0.13255812953488377, 0.13255812953488377]","[0.13255812953488377, 0.13255812953488377, 0.13255812953488377]",0.13255812953488377,162425.44926541345,True,7.543860214250276e-08,4.4087540106666657e-16,2.140107400016859,2a047bbcba6180d493d4e0523856962d1592999672745e63b174aa3d3beb48da
core_Anaheim_balanced_severe_r2,core_v1,proposed,benders_flow,"{""pattern"": ""balanced"", ""scarcity"": 0.6, ""loss"": 0.0, ""replication"": 2, ""seed"": 20260925, ""k"": 5, ""detour"": 1.5, ""delta"": 15.0, ""window"": 90.0, ""concentration"": null, ""assisted_share"": null, ""assistance"": 0.5, ""partition"": ""three"", ""demand_scale"": 1.0, ""network"": ""Anaheim""}",0.13255812953488372,0.13255813953488377,"[0.13255812953488377, 0.13255812953488375, 0.13255812953488372]","[0.13255812953488377, 0.13255812953488375, 0.13255812953488372]",0.13255812953488375,162425.44926541342,True,7.543860256127115e-08,1.201913870301107e-07,2.3737553999526426,927e279d7fa3c2d35201254153a2e0f05c05910a96cb5f05e41ae74c79d17cfa
core_Anaheim_balanced_severe_r3,core_v1,proposed,benders_flow,"{""pattern"": ""balanced"", ""scarcity"": 0.6, ""loss"": 0.0, ""replication"": 3, ""seed"": 20260925, ""k"": 5, ""detour"": 1.5, ""delta"": 15.0, ""window"": 90.0, ""concentration"": null, ""assisted_share"": null, ""assistance"": 0.5, ""partition"": ""three"", ""demand_scale"": 1.0, ""network"": ""Anaheim""}",0.13255812953488375,0.13255813953488377,"[0.13255812953488375, 0.13255812953488375, 0.13255812953488377]","[0.13255812953488375, 0.13255812953488372, 0.13255812953488375]",0.13255812953488377,162425.4492654134,True,7.543860235188696e-08,1.201913870301107e-07,2.628457000013441,2b36eba628e7a29d2eae471fed87c4af03dd1c8e6ffc583c642e5ad3b38514b3
core_Anaheim_concentrated_base_r1,core_v1,proposed,benders_flow,"{""pattern"": ""concentrated"", ""scarcity"": 1.0, ""loss"": 0.0, ""replication"": 1, ""seed"": 20260925, ""k"": 5, ""detour"": 1.5, ""delta"": 15.0, ""window"": 90.0, ""concentration"": null, ""assisted_share"": null, ""assistance"": 0.5, ""partition"": ""three"", ""demand_scale"": 1.0, ""network"": ""Anaheim""}",0.25775192798449614,0.25837064703686935,"[0.2577519279844962, 0.25775192798449614, 0.25775192798449614]","[0.2577519279844962, 0.25775192798449614, 0.25775192798449614]",0.25775192798449614,413177.3486714792,False,0.00240044393542004,9.22550829209111e-05,626.4222770999186,009111732d05537b17c2923ceed61fd822b929893bba560ba7b1af5a3ce9a90a
core_Anaheim_concentrated_base_r2,core_v1,proposed,benders_flow,"{""pattern"": ""concentrated"", ""scarcity"": 1.0, ""loss"": 0.0, ""replication"": 2, ""seed"": 20260925, ""k"": 5, ""detour"": 1.5, ""delta"": 15.0, ""window"": 90.0, ""concentration"": null, ""assisted_share"": null, ""assistance"": 0.5, ""partition"": ""three"", ""demand_scale"": 1.0, ""network"": ""Anaheim""}",0.2558139434883721,0.2571230335634506,"[0.2558139434883721, 0.2558139434883721, 0.2558139434883721]","[0.25581394348837216, 0.2558139434883721, 0.2558139434883721]",0.25581394348837216,405759.56458349834,False,0.0051173523117125,9.937996446523638e-05,617.2695810000878,9441469a74a577605f4550ea83cdbed427eb4f067fadb1fb5ce4774947a99958
core_Anaheim_concentrated_base_r3,core_v1,proposed,benders_flow,"{""pattern"": ""concentrated"", ""scarcity"": 1.0, ""loss"": 0.0, ""replication"": 3, ""seed"": 20260925, ""k"": 5, ""detour"": 1.5, ""delta"": 15.0, ""window"": 90.0, ""concentration"": null, ""assisted_share"": null, ""assistance"": 0.5, ""partition"": ""three"", ""demand_scale"": 1.0, ""network"": ""Anaheim""}",0.24860195443150304,0.2519114880913873,"[0.24860195443150304, 0.24860195443150304, 0.24860195443150304]","[0.24860195443150304, 0.248601954431503, 0.24860195443150304]",0.24860195443150304,402453.2153306354,False,0.013312581019133272,0.00829677805794494,1202.5211243999656,1c2706aa6b3147263ade596f8c07ef2b643a552ee103e49355695e97873faa8e
core_Anaheim_concentrated_moderate_r1,core_v1,proposed,benders_flow,"{""pattern"": ""concentrated"", ""scarcity"": 0.8, ""loss"": 0.0, ""replication"": 1, ""seed"": 20260925, ""k"": 5, ""detour"": 1.5, ""delta"": 15.0, ""window"": 90.0, ""concentration"": null, ""assisted_share"": null, ""assistance"": 0.5, ""partition"": ""three"", ""demand_scale"": 1.0, ""network"": ""Anaheim""}",0.2053003369554134,0.2062933939659505,"[0.2053003369554134, 0.20530033695541341, 0.20530033695541344]","[0.20530033695541341, 0.20530033695541344, 0.20530033695541341]",0.20530033695541341,281359.23364462954,False,0.004837093914525761,0.004399748602027404,1201.9388829000527,ee664ee3db5b0502a2f56a989cb22f3adc59175bab96b5583f44709313169acc
core_Anaheim_concentrated_moderate_r2,core_v1,proposed,benders_flow,"{""pattern"": ""concentrated"", ""scarcity"": 0.8, ""loss"": 0.0, ""replication"": 2, ""seed"": 20260925, ""k"": 5, ""detour"": 1.5, ""delta"": 15.0, ""window"": 90.0, ""concentration"": null, ""assisted_share"": null, ""assistance"": 0.5, ""partition"": ""three"", ""demand_scale"": 1.0, ""network"": ""Anaheim""}",0.20310076519379835,0.20413488931777526,"[0.20310076519379844, 0.2031007651937984, 0.20310076519379835]","[0.20310076519379844, 0.20310076519379838, 0.20310076519379835]",0.20310076519379847,281508.26716687327,False,0.005091680097759111,9.691575166317031e-05,605.7975415999535,a21901e2871eb6e7c8f12cc2262567d2b8d5204128c939b03b1e529c4de2ccc4
core_Anaheim_concentrated_moderate_r3,core_v1,proposed,benders_flow,"{""pattern"": ""concentrated"", ""scarcity"": 0.8, ""loss"": 0.0, ""replication"": 3, ""seed"": 20260925, ""k"": 5, ""detour"": 1.5, ""delta"": 15.0, ""window"": 90.0, ""concentration"": null, ""assisted_share"": null, ""assistance"": 0.5, ""partition"": ""three"", ""demand_scale"": 1.0, ""network"": ""Anaheim""}",0.19803841076757187,0.2002426681086138,"[0.1980384107675719, 0.1980384107675719, 0.19803841076757187]","[0.1980384107675719, 0.19803841076757187, 0.19803841076757187]",0.19803841076757192,274955.062599623,False,0.011130453594827937,0.01558299798972346,1202.0501318000024,4135d4a4026b841e491b5f434886c5565910f90719fd9c48f5c6bd20d0b7e2b3
core_Anaheim_concentrated_severe_r1,core_v1,proposed,benders_flow,"{""pattern"": ""concentrated"", ""scarcity"": 0.6, ""loss"": 0.0, ""replication"": 1, ""seed"": 20260925, ""k"": 5, ""detour"": 1.5, ""delta"": 15.0, ""window"": 90.0, ""concentration"": null, ""assisted_share"": null, ""assistance"": 0.5, ""partition"": ""three"", ""demand_scale"": 1.0, ""network"": ""Anaheim""}",0.13255812953488375,0.13255813953488377,"[0.1325581295348838, 0.1325581295348838, 0.13255812953488375]","[0.1325581295348838, 0.1325581295348838, 0.13255812953488375]",0.13255812953488377,162425.4492654134,True,7.543860235188696e-08,1.2019138747098605e-07,1.871142499963753,75a98c3a5faaa1746bc301910313014b5fe4b017f97e2128019b4f624110a92b
core_Anaheim_concentrated_severe_r2,core_v1,proposed,benders_flow,"{""pattern"": ""concentrated"", ""scarcity"": 0.6, ""loss"": 0.0, ""replication"": 2, ""seed"": 20260925, ""k"": 5, ""detour"": 1.5, ""delta"": 15.0, ""window"": 90.0, ""concentration"": null, ""assisted_share"": null, ""assistance"": 0.5, ""partition"": ""three"", ""demand_scale"": 1.0, ""network"": ""Anaheim""}",0.13255812953488375,0.13255813953488377,"[0.13255812953488375, 0.13255812953488377, 0.13255812953488375]","[0.13255812953488375, 0.13255812953488375, 0.13255812953488375]",0.13255812953488375,163097.2674480134,True,7.543860235188696e-08,1.55120785522809e-07,2.324521599919535,481e9f6c32bb40fbf69d8069fb9c5082b9259820bc641bb286da75cc20def7f9
core_Anaheim_concentrated_severe_r3,core_v1,proposed,benders_flow,"{""pattern"": ""concentrated"", ""scarcity"": 0.6, ""loss"": 0.0, ""replication"": 3, ""seed"": 20260925, ""k"": 5, ""detour"": 1.5, ""delta"": 15.0, ""window"": 90.0, ""concentration"": null, ""assisted_share"": null, ""assistance"": 0.5, ""partition"": ""three"", ""demand_scale"": 1.0, ""network"": ""Anaheim""}",0.1325581295348837,0.13255813953488374,"[0.1325581295348837, 0.13255812953488375, 0.1325581295348837]","[0.1325581295348837, 0.13255812953488372, 0.1325581295348837]",0.13255812953488375,163097.26744801327,True,7.543860256127118e-08,1.5512078530327937e-07,2.4245233001420274,2a59ea5d47015a2ca5a58f6799e9cac20faa177a35caad2cfc43f213feb1cac9
core_Anaheim_loss_moderate_r1,core_v1,proposed,benders_flow,"{""pattern"": ""concentrated"", ""scarcity"": 0.8, ""loss"": 0.25, ""replication"": 1, ""seed"": 20260925, ""k"": 5, ""detour"": 1.5, ""delta"": 15.0, ""window"": 90.0, ""concentration"": null, ""assisted_share"": null, ""assistance"": 0.5, ""partition"": ""three"", ""demand_scale"": 1.0, ""network"": ""Anaheim""}",0.195998011374018,0.19761141378778457,"[0.195998011374018, 0.19599801137401804, 0.19599801137401804]","[0.19599801137401807, 0.19599801137401807, 0.19599801137401804]",0.19599801137401807,256306.22040339574,False,0.008231728487733214,9.986072405773396e-05,624.4930814999389,e5e96e823199c3cfe19505ca23d96f219d68adc30bf01985a1a55f9995715f01
core_Anaheim_loss_moderate_r2,core_v1,proposed,benders_flow,"{""pattern"": ""concentrated"", ""scarcity"": 0.8, ""loss"": 0.25, ""replication"": 2, ""seed"": 20260925, ""k"": 5, ""detour"": 1.5, ""delta"": 15.0, ""window"": 90.0, ""concentration"": null, ""assisted_share"": null, ""assistance"": 0.5, ""partition"": ""three"", ""demand_scale"": 1.0, ""network"": ""Anaheim""}",0.1937984396124031,0.19510815337187043,"[0.19379843961240312, 0.1937984396124031, 0.1937984396124031]","[0.1937984396124031, 0.19379843961240306, 0.1937984396124031]",0.19379843961240312,257485.54640993502,False,0.006758123347570641,9.992178542449623e-05,632.767576900078,0b16153794c308d4b1ff86aa758e229ce6a65e84466619e9fa98bee24aba0038
core_Anaheim_loss_moderate_r3,core_v1,proposed,benders_flow,"{""pattern"": ""concentrated"", ""scarcity"": 0.8, ""loss"": 0.25, ""replication"": 3, ""seed"": 20260925, ""k"": 5, ""detour"": 1.5, ""delta"": 15.0, ""window"": 90.0, ""concentration"": null, ""assisted_share"": null, ""assistance"": 0.5, ""partition"": ""three"", ""demand_scale"": 1.0, ""network"": ""Anaheim""}",0.18873608518617654,0.19094034252721848,"[0.18873608518617654, 0.18873608518617654, 0.18873608518617657]","[0.18873608518617654, 0.18873608518617652, 0.18873608518617657]",0.18873608518617654,251521.0189462896,False,0.01167904557767831,0.010335316957023917,1202.2389832001645,ffd0b48315286a084deb04c12241b1d7362eabd3132fd595f3521591f3b4de8f
core_Anaheim_loss_severe_r1,core_v1,proposed,benders_flow,"{""pattern"": ""concentrated"", ""scarcity"": 0.8, ""loss"": 0.5, ""replication"": 1, ""seed"": 20260925, ""k"": 5, ""detour"": 1.5, ""delta"": 15.0, ""window"": 90.0, ""concentration"": null, ""assisted_share"": null, ""assistance"": 0.5, ""partition"": ""three"", ""demand_scale"": 1.0, ""network"": ""Anaheim""}",0.18669568579262272,0.18797317089372764,"[0.18669568579262275, 0.18669568579262275, 0.18669568579262272]","[0.18669568579262277, 0.18669568579262277, 0.18669568579262272]",0.18669568579262275,234324.56068926267,False,0.006842606435608405,9.57271560982009e-05,619.622204199899,20d497cdfa72880588403619b6f2bdc34b934c136f55372af5ca6548f50fdec4
core_Anaheim_loss_severe_r2,core_v1,proposed,benders_flow,"{""pattern"": ""concentrated"", ""scarcity"": 0.8, ""loss"": 0.5, ""replication"": 2, ""seed"": 20260925, ""k"": 5, ""detour"": 1.5, ""delta"": 15.0, ""window"": 90.0, ""concentration"": null, ""assisted_share"": null, ""assistance"": 0.5, ""partition"": ""three"", ""demand_scale"": 1.0, ""network"": ""Anaheim""}",0.18449611403100777,0.18580582779047497,"[0.18449611403100777, 0.18449611403100777, 0.18449611403100777]","[0.18449611403100777, 0.18449611403100774, 0.18449611403100777]",0.1844961140310078,236100.97244678094,False,0.007098869081042441,8.928587611326813e-05,603.8582497000461,92bcb6f2efdbf9ded62e87c48651be5b55340030c5937568a16a52f4d3618b99
core_Anaheim_loss_severe_r3,core_v1,proposed,benders_flow,"{""pattern"": ""concentrated"", ""scarcity"": 0.8, ""loss"": 0.5, ""replication"": 3, ""seed"": 20260925, ""k"": 5, ""detour"": 1.5, ""delta"": 15.0, ""window"": 90.0, ""concentration"": null, ""assisted_share"": null, ""assistance"": 0.5, ""partition"": ""three"", ""demand_scale"": 1.0, ""network"": ""Anaheim""}",0.1794337596047811,0.18160985581779537,"[0.1794337596047811, 0.17943375960478114, 0.1794337596047811]","[0.1794337596047811, 0.1794337596047811, 0.1794337596047811]",0.17943375960478117,230285.49644068946,False,0.01212757408531877,0.0016027080191021422,1202.6445413999027,7f9d0d1d0d8fd771c535d7fb0f40813017e23e58bdf78e191fd3acfb23f9e2e4
core_Winnipeg_balanced_base_r1,core_v1,proposed,benders_flow,"{""pattern"": ""balanced"", ""scarcity"": 1.0, ""loss"": 0.0, ""replication"": 1, ""seed"": 20260925, ""k"": 5, ""detour"": 1.5, ""delta"": 15.0, ""window"": 90.0, ""concentration"": null, ""assisted_share"": null, ""assistance"": 0.5, ""partition"": ""three"", ""demand_scale"": 1.0, ""network"": ""Winnipeg""}",0.29513887888888884,0.2974537037037039,"[0.29513887888888896, 0.29513887888888884, 0.29513887888888884]","[0.29513887888888896, 0.29513887888888884, 0.29513887888888884]",0.29513887888888896,553307.0006124261,False,0.007843171403000775,0.0,604.6935325000668,6fbc246b679afea92d6dfe5599e240251e78afcd02d0d722fd065a4510498d36
core_Winnipeg_balanced_base_r2,core_v1,proposed,benders_flow,"{""pattern"": ""balanced"", ""scarcity"": 1.0, ""loss"": 0.0, ""replication"": 2, ""seed"": 20260925, ""k"": 5, ""detour"": 1.5, ""delta"": 15.0, ""window"": 90.0, ""concentration"": null, ""assisted_share"": null, ""assistance"": 0.5, ""partition"": ""three"", ""demand_scale"": 1.0, ""network"": ""Winnipeg""}",0.29513887888888884,0.2974537037037043,"[0.29513887888888884, 0.2951388788888889, 0.29513887888888896]","[0.2951388788888889, 0.2951388788888889, 0.29513887888888896]",0.29513887888888884,558736.2182755691,False,0.007843171403002091,0.0007281752144628994,1201.3840470002033,b3d4f184b1cf676bc8536a11af8b87ed6fa388bd548b612182c2559b43cc3324
core_Winnipeg_balanced_base_r3,core_v1,proposed,benders_flow,"{""pattern"": ""balanced"", ""scarcity"": 1.0, ""loss"": 0.0, ""replication"": 3, ""seed"": 20260925, ""k"": 5, ""detour"": 1.5, ""delta"": 15.0, ""window"": 90.0, ""concentration"": null, ""assisted_share"": null, ""assistance"": 0.5, ""partition"": ""three"", ""demand_scale"": 1.0, ""network"": ""Winnipeg""}",0.2951388788888888,0.29687500000000067,"[0.29513887888888884, 0.2951388788888888, 0.2951388788888889]","[0.2951388788888888, 0.2951388788888888, 0.2951388788888889]",0.29513887888888873,559284.4081236164,False,0.0058823870228411216,9.761464258103017e-05,644.7152348000091,4c4f945c0fef30aa3fd356ab2ff6555a48679a5e4ee99d956da18a3d490b6eb9
core_Winnipeg_balanced_moderate_r1,core_v1,proposed,benders_flow,"{""pattern"": ""balanced"", ""scarcity"": 0.8, ""loss"": 0.0, ""replication"": 1, ""seed"": 20260925, ""k"": 5, ""detour"": 1.5, ""delta"": 15.0, ""window"": 90.0, ""concentration"": null, ""assisted_share"": null, ""assistance"": 0.5, ""partition"": ""three"", ""demand_scale"": 1.0, ""network"": ""Winnipeg""}",0.23611110111111103,0.23611111111111116,"[0.23611110111111105, 0.23611110111111103, 0.23611110111111105]","[0.236111101111111, 0.23611110111111103, 0.23611110111111105]",0.23611110111111105,477427.82998970227,True,4.235294353571474e-08,9.748568691329041e-05,41.27119490003679,6c7201beaa9394d32c653b9ad71631f1f00565eb9bca81fd0ac11fca82bbbb81
core_Winnipeg_balanced_moderate_r2,core_v1,proposed,benders_flow,"{""pattern"": ""balanced"", ""scarcity"": 0.8, ""loss"": 0.0, ""replication"": 2, ""seed"": 20260925, ""k"": 5, ""detour"": 1.5, ""delta"": 15.0, ""window"": 90.0, ""concentration"": null, ""assisted_share"": null, ""assistance"": 0.5, ""partition"": ""three"", ""demand_scale"": 1.0, ""network"": ""Winnipeg""}",0.23611110111111114,0.23611111111111116,"[0.23611110111111117, 0.23611110111111114, 0.23611110111111117]","[0.23611110111111117, 0.23611110111111117, 0.23611110111111117]",0.23611110111111114,477427.8299897023,True,4.23529430655026e-08,9.967488856999664e-05,20.5009349999018,0cf50917cea2d5e8dbf3006ebdb3b7dff423ae4efe234073d91f7cf47c5b4c64
core_Winnipeg_balanced_moderate_r3,core_v1,proposed,benders_flow,"{""pattern"": ""balanced"", ""scarcity"": 0.8, ""loss"": 0.0, ""replication"": 3, ""seed"": 20260925, ""k"": 5, ""detour"": 1.5, ""delta"": 15.0, ""window"": 90.0, ""concentration"": null, ""assisted_share"": null, ""assistance"": 0.5, ""partition"": ""three"", ""demand_scale"": 1.0, ""network"": ""Winnipeg""}",0.2361111011111112,0.2361111111111112,"[0.2361111011111112, 0.23611110111111133, 0.23611110111111122]","[0.23611110111111117, 0.2361111011111113, 0.2361111011111112]",0.23611110111111117,477431.8299754617,True,4.2352942947949555e-08,6.363934785367603e-05,3.6368431999580935,283b74508776d123a383df6bccdf561b7b4c7d91c7c998ef6365b82f57aa66a5
core_Winnipeg_balanced_severe_r1,core_v1,proposed,benders_flow,"{""pattern"": ""balanced"", ""scarcity"": 0.6, ""loss"": 0.0, ""replication"": 1, ""seed"": 20260925, ""k"": 5, ""detour"": 1.5, ""delta"": 15.0, ""window"": 90.0, ""concentration"": null, ""assisted_share"": null, ""assistance"": 0.5, ""partition"": ""three"", ""demand_scale"": 1.0, ""network"": ""Winnipeg""}",0.14999998999999997,0.14999999999999997,"[0.14999998999999997, 0.14999998999999997, 0.14999999]","[0.14999998999999997, 0.14999998999999997, 0.14999999]",0.14999998999999997,238862.30847840203,True,6.666667107602103e-08,5.254065881186702e-09,1.9219561000354588,291ad14e88e323c342535a1eced462db1aa8a3585cf153a5fd903ff6ae953531
core_Winnipeg_balanced_severe_r2,core_v1,proposed,benders_flow,"{""pattern"": ""balanced"", ""scarcity"": 0.6, ""loss"": 0.0, ""replication"": 2, ""seed"": 20260925, ""k"": 5, ""detour"": 1.5, ""delta"": 15.0, ""window"": 90.0, ""concentration"": null, ""assisted_share"": null, ""assistance"": 0.5, ""partition"": ""three"", ""demand_scale"": 1.0, ""network"": ""Winnipeg""}",0.14999999,0.15,"[0.14999999, 0.14999999000000006, 0.14999999]","[0.14999999, 0.14999999000000006, 0.14999999]",0.14999998999999997,238862.30847840203,True,6.666667107602102e-08,5.254065755691719e-09,2.1318135999608785,a2dc92f333cc4f2f252bfcf2c9af61883251ba8c0d93d178d1ebc602b0fabba9
core_Winnipeg_balanced_severe_r3,core_v1,proposed,benders_flow,"{""pattern"": ""balanced"", ""scarcity"": 0.6, ""loss"": 0.0, ""replication"": 3, ""seed"": 20260925, ""k"": 5, ""detour"": 1.5, ""delta"": 15.0, ""window"": 90.0, ""concentration"": null, ""assisted_share"": null, ""assistance"": 0.5, ""partition"": ""three"", ""demand_scale"": 1.0, ""network"": ""Winnipeg""}",0.14999999,0.15000000000000008,"[0.14999999, 0.14999999, 0.14999999]","[0.14999998999999997, 0.14999998999999997, 0.14999998999999997]",0.14999998999999997,238862.30847840203,True,6.666667163113257e-08,5.254066132176672e-09,1.787140499916859,17452d97c63763ace5abb1ce6ef34b1225941dc3dc11fc18765ac0c6ac09077f
core_Winnipeg_concentrated_base_r1,core_v1,proposed,benders_flow,"{""pattern"": ""concentrated"", ""scarcity"": 1.0, ""loss"": 0.0, ""replication"": 1, ""seed"": 20260925, ""k"": 5, ""detour"": 1.5, ""delta"": 15.0, ""window"": 90.0, ""concentration"": null, ""assisted_share"": null, ""assistance"": 0.5, ""partition"": ""three"", ""demand_scale"": 1.0, ""network"": ""Winnipeg""}",0.2951388788888888,0.29745370370370405,"[0.2951388788888888, 0.2951388788888888, 0.2951388788888888]","[0.2951388788888888, 0.2951388788888888, 0.2951388788888888]",0.29513887888888884,553307.000612426,False,0.007843171403001527,1.7764423185090746e-08,604.6559661999345,8979505a22ff93b8f2a042d24a2b9975d4f64d3cd637fffe16bedbc4090e29dd
core_Winnipeg_concentrated_base_r2,core_v1,proposed,benders_flow,"{""pattern"": ""concentrated"", ""scarcity"": 1.0, ""loss"": 0.0, ""replication"": 2, ""seed"": 20260925, ""k"": 5, ""detour"": 1.5, ""delta"": 15.0, ""window"": 90.0, ""concentration"": null, ""assisted_share"": null, ""assistance"": 0.5, ""partition"": ""three"", ""demand_scale"": 1.0, ""network"": ""Winnipeg""}",0.2951388788888889,0.2974537037037042,"[0.29513887888888896, 0.2951388788888889, 0.29513887888888896]","[0.29513887888888896, 0.2951388788888889, 0.29513887888888896]",0.29513887888888896,558736.2183043695,False,0.007843171403001713,0.0016326578595384116,1201.3493294001091,d006f1f8fccf6c1e763e99da0862edd2322849a1554e87259dcd95ed81977d96
core_Winnipeg_concentrated_base_r3,core_v1,proposed,benders_flow,"{""pattern"": ""concentrated"", ""scarcity"": 1.0, ""loss"": 0.0, ""replication"": 3, ""seed"": 20260925, ""k"": 5, ""detour"": 1.5, ""delta"": 15.0, ""window"": 90.0, ""concentration"": null, ""assisted_share"": null, ""assistance"": 0.5, ""partition"": ""three"", ""demand_scale"": 1.0, ""network"": ""Winnipeg""}",0.2951388788888886,0.29745370370370394,"[0.2951388788888886, 0.29513887888888873, 0.2951388788888892]","[0.29513887888888873, 0.2951388788888887, 0.29513887888888923]",0.2951388788888887,559284.405387828,False,0.00784317140300172,0.001980439697431808,1201.479802899994,df50a720126a02064e056e31cafac342beceeccb6bd2a98cc8fd53a83e4939cb
core_Winnipeg_concentrated_moderate_r1,core_v1,proposed,benders_flow,"{""pattern"": ""concentrated"", ""scarcity"": 0.8, ""loss"": 0.0, ""replication"": 1, ""seed"": 20260925, ""k"": 5, ""detour"": 1.5, ""delta"": 15.0, ""window"": 90.0, ""concentration"": null, ""assisted_share"": null, ""assistance"": 0.5, ""partition"": ""three"", ""demand_scale"": 1.0, ""network"": ""Winnipeg""}",0.23611110111111105,0.23611111111111108,"[0.23611110111111105, 0.23611110111111108, 0.23611110111111105]","[0.23611110111111105, 0.23611110111111105, 0.23611110111111105]",0.23611110111111103,477427.8299897022,True,4.2352943065502613e-08,0.0,5.615198399988003,65adaba2621af85862287ba42119954dceee831a082f0858ab8f4ae7d2ed5765
core_Winnipeg_concentrated_moderate_r2,core_v1,proposed,benders_flow,"{""pattern"": ""concentrated"", ""scarcity"": 0.8, ""loss"": 0.0, ""replication"": 2, ""seed"": 20260925, ""k"": 5, ""detour"": 1.5, ""delta"": 15.0, ""window"": 90.0, ""concentration"": null, ""assisted_share"": null, ""assistance"": 0.5, ""partition"": ""three"", ""demand_scale"": 1.0, ""network"": ""Winnipeg""}",0.23611110111111092,0.23611111111111108,"[0.23611110111111092, 0.23611110111111092, 0.23611110111111092]","[0.23611110111111097, 0.23611110111111092, 0.23611110111111092]",0.23611110111111092,477427.82998970157,True,4.2352943653267795e-08,4.351092532517149e-09,6.649564200080931,909ad9c0a76f14341d0af88fa3b6309495f44b4b314732c12de24d5df7006e3a
core_Winnipeg_concentrated_moderate_r3,core_v1,proposed,benders_flow,"{""pattern"": ""concentrated"", ""scarcity"": 0.8, ""loss"": 0.0, ""replication"": 3, ""seed"": 20260925, ""k"": 5, ""detour"": 1.5, ""delta"": 15.0, ""window"": 90.0, ""concentration"": null, ""assisted_share"": null, ""assistance"": 0.5, ""partition"": ""three"", ""demand_scale"": 1.0, ""network"": ""Winnipeg""}",0.23611110111111105,0.23611111111111116,"[0.23611110111111105, 0.2361111011111111, 0.23611110111111108]","[0.23611110111111114, 0.2361111011111111, 0.23611110111111114]",0.23611110111111105,477427.82998970244,True,4.2352943418161704e-08,9.397995666868858e-05,10.653748399810866,b5cdcf6b7c0a4cc377523931e745735e64035dac520987e5b277984085cad49c
core_Winnipeg_concentrated_severe_r1,core_v1,proposed,benders_flow,"{""pattern"": ""concentrated"", ""scarcity"": 0.6, ""loss"": 0.0, ""replication"": 1, ""seed"": 20260925, ""k"": 5, ""detour"": 1.5, ""delta"": 15.0, ""window"": 90.0, ""concentration"": null, ""assisted_share"": null, ""assistance"": 0.5, ""partition"": ""three"", ""demand_scale"": 1.0, ""network"": ""Winnipeg""}",0.14999998999999997,0.14999999999999997,"[0.14999998999999997, 0.14999999, 0.14999998999999997]","[0.14999998999999997, 0.14999999, 0.14999998999999994]",0.14999999,238862.3084784021,True,6.666667107602103e-08,5.254066006681687e-09,2.0091870998730883,bb17fe9e6573877c183d945172edaa61d4f5a79862f9745d524f58fe808d385b
core_Winnipeg_concentrated_severe_r2,core_v1,proposed,benders_flow,"{""pattern"": ""concentrated"", ""scarcity"": 0.6, ""loss"": 0.0, ""replication"": 2, ""seed"": 20260925, ""k"": 5, ""detour"": 1.5, ""delta"": 15.0, ""window"": 90.0, ""concentration"": null, ""assisted_share"": null, ""assistance"": 0.5, ""partition"": ""three"", ""demand_scale"": 1.0, ""network"": ""Winnipeg""}",0.14999998999999997,0.15,"[0.14999998999999997, 0.14999998999999997, 0.14999998999999997]","[0.14999999, 0.14999998999999997, 0.14999998999999997]",0.14999998999999997,238862.30847840203,True,6.666667126105821e-08,5.254066132176671e-09,1.9755912000546232,ab5ca7fca21c47e01f868191f99dd05cefcc40b6f9456f7cb5c6d56b94aeceba
core_Winnipeg_concentrated_severe_r3,core_v1,proposed,benders_flow,"{""pattern"": ""concentrated"", ""scarcity"": 0.6, ""loss"": 0.0, ""replication"": 3, ""seed"": 20260925, ""k"": 5, ""detour"": 1.5, ""delta"": 15.0, ""window"": 90.0, ""concentration"": null, ""assisted_share"": null, ""assistance"": 0.5, ""partition"": ""three"", ""demand_scale"": 1.0, ""network"": ""Winnipeg""}",0.14999999,0.15000000000000002,"[0.14999999, 0.14999999, 0.14999999]","[0.14999999000000003, 0.14999999, 0.14999999000000003]",0.14999999,238862.30847840203,True,6.66666712610582e-08,5.254065881186702e-09,2.151916000060737,d6c09d54de6159115d661f641c0c6c77319e065741d915a9e9c4b62dd982e3f5
core_Winnipeg_loss_moderate_r1,core_v1,proposed,benders_flow,"{""pattern"": ""concentrated"", ""scarcity"": 0.8, ""loss"": 0.25, ""replication"": 1, ""seed"": 20260925, ""k"": 5, ""detour"": 1.5, ""delta"": 15.0, ""window"": 90.0, ""concentration"": null, ""assisted_share"": null, ""assistance"": 0.5, ""partition"": ""three"", ""demand_scale"": 1.0, ""network"": ""Winnipeg""}",0.2326388788888888,0.23386674718196443,"[0.23263887888888884, 0.23263887888888896, 0.2326388788888888]","[0.23263887888888884, 0.23263887888888896, 0.2326388788888888]",0.23263887888888887,479809.6054067512,False,0.005278001247857136,0.03604005316173262,1201.584138999926,e334c636991d0c1ebd13fe38b9600dd4ba4b1b25c90c52edc7a52a6aac506943
core_Winnipeg_loss_moderate_r2,core_v1,proposed,benders_flow,"{""pattern"": ""concentrated"", ""scarcity"": 0.8, ""loss"": 0.25, ""replication"": 2, ""seed"": 20260925, ""k"": 5, ""detour"": 1.5, ""delta"": 15.0, ""window"": 90.0, ""concentration"": null, ""assisted_share"": null, ""assistance"": 0.5, ""partition"": ""three"", ""demand_scale"": 1.0, ""network"": ""Winnipeg""}",0.23263887888888884,0.2338888888888898,"[0.23263887888888884, 0.2326388788888889, 0.2326388788888889]","[0.23263887888888887, 0.2326388788888889, 0.2326388788888889]",0.2326388788888889,479809.60540675116,False,0.005373177544403433,0.0324903971786574,1201.718781500007,dd7842eab1dca094e3960e045abdd1c96fec05a47ffb18bd461bbd154e67bab2
core_Winnipeg_loss_moderate_r3,core_v1,proposed,benders_flow,"{""pattern"": ""concentrated"", ""scarcity"": 0.8, ""loss"": 0.25, ""replication"": 3, ""seed"": 20260925, ""k"": 5, ""detour"": 1.5, ""delta"": 15.0, ""window"": 90.0, ""concentration"": null, ""assisted_share"": null, ""assistance"": 0.5, ""partition"": ""three"", ""demand_scale"": 1.0, ""network"": ""Winnipeg""}",0.23263887888888884,0.23437500000000022,"[0.23263887888888884, 0.23263887888888887, 0.2326388788888889]","[0.2326388788888889, 0.23263887888888887, 0.23263887888888896]",0.23263887888888884,479809.60540675104,False,0.007462729873025951,0.02988791467782881,1201.3658458001446,1fb9f543b20682d60cdb7fccc5cf7e24af540de6419ff4fd7d94fd5fc63082a7
core_Winnipeg_loss_severe_r1,core_v1,proposed,benders_flow,"{""pattern"": ""concentrated"", ""scarcity"": 0.8, ""loss"": 0.5, ""replication"": 1, ""seed"": 20260925, ""k"": 5, ""detour"": 1.5, ""delta"": 15.0, ""window"": 90.0, ""concentration"": null, ""assisted_share"": null, ""assistance"": 0.5, ""partition"": ""three"", ""demand_scale"": 1.0, ""network"": ""Winnipeg""}",0.23055554555555519,0.2333333333333337,"[0.23055554555555546, 0.2305555455555555, 0.23055554555555519]","[0.23055554555555546, 0.2305555455555555, 0.23055554555555519]",0.23055554555555546,432113.37797650066,False,0.012048236667155638,9.768537838097511e-05,612.0424880998908,4163d809e40ede38926874a4ea403e22a55a403be3ab406b7da7a86ac32c4cbf
core_Winnipeg_loss_severe_r2,core_v1,proposed,benders_flow,"{""pattern"": ""concentrated"", ""scarcity"": 0.8, ""loss"": 0.5, ""replication"": 2, ""seed"": 20260925, ""k"": 5, ""detour"": 1.5, ""delta"": 15.0, ""window"": 90.0, ""concentration"": null, ""assisted_share"": null, ""assistance"": 0.5, ""partition"": ""three"", ""demand_scale"": 1.0, ""network"": ""Winnipeg""}",0.2305555455555555,0.23333333333333456,"[0.2305555455555555, 0.23055554555555552, 0.23055554555555552]","[0.23055554555555555, 0.23055554555555552, 0.23055554555555552]",0.23055554555555552,432113.3779765009,False,0.012048236667158029,8.678293782235162e-05,609.0983160999604,ad52447b0740cb0b5f4c257fd108fca24e5517bd40420d76cc29ef099662c1d2
core_Winnipeg_loss_severe_r3,core_v1,proposed,benders_flow,"{""pattern"": ""concentrated"", ""scarcity"": 0.8, ""loss"": 0.5, ""replication"": 3, ""seed"": 20260925, ""k"": 5, ""detour"": 1.5, ""delta"": 15.0, ""window"": 90.0, ""concentration"": null, ""assisted_share"": null, ""assistance"": 0.5, ""partition"": ""three"", ""demand_scale"": 1.0, ""network"": ""Winnipeg""}",0.2305555455555553,0.23333333333333414,"[0.23055554555555535, 0.23055554555555538, 0.2305555455555553]","[0.23055554555555538, 0.23055554555555538, 0.23055554555555535]",0.23055554555555532,432113.3779765,False,0.012048236667157076,7.979531149465913e-05,604.2985610001488,02a5a6b6bfe7dfb3361a64c7bc71d1232f5e37516ec1aec8afa962ef29e14553
policy_ND_aggregate_r1,policies_v1,aggregate,direct,"{""pattern"": ""concentrated"", ""scarcity"": 0.8, ""loss"": 0.0, ""replication"": 1, ""seed"": 20260925, ""k"": 5, ""detour"": 1.5, ""delta"": 15.0, ""window"": 90.0, ""concentration"": null, ""assisted_share"": null, ""assistance"": 0.5, ""partition"": ""three"", ""demand_scale"": 1.0, ""network"": ""ND""}",0.09790827744846206,null,"[0.30423644761285173, 0.24874088526358248, 0.09790827744846206]","[0.30423644761285173, 0.24874088526358248, 0.09790827744846206]",0.25952379952380955,301919.98152,True,9.997627946111268e-05,9.900109829493928e-05,189.9354505999945,69cce7d4899488b73d91805ad1ccacc4a87dcbc88daf7db33f660c099710e5e0
policy_ND_aggregate_fair_r1,policies_v1,aggregate_fair,direct,"{""pattern"": ""concentrated"", ""scarcity"": 0.8, ""loss"": 0.0, ""replication"": 1, ""seed"": 20260925, ""k"": 5, ""detour"": 1.5, ""delta"": 15.0, ""window"": 90.0, ""concentration"": null, ""assisted_share"": null, ""assistance"": 0.5, ""partition"": ""three"", ""demand_scale"": 1.0, ""network"": ""ND""}",0.2595237995238095,null,"[0.2595237995238095, 0.25952379952380966, 0.25952379952380955]","[0.2595237995238095, 0.25952379952380966, 0.25952379952380955]",0.25952379952380955,301919.98152,True,9.997627946111268e-05,9.799745177509122e-05,454.7236687000841,b69a57e5035bb02197e86147d9eefb5a7bf1698f9cef7a5150786dca68f340e5
policy_ND_controlled_r1,policies_v1,controlled,direct,"{""pattern"": ""concentrated"", ""scarcity"": 0.8, ""loss"": 0.0, ""replication"": 1, ""seed"": 20260925, ""k"": 5, ""detour"": 1.5, ""delta"": 15.0, ""window"": 90.0, ""concentration"": null, ""assisted_share"": null, ""assistance"": 0.5, ""partition"": ""three"", ""demand_scale"": 1.0, ""network"": ""ND""}",0.14975776072114652,null,"[0.26803251877421375, 0.3048249813685646, 0.14975776072114652]","[0.26803251877421375, 0.3048249813685646, 0.14975776072114652]",0.25952379952380955,301919.9815199999,True,9.968616894728617e-05,null,196.0890898000216,2021250a86cb61d5ccece533916d7a154a35ae5ab6347f1b788a173de9725739
policy_ND_proportional_r1,policies_v1,proportional,direct,"{""pattern"": ""concentrated"", ""scarcity"": 0.8, ""loss"": 0.0, ""replication"": 1, ""seed"": 20260925, ""k"": 5, ""detour"": 1.5, ""delta"": 15.0, ""window"": 90.0, ""concentration"": null, ""assisted_share"": null, ""assistance"": 0.5, ""partition"": ""three"", ""demand_scale"": 1.0, ""network"": ""ND""}",0.2263406430688798,null,"[0.22634064306887983, 0.2263406430688798, 0.22634064306887983]","[0.22634064306887983, 0.2263406430688798, 0.22634064306887983]",0.22634064306887983,288928.9651647341,False,0.03926685586131987,0.021830160500109858,1201.2821654999861,cdfa21ea46016b620829b9eeefc2ce1875f2146fe741fe991cf1dcc5b5c8d4c8
policy_ND_weighted_r1,policies_v1,weighted,direct,"{""pattern"": ""concentrated"", ""scarcity"": 0.8, ""loss"": 0.0, ""replication"": 1, ""seed"": 20260925, ""k"": 5, ""detour"": 1.5, ""delta"": 15.0, ""window"": 90.0, ""concentration"": null, ""assisted_share"": null, ""assistance"": 0.5, ""partition"": ""three"", ""demand_scale"": 1.0, ""network"": ""ND""}",0.17738436214938422,null,"[0.17738436214938422, 0.42677993439046463, 0.31039695563938413]","[0.17738436214938422, 0.42677993439046463, 0.31039695563938413]",0.25952379952380955,303839.98152,False,9.899185486947725e-05,0.018840896594207224,742.165891300072,d5cc7af1537820916eafeb80181dc4a3ae86ca6203db2e627a2aed03148137ca
policy_ND_coverage_r1,policies_v1,coverage,direct,"{""pattern"": ""concentrated"", ""scarcity"": 0.8, ""loss"": 0.0, ""replication"": 1, ""seed"": 20260925, ""k"": 5, ""detour"": 1.5, ""delta"": 15.0, ""window"": 90.0, ""concentration"": null, ""assisted_share"": null, ""assistance"": 0.5, ""partition"": ""three"", ""demand_scale"": 1.0, ""network"": ""ND""}",0.2595237995238095,0.25954871415990755,"[0.25952379952380955, 0.2595237995238095, 0.25952379952380955]","[0.25952379952380955, 0.2595237995238095, 0.25952379952380955]",0.2595237995238095,301919.9815199999,True,9.600135380171316e-05,9.892607305268186e-05,361.8852419999894,5528c021ac6810ec565dd4692776a01f3747bb52e0699c1a422db6750557ec82
policy_ND_leximin_r1,policies_v1,leximin,direct,"{""pattern"": ""concentrated"", ""scarcity"": 0.8, ""loss"": 0.0, ""replication"": 1, ""seed"": 20260925, ""k"": 5, ""detour"": 1.5, ""delta"": 15.0, ""window"": 90.0, ""concentration"": null, ""assisted_share"": null, ""assistance"": 0.5, ""partition"": ""three"", ""demand_scale"": 1.0, ""network"": ""ND""}",0.25952379952380944,0.25954871415990755,"[0.25952379952380944, 0.25952381457666085, 0.25952383126213247]","[0.25952379952380944, 0.25952381457666085, 0.25952383126213247]",0.2595238080280287,301919.997235797,True,9.600135380192708e-05,9.968123117670939e-05,377.4266017000191,db8a164eec5691fc6f94bbfaafd07629b2165579d6649a23125f5fe503f3b361
policy_ND_aggregate_r2,policies_v1,aggregate,direct,"{""pattern"": ""concentrated"", ""scarcity"": 0.8, ""loss"": 0.0, ""replication"": 2, ""seed"": 20260925, ""k"": 5, ""detour"": 1.5, ""delta"": 15.0, ""window"": 90.0, ""concentration"": null, ""assisted_share"": null, ""assistance"": 0.5, ""partition"": ""three"", ""demand_scale"": 1.0, ""network"": ""ND""}",0.0,null,"[0.29400496637527873, 0.3307919055004102, 0.0]","[0.29400496637527873, 0.3307919055004102, 0.0]",0.25952379952380955,301919.9815199999,True,9.902452548028192e-05,9.836842233041577e-05,191.6040460000513,5a48cda36d804444e658c20976773177cf73d3cc11f2c614191dde4d7cb24862
policy_ND_aggregate_fair_r2,policies_v1,aggregate_fair,direct,"{""pattern"": ""concentrated"", ""scarcity"": 0.8, ""loss"": 0.0, ""replication"": 2, ""seed"": 20260925, ""k"": 5, ""detour"": 1.5, ""delta"": 15.0, ""window"": 90.0, ""concentration"": null, ""assisted_share"": null, ""assistance"": 0.5, ""partition"": ""three"", ""demand_scale"": 1.0, ""network"": ""ND""}",0.2595237995238096,null,"[0.2595237995238096, 0.2595237995238096, 0.2595237995238096]","[0.2595237995238096, 0.2595237995238096, 0.2595237995238096]",0.2595237995238096,301919.98152000003,True,9.9024525480068e-05,9.831798917431203e-05,352.3239591999445,e5e9d335ab8c4fa176b95c2d073abf93d52d9be32a51af812d8ebbd70800e0d2
policy_ND_controlled_r2,policies_v1,controlled,direct,"{""pattern"": ""concentrated"", ""scarcity"": 0.8, ""loss"": 0.0, ""replication"": 2, ""seed"": 20260925, ""k"": 5, ""detour"": 1.5, ""delta"": 15.0, ""window"": 90.0, ""concentration"": null, ""assisted_share"": null, ""assistance"": 0.5, ""partition"": ""three"", ""demand_scale"": 1.0, ""network"": ""ND""}",0.07224551019466591,null,"[0.29920461230754336, 0.2750052949488957, 0.07224551019466591]","[0.29920461230754336, 0.2750052949488957, 0.07224551019466591]",0.2595237995238096,301919.9815200001,True,9.902255371678758e-05,null,165.94275950000156,ac471dfe82b14459206c76fc0b142bebe9bb9b34b52c07a6da211e9251532ce4
policy_ND_proportional_r2,policies_v1,proportional,direct,"{""pattern"": ""concentrated"", ""scarcity"": 0.8, ""loss"": 0.0, ""replication"": 2, ""seed"": 20260925, ""k"": 5, ""detour"": 1.5, ""delta"": 15.0, ""window"": 90.0, ""concentration"": null, ""assisted_share"": null, ""assistance"": 0.5, ""partition"": ""three"", ""demand_scale"": 1.0, ""network"": ""ND""}",0.21989606756100813,null,"[0.21989606756100813, 0.21989606756100816, 0.21989606756100818]","[0.21989606756100813, 0.21989606756100816, 0.21989606756100818]",0.21989606756100813,276671.2144505005,False,0.07377782457155291,0.017338082943975944,1201.5607768000336,d03d1b03959d37d8c8b0f81142e2706fdd183a36f81e4a370c2e8f14c1e81a0a
policy_ND_weighted_r2,policies_v1,weighted,direct,"{""pattern"": ""concentrated"", ""scarcity"": 0.8, ""loss"": 0.0, ""replication"": 2, ""seed"": 20260925, ""k"": 5, ""detour"": 1.5, ""delta"": 15.0, ""window"": 90.0, ""concentration"": null, ""assisted_share"": null, ""assistance"": 0.5, ""partition"": ""three"", ""demand_scale"": 1.0, ""network"": ""ND""}",0.17988494359944365,null,"[0.17988494359944365, 0.4107119259853761, 0.33027694413268704]","[0.17988494359944365, 0.4107119259853761, 0.33027694413268704]",0.25952379952380955,303839.98152000003,True,9.983680048248956e-05,9.97573707383775e-05,356.97691500000656,71aa384dabb8f07b55a25d4f232387af3055197ce1a5eebfbfcad474ff5fee56
policy_ND_coverage_r2,policies_v1,coverage,direct,"{""pattern"": ""concentrated"", ""scarcity"": 0.8, ""loss"": 0.0, ""replication"": 2, ""seed"": 20260925, ""k"": 5, ""detour"": 1.5, ""delta"": 15.0, ""window"": 90.0, ""concentration"": null, ""assisted_share"": null, ""assistance"": 0.5, ""partition"": ""three"", ""demand_scale"": 1.0, ""network"": ""ND""}",0.2595237995238095,0.259549296176703,"[0.2595237995238095, 0.25952379952380955, 0.25952379952380983]","[0.2595237995238095, 0.25952379952380955, 0.25952379952380983]",0.25952379952380955,301919.98152,True,9.824398741199694e-05,9.715247579482332e-05,300.59800440003164,a7424f4355dd066c742a4446084689872c7d02af186e48b2f6d24a753ded2dc3
policy_ND_leximin_r2,policies_v1,leximin,direct,"{""pattern"": ""concentrated"", ""scarcity"": 0.8, ""loss"": 0.0, ""replication"": 2, ""seed"": 20260925, ""k"": 5, ""detour"": 1.5, ""delta"": 15.0, ""window"": 90.0, ""concentration"": null, ""assisted_share"": null, ""assistance"": 0.5, ""partition"": ""three"", ""demand_scale"": 1.0, ""network"": ""ND""}",0.2595237995238095,0.259549296176703,"[0.2595237995238095, 0.2595238147310013, 0.25952383147154046]","[0.2595237995238095, 0.2595238147310013, 0.25952383147154046]",0.25952380804024866,301919.99725837936,True,9.824398741199694e-05,9.867111477190567e-05,388.8426226999145,2c7051fe20ab8e1d4081212ba344ae087191d35f6986acb005d51a390278889b
policy_ND_aggregate_r3,policies_v1,aggregate,direct,"{""pattern"": ""concentrated"", ""scarcity"": 0.8, ""loss"": 0.0, ""replication"": 3, ""seed"": 20260925, ""k"": 5, ""detour"": 1.5, ""delta"": 15.0, ""window"": 90.0, ""concentration"": null, ""assisted_share"": null, ""assistance"": 0.5, ""partition"": ""three"", ""demand_scale"": 1.0, ""network"": ""ND""}",0.07411228896007882,null,"[0.2910085292097443, 0.2911561832407642, 0.07411228896007882]","[0.2910085292097443, 0.2911561832407642, 0.07411228896007882]",0.25952379952380955,301919.98152,True,9.994756164371599e-05,9.959737380357134e-05,289.9097906999523,96e305bfcdc9df2f7e02fe64606e0ae35053cbdef6bb02187765f86079f3a1ad
policy_ND_aggregate_fair_r3,policies_v1,aggregate_fair,direct,"{""pattern"": ""concentrated"", ""scarcity"": 0.8, ""loss"": 0.0, ""replication"": 3, ""seed"": 20260925, ""k"": 5, ""detour"": 1.5, ""delta"": 15.0, ""window"": 90.0, ""concentration"": null, ""assisted_share"": null, ""assistance"": 0.5, ""partition"": ""three"", ""demand_scale"": 1.0, ""network"": ""ND""}",0.2595237995238095,null,"[0.25952379952380966, 0.2595237995238095, 0.2595237995238095]","[0.25952379952380966, 0.2595237995238095, 0.2595237995238095]",0.25952379952380955,301919.9815200001,False,9.994756164371599e-05,0.03789085695622357,771.9407801999478,9da4da2dddbc93f4989594d294563d50928767e05938ca5fefe8db4193746849
policy_ND_controlled_r3,policies_v1,controlled,direct,"{""pattern"": ""concentrated"", ""scarcity"": 0.8, ""loss"": 0.0, ""replication"": 3, ""seed"": 20260925, ""k"": 5, ""detour"": 1.5, ""delta"": 15.0, ""window"": 90.0, ""concentration"": null, ""assisted_share"": null, ""assistance"": 0.5, ""partition"": ""three"", ""demand_scale"": 1.0, ""network"": ""ND""}",0.1711080744688215,null,"[0.3062203366154295, 0.1711080744688215, 0.2129838841088121]","[0.3062203366154295, 0.1711080744688215, 0.2129838841088121]",0.25952379952380955,301919.98152000003,True,9.983351490999968e-05,null,335.3604505000403,84c8ed6fe365817b473393e1ee82c72099546ccf35a32cc3c337c60d4636bfed
policy_ND_proportional_r3,policies_v1,proportional,direct,"{""pattern"": ""concentrated"", ""scarcity"": 0.8, ""loss"": 0.0, ""replication"": 3, ""seed"": 20260925, ""k"": 5, ""detour"": 1.5, ""delta"": 15.0, ""window"": 90.0, ""concentration"": null, ""assisted_share"": null, ""assistance"": 0.5, ""partition"": ""three"", ""demand_scale"": 1.0, ""network"": ""ND""}",0.21554260638096007,null,"[0.21554260638096012, 0.2155426063809601, 0.21554260638096007]","[0.21554260638096012, 0.2155426063809601, 0.21554260638096007]",0.2155426063809601,267512.1509133041,False,0.10170449722835927,0.02478105842422263,1201.3130050000036,152199a50eafbe8c5460e2629e2a8db45170f8bb6da6e48bb1469be9b0258b7c
policy_ND_weighted_r3,policies_v1,weighted,direct,"{""pattern"": ""concentrated"", ""scarcity"": 0.8, ""loss"": 0.0, ""replication"": 3, ""seed"": 20260925, ""k"": 5, ""detour"": 1.5, ""delta"": 15.0, ""window"": 90.0, ""concentration"": null, ""assisted_share"": null, ""assistance"": 0.5, ""partition"": ""three"", ""demand_scale"": 1.0, ""network"": ""ND""}",0.16560829707692262,null,"[0.16560829707692262, 0.4778200308098548, 0.28479735730012895]","[0.16560829707692262, 0.4778200308098548, 0.28479735730012895]",0.2595237995238095,303839.98152,False,9.986100317269596e-05,0.007684379362959739,837.0743723000633,eb8920a0d7d7b7fa4259ca9efd0cc101dd0bdf98132a7cf0783975f3940b3120
policy_ND_coverage_r3,policies_v1,coverage,direct,"{""pattern"": ""concentrated"", ""scarcity"": 0.8, ""loss"": 0.0, ""replication"": 3, ""seed"": 20260925, ""k"": 5, ""detour"": 1.5, ""delta"": 15.0, ""window"": 90.0, ""concentration"": null, ""assisted_share"": null, ""assistance"": 0.5, ""partition"": ""three"", ""demand_scale"": 1.0, ""network"": ""ND""}",0.25952379952380944,0.25954963786805907,"[0.25952379952380944, 0.2595237995238095, 0.2595237995238095]","[0.25952379952380944, 0.2595237995238095, 0.2595237995238095]",0.25952379952380944,301919.9815199999,True,9.956059635778633e-05,9.924867770923195e-05,351.6266453998396,18f3f43d132dcdc791f2ce9913d4fcc513eec37046e69a1fe0c39d1e01b09b1f
policy_ND_leximin_r3,policies_v1,leximin,direct,"{""pattern"": ""concentrated"", ""scarcity"": 0.8, ""loss"": 0.0, ""replication"": 3, ""seed"": 20260925, ""k"": 5, ""detour"": 1.5, ""delta"": 15.0, ""window"": 90.0, ""concentration"": null, ""assisted_share"": null, ""assistance"": 0.5, ""partition"": ""three"", ""demand_scale"": 1.0, ""network"": ""ND""}",0.25952379952380955,0.25954963786805907,"[0.25952379952380955, 0.25952381512186473, 0.25952383200288265]","[0.25952379952380955, 0.25952381512186473, 0.25952383200288265]",0.25952380807053615,301919.99731435074,True,9.95605963573585e-05,9.973641227082223e-05,437.7802701999899,bd127ca94930498045d959a8ee80cc9f4d1a3b780f6c320d5ca308152c320d35
policy_SF_aggregate_r1,policies_v1,aggregate,direct,"{""pattern"": ""concentrated"", ""scarcity"": 0.8, ""loss"": 0.0, ""replication"": 1, ""seed"": 20260925, ""k"": 5, ""detour"": 1.5, ""delta"": 15.0, ""window"": 90.0, ""concentration"": null, ""assisted_share"": null, ""assistance"": 0.5, ""partition"": ""three"", ""demand_scale"": 1.0, ""network"": ""SF""}",0.19066748841100228,null,"[0.19066748841100228, 0.2787199192401105, 0.23440261131690934]","[0.19066748841100228, 0.2787199192401105, 0.23440261131690934]",0.2170532434741379,150188.8934496092,True,4.607164532622661e-08,0.0,0.19544110004790127,c392cd8b90ea242076ed9473ccfc5f2a2cc73a5d813caf2af6f9316bdd6ffe34
policy_SF_aggregate_fair_r1,policies_v1,aggregate_fair,direct,"{""pattern"": ""concentrated"", ""scarcity"": 0.8, ""loss"": 0.0, ""replication"": 1, ""seed"": 20260925, ""k"": 5, ""detour"": 1.5, ""delta"": 15.0, ""window"": 90.0, ""concentration"": null, ""assisted_share"": null, ""assistance"": 0.5, ""partition"": ""three"", ""demand_scale"": 1.0, ""network"": ""SF""}",0.2170532434741379,null,"[0.2170532434741379, 0.2170532434741379, 0.21705324347413793]","[0.2170532434741379, 0.2170532434741379, 0.21705324347413793]",0.21705324347413793,150188.8934496092,True,4.607164519835211e-08,0.0,0.37257409980520606,ae73dcbb78d4b03385c3b893d6dde1205ae86c76c0fe211fac430c92ca0420e8
policy_SF_controlled_r1,policies_v1,controlled,direct,"{""pattern"": ""concentrated"", ""scarcity"": 0.8, ""loss"": 0.0, ""replication"": 1, ""seed"": 20260925, ""k"": 5, ""detour"": 1.5, ""delta"": 15.0, ""window"": 90.0, ""concentration"": null, ""assisted_share"": null, ""assistance"": 0.5, ""partition"": ""three"", ""demand_scale"": 1.0, ""network"": ""SF""}",0.14274659922598074,null,"[0.18760702654463915, 0.3394088923728004, 0.14274659922598074]","[0.18760702654463915, 0.3394088923728004, 0.14274659922598074]",0.21705324347413787,150188.89344960917,True,0.0,null,0.17830599995795637,9f4c8c3146ba379c6051c0b9e5aa9344aec10bf5f4045e036c89417e08c382fb
policy_SF_proportional_r1,policies_v1,proportional,direct,"{""pattern"": ""concentrated"", ""scarcity"": 0.8, ""loss"": 0.0, ""replication"": 1, ""seed"": 20260925, ""k"": 5, ""detour"": 1.5, ""delta"": 15.0, ""window"": 90.0, ""concentration"": null, ""assisted_share"": null, ""assistance"": 0.5, ""partition"": ""three"", ""demand_scale"": 1.0, ""network"": ""SF""}",0.1368872616842316,null,"[0.13688726168423163, 0.1368872616842316, 0.13688726168423163]","[0.13688726168423163, 0.1368872616842316, 0.13688726168423163]",0.1368872616842316,114274.20690248873,True,7.235257566540958e-05,9.091746061295728e-05,13.501030699932016,09341f32c1204c864b2662f5d938d1c50ddf2205138f27f212f287ac1ae293c4
policy_SF_weighted_r1,policies_v1,weighted,direct,"{""pattern"": ""concentrated"", ""scarcity"": 0.8, ""loss"": 0.0, ""replication"": 1, ""seed"": 20260925, ""k"": 5, ""detour"": 1.5, ""delta"": 15.0, ""window"": 90.0, ""concentration"": null, ""assisted_share"": null, ""assistance"": 0.5, ""partition"": ""three"", ""demand_scale"": 1.0, ""network"": ""SF""}",0.10441452839880941,null,"[0.10441452839880941, 0.43648637836461124, 0.367779662878193]","[0.10441452839880941, 0.43648637836461124, 0.367779662878193]",0.21705324347413782,150188.89344960914,True,8.849984201720576e-05,0.0,0.2633339000167325,3b3e6cd3f991c10e1a9a81d2bfe580b1af422305709d03fa9f65f326b0aa26be
policy_SF_coverage_r1,policies_v1,coverage,direct,"{""pattern"": ""concentrated"", ""scarcity"": 0.8, ""loss"": 0.0, ""replication"": 1, ""seed"": 20260925, ""k"": 5, ""detour"": 1.5, ""delta"": 15.0, ""window"": 90.0, ""concentration"": null, ""assisted_share"": null, ""assistance"": 0.5, ""partition"": ""three"", ""demand_scale"": 1.0, ""network"": ""SF""}",0.21705324347413785,0.21705325347413792,"[0.217053243474138, 0.21705324347413785, 0.21705324347413787]","[0.217053243474138, 0.21705324347413785, 0.21705324347413787]",0.2170532434741379,150188.89344960926,True,4.6071645454101126e-08,0.0,0.4483687999891117,4eb9b621fbd178eae3b6bd2732511d847637f06534b0bdbdbaa77457a778c78d
policy_SF_leximin_r1,policies_v1,leximin,direct,"{""pattern"": ""concentrated"", ""scarcity"": 0.8, ""loss"": 0.0, ""replication"": 1, ""seed"": 20260925, ""k"": 5, ""detour"": 1.5, ""delta"": 15.0, ""window"": 90.0, ""concentration"": null, ""assisted_share"": null, ""assistance"": 0.5, ""partition"": ""three"", ""demand_scale"": 1.0, ""network"": ""SF""}",0.21705324347413787,0.21705325347413792,"[0.21705324347413787, 0.21705326073689254, 0.2170532782331218]","[0.21705324347413787, 0.21705326073689254, 0.2170532782331218]",0.21705325214013393,150188.90090122077,True,4.607164532622662e-08,0.0,0.7195494000334293,1bc9d4d76c93804b58430f792dff4c555365766a877b9189724296e319ae7b3f
policy_SF_aggregate_r2,policies_v1,aggregate,direct,"{""pattern"": ""concentrated"", ""scarcity"": 0.8, ""loss"": 0.0, ""replication"": 2, ""seed"": 20260925, ""k"": 5, ""detour"": 1.5, ""delta"": 15.0, ""window"": 90.0, ""concentration"": null, ""assisted_share"": null, ""assistance"": 0.5, ""partition"": ""three"", ""demand_scale"": 1.0, ""network"": ""SF""}",0.18976744910711368,null,"[0.18976744910711368, 0.2805246798617541, 0.23707113883385866]","[0.18976744910711368, 0.2805246798617541, 0.23707113883385866]",0.21705324347413796,150188.89344960923,True,4.6071645070477595e-08,0.0,0.1948096000123769,221ef78c0e40ffb7c45cecf760c9edd2376928a577dad770825e94d4af8d03a4
policy_SF_aggregate_fair_r2,policies_v1,aggregate_fair,direct,"{""pattern"": ""concentrated"", ""scarcity"": 0.8, ""loss"": 0.0, ""replication"": 2, ""seed"": 20260925, ""k"": 5, ""detour"": 1.5, ""delta"": 15.0, ""window"": 90.0, ""concentration"": null, ""assisted_share"": null, ""assistance"": 0.5, ""partition"": ""three"", ""demand_scale"": 1.0, ""network"": ""SF""}",0.21705324347413787,null,"[0.21705324347413796, 0.2170532434741379, 0.21705324347413787]","[0.21705324347413796, 0.2170532434741379, 0.21705324347413787]",0.21705324347413793,150188.89344960923,True,4.607164519835211e-08,1.9863426031952062e-16,0.47316919988952577,9e84c3d86518b8ddcfb0ab6176792d3be0b2f4a17e357eaafc9bc6d86cf5253c
policy_SF_controlled_r2,policies_v1,controlled,direct,"{""pattern"": ""concentrated"", ""scarcity"": 0.8, ""loss"": 0.0, ""replication"": 2, ""seed"": 20260925, ""k"": 5, ""detour"": 1.5, ""delta"": 15.0, ""window"": 90.0, ""concentration"": null, ""assisted_share"": null, ""assistance"": 0.5, ""partition"": ""three"", ""demand_scale"": 1.0, ""network"": ""SF""}",0.148479627519265,null,"[0.148479627519265, 0.34896032598531135, 0.3158987277582582]","[0.148479627519265, 0.34896032598531135, 0.3158987277582582]",0.2170532434741379,150188.89344960923,True,5.298137063141278e-09,null,0.19570839998777956,21f7f1f7893e3f98b01b8dddbc131d67518bcf86323d0231691254b30f237985
policy_SF_proportional_r2,policies_v1,proportional,direct,"{""pattern"": ""concentrated"", ""scarcity"": 0.8, ""loss"": 0.0, ""replication"": 2, ""seed"": 20260925, ""k"": 5, ""detour"": 1.5, ""delta"": 15.0, ""window"": 90.0, ""concentration"": null, ""assisted_share"": null, ""assistance"": 0.5, ""partition"": ""three"", ""demand_scale"": 1.0, ""network"": ""SF""}",0.13636320920034353,null,"[0.13636320920034356, 0.13636320920034356, 0.13636320920034353]","[0.13636320920034356, 0.13636320920034356, 0.13636320920034353]",0.1363632092003436,142032.60658710642,False,0.002289475628349589,0.15531025028123951,1200.03822029999,c3b3e70caac8ba51f74abd79f6864715349df2ed984ef3522a6bbb89d11f9e34
policy_SF_weighted_r2,policies_v1,weighted,direct,"{""pattern"": ""concentrated"", ""scarcity"": 0.8, ""loss"": 0.0, ""replication"": 2, ""seed"": 20260925, ""k"": 5, ""detour"": 1.5, ""delta"": 15.0, ""window"": 90.0, ""concentration"": null, ""assisted_share"": null, ""assistance"": 0.5, ""partition"": ""three"", ""demand_scale"": 1.0, ""network"": ""SF""}",0.08413329313026188,null,"[0.08413329313026188, 0.5478893316903327, 0.2765192293746955]","[0.08413329313026188, 0.5478893316903327, 0.2765192293746955]",0.21705324347413787,150188.89344960914,True,2.397775406913688e-08,1.3119339571789982e-05,0.3369248000672087,214b0c9de07398bb49841f4f905b297a20d3b617f2696b40fc58e3e0357172d0
policy_SF_coverage_r2,policies_v1,coverage,direct,"{""pattern"": ""concentrated"", ""scarcity"": 0.8, ""loss"": 0.0, ""replication"": 2, ""seed"": 20260925, ""k"": 5, ""detour"": 1.5, ""delta"": 15.0, ""window"": 90.0, ""concentration"": null, ""assisted_share"": null, ""assistance"": 0.5, ""partition"": ""three"", ""demand_scale"": 1.0, ""network"": ""SF""}",0.21705324347413787,0.21705325347413795,"[0.21705324347413799, 0.2170532434741379, 0.21705324347413787]","[0.21705324347413799, 0.2170532434741379, 0.21705324347413787]",0.21705324347413796,150188.89344960923,True,4.607164545410112e-08,0.0,0.5496833000797778,343abec5953581e7f0ff719a6792d36e73e4ac09147dd2a7ecd34628b89fd6e8
policy_SF_leximin_r2,policies_v1,leximin,direct,"{""pattern"": ""concentrated"", ""scarcity"": 0.8, ""loss"": 0.0, ""replication"": 2, ""seed"": 20260925, ""k"": 5, ""detour"": 1.5, ""delta"": 15.0, ""window"": 90.0, ""concentration"": null, ""assisted_share"": null, ""assistance"": 0.5, ""partition"": ""three"", ""demand_scale"": 1.0, ""network"": ""SF""}",0.21705324347413787,0.21705325347413795,"[0.21705324347413787, 0.21705326096194813, 0.21705327854351744]","[0.21705324347413787, 0.21705326096194813, 0.21705327854351744]",0.21705325215514978,150188.9009141324,True,4.607164545410112e-08,3.1424476719568858e-09,0.6695218998938799,8f771d92fe2f53097379700647ab31d7fac00a594702bf24fc03e66eb8ee56b1
policy_SF_aggregate_r3,policies_v1,aggregate,direct,"{""pattern"": ""concentrated"", ""scarcity"": 0.8, ""loss"": 0.0, ""replication"": 3, ""seed"": 20260925, ""k"": 5, ""detour"": 1.5, ""delta"": 15.0, ""window"": 90.0, ""concentration"": null, ""assisted_share"": null, ""assistance"": 0.5, ""partition"": ""three"", ""demand_scale"": 1.0, ""network"": ""SF""}",0.12403468810706007,null,"[0.12403468810706007, 0.4445059838949537, 0.22639024278612221]","[0.12403468810706007, 0.4445059838949537, 0.22639024278612221]",0.2170532434741379,150188.8934496092,True,6.564007192143413e-05,0.0,0.2220709000248462,4de0051cb0d22395c7a753709366d67510232be86b55cd500ec23f20e68ba8bb
policy_SF_aggregate_fair_r3,policies_v1,aggregate_fair,direct,"{""pattern"": ""concentrated"", ""scarcity"": 0.8, ""loss"": 0.0, ""replication"": 3, ""seed"": 20260925, ""k"": 5, ""detour"": 1.5, ""delta"": 15.0, ""window"": 90.0, ""concentration"": null, ""assisted_share"": null, ""assistance"": 0.5, ""partition"": ""three"", ""demand_scale"": 1.0, ""network"": ""SF""}",0.21705324347413787,null,"[0.21705324347413804, 0.21705324347413787, 0.2170532434741379]","[0.21705324347413804, 0.21705324347413787, 0.2170532434741379]",0.21705324347413796,150188.89344960926,True,6.564007192117835e-05,5.2981376590440575e-09,0.41567130002658814,58df6024666bfd993ed4d52e8b4df128b05456175cf2da7df3f644e982aafb90
policy_SF_controlled_r3,policies_v1,controlled,direct,"{""pattern"": ""concentrated"", ""scarcity"": 0.8, ""loss"": 0.0, ""replication"": 3, ""seed"": 20260925, ""k"": 5, ""detour"": 1.5, ""delta"": 15.0, ""window"": 90.0, ""concentration"": null, ""assisted_share"": null, ""assistance"": 0.5, ""partition"": ""three"", ""demand_scale"": 1.0, ""network"": ""SF""}",0.12208922856823658,null,"[0.12208922856823658, 0.4465611653243571, 0.23116120652710379]","[0.12208922856823658, 0.4465611653243571, 0.23116120652710379]",0.2170532434741379,150188.8934496092,True,0.0,null,0.13280450005549937,0bb520d6b3010909569accfdfd9e944e74fde089da7487fc57dc533580a0dc92
policy_SF_proportional_r3,policies_v1,proportional,direct,"{""pattern"": ""concentrated"", ""scarcity"": 0.8, ""loss"": 0.0, ""replication"": 3, ""seed"": 20260925, ""k"": 5, ""detour"": 1.5, ""delta"": 15.0, ""window"": 90.0, ""concentration"": null, ""assisted_share"": null, ""assistance"": 0.5, ""partition"": ""three"", ""demand_scale"": 1.0, ""network"": ""SF""}",0.13429435992085814,null,"[0.13429435992085814, 0.13429435992085814, 0.13429435992085817]","[0.13429435992085814, 0.13429435992085814, 0.13429435992085817]",0.13429435992085817,113927.61221184344,False,0.05129500596039089,0.019793046102589765,1200.031079000095,f7f6c91fab80fa1e4a491fe2c9383a18886fe0bac7b3035855e828b1cb9f5e0a
policy_SF_weighted_r3,policies_v1,weighted,direct,"{""pattern"": ""concentrated"", ""scarcity"": 0.8, ""loss"": 0.0, ""replication"": 3, ""seed"": 20260925, ""k"": 5, ""detour"": 1.5, ""delta"": 15.0, ""window"": 90.0, ""concentration"": null, ""assisted_share"": null, ""assistance"": 0.5, ""partition"": ""three"", ""demand_scale"": 1.0, ""network"": ""SF""}",0.10575532207712074,null,"[0.10575532207712074, 0.4289376734917013, 0.3302841576415548]","[0.10575532207712074, 0.4289376734917013, 0.3302841576415548]",0.21705324347413793,150188.8934496092,True,2.397775366982706e-08,0.0,0.2716210999060422,e80b41983455e048871ab3c64feb451c3bca9d6a69607faf35216b31613193d8
policy_SF_coverage_r3,policies_v1,coverage,direct,"{""pattern"": ""concentrated"", ""scarcity"": 0.8, ""loss"": 0.0, ""replication"": 3, ""seed"": 20260925, ""k"": 5, ""detour"": 1.5, ""delta"": 15.0, ""window"": 90.0, ""concentration"": null, ""assisted_share"": null, ""assistance"": 0.5, ""partition"": ""three"", ""demand_scale"": 1.0, ""network"": ""SF""}",0.2170532434741379,0.2170532534741379,"[0.21705324347413799, 0.2170532434741379, 0.2170532434741379]","[0.21705324347413799, 0.2170532434741379, 0.2170532434741379]",0.21705324347413796,150188.89344960926,True,4.607164507047761e-08,0.0,0.490713500068523,4ca143367e8bb9a4d8b4e61f044044f3405a185224a17907e1af287cd5745e43
policy_SF_leximin_r3,policies_v1,leximin,direct,"{""pattern"": ""concentrated"", ""scarcity"": 0.8, ""loss"": 0.0, ""replication"": 3, ""seed"": 20260925, ""k"": 5, ""detour"": 1.5, ""delta"": 15.0, ""window"": 90.0, ""concentration"": null, ""assisted_share"": null, ""assistance"": 0.5, ""partition"": ""three"", ""demand_scale"": 1.0, ""network"": ""SF""}",0.2170532434741379,0.2170532534741379,"[0.2170532434741379, 0.2170532592208554, 0.21705327615569162]","[0.2170532434741379, 0.2170532592208554, 0.21705327615569162]",0.2170532520321428,150188.90080836264,True,4.607164507047761e-08,0.0,0.6280683998484164,92eb99a9a0cb38e3be10d37b60995d84710a8ed604a7ab11d12b3c27da724ae2
policy_Anaheim_aggregate_r1,policies_v1,aggregate,direct,"{""pattern"": ""concentrated"", ""scarcity"": 0.8, ""loss"": 0.0, ""replication"": 1, ""seed"": 20260925, ""k"": 5, ""detour"": 1.5, ""delta"": 15.0, ""window"": 90.0, ""concentration"": null, ""assisted_share"": null, ""assistance"": 0.5, ""partition"": ""three"", ""demand_scale"": 1.0, ""network"": ""Anaheim""}",0.13502404511712002,null,"[0.21008399672998332, 0.22909415189430266, 0.13502404511712002]","[0.21008399672998335, 0.22909415189430268, 0.13502404511712002]",0.20530033695541341,281359.23364462954,False,0.11011496680437562,0.11313078939422747,1200.6974201998673,37cf901397675d0ea438c946a7cfa926585d87093bcfa2fa678a7cc1d18298b4
policy_Anaheim_aggregate_fair_r1,policies_v1,aggregate_fair,direct,"{""pattern"": ""concentrated"", ""scarcity"": 0.8, ""loss"": 0.0, ""replication"": 1, ""seed"": 20260925, ""k"": 5, ""detour"": 1.5, ""delta"": 15.0, ""window"": 90.0, ""concentration"": null, ""assisted_share"": null, ""assistance"": 0.5, ""partition"": ""three"", ""demand_scale"": 1.0, ""network"": ""Anaheim""}",0.2053003369554134,null,"[0.2053003369554134, 0.2053003369554134, 0.2053003369554136]","[0.20530033695541347, 0.20530033695541341, 0.2053003369554136]",0.20530033695541344,281359.2336446295,False,0.11011496680437546,0.11334971870118755,1800.7436604999239,2a143e87792fc1fbaeb6271c38e45629e6d792b1adeca9d382da7d6f8d41e61f
policy_Anaheim_controlled_r1,policies_v1,controlled,direct,"{""pattern"": ""concentrated"", ""scarcity"": 0.8, ""loss"": 0.0, ""replication"": 1, ""seed"": 20260925, ""k"": 5, ""detour"": 1.5, ""delta"": 15.0, ""window"": 90.0, ""concentration"": null, ""assisted_share"": null, ""assistance"": 0.5, ""partition"": ""three"", ""demand_scale"": 1.0, ""network"": ""Anaheim""}",null,null,null,null,null,null,False,null,null,600.010026199976,132b0212d33ceb4524f5251001798dc6f6b814225a099ce4806948daab398fb2
policy_Anaheim_proportional_r1,policies_v1,proportional,direct,"{""pattern"": ""concentrated"", ""scarcity"": 0.8, ""loss"": 0.0, ""replication"": 1, ""seed"": 20260925, ""k"": 5, ""detour"": 1.5, ""delta"": 15.0, ""window"": 90.0, ""concentration"": null, ""assisted_share"": null, ""assistance"": 0.5, ""partition"": ""three"", ""demand_scale"": 1.0, ""network"": ""Anaheim""}",0.10735917761783728,null,"[0.10735917761783728, 0.10735917761783728, 0.1073591776178373]","[0.1073591776178373, 0.1073591776178373, 0.1073591776178373]",0.10735917761783728,224305.07510240044,False,0.0499878593055847,0.09721402751467963,1200.9694335000822,5589124a87401ede02a953c495704d0d72f3bfa37e385584407b8c4533a33564
policy_Anaheim_weighted_r1,policies_v1,weighted,direct,"{""pattern"": ""concentrated"", ""scarcity"": 0.8, ""loss"": 0.0, ""replication"": 1, ""seed"": 20260925, ""k"": 5, ""detour"": 1.5, ""delta"": 15.0, ""window"": 90.0, ""concentration"": null, ""assisted_share"": null, ""assistance"": 0.5, ""partition"": ""three"", ""demand_scale"": 1.0, ""network"": ""Anaheim""}",0.15341178499198135,null,"[0.15341178499198135, 0.23543814436620544, 0.4192409803658818]","[0.15341178499198138, 0.23543814436620547, 0.4192409803658818]",0.2031007701937985,294593.40047106595,False,0.07197057880585683,0.12753329124123972,1200.0269254999002,369b39abbf1655da56c226012b3a8e5319d3055d5d3b935b8be8b3c751008031
policy_Anaheim_coverage_r1,policies_v1,coverage,direct,"{""pattern"": ""concentrated"", ""scarcity"": 0.8, ""loss"": 0.0, ""replication"": 1, ""seed"": 20260925, ""k"": 5, ""detour"": 1.5, ""delta"": 15.0, ""window"": 90.0, ""concentration"": null, ""assisted_share"": null, ""assistance"": 0.5, ""partition"": ""three"", ""demand_scale"": 1.0, ""network"": ""Anaheim""}",0.20530033695541341,0.22790697674418597,"[0.20530033695541344, 0.20530033695541341, 0.20530033695541341]","[0.2053003369554135, 0.20530033695541344, 0.2053003369554134]",0.20530033695541347,281359.23364462954,False,0.11011496680437602,0.11332703378239263,1801.0590095000807,fef474d327a496eb92656f29b423d38a6f8c676199b8be9b07c78e631b9059b4
policy_Anaheim_leximin_r1,policies_v1,leximin,direct,"{""pattern"": ""concentrated"", ""scarcity"": 0.8, ""loss"": 0.0, ""replication"": 1, ""seed"": 20260925, ""k"": 5, ""detour"": 1.5, ""delta"": 15.0, ""window"": 90.0, ""concentration"": null, ""assisted_share"": null, ""assistance"": 0.5, ""partition"": ""three"", ""demand_scale"": 1.0, ""network"": ""Anaheim""}",0.20530033695541344,0.22790697674418597,"[0.20530033695541344, 0.20530035649521583, 0.20530037488003539]","[0.20530033695541347, 0.20530035649521586, 0.20530037488003539]",0.20530034576278197,293837.5548752959,False,0.11011496680437587,0.1515753458915559,2401.693222199916,6b61f797d110cccc6b499296bc3aeda6752842d8b38010259ad9831a813dc839
policy_Anaheim_aggregate_r2,policies_v1,aggregate,direct,"{""pattern"": ""concentrated"", ""scarcity"": 0.8, ""loss"": 0.0, ""replication"": 2, ""seed"": 20260925, ""k"": 5, ""detour"": 1.5, ""delta"": 15.0, ""window"": 90.0, ""concentration"": null, ""assisted_share"": null, ""assistance"": 0.5, ""partition"": ""three"", ""demand_scale"": 1.0, ""network"": ""Anaheim""}",0.12572671160881466,null,"[0.2017465354391835, 0.2497478419880509, 0.12572671160881466]","[0.2017465354391835, 0.24974784198805086, 0.12572671160881468]",0.20310076519379852,281508.26716687356,False,0.11679574857741516,0.1109298296418828,1200.651005199994,3d6acc75080df373c55ebd4f6037586844dcdb0648d58bef5e39d693b45f6531
policy_Anaheim_aggregate_fair_r2,policies_v1,aggregate_fair,direct,"{""pattern"": ""concentrated"", ""scarcity"": 0.8, ""loss"": 0.0, ""replication"": 2, ""seed"": 20260925, ""k"": 5, ""detour"": 1.5, ""delta"": 15.0, ""window"": 90.0, ""concentration"": null, ""assisted_share"": null, ""assistance"": 0.5, ""partition"": ""three"", ""demand_scale"": 1.0, ""network"": ""Anaheim""}",0.20310076519379847,null,"[0.20310076519379852, 0.20310076519379847, 0.20310076519379847]","[0.20310076519379852, 0.20310076519379844, 0.20310076519379847]",0.20310076519379852,281508.26716687344,False,0.11679574857741516,0.11184370627282249,1801.7022309000604,81c82c87becfbaae814220d9db6faffbc5a313ce2c781ce73dfe54b3aeab2333
policy_Anaheim_controlled_r2,policies_v1,controlled,direct,"{""pattern"": ""concentrated"", ""scarcity"": 0.8, ""loss"": 0.0, ""replication"": 2, ""seed"": 20260925, ""k"": 5, ""detour"": 1.5, ""delta"": 15.0, ""window"": 90.0, ""concentration"": null, ""assisted_share"": null, ""assistance"": 0.5, ""partition"": ""three"", ""demand_scale"": 1.0, ""network"": ""Anaheim""}",null,null,null,null,null,null,False,null,null,600.0173341999762,48311bc897d3551502ee843db3e9b2062b9e29de8fc39f9204f6f11d6cc84cee
policy_Anaheim_proportional_r2,policies_v1,proportional,direct,"{""pattern"": ""concentrated"", ""scarcity"": 0.8, ""loss"": 0.0, ""replication"": 2, ""seed"": 20260925, ""k"": 5, ""detour"": 1.5, ""delta"": 15.0, ""window"": 90.0, ""concentration"": null, ""assisted_share"": null, ""assistance"": 0.5, ""partition"": ""three"", ""demand_scale"": 1.0, ""network"": ""Anaheim""}",0.10431060125406934,null,"[0.10431060125406935, 0.10431060125406935, 0.10431060125406934]","[0.10431060125406935, 0.10431060125406934, 0.10431060125406934]",0.10431060125406935,219739.0855491619,False,0.05017676866576066,0.1057567003307329,1200.8694114000537,695aaffe8eba21cb6d7ac2512cd3c7285d52ebc1e9e7ae40e351851537f85b9d
policy_Anaheim_weighted_r2,policies_v1,weighted,direct,"{""pattern"": ""concentrated"", ""scarcity"": 0.8, ""loss"": 0.0, ""replication"": 2, ""seed"": 20260925, ""k"": 5, ""detour"": 1.5, ""delta"": 15.0, ""window"": 90.0, ""concentration"": null, ""assisted_share"": null, ""assistance"": 0.5, ""partition"": ""three"", ""demand_scale"": 1.0, ""network"": ""Anaheim""}",0.14959498388634768,null,"[0.14959498388634768, 0.23391927325409845, 0.4065485063614558]","[0.14959498388634768, 0.23391927325409842, 0.40654850636145573]",0.19999999500000012,293230.0109892199,False,0.1368233711203206,0.1283172584218045,1201.7031225000974,ce5b2e0884e96e467aa667719ffdeaec194c51194bf05f79bd7efe7a22ff9247
policy_Anaheim_coverage_r2,policies_v1,coverage,direct,"{""pattern"": ""concentrated"", ""scarcity"": 0.8, ""loss"": 0.0, ""replication"": 2, ""seed"": 20260925, ""k"": 5, ""detour"": 1.5, ""delta"": 15.0, ""window"": 90.0, ""concentration"": null, ""assisted_share"": null, ""assistance"": 0.5, ""partition"": ""three"", ""demand_scale"": 1.0, ""network"": ""Anaheim""}",0.20310076519379847,0.22552591153349502,"[0.20310076519379855, 0.20310076519379847, 0.20310076519379852]","[0.20310076519379855, 0.20310076519379844, 0.20310076519379852]",0.20310076519379855,286846.55750447366,False,0.11041389390285414,0.12827530127760903,1800.0420715998625,0cff256ef42c26dabe4bacdba633c69e74e762fefde08009bd8c5aa11f39273f
policy_Anaheim_leximin_r2,policies_v1,leximin,direct,"{""pattern"": ""concentrated"", ""scarcity"": 0.8, ""loss"": 0.0, ""replication"": 2, ""seed"": 20260925, ""k"": 5, ""detour"": 1.5, ""delta"": 15.0, ""window"": 90.0, ""concentration"": null, ""assisted_share"": null, ""assistance"": 0.5, ""partition"": ""three"", ""demand_scale"": 1.0, ""network"": ""Anaheim""}",0.20310076519379847,0.22604687730280468,"[0.20310076519379847, 0.20310078409777907, 0.20310080222874902]","[0.20310076519379847, 0.20310078409777904, 0.20310080222874902]",0.20310077396393295,294819.49152307207,False,0.11297895449636078,0.1519478894605913,2400.0682127999607,c46483b8de0c8103752fc3c928ced64e018709b1caceb6807dad140338705384
policy_Anaheim_aggregate_r3,policies_v1,aggregate,direct,"{""pattern"": ""concentrated"", ""scarcity"": 0.8, ""loss"": 0.0, ""replication"": 3, ""seed"": 20260925, ""k"": 5, ""detour"": 1.5, ""delta"": 15.0, ""window"": 90.0, ""concentration"": null, ""assisted_share"": null, ""assistance"": 0.5, ""partition"": ""three"", ""demand_scale"": 1.0, ""network"": ""Anaheim""}",0.16932588409358104,null,"[0.16932588409358104, 0.2701811244093386, 0.22243290213845138]","[0.16932588409358104, 0.27018112440933856, 0.22243290213845135]",0.19803841076757192,276029.5166822896,False,0.13397676647250553,0.13335796058015262,1200.7249905999051,3efe8f1946b6c77813f13d4a1224358eedad721185268800ff765bcb12668ae4
policy_Anaheim_aggregate_fair_r3,policies_v1,aggregate_fair,direct,"{""pattern"": ""concentrated"", ""scarcity"": 0.8, ""loss"": 0.0, ""replication"": 3, ""seed"": 20260925, ""k"": 5, ""detour"": 1.5, ""delta"": 15.0, ""window"": 90.0, ""concentration"": null, ""assisted_share"": null, ""assistance"": 0.5, ""partition"": ""three"", ""demand_scale"": 1.0, ""network"": ""Anaheim""}",0.19803841076757187,null,"[0.19803841076757192, 0.19803841076757187, 0.1980384107675719]","[0.19803841076757192, 0.19803841076757184, 0.19803841076757187]",0.19803841076757192,274955.062599623,False,0.13397676647250553,0.13113965503742456,1801.3803479998605,5b8ffe4ecdfaffa712a2c5dfd135447b6fb06011044c826891cf241f74a070ec
policy_Anaheim_controlled_r3,policies_v1,controlled,direct,"{""pattern"": ""concentrated"", ""scarcity"": 0.8, ""loss"": 0.0, ""replication"": 3, ""seed"": 20260925, ""k"": 5, ""detour"": 1.5, ""delta"": 15.0, ""window"": 90.0, ""concentration"": null, ""assisted_share"": null, ""assistance"": 0.5, ""partition"": ""three"", ""demand_scale"": 1.0, ""network"": ""Anaheim""}",null,null,null,null,null,null,False,null,null,600.0209145999979,5ce92d17f68ec827a437421467e84c09d72c260852e9f35041d361637175dfd8
policy_Anaheim_proportional_r3,policies_v1,proportional,direct,"{""pattern"": ""concentrated"", ""scarcity"": 0.8, ""loss"": 0.0, ""replication"": 3, ""seed"": 20260925, ""k"": 5, ""detour"": 1.5, ""delta"": 15.0, ""window"": 90.0, ""concentration"": null, ""assisted_share"": null, ""assistance"": 0.5, ""partition"": ""three"", ""demand_scale"": 1.0, ""network"": ""Anaheim""}",0.10336462768513519,null,"[0.1033646276851352, 0.1033646276851352, 0.10336462768513519]","[0.10336462768513519, 0.1033646276851352, 0.10336462768513519]",0.10336462768513521,217574.81299987808,False,0.02051515048416469,0.09717782454616213,1200.0315011000494,d2149a95c8a322550b369f4abf1e4d8160f5f2ee35a3be3327f3ba2fb16aa4d8
policy_Anaheim_weighted_r3,policies_v1,weighted,direct,"{""pattern"": ""concentrated"", ""scarcity"": 0.8, ""loss"": 0.0, ""replication"": 3, ""seed"": 20260925, ""k"": 5, ""detour"": 1.5, ""delta"": 15.0, ""window"": 90.0, ""concentration"": null, ""assisted_share"": null, ""assistance"": 0.5, ""partition"": ""three"", ""demand_scale"": 1.0, ""network"": ""Anaheim""}",0.1379965612849959,null,"[0.1379965612849959, 0.2327856903595474, 0.4132770615763057]","[0.1379965612849959, 0.23278569035954738, 0.4132770615763057]",0.19224805701550393,287107.978764953,False,0.09901782104524372,0.14602817207599936,1200.0376056999667,684f3ba9dfcbabeb93edbdc72dfcb49ee8a7c8eec5e06f91c1cef93b8b73e224
policy_Anaheim_coverage_r3,policies_v1,coverage,direct,"{""pattern"": ""concentrated"", ""scarcity"": 0.8, ""loss"": 0.0, ""replication"": 3, ""seed"": 20260925, ""k"": 5, ""detour"": 1.5, ""delta"": 15.0, ""window"": 90.0, ""concentration"": null, ""assisted_share"": null, ""assistance"": 0.5, ""partition"": ""three"", ""demand_scale"": 1.0, ""network"": ""Anaheim""}",0.1980384107675719,0.2245709566795649,"[0.19803841076757192, 0.1980384107675719, 0.1980384107675719]","[0.19803841076757192, 0.19803841076757187, 0.1980384107675719]",0.19803841076757198,276029.5166822897,False,0.133976766472505,0.13688831929975848,1800.7077681999654,86440b244824163d7cd5d707279627dc3cd6034ae27eec27ad60ada14919bfdc
policy_Anaheim_leximin_r3,policies_v1,leximin,direct,"{""pattern"": ""concentrated"", ""scarcity"": 0.8, ""loss"": 0.0, ""replication"": 3, ""seed"": 20260925, ""k"": 5, ""detour"": 1.5, ""delta"": 15.0, ""window"": 90.0, ""concentration"": null, ""assisted_share"": null, ""assistance"": 0.5, ""partition"": ""three"", ""demand_scale"": 1.0, ""network"": ""Anaheim""}",0.1980384107675719,0.2245709566795649,"[0.1980384107675719, 0.19803843001003762, 0.19803844827557918]","[0.1980384107675719, 0.1980384300100376, 0.19803844827557918]",0.1980384195577298,274955.0930560944,False,0.133976766472505,0.13109757160625052,2401.192311800085,d2c9eb3b40806d30d904439bf7c6171434e251daa029151c3c37b52791533436
policy_Winnipeg_aggregate_r1,policies_v1,aggregate,direct,"{""pattern"": ""concentrated"", ""scarcity"": 0.8, ""loss"": 0.0, ""replication"": 1, ""seed"": 20260925, ""k"": 5, ""detour"": 1.5, ""delta"": 15.0, ""window"": 90.0, ""concentration"": null, ""assisted_share"": null, ""assistance"": 0.5, ""partition"": ""three"", ""demand_scale"": 1.0, ""network"": ""Winnipeg""}",0.06965755931506636,null,"[0.2356319683057687, 0.3282188235318686, 0.06965755931506636]","[0.2356319683057687, 0.3282188235318686, 0.06965755931506636]",0.23611110111111117,477427.82998970256,True,4.235294283039653e-08,9.957875877314513e-05,93.92795409995597,1aa08a25b35c2c6123cdf4e9f3ca779d114c7c2f3e3f80226a51fd7ff40f4d37
policy_Winnipeg_aggregate_fair_r1,policies_v1,aggregate_fair,direct,"{""pattern"": ""concentrated"", ""scarcity"": 0.8, ""loss"": 0.0, ""replication"": 1, ""seed"": 20260925, ""k"": 5, ""detour"": 1.5, ""delta"": 15.0, ""window"": 90.0, ""concentration"": null, ""assisted_share"": null, ""assistance"": 0.5, ""partition"": ""three"", ""demand_scale"": 1.0, ""network"": ""Winnipeg""}",0.23611110111111108,null,"[0.23611110111111108, 0.23611110111111117, 0.23611110111111114]","[0.23611110111111105, 0.23611110111111117, 0.23611110111111114]",0.2361111011111111,477427.8299897025,True,4.23529430655026e-08,9.988943364875955e-05,191.70695920009166,77f8277fb340a299ed845c43c3c18d1ba1c9cfafadff64e135f24a999edba7c2
policy_Winnipeg_controlled_r1,policies_v1,controlled,direct,"{""pattern"": ""concentrated"", ""scarcity"": 0.8, ""loss"": 0.0, ""replication"": 1, ""seed"": 20260925, ""k"": 5, ""detour"": 1.5, ""delta"": 15.0, ""window"": 90.0, ""concentration"": null, ""assisted_share"": null, ""assistance"": 0.5, ""partition"": ""three"", ""demand_scale"": 1.0, ""network"": ""Winnipeg""}",0.20659746896247252,null,"[0.2507363262526812, 0.20659746896247252, 0.20951944341809048]","[0.2507363262526812, 0.2065974689624725, 0.2095194434180905]",0.23611110111111105,477427.8299897021,True,9.998803370655222e-05,null,74.50671250000596,9c0c039c741fa89d18c377d2a79defc3f1dc85f0c88141a13154ea5dc6a008a4
policy_Winnipeg_proportional_r1,policies_v1,proportional,direct,"{""pattern"": ""concentrated"", ""scarcity"": 0.8, ""loss"": 0.0, ""replication"": 1, ""seed"": 20260925, ""k"": 5, ""detour"": 1.5, ""delta"": 15.0, ""window"": 90.0, ""concentration"": null, ""assisted_share"": null, ""assistance"": 0.5, ""partition"": ""three"", ""demand_scale"": 1.0, ""network"": ""Winnipeg""}",0.18303457433971612,null,"[0.18303457433971618, 0.18303457433971612, 0.18303457433971618]","[0.18303457433971618, 0.18303457433971612, 0.18303457433971615]",0.18303457433971618,410459.14581439807,False,5.4634487031083824e-08,0.003689797051508403,608.1533914000029,11d1e1769e9d8c75a7a82d3349c1a3437d42b98a3bf558bedd12b73abd731b31
policy_Winnipeg_weighted_r1,policies_v1,weighted,direct,"{""pattern"": ""concentrated"", ""scarcity"": 0.8, ""loss"": 0.0, ""replication"": 1, ""seed"": 20260925, ""k"": 5, ""detour"": 1.5, ""delta"": 15.0, ""window"": 90.0, ""concentration"": null, ""assisted_share"": null, ""assistance"": 0.5, ""partition"": ""three"", ""demand_scale"": 1.0, ""network"": ""Winnipeg""}",0.13032631632802893,null,"[0.13032631632802893, 0.4553055651862127, 0.4179458574254264]","[0.13032631632802893, 0.4553055651862127, 0.4179458574254264]",0.23611110111111125,479692.7678123969,False,2.2929936183011563e-08,0.01693975337607436,625.1985278000357,47e34bd95e90fdae447904ad557d92ff9653f5653c1e9357063c09b42b6bf9a9
policy_Winnipeg_coverage_r1,policies_v1,coverage,direct,"{""pattern"": ""concentrated"", ""scarcity"": 0.8, ""loss"": 0.0, ""replication"": 1, ""seed"": 20260925, ""k"": 5, ""detour"": 1.5, ""delta"": 15.0, ""window"": 90.0, ""concentration"": null, ""assisted_share"": null, ""assistance"": 0.5, ""partition"": ""three"", ""demand_scale"": 1.0, ""network"": ""Winnipeg""}",0.23611110111111105,0.2361111111111112,"[0.23611110111111117, 0.23611110111111108, 0.23611110111111105]","[0.23611110111111117, 0.23611110111111105, 0.23611110111111105]",0.2361111011111112,477427.82998970273,True,4.2352943535714736e-08,9.813135841567699e-05,312.24451979994774,5541f972e3e1d844f1dd92339a547ca62d9b8265da9ae326e5d7a695ce87599b
policy_Winnipeg_leximin_r1,policies_v1,leximin,direct,"{""pattern"": ""concentrated"", ""scarcity"": 0.8, ""loss"": 0.0, ""replication"": 1, ""seed"": 20260925, ""k"": 5, ""detour"": 1.5, ""delta"": 15.0, ""window"": 90.0, ""concentration"": null, ""assisted_share"": null, ""assistance"": 0.5, ""partition"": ""three"", ""demand_scale"": 1.0, ""network"": ""Winnipeg""}",0.23611110111111105,0.2361111111111112,"[0.23611110111111105, 0.23611112058655673, 0.23611113894547395]","[0.23611110111111105, 0.2361111205865567, 0.23611113894547395]",0.23611110991478396,477427.8711613561,False,4.2352943535714736e-08,0.007697907238784449,643.8227123999968,9deb21cd5d24510869df0301c2e9a75d87751ae14b4e3464a00d40302380707e
policy_Winnipeg_aggregate_r2,policies_v1,aggregate,direct,"{""pattern"": ""concentrated"", ""scarcity"": 0.8, ""loss"": 0.0, ""replication"": 2, ""seed"": 20260925, ""k"": 5, ""detour"": 1.5, ""delta"": 15.0, ""window"": 90.0, ""concentration"": null, ""assisted_share"": null, ""assistance"": 0.5, ""partition"": ""three"", ""demand_scale"": 1.0, ""network"": ""Winnipeg""}",0.15381582319552578,null,"[0.24931819749956854, 0.24214229994795916, 0.15381582319552578]","[0.24931819749956857, 0.24214229994795916, 0.1538158231955258]",0.23611110111111122,477427.8299897029,True,4.235294271284349e-08,9.961942358788086e-05,151.3465507000219,9f902fb15100fdac1ad138ccce0782f1c4623509e4c03a68fd5215e7343a05e4
policy_Winnipeg_aggregate_fair_r2,policies_v1,aggregate_fair,direct,"{""pattern"": ""concentrated"", ""scarcity"": 0.8, ""loss"": 0.0, ""replication"": 2, ""seed"": 20260925, ""k"": 5, ""detour"": 1.5, ""delta"": 15.0, ""window"": 90.0, ""concentration"": null, ""assisted_share"": null, ""assistance"": 0.5, ""partition"": ""three"", ""demand_scale"": 1.0, ""network"": ""Winnipeg""}",0.23611110111111105,null,"[0.23611110111111117, 0.23611110111111122, 0.23611110111111105]","[0.23611110111111117, 0.23611110111111122, 0.23611110111111108]",0.23611110111111117,477427.8299897026,True,4.235294294794956e-08,9.848293647735414e-05,75.62860849977005,e5842bac7023337268f9139b5721c9937e9009b53b45a9da7ea74fbee1dcd674
policy_Winnipeg_controlled_r2,policies_v1,controlled,direct,"{""pattern"": ""concentrated"", ""scarcity"": 0.8, ""loss"": 0.0, ""replication"": 2, ""seed"": 20260925, ""k"": 5, ""detour"": 1.5, ""delta"": 15.0, ""window"": 90.0, ""concentration"": null, ""assisted_share"": null, ""assistance"": 0.5, ""partition"": ""three"", ""demand_scale"": 1.0, ""network"": ""Winnipeg""}",0.1057037901415693,null,"[0.2765035521936338, 0.1879948398776378, 0.1057037901415693]","[0.2765035521936339, 0.1879948398776378, 0.1057037901415693]",0.23611110111111092,477427.82998970157,True,9.95787587728942e-05,null,25.216159700066783,67e0838cf1ef2319cce5551132b95967211c6f814464672f3edb257e727ed2ae
policy_Winnipeg_proportional_r2,policies_v1,proportional,direct,"{""pattern"": ""concentrated"", ""scarcity"": 0.8, ""loss"": 0.0, ""replication"": 2, ""seed"": 20260925, ""k"": 5, ""detour"": 1.5, ""delta"": 15.0, ""window"": 90.0, ""concentration"": null, ""assisted_share"": null, ""assistance"": 0.5, ""partition"": ""three"", ""demand_scale"": 1.0, ""network"": ""Winnipeg""}",0.17749907377031876,null,"[0.17749907377031876, 0.17749907377031882, 0.17749907377031876]","[0.17749907377031882, 0.17749907377031882, 0.1774990737703188]",0.1774990737703188,408467.27154533536,False,5.633832243647338e-08,0.0019254012284643945,607.4925581999123,6cc6fd4d2a8a6925354a4e31e68420ef14bd87389abfedbfd06d56b5d8710609
policy_Winnipeg_weighted_r2,policies_v1,weighted,direct,"{""pattern"": ""concentrated"", ""scarcity"": 0.8, ""loss"": 0.0, ""replication"": 2, ""seed"": 20260925, ""k"": 5, ""detour"": 1.5, ""delta"": 15.0, ""window"": 90.0, ""concentration"": null, ""assisted_share"": null, ""assistance"": 0.5, ""partition"": ""three"", ""demand_scale"": 1.0, ""network"": ""Winnipeg""}",0.13112192438522166,null,"[0.13112192438522166, 0.4511876157063306, 0.4110581581417997]","[0.13112192438522166, 0.4511876157063306, 0.4110581581417996]",0.2361111011111111,484836.1802760484,True,2.292993694673189e-08,9.504099420211258e-05,317.26117779989727,8f23dd8844ae368ee98a1fdfa6a353e3bccfca5ab3e210c9466ee0c7e2f8b3ea
policy_Winnipeg_coverage_r2,policies_v1,coverage,direct,"{""pattern"": ""concentrated"", ""scarcity"": 0.8, ""loss"": 0.0, ""replication"": 2, ""seed"": 20260925, ""k"": 5, ""detour"": 1.5, ""delta"": 15.0, ""window"": 90.0, ""concentration"": null, ""assisted_share"": null, ""assistance"": 0.5, ""partition"": ""three"", ""demand_scale"": 1.0, ""network"": ""Winnipeg""}",0.23611110111111114,0.23611111111111113,"[0.23611110111111114, 0.23611110111111117, 0.23611110111111117]","[0.23611110111111122, 0.23611110111111117, 0.23611110111111117]",0.2361111011111112,477427.82998970285,False,4.235294294794957e-08,0.012337662281320712,650.2487729999702,70cfd0eb16d185ec755254220d61cb1a654a64535b57506a3b419584061d494f
policy_Winnipeg_leximin_r2,policies_v1,leximin,direct,"{""pattern"": ""concentrated"", ""scarcity"": 0.8, ""loss"": 0.0, ""replication"": 2, ""seed"": 20260925, ""k"": 5, ""detour"": 1.5, ""delta"": 15.0, ""window"": 90.0, ""concentration"": null, ""assisted_share"": null, ""assistance"": 0.5, ""partition"": ""three"", ""demand_scale"": 1.0, ""network"": ""Winnipeg""}",0.23611110111111117,0.23611111111111113,"[0.23611110111111117, 0.23611112024231004, 0.23611113846347323]","[0.23611110111111117, 0.2361111202423101, 0.23611113846347323]",0.2361111098947383,477427.87106760964,True,4.235294283039653e-08,9.890287961447864e-05,436.190748999943,d044b18018ae1cd6fb96be6dd24f529a1fc440be7504d220c8e9b35ba4be525b
policy_Winnipeg_aggregate_r3,policies_v1,aggregate,direct,"{""pattern"": ""concentrated"", ""scarcity"": 0.8, ""loss"": 0.0, ""replication"": 3, ""seed"": 20260925, ""k"": 5, ""detour"": 1.5, ""delta"": 15.0, ""window"": 90.0, ""concentration"": null, ""assisted_share"": null, ""assistance"": 0.5, ""partition"": ""three"", ""demand_scale"": 1.0, ""network"": ""Winnipeg""}",0.14753188974826667,null,"[0.23372531562490192, 0.2916987922693279, 0.14753188974826667]","[0.23372531562490195, 0.2916987922693279, 0.1475318897482667]",0.2361111011111111,477427.82998970227,True,4.23529430655026e-08,9.069814584161526e-05,62.514748099958524,83e150a0da08f8360bca8e31ba2f56e342ac02a25188bc7fa81cb470eeb53539
policy_Winnipeg_aggregate_fair_r3,policies_v1,aggregate_fair,direct,"{""pattern"": ""concentrated"", ""scarcity"": 0.8, ""loss"": 0.0, ""replication"": 3, ""seed"": 20260925, ""k"": 5, ""detour"": 1.5, ""delta"": 15.0, ""window"": 90.0, ""concentration"": null, ""assisted_share"": null, ""assistance"": 0.5, ""partition"": ""three"", ""demand_scale"": 1.0, ""network"": ""Winnipeg""}",0.23611110111111114,null,"[0.23611110111111125, 0.23611110111111117, 0.23611110111111114]","[0.23611110111111122, 0.23611110111111117, 0.23611110111111122]",0.2361111011111112,477427.8299897027,True,4.2352942712843496e-08,9.987583367832146e-05,440.03949699993245,88aac58d6e0a6692ba1e1e4cb0ca3d5c9799ab0a4cb2316bff14a64ac59a2e50
policy_Winnipeg_controlled_r3,policies_v1,controlled,direct,"{""pattern"": ""concentrated"", ""scarcity"": 0.8, ""loss"": 0.0, ""replication"": 3, ""seed"": 20260925, ""k"": 5, ""detour"": 1.5, ""delta"": 15.0, ""window"": 90.0, ""concentration"": null, ""assisted_share"": null, ""assistance"": 0.5, ""partition"": ""three"", ""demand_scale"": 1.0, ""network"": ""Winnipeg""}",0.12221871992618094,null,"[0.24782311478802596, 0.2635436367895362, 0.12221871992618094]","[0.24782311478802596, 0.2635436367895362, 0.12221871992618097]",0.23611110111111103,477427.82998970203,True,9.974110184681705e-05,null,76.92787960008718,2a7548689858c9d516133a44f13cf9ee0187b85902f9c24d37998c646b8b7fd2
policy_Winnipeg_proportional_r3,policies_v1,proportional,direct,"{""pattern"": ""concentrated"", ""scarcity"": 0.8, ""loss"": 0.0, ""replication"": 3, ""seed"": 20260925, ""k"": 5, ""detour"": 1.5, ""delta"": 15.0, ""window"": 90.0, ""concentration"": null, ""assisted_share"": null, ""assistance"": 0.5, ""partition"": ""three"", ""demand_scale"": 1.0, ""network"": ""Winnipeg""}",0.17629264338703604,null,"[0.17629264338703607, 0.17629264338703604, 0.17629264338703604]","[0.1762926433870361, 0.17629264338703604, 0.1762926433870361]",0.17629264338703604,404254.7563466201,False,5.672386485265292e-08,0.0005211514434798414,603.9882722999901,bdf4086aeda900151912019d33974a34b17668f2dc6ce1fc62b227b64e73e115
policy_Winnipeg_weighted_r3,policies_v1,weighted,direct,"{""pattern"": ""concentrated"", ""scarcity"": 0.8, ""loss"": 0.0, ""replication"": 3, ""seed"": 20260925, ""k"": 5, ""detour"": 1.5, ""delta"": 15.0, ""window"": 90.0, ""concentration"": null, ""assisted_share"": null, ""assistance"": 0.5, ""partition"": ""three"", ""demand_scale"": 1.0, ""network"": ""Winnipeg""}",0.130824933950758,null,"[0.130824933950758, 0.45271020659497024, 0.41359277301553427]","[0.13082493395075803, 0.45271020659497024, 0.4135927730155344]",0.2361111011111111,482923.52704723884,False,2.2929937074018607e-08,0.009740386731777373,654.2315863000695,059318794889a30e00cdce363ba658ae75f9f887fecfea4851f373ffe66240b2
policy_Winnipeg_coverage_r3,policies_v1,coverage,direct,"{""pattern"": ""concentrated"", ""scarcity"": 0.8, ""loss"": 0.0, ""replication"": 3, ""seed"": 20260925, ""k"": 5, ""detour"": 1.5, ""delta"": 15.0, ""window"": 90.0, ""concentration"": null, ""assisted_share"": null, ""assistance"": 0.5, ""partition"": ""three"", ""demand_scale"": 1.0, ""network"": ""Winnipeg""}",0.23611110111111108,0.2361111111111112,"[0.23611110111111108, 0.23611110111111114, 0.23611110111111144]","[0.23611110111111114, 0.23611110111111114, 0.23611110111111153]",0.23611110111111117,477427.8299897026,False,4.2352943418161704e-08,0.005089819022482222,649.5368943999056,488d9266326f76c487556db3ad724c734ee66e4c4c578dd880a5322293498073
policy_Winnipeg_leximin_r3,policies_v1,leximin,direct,"{""pattern"": ""concentrated"", ""scarcity"": 0.8, ""loss"": 0.0, ""replication"": 3, ""seed"": 20260925, ""k"": 5, ""detour"": 1.5, ""delta"": 15.0, ""window"": 90.0, ""concentration"": null, ""assisted_share"": null, ""assistance"": 0.5, ""partition"": ""three"", ""demand_scale"": 1.0, ""network"": ""Winnipeg""}",0.23611110111111114,0.2361111111111112,"[0.23611110111111114, 0.23611112036937978, 0.23611113864123545]","[0.23611110111111114, 0.23611112036937978, 0.2361111386412355]",0.2361111099021925,477427.8711024705,True,4.2352943183055626e-08,9.958978676778858e-05,97.09476070012897,7a1f8848edbeb0e01980acbda2dcf3902fadb9113d586d55636fc41c6f16f68f
direct_ND_balanced_moderate_r1,direct_comparison_v1,proposed,direct,"{""pattern"": ""balanced"", ""scarcity"": 0.8, ""loss"": 0.0, ""replication"": 1, ""seed"": 20260925, ""k"": 5, ""detour"": 1.5, ""delta"": 15.0, ""window"": 90.0, ""concentration"": null, ""assisted_share"": null, ""assistance"": 0.5, ""partition"": ""three"", ""demand_scale"": 1.0, ""network"": ""ND""}",0.25952379952380955,0.259549571216454,"[0.25952379952380955, 0.2595237995238096, 0.2595237995238096]","[0.25952379952380955, 0.2595237995238096, 0.2595237995238096]",0.25952379952380955,301919.98152,True,9.930377364903361e-05,9.927055609171279e-05,261.1173743000254,0fd93e74c46ce416189280b58e2a2c3c378e9b01a087a6b9dd51ed51181e1842
direct_ND_balanced_moderate_r2,direct_comparison_v1,proposed,direct,"{""pattern"": ""balanced"", ""scarcity"": 0.8, ""loss"": 0.0, ""replication"": 2, ""seed"": 20260925, ""k"": 5, ""detour"": 1.5, ""delta"": 15.0, ""window"": 90.0, ""concentration"": null, ""assisted_share"": null, ""assistance"": 0.5, ""partition"": ""three"", ""demand_scale"": 1.0, ""network"": ""ND""}",0.2595237995238095,0.2595495709878872,"[0.2595237995238095, 0.2595237995238095, 0.25952379952380955]","[0.2595237995238095, 0.2595237995238095, 0.25952379952380955]",0.2595237995238095,301919.9815199999,True,9.93028929331936e-05,9.964163302186276e-05,167.99890260002576,84c6ce6148b721e0ed175b35bba6af0e989af984739529e86b019c549dcbe89b
direct_ND_balanced_moderate_r3,direct_comparison_v1,proposed,direct,"{""pattern"": ""balanced"", ""scarcity"": 0.8, ""loss"": 0.0, ""replication"": 3, ""seed"": 20260925, ""k"": 5, ""detour"": 1.5, ""delta"": 15.0, ""window"": 90.0, ""concentration"": null, ""assisted_share"": null, ""assistance"": 0.5, ""partition"": ""three"", ""demand_scale"": 1.0, ""network"": ""ND""}",0.2595237995238095,0.25954898189456516,"[0.25952379952380955, 0.2595237995238095, 0.2595237995238095]","[0.25952379952380955, 0.2595237995238095, 0.2595237995238095]",0.25952379952380955,301919.9815199999,True,9.703299197170767e-05,9.91625953443865e-05,352.24154910002835,2b780cdaf318e1b39680a31dac6c951124481d49a17ebac4f45b3cb96960ca65
direct_ND_concentrated_moderate_r1,direct_comparison_v1,proposed,direct,"{""pattern"": ""concentrated"", ""scarcity"": 0.8, ""loss"": 0.0, ""replication"": 1, ""seed"": 20260925, ""k"": 5, ""detour"": 1.5, ""delta"": 15.0, ""window"": 90.0, ""concentration"": null, ""assisted_share"": null, ""assistance"": 0.5, ""partition"": ""three"", ""demand_scale"": 1.0, ""network"": ""ND""}",0.25952379952380944,0.25954871415990755,"[0.25952379952380944, 0.2595237995238095, 0.2595237995238095]","[0.25952379952380944, 0.2595237995238095, 0.2595237995238095]",0.25952379952380944,301919.98151999986,True,9.600135380192708e-05,9.997493123536225e-05,354.0144223999232,e2bdce78397cc052349e7ae59c41a68dfd42c7c6a5a67a00e16ca2192f151e14
direct_ND_concentrated_moderate_r2,direct_comparison_v1,proposed,direct,"{""pattern"": ""concentrated"", ""scarcity"": 0.8, ""loss"": 0.0, ""replication"": 2, ""seed"": 20260925, ""k"": 5, ""detour"": 1.5, ""delta"": 15.0, ""window"": 90.0, ""concentration"": null, ""assisted_share"": null, ""assistance"": 0.5, ""partition"": ""three"", ""demand_scale"": 1.0, ""network"": ""ND""}",0.2595237995238095,0.259549296176703,"[0.2595237995238095, 0.25952379952380955, 0.2595237995238095]","[0.2595237995238095, 0.25952379952380955, 0.2595237995238095]",0.2595237995238095,301919.98152,True,9.824398741199694e-05,9.880229055742737e-05,314.47936590004247,d8364ff8541b1787a6c52c8f54afd39f7cd56e6edf3afceecf2b41a44f833715
direct_ND_concentrated_moderate_r3,direct_comparison_v1,proposed,direct,"{""pattern"": ""concentrated"", ""scarcity"": 0.8, ""loss"": 0.0, ""replication"": 3, ""seed"": 20260925, ""k"": 5, ""detour"": 1.5, ""delta"": 15.0, ""window"": 90.0, ""concentration"": null, ""assisted_share"": null, ""assistance"": 0.5, ""partition"": ""three"", ""demand_scale"": 1.0, ""network"": ""ND""}",0.2595237995238095,0.25954963786805907,"[0.2595237995238095, 0.2595237995238095, 0.2595237995238095]","[0.2595237995238095, 0.2595237995238095, 0.2595237995238095]",0.2595237995238095,301919.98152,True,9.956059635757242e-05,9.871046166168677e-05,388.58975459996145,bc8b37c6464dd3e9cd162833634e3e27f90413df86666e1b0a9a4751643a5599
direct_ND_concentrated_severe_r1,direct_comparison_v1,proposed,direct,"{""pattern"": ""concentrated"", ""scarcity"": 0.6, ""loss"": 0.0, ""replication"": 1, ""seed"": 20260925, ""k"": 5, ""detour"": 1.5, ""delta"": 15.0, ""window"": 90.0, ""concentration"": null, ""assisted_share"": null, ""assistance"": 0.5, ""partition"": ""three"", ""demand_scale"": 1.0, ""network"": ""ND""}",0.14999998999999997,0.15001494162009807,"[0.14999998999999997, 0.14999999, 0.14999998999999997]","[0.14999998999999997, 0.14999999, 0.14999998999999997]",0.14999998999999997,150479.98555199997,True,9.967747396581182e-05,9.949998421236573e-05,22.71148069994524,511870d0cf6201b5de6872d397ef4a5d7e3a7b3030839f0f42d6f712e9911f27
direct_ND_concentrated_severe_r2,direct_comparison_v1,proposed,direct,"{""pattern"": ""concentrated"", ""scarcity"": 0.6, ""loss"": 0.0, ""replication"": 2, ""seed"": 20260925, ""k"": 5, ""detour"": 1.5, ""delta"": 15.0, ""window"": 90.0, ""concentration"": null, ""assisted_share"": null, ""assistance"": 0.5, ""partition"": ""three"", ""demand_scale"": 1.0, ""network"": ""ND""}",0.14999998999999997,0.15001231527093595,"[0.14999998999999997, 0.14999998999999997, 0.14999998999999997]","[0.14999998999999997, 0.14999998999999997, 0.14999998999999997]",0.14999998999999997,150479.98555199997,True,8.216847838440241e-05,5.506106370448354e-05,12.87935800012201,a6078a031c48cc30feeafb5c0f00f69bb0dd3bc0fbb1b5db9e34077bae0ab1d6
direct_ND_concentrated_severe_r3,direct_comparison_v1,proposed,direct,"{""pattern"": ""concentrated"", ""scarcity"": 0.6, ""loss"": 0.0, ""replication"": 3, ""seed"": 20260925, ""k"": 5, ""detour"": 1.5, ""delta"": 15.0, ""window"": 90.0, ""concentration"": null, ""assisted_share"": null, ""assistance"": 0.5, ""partition"": ""three"", ""demand_scale"": 1.0, ""network"": ""ND""}",0.14999998999999992,0.15001425089029244,"[0.14999998999999992, 0.14999999, 0.14999998999999997]","[0.14999998999999992, 0.14999999, 0.14999998999999997]",0.14999998999999994,150479.98555199997,True,9.507260828832268e-05,9.81857949836427e-05,18.759214799967594,b086e534b43faa0e001f6c25b17748caf62012b05e725e7c6ca14c824dc811dc
direct_ND_loss_severe_r1,direct_comparison_v1,proposed,direct,"{""pattern"": ""concentrated"", ""scarcity"": 0.8, ""loss"": 0.5, ""replication"": 1, ""seed"": 20260925, ""k"": 5, ""detour"": 1.5, ""delta"": 15.0, ""window"": 90.0, ""concentration"": null, ""assisted_share"": null, ""assistance"": 0.5, ""partition"": ""three"", ""demand_scale"": 1.0, ""network"": ""ND""}",0.25357141857142856,0.2535966789031275,"[0.25357141857142856, 0.25357141857142856, 0.2535714185714286]","[0.25357141857142856, 0.25357141857142856, 0.2535714185714286]",0.2535714185714285,302119.9815199999,True,9.961821344546336e-05,9.74091883887626e-05,301.85361120000016,c8fe527f94e83d370163dc5c4e1fd49b8830e88e021cb9918afaaed491d4f4a5
direct_ND_loss_severe_r2,direct_comparison_v1,proposed,direct,"{""pattern"": ""concentrated"", ""scarcity"": 0.8, ""loss"": 0.5, ""replication"": 2, ""seed"": 20260925, ""k"": 5, ""detour"": 1.5, ""delta"": 15.0, ""window"": 90.0, ""concentration"": null, ""assisted_share"": null, ""assistance"": 0.5, ""partition"": ""three"", ""demand_scale"": 1.0, ""network"": ""ND""}",0.2535714185714285,0.2535962301587304,"[0.2535714185714285, 0.2535714185714285, 0.2535714185714285]","[0.2535714185714285, 0.2535714185714285, 0.2535714185714285]",0.25357141857142845,302119.9815199998,True,9.784851716203215e-05,8.717089676660025e-05,137.33353930001613,579fade2590e62c75f0dad56d64e6764fdce141f0ddd396c1ed79f2d1a8ebfbf
direct_ND_loss_severe_r3,direct_comparison_v1,proposed,direct,"{""pattern"": ""concentrated"", ""scarcity"": 0.8, ""loss"": 0.5, ""replication"": 3, ""seed"": 20260925, ""k"": 5, ""detour"": 1.5, ""delta"": 15.0, ""window"": 90.0, ""concentration"": null, ""assisted_share"": null, ""assistance"": 0.5, ""partition"": ""three"", ""demand_scale"": 1.0, ""network"": ""ND""}",0.2535714185714285,0.2535967575413111,"[0.25357141857142856, 0.25357141857142856, 0.2535714185714285]","[0.25357141857142856, 0.25357141857142856, 0.2535714185714285]",0.25357141857142856,302119.9815199999,True,9.992833587223397e-05,8.035905043405717e-05,78.01375170005485,58c9a8435198224e9f13804a669f5c3bfd4d391a7632791e2cb89c978bcf2235
direct_SF_balanced_moderate_r1,direct_comparison_v1,proposed,direct,"{""pattern"": ""balanced"", ""scarcity"": 0.8, ""loss"": 0.0, ""replication"": 1, ""seed"": 20260925, ""k"": 5, ""detour"": 1.5, ""delta"": 15.0, ""window"": 90.0, ""concentration"": null, ""assisted_share"": null, ""assistance"": 0.5, ""partition"": ""three"", ""demand_scale"": 1.0, ""network"": ""SF""}",0.21705324347413796,0.21705325347413792,"[0.21705324347413799, 0.21705324347413796, 0.21705324347413796]","[0.21705324347413799, 0.21705324347413796, 0.21705324347413796]",0.21705324347413796,150188.89344960923,True,4.6071644942603095e-08,5.298136467238497e-09,0.3021327998721972,f2ae6e3b495ec10fcee202a8db8213efcb3ebcc655d94bb64ee937ab2360cbf5
direct_SF_balanced_moderate_r2,direct_comparison_v1,proposed,direct,"{""pattern"": ""balanced"", ""scarcity"": 0.8, ""loss"": 0.0, ""replication"": 2, ""seed"": 20260925, ""k"": 5, ""detour"": 1.5, ""delta"": 15.0, ""window"": 90.0, ""concentration"": null, ""assisted_share"": null, ""assistance"": 0.5, ""partition"": ""three"", ""demand_scale"": 1.0, ""network"": ""SF""}",0.2170532434741377,0.2170725792734903,"[0.21705324347413776, 0.2170532434741377, 0.21705324347413776]","[0.21705324347413776, 0.2170532434741377, 0.21705324347413776]",0.21705324347413774,150188.893449609,True,8.908320853955462e-05,5.2981370631412856e-09,0.3622169999871403,fc4db30add2f19c06ed8340e20f88615ae7ffc608025644cb7a582d5d274cc5c
direct_SF_balanced_moderate_r3,direct_comparison_v1,proposed,direct,"{""pattern"": ""balanced"", ""scarcity"": 0.8, ""loss"": 0.0, ""replication"": 3, ""seed"": 20260925, ""k"": 5, ""detour"": 1.5, ""delta"": 15.0, ""window"": 90.0, ""concentration"": null, ""assisted_share"": null, ""assistance"": 0.5, ""partition"": ""three"", ""demand_scale"": 1.0, ""network"": ""SF""}",0.21705324347413799,0.21705325347413798,"[0.21705324347413799, 0.21705324347413799, 0.21705324347413799]","[0.21705324347413799, 0.21705324347413799, 0.21705324347413799]",0.21705324347413799,150188.89344960926,True,4.607164507047759e-08,0.0,0.31354639993514866,6f574ac9fa08051e0a62cc144a693f09765b8fbe11d017f473ed8281d288f58c
direct_SF_concentrated_moderate_r1,direct_comparison_v1,proposed,direct,"{""pattern"": ""concentrated"", ""scarcity"": 0.8, ""loss"": 0.0, ""replication"": 1, ""seed"": 20260925, ""k"": 5, ""detour"": 1.5, ""delta"": 15.0, ""window"": 90.0, ""concentration"": null, ""assisted_share"": null, ""assistance"": 0.5, ""partition"": ""three"", ""demand_scale"": 1.0, ""network"": ""SF""}",0.21705324347413787,0.21705325347413792,"[0.21705324347413787, 0.21705324347413787, 0.21705324347413787]","[0.21705324347413787, 0.21705324347413787, 0.21705324347413787]",0.2170532434741379,150188.89344960917,True,4.607164532622662e-08,0.0,0.4031752998707816,075a140dc6a56538b1a6b630bd59b67d6cf8f9df54d35741346c73c17047bd8f
direct_SF_concentrated_moderate_r2,direct_comparison_v1,proposed,direct,"{""pattern"": ""concentrated"", ""scarcity"": 0.8, ""loss"": 0.0, ""replication"": 2, ""seed"": 20260925, ""k"": 5, ""detour"": 1.5, ""delta"": 15.0, ""window"": 90.0, ""concentration"": null, ""assisted_share"": null, ""assistance"": 0.5, ""partition"": ""three"", ""demand_scale"": 1.0, ""network"": ""SF""}",0.2170532434741379,0.21705325347413795,"[0.21705324347413796, 0.2170532434741379, 0.21705324347413793]","[0.21705324347413796, 0.2170532434741379, 0.21705324347413793]",0.2170532434741379,150188.8934496092,True,4.607164532622661e-08,5.29813706314128e-09,0.2846567000960931,8500db373b9164514ed5476dbb9debd001cf4e854e58236ed7caa4ed00bd5885
direct_SF_concentrated_moderate_r3,direct_comparison_v1,proposed,direct,"{""pattern"": ""concentrated"", ""scarcity"": 0.8, ""loss"": 0.0, ""replication"": 3, ""seed"": 20260925, ""k"": 5, ""detour"": 1.5, ""delta"": 15.0, ""window"": 90.0, ""concentration"": null, ""assisted_share"": null, ""assistance"": 0.5, ""partition"": ""three"", ""demand_scale"": 1.0, ""network"": ""SF""}",0.2170532434741379,0.2170532534741379,"[0.21705324347413793, 0.2170532434741379, 0.2170532434741379]","[0.21705324347413793, 0.2170532434741379, 0.2170532434741379]",0.21705324347413793,150188.89344960923,True,4.607164507047761e-08,5.29813726177554e-09,0.3185074998764321,c4989e958300d539b86f43a38e148ac7fb27476f05fb4ad8a196691b71e0c795
direct_SF_concentrated_severe_r1,direct_comparison_v1,proposed,direct,"{""pattern"": ""concentrated"", ""scarcity"": 0.6, ""loss"": 0.0, ""replication"": 1, ""seed"": 20260925, ""k"": 5, ""detour"": 1.5, ""delta"": 15.0, ""window"": 90.0, ""concentration"": null, ""assisted_share"": null, ""assistance"": 0.5, ""partition"": ""three"", ""demand_scale"": 1.0, ""network"": ""SF""}",0.1155959029092348,0.11560603505920646,"[0.11559590290923484, 0.1155959029092348, 0.11559590290923483]","[0.11559590290923484, 0.1155959029092348, 0.11559590290923483]",0.11559590290923483,92351.35401310615,True,8.765146269597311e-05,1.6151717577598638e-16,1.9594951998442411,5a9e583700af9202318b26f61e5e700c9158c77e2c5d4553837fee350db46c9a
direct_SF_concentrated_severe_r2,direct_comparison_v1,proposed,direct,"{""pattern"": ""concentrated"", ""scarcity"": 0.6, ""loss"": 0.0, ""replication"": 2, ""seed"": 20260925, ""k"": 5, ""detour"": 1.5, ""delta"": 15.0, ""window"": 90.0, ""concentration"": null, ""assisted_share"": null, ""assistance"": 0.5, ""partition"": ""three"", ""demand_scale"": 1.0, ""network"": ""SF""}",0.11559590290923481,0.11560587766161665,"[0.11559590290923481, 0.11559590290923484, 0.11559590290923484]","[0.11559590290923481, 0.11559590290923484, 0.11559590290923484]",0.11559590290923483,92351.35401310616,True,8.628984359130299e-05,7.277621935922099e-07,1.7664166000904515,75cd61360fd779b482318c613d9fbc5aa1a9de77b11d16473aed598d71194b36
direct_SF_concentrated_severe_r3,direct_comparison_v1,proposed,direct,"{""pattern"": ""concentrated"", ""scarcity"": 0.6, ""loss"": 0.0, ""replication"": 3, ""seed"": 20260925, ""k"": 5, ""detour"": 1.5, ""delta"": 15.0, ""window"": 90.0, ""concentration"": null, ""assisted_share"": null, ""assistance"": 0.5, ""partition"": ""three"", ""demand_scale"": 1.0, ""network"": ""SF""}",0.11559590290923481,0.11559591290923484,"[0.11559590290923481, 0.11559590290923483, 0.11559590290923483]","[0.11559590290923481, 0.11559590290923483, 0.11559590290923483]",0.11559590290923483,92351.35401310616,True,8.650825652829543e-08,6.232385996244363e-05,1.3346048998646438,f786e2c3a5b0e5807d55b0984c71fb4881a116938359550c85cb57f605f8f910
direct_SF_loss_severe_r1,direct_comparison_v1,proposed,direct,"{""pattern"": ""concentrated"", ""scarcity"": 0.8, ""loss"": 0.5, ""replication"": 1, ""seed"": 20260925, ""k"": 5, ""detour"": 1.5, ""delta"": 15.0, ""window"": 90.0, ""concentration"": null, ""assisted_share"": null, ""assistance"": 0.5, ""partition"": ""three"", ""demand_scale"": 1.0, ""network"": ""SF""}",0.2170532434741379,0.21705325347413792,"[0.21705324347413796, 0.2170532434741379, 0.21705324347413796]","[0.21705324347413796, 0.2170532434741379, 0.21705324347413796]",0.21705324347413793,150188.89344960923,True,4.6071645198352114e-08,5.298136467238499e-09,0.28642489993944764,bcf796adb583ed2a8f3655ccc19311c08aa60d1fb0eb90de8780c70a4b52a9fe
direct_SF_loss_severe_r2,direct_comparison_v1,proposed,direct,"{""pattern"": ""concentrated"", ""scarcity"": 0.8, ""loss"": 0.5, ""replication"": 2, ""seed"": 20260925, ""k"": 5, ""detour"": 1.5, ""delta"": 15.0, ""window"": 90.0, ""concentration"": null, ""assisted_share"": null, ""assistance"": 0.5, ""partition"": ""three"", ""demand_scale"": 1.0, ""network"": ""SF""}",0.21705324347413768,0.21705325347413804,"[0.21705324347413768, 0.21705324347413768, 0.2170532434741377]","[0.21705324347413768, 0.21705324347413768, 0.2170532434741377]",0.21705324347413768,150188.893449609,True,4.607164673284619e-08,5.298137261775547e-09,0.2597828999860212,372555edab5d49cb73bbb67f55c4fa353f77b94778042c6f1eb61d7842cfdf8e
direct_SF_loss_severe_r3,direct_comparison_v1,proposed,direct,"{""pattern"": ""concentrated"", ""scarcity"": 0.8, ""loss"": 0.5, ""replication"": 3, ""seed"": 20260925, ""k"": 5, ""detour"": 1.5, ""delta"": 15.0, ""window"": 90.0, ""concentration"": null, ""assisted_share"": null, ""assistance"": 0.5, ""partition"": ""three"", ""demand_scale"": 1.0, ""network"": ""SF""}",0.2170532434741379,0.21705325347413792,"[0.21705324347413793, 0.2170532434741379, 0.2170532434741379]","[0.21705324347413793, 0.2170532434741379, 0.2170532434741379]",0.21705324347413793,150188.89344960923,True,4.6071645198352114e-08,5.29813726177554e-09,0.23821660003159195,56328dec40f2abff23e4fcaa246c848087b1162a4919f7973bf452239eeb0f38
direct_Anaheim_balanced_moderate_r1,direct_comparison_v1,proposed,direct,"{""pattern"": ""balanced"", ""scarcity"": 0.8, ""loss"": 0.0, ""replication"": 1, ""seed"": 20260925, ""k"": 5, ""detour"": 1.5, ""delta"": 15.0, ""window"": 90.0, ""concentration"": null, ""assisted_share"": null, ""assistance"": 0.5, ""partition"": ""three"", ""demand_scale"": 1.0, ""network"": ""Anaheim""}",0.20530033695541341,0.22522443994534153,"[0.20530033695541344, 0.20530033695541341, 0.20530033695541341]","[0.20530033695541344, 0.20530033695541341, 0.20530033695541341]",0.20530033695541341,302295.5152287079,False,0.09704856448557693,0.1722824672902807,1200.6162852999987,318d3b9d02f40d1fcdd71c1ba82c8839df0398654568cd35f93d653db5f183d4
direct_Anaheim_balanced_moderate_r2,direct_comparison_v1,proposed,direct,"{""pattern"": ""balanced"", ""scarcity"": 0.8, ""loss"": 0.0, ""replication"": 2, ""seed"": 20260925, ""k"": 5, ""detour"": 1.5, ""delta"": 15.0, ""window"": 90.0, ""concentration"": null, ""assisted_share"": null, ""assistance"": 0.5, ""partition"": ""three"", ""demand_scale"": 1.0, ""network"": ""Anaheim""}",0.203100765193798,0.22338372539286477,"[0.20310076519379802, 0.203100765193798, 0.203100765193798]","[0.20310076519379802, 0.203100765193798, 0.203100765193798]",0.20310076519379802,281508.26716687175,False,0.09986648833997673,0.10936588924282749,1200.135652499972,bc69b44268522878051ffaaddb56993b30b4eaf3dcd6fe7cea8f86b4d7fa9abf
direct_Anaheim_balanced_moderate_r3,direct_comparison_v1,proposed,direct,"{""pattern"": ""balanced"", ""scarcity"": 0.8, ""loss"": 0.0, ""replication"": 3, ""seed"": 20260925, ""k"": 5, ""detour"": 1.5, ""delta"": 15.0, ""window"": 90.0, ""concentration"": null, ""assisted_share"": null, ""assistance"": 0.5, ""partition"": ""three"", ""demand_scale"": 1.0, ""network"": ""Anaheim""}",0.1980384107675719,0.22222062355507952,"[0.1980384107675719, 0.1980384107675719, 0.1980384107675719]","[0.1980384107675719, 0.19803841076757187, 0.19803841076757187]",0.19803841076757192,274955.06259962276,False,0.12210869948804587,0.13100630135778582,1200.9017261000117,effb61e753e1874e3e95dfde166c8f421468e3baaad83d3e54c37a2e8b3583a8
direct_Anaheim_concentrated_moderate_r1,direct_comparison_v1,proposed,direct,"{""pattern"": ""concentrated"", ""scarcity"": 0.8, ""loss"": 0.0, ""replication"": 1, ""seed"": 20260925, ""k"": 5, ""detour"": 1.5, ""delta"": 15.0, ""window"": 90.0, ""concentration"": null, ""assisted_share"": null, ""assistance"": 0.5, ""partition"": ""three"", ""demand_scale"": 1.0, ""network"": ""Anaheim""}",0.20530033695541341,0.22790697674418597,"[0.20530033695541344, 0.20530033695541344, 0.20530033695541341]","[0.20530033695541347, 0.20530033695541344, 0.20530033695541344]",0.20530033695541341,281359.2336446294,False,0.11011496680437602,0.1134911740511309,1201.4567374000326,9bbdbdaffc6b11d3ecba69563fb975dc21bd9c67c4939a9ae416b6717e37abba
direct_Anaheim_concentrated_moderate_r2,direct_comparison_v1,proposed,direct,"{""pattern"": ""concentrated"", ""scarcity"": 0.8, ""loss"": 0.0, ""replication"": 2, ""seed"": 20260925, ""k"": 5, ""detour"": 1.5, ""delta"": 15.0, ""window"": 90.0, ""concentration"": null, ""assisted_share"": null, ""assistance"": 0.5, ""partition"": ""three"", ""demand_scale"": 1.0, ""network"": ""Anaheim""}",0.20310076519379847,0.22561404056961581,"[0.20310076519379847, 0.20310076519379847, 0.20310076519379847]","[0.20310076519379847, 0.20310076519379844, 0.2031007651937984]",0.20310076519379847,294819.460227291,False,0.1108478116974853,0.1518112688363825,1200.5608733999543,c9a8d757a41409a607a89dbf8bf7578f9c0a13cadaf32579b24ac425f7e48844
direct_Anaheim_concentrated_moderate_r3,direct_comparison_v1,proposed,direct,"{""pattern"": ""concentrated"", ""scarcity"": 0.8, ""loss"": 0.0, ""replication"": 3, ""seed"": 20260925, ""k"": 5, ""detour"": 1.5, ""delta"": 15.0, ""window"": 90.0, ""concentration"": null, ""assisted_share"": null, ""assistance"": 0.5, ""partition"": ""three"", ""demand_scale"": 1.0, ""network"": ""Anaheim""}",0.19803841076757184,0.2245709566795649,"[0.19803841076757184, 0.1980384107675719, 0.19803841076757187]","[0.19803841076757184, 0.19803841076757184, 0.1980384107675719]",0.19803841076757192,274955.0625996229,False,0.1339767664725053,0.13150259883530818,1200.7588839001255,5df48cafd564d16b01cde2fea62a9b06ef0ff5a35830d6f7ef52e56a886d79c7
direct_Anaheim_concentrated_severe_r1,direct_comparison_v1,proposed,direct,"{""pattern"": ""concentrated"", ""scarcity"": 0.6, ""loss"": 0.0, ""replication"": 1, ""seed"": 20260925, ""k"": 5, ""detour"": 1.5, ""delta"": 15.0, ""window"": 90.0, ""concentration"": null, ""assisted_share"": null, ""assistance"": 0.5, ""partition"": ""three"", ""demand_scale"": 1.0, ""network"": ""Anaheim""}",0.13255812953488377,0.1411116941839898,"[0.13255812953488377, 0.1325581295348838, 0.13255812953488377]","[0.1325581295348838, 0.1325581295348838, 0.13255812953488377]",0.13255812953488375,162425.44926541336,False,0.06452689608037274,0.18063958474171238,1200.1039563000668,efc6322a87132e914bb446edd760020f4a7f35420578731feb8e20c5462282a1
direct_Anaheim_concentrated_severe_r2,direct_comparison_v1,proposed,direct,"{""pattern"": ""concentrated"", ""scarcity"": 0.6, ""loss"": 0.0, ""replication"": 2, ""seed"": 20260925, ""k"": 5, ""detour"": 1.5, ""delta"": 15.0, ""window"": 90.0, ""concentration"": null, ""assisted_share"": null, ""assistance"": 0.5, ""partition"": ""three"", ""demand_scale"": 1.0, ""network"": ""Anaheim""}",0.13255812953488375,0.14284343280545217,"[0.13255812953488377, 0.13255812953488377, 0.13255812953488375]","[0.13255812953488377, 0.13255812953488375, 0.13255812953488375]",0.13255812953488377,163097.2674480134,False,0.07759089017517981,0.17534179453453386,1200.1166525000008,697a2cfaca7cfbf5b05814b7b7c1be388f548edaddcf4d5e1bd9a22cda5e318f
direct_Anaheim_concentrated_severe_r3,direct_comparison_v1,proposed,direct,"{""pattern"": ""concentrated"", ""scarcity"": 0.6, ""loss"": 0.0, ""replication"": 3, ""seed"": 20260925, ""k"": 5, ""detour"": 1.5, ""delta"": 15.0, ""window"": 90.0, ""concentration"": null, ""assisted_share"": null, ""assistance"": 0.5, ""partition"": ""three"", ""demand_scale"": 1.0, ""network"": ""Anaheim""}",0.13255812953488372,0.14013813363674588,"[0.13255812953488377, 0.13255812953488375, 0.13255812953488372]","[0.13255812953488377, 0.13255812953488372, 0.13255812953488372]",0.13255812953488377,163097.2674480134,False,0.0571824913979902,0.17998117446288092,1200.0950091000414,da4e280f4453296646dcfa3e423eb68ef38bf29058cb9e4780af070756ee79df
direct_Anaheim_loss_severe_r1,direct_comparison_v1,proposed,direct,"{""pattern"": ""concentrated"", ""scarcity"": 0.8, ""loss"": 0.5, ""replication"": 1, ""seed"": 20260925, ""k"": 5, ""detour"": 1.5, ""delta"": 15.0, ""window"": 90.0, ""concentration"": null, ""assisted_share"": null, ""assistance"": 0.5, ""partition"": ""three"", ""demand_scale"": 1.0, ""network"": ""Anaheim""}",0.18669568579262272,0.20930232558139508,"[0.18669568579262275, 0.18669568579262275, 0.18669568579262272]","[0.18669568579262277, 0.18669568579262277, 0.18669568579262272]",0.18669568579262277,234324.5606892627,False,0.12108817454883934,0.12243510916750902,1200.8078996000113,6c8459e68cf025fd6780f7901ebd4ea4b9e8f3d826d6f8946907a76b2fa276ef
direct_Anaheim_loss_severe_r2,direct_comparison_v1,proposed,direct,"{""pattern"": ""concentrated"", ""scarcity"": 0.8, ""loss"": 0.5, ""replication"": 2, ""seed"": 20260925, ""k"": 5, ""detour"": 1.5, ""delta"": 15.0, ""window"": 90.0, ""concentration"": null, ""assisted_share"": null, ""assistance"": 0.5, ""partition"": ""three"", ""demand_scale"": 1.0, ""network"": ""Anaheim""}",0.18449611403100777,0.20930232558139522,"[0.18449611403100777, 0.18449611403100777, 0.18449611403100777]","[0.18449611403100777, 0.18449611403100774, 0.18449611403100777]",0.1844961140310078,236100.97244678094,False,0.13445384300190918,0.1272634376504549,1200.9972664000234,0e6e69a17c3a90bc526bc44b4f909aef621a506c8b17f97462703823f77437c2
direct_Anaheim_loss_severe_r3,direct_comparison_v1,proposed,direct,"{""pattern"": ""concentrated"", ""scarcity"": 0.8, ""loss"": 0.5, ""replication"": 3, ""seed"": 20260925, ""k"": 5, ""detour"": 1.5, ""delta"": 15.0, ""window"": 90.0, ""concentration"": null, ""assisted_share"": null, ""assistance"": 0.5, ""partition"": ""three"", ""demand_scale"": 1.0, ""network"": ""Anaheim""}",0.1794337596047811,0.20596630551677422,"[0.17943375960478114, 0.1794337596047811, 0.17943375960478114]","[0.17943375960478114, 0.17943375960478108, 0.17943375960478114]",0.1794337596047812,230285.49884698197,False,0.1478681936466884,0.15041823992964337,1201.0027492999798,e9f0e4886f121bb071c8b078f83bdf0685ecf76bdc2d3f5b5448d81134e70e67
direct_Winnipeg_balanced_moderate_r1,direct_comparison_v1,proposed,direct,"{""pattern"": ""balanced"", ""scarcity"": 0.8, ""loss"": 0.0, ""replication"": 1, ""seed"": 20260925, ""k"": 5, ""detour"": 1.5, ""delta"": 15.0, ""window"": 90.0, ""concentration"": null, ""assisted_share"": null, ""assistance"": 0.5, ""partition"": ""three"", ""demand_scale"": 1.0, ""network"": ""Winnipeg""}",0.23611110111111108,0.23611111111111116,"[0.23611110111111108, 0.2361111011111111, 0.2361111011111111]","[0.23611110111111114, 0.2361111011111111, 0.2361111011111111]",0.23611110111111114,477427.82998970244,False,4.235294330060867e-08,0.00011490657245009853,628.5900807998842,65bb509a0b47586409f307b1df184e31eb252e3c29990d1e16a10547fc59430b
direct_Winnipeg_balanced_moderate_r2,direct_comparison_v1,proposed,direct,"{""pattern"": ""balanced"", ""scarcity"": 0.8, ""loss"": 0.0, ""replication"": 2, ""seed"": 20260925, ""k"": 5, ""detour"": 1.5, ""delta"": 15.0, ""window"": 90.0, ""concentration"": null, ""assisted_share"": null, ""assistance"": 0.5, ""partition"": ""three"", ""demand_scale"": 1.0, ""network"": ""Winnipeg""}",0.23611110111111117,0.2361111111111112,"[0.23611110111111117, 0.2361111011111112, 0.23611110111111228]","[0.2361111011111111, 0.2361111011111112, 0.23611110111111228]",0.23611110111111122,477427.8299897029,True,4.2352943065502594e-08,3.8588412487575886e-05,41.26950689998921,7fcb7de3d8247accc26e35d2a83f397aa0ca48f6296d6922fe16f60243f2e286
direct_Winnipeg_balanced_moderate_r3,direct_comparison_v1,proposed,direct,"{""pattern"": ""balanced"", ""scarcity"": 0.8, ""loss"": 0.0, ""replication"": 3, ""seed"": 20260925, ""k"": 5, ""detour"": 1.5, ""delta"": 15.0, ""window"": 90.0, ""concentration"": null, ""assisted_share"": null, ""assistance"": 0.5, ""partition"": ""three"", ""demand_scale"": 1.0, ""network"": ""Winnipeg""}",0.23611110111111117,0.23611111111111116,"[0.2361111011111112, 0.23611110111111117, 0.2361111011111112]","[0.23611110111111117, 0.23611110111111114, 0.23611110111111117]",0.23611110111111114,477427.8299897026,False,4.235294294794956e-08,0.008133714843341466,620.8631967999972,33679b0b37ca211cabbedc4cac39f4e94d8990229dceb84b2f818b1dabb54667
direct_Winnipeg_concentrated_moderate_r1,direct_comparison_v1,proposed,direct,"{""pattern"": ""concentrated"", ""scarcity"": 0.8, ""loss"": 0.0, ""replication"": 1, ""seed"": 20260925, ""k"": 5, ""detour"": 1.5, ""delta"": 15.0, ""window"": 90.0, ""concentration"": null, ""assisted_share"": null, ""assistance"": 0.5, ""partition"": ""three"", ""demand_scale"": 1.0, ""network"": ""Winnipeg""}",0.236111101111111,0.2361111111111112,"[0.236111101111111, 0.23611110111111105, 0.23611110111111108]","[0.236111101111111, 0.23611110111111108, 0.23611110111111108]",0.23611110111111105,477427.8299897022,False,4.235294377082081e-08,0.0035671923039462595,625.8735431999667,387c6ca8f06d0243fbf53b2b4b98bc3740454fb0a654b840709675fa2102d013
direct_Winnipeg_concentrated_moderate_r2,direct_comparison_v1,proposed,direct,"{""pattern"": ""concentrated"", ""scarcity"": 0.8, ""loss"": 0.0, ""replication"": 2, ""seed"": 20260925, ""k"": 5, ""detour"": 1.5, ""delta"": 15.0, ""window"": 90.0, ""concentration"": null, ""assisted_share"": null, ""assistance"": 0.5, ""partition"": ""three"", ""demand_scale"": 1.0, ""network"": ""Winnipeg""}",0.2361111011111111,0.23611111111111113,"[0.23611110111111114, 0.2361111011111111, 0.23611110111111117]","[0.23611110111111117, 0.2361111011111111, 0.23611110111111117]",0.23611110111111114,477427.8299897026,True,4.23529430655026e-08,9.988826854105687e-05,248.2100392000284,762b449f1b0f9a227d530761751d28726c68ddb2a450903601beca2b199756e3
direct_Winnipeg_concentrated_moderate_r3,direct_comparison_v1,proposed,direct,"{""pattern"": ""concentrated"", ""scarcity"": 0.8, ""loss"": 0.0, ""replication"": 3, ""seed"": 20260925, ""k"": 5, ""detour"": 1.5, ""delta"": 15.0, ""window"": 90.0, ""concentration"": null, ""assisted_share"": null, ""assistance"": 0.5, ""partition"": ""three"", ""demand_scale"": 1.0, ""network"": ""Winnipeg""}",0.2361111011111111,0.2361111111111112,"[0.23611110111111114, 0.2361111011111111, 0.2361111011111111]","[0.23611110111111114, 0.23611110111111108, 0.23611110111111114]",0.23611110111111114,477427.82998970244,True,4.2352943300608665e-08,9.894189940892075e-05,327.68523259996437,8b331fe063fe9ac1ce1243dcc2711b3635b5bc3143921384ff1ee44b12b70cd6
direct_Winnipeg_concentrated_severe_r1,direct_comparison_v1,proposed,direct,"{""pattern"": ""concentrated"", ""scarcity"": 0.6, ""loss"": 0.0, ""replication"": 1, ""seed"": 20260925, ""k"": 5, ""detour"": 1.5, ""delta"": 15.0, ""window"": 90.0, ""concentration"": null, ""assisted_share"": null, ""assistance"": 0.5, ""partition"": ""three"", ""demand_scale"": 1.0, ""network"": ""Winnipeg""}",0.14999999,0.16409103543430809,"[0.14999999, 0.14999999, 0.14999999]","[0.14999999, 0.14999999, 0.14999999]",0.14999999,238862.3084784022,False,0.09394030915807451,5.25406550470175e-09,600.2754630000563,22a67553d8f3e8b850f36631e36a44cdfb519632b61376d98031c7b1c5a50788
direct_Winnipeg_concentrated_severe_r2,direct_comparison_v1,proposed,direct,"{""pattern"": ""concentrated"", ""scarcity"": 0.6, ""loss"": 0.0, ""replication"": 2, ""seed"": 20260925, ""k"": 5, ""detour"": 1.5, ""delta"": 15.0, ""window"": 90.0, ""concentration"": null, ""assisted_share"": null, ""assistance"": 0.5, ""partition"": ""three"", ""demand_scale"": 1.0, ""network"": ""Winnipeg""}",0.14999999,0.17176970162188424,"[0.14999999, 0.14999999, 0.14999999000000003]","[0.14999999000000003, 0.14999999, 0.14999999000000003]",0.14999998999999997,238862.30847840212,False,0.1451314204879896,5.254065881186702e-09,600.2580166000407,a9f1dfe2dbb4c1fa52fa705f07206400f31cd62a0136f6fddf67a2de68e00c71
direct_Winnipeg_concentrated_severe_r3,direct_comparison_v1,proposed,direct,"{""pattern"": ""concentrated"", ""scarcity"": 0.6, ""loss"": 0.0, ""replication"": 3, ""seed"": 20260925, ""k"": 5, ""detour"": 1.5, ""delta"": 15.0, ""window"": 90.0, ""concentration"": null, ""assisted_share"": null, ""assistance"": 0.5, ""partition"": ""three"", ""demand_scale"": 1.0, ""network"": ""Winnipeg""}",0.14999999,0.17341958649567796,"[0.14999999, 0.14999999, 0.14999999]","[0.14999999000000003, 0.14999999, 0.14999999000000003]",0.14999998999999997,238868.30847864054,False,0.15613065371322996,2.5123697969797827e-05,600.2481851000339,68664991fe78451195d9edad0ee29e8a662ed0b7e0b574182a0b40b007efc941
direct_Winnipeg_loss_severe_r1,direct_comparison_v1,proposed,direct,"{""pattern"": ""concentrated"", ""scarcity"": 0.8, ""loss"": 0.5, ""replication"": 1, ""seed"": 20260925, ""k"": 5, ""detour"": 1.5, ""delta"": 15.0, ""window"": 90.0, ""concentration"": null, ""assisted_share"": null, ""assistance"": 0.5, ""partition"": ""three"", ""demand_scale"": 1.0, ""network"": ""Winnipeg""}",0.23055554555555546,0.23057512209828845,"[0.23055554555555546, 0.2305555455555555, 0.23055554555555552]","[0.23055554555555546, 0.2305555455555555, 0.23055554555555552]",0.23055554555555546,432113.3779765009,False,8.491030951269649e-05,0.004083137662907395,775.7736385000171,0960700b8c2224cd5ae645324d5f7dabe7f983095bef711bcbb0f25e25b74de7
direct_Winnipeg_loss_severe_r2,direct_comparison_v1,proposed,direct,"{""pattern"": ""concentrated"", ""scarcity"": 0.8, ""loss"": 0.5, ""replication"": 2, ""seed"": 20260925, ""k"": 5, ""detour"": 1.5, ""delta"": 15.0, ""window"": 90.0, ""concentration"": null, ""assisted_share"": null, ""assistance"": 0.5, ""partition"": ""three"", ""demand_scale"": 1.0, ""network"": ""Winnipeg""}",0.23055554555555555,0.2305779339208261,"[0.23055554555555555, 0.23055554555555555, 0.23055554555555555]","[0.23055554555555557, 0.23055554555555555, 0.23055554555555555]",0.23055554555555555,432113.3779765012,False,9.710616683107854e-05,0.0077213292858629235,748.901584199979,490caab7f82c69313c07bf9f29a8fd8db9e870dd1faf0e84aa68ca67cbcef1d0
direct_Winnipeg_loss_severe_r3,direct_comparison_v1,proposed,direct,"{""pattern"": ""concentrated"", ""scarcity"": 0.8, ""loss"": 0.5, ""replication"": 3, ""seed"": 20260925, ""k"": 5, ""detour"": 1.5, ""delta"": 15.0, ""window"": 90.0, ""concentration"": null, ""assisted_share"": null, ""assistance"": 0.5, ""partition"": ""three"", ""demand_scale"": 1.0, ""network"": ""Winnipeg""}",0.23055554555555555,0.23057754508836084,"[0.23055554555555555, 0.23055554555555557, 0.23055554555555555]","[0.2305555455555556, 0.23055554555555557, 0.2305555455555556]",0.23055554555555555,432113.3779909011,False,9.54196644989984e-05,0.020264315866211618,811.4603774999268,8bf7a6526299fe4edb86480e2ad9e352708ffd84a23ad35217ecf4eaa6e6d28c
ablation_ND_benders_basic,ablation_v1,proposed,benders_basic,"{""pattern"": ""concentrated"", ""scarcity"": 0.8, ""loss"": 0.0, ""replication"": 1, ""seed"": 20260925, ""k"": 5, ""detour"": 1.5, ""delta"": 15.0, ""window"": 90.0, ""concentration"": null, ""assisted_share"": null, ""assistance"": 0.2, ""partition"": ""three"", ""demand_scale"": 1.0, ""network"": ""ND""}",0.13370941902161998,0.13370942902161997,"[0.13370941902161998, 0.13370941902162, 0.13370941902162]","[0.13370941902161998, 0.13370941902162, 0.13370941902162]",0.13370941902161998,130804.11477512456,False,7.478904678450143e-08,null,3.19414129992947,11dcec4eea1c93fb55f5cad5ff75d314126e3ad09ecc32f7cbe6ee3adbab2aaa
ablation_ND_benders_bounds,ablation_v1,proposed,benders_bounds,"{""pattern"": ""concentrated"", ""scarcity"": 0.8, ""loss"": 0.0, ""replication"": 1, ""seed"": 20260925, ""k"": 5, ""detour"": 1.5, ""delta"": 15.0, ""window"": 90.0, ""concentration"": null, ""assisted_share"": null, ""assistance"": 0.2, ""partition"": ""three"", ""demand_scale"": 1.0, ""network"": ""ND""}",0.13370941901493452,0.13370942901493452,"[0.13370941901493452, 0.13370941901493452, 0.13370941901493452]","[0.13370941901493452, 0.13370941901493452, 0.13370941901493452]",0.1337094190149345,119452.01719632052,True,7.478904678824087e-08,1.6877164615306094e-11,0.5966228001052514,0299cab8931a0888a4528efb6af6743d698e4d0da534b7517fa51f115cf37994
ablation_ND_benders_fractional,ablation_v1,proposed,benders_fractional,"{""pattern"": ""concentrated"", ""scarcity"": 0.8, ""loss"": 0.0, ""replication"": 1, ""seed"": 20260925, ""k"": 5, ""detour"": 1.5, ""delta"": 15.0, ""window"": 90.0, ""concentration"": null, ""assisted_share"": null, ""assistance"": 0.2, ""partition"": ""three"", ""demand_scale"": 1.0, ""network"": ""ND""}",0.13370941901493452,0.13370942901493452,"[0.13370941901493452, 0.13370941901493452, 0.13370941901493452]","[0.13370941901493452, 0.13370941901493452, 0.13370941901493452]",0.13370941901493452,119452.01719632052,True,7.478904678824087e-08,1.6877164615306094e-11,0.2557421000674367,a8c9b8272ec5d535a5c119711dfb3b1a68b24970845320bcaf23dc918019e8ac
ablation_ND_benders_warm,ablation_v1,proposed,benders_warm,"{""pattern"": ""concentrated"", ""scarcity"": 0.8, ""loss"": 0.0, ""replication"": 1, ""seed"": 20260925, ""k"": 5, ""detour"": 1.5, ""delta"": 15.0, ""window"": 90.0, ""concentration"": null, ""assisted_share"": null, ""assistance"": 0.2, ""partition"": ""three"", ""demand_scale"": 1.0, ""network"": ""ND""}",0.13370942901493452,0.13370942901493452,"[0.13370942901493452, 0.13370942901493454, 0.13370942901493452]","[0.13370942901493452, 0.13370942901493454, 0.13370942901493452]",0.13370942901493452,193196.0695956754,False,0.0,null,0.16336540004704148,58c4561c884f83456c19ac37df7add0a3506bc1c4e8576dcbec198be226e8fa0
ablation_ND_benders_flow,ablation_v1,proposed,benders_flow,"{""pattern"": ""concentrated"", ""scarcity"": 0.8, ""loss"": 0.0, ""replication"": 1, ""seed"": 20260925, ""k"": 5, ""detour"": 1.5, ""delta"": 15.0, ""window"": 90.0, ""concentration"": null, ""assisted_share"": null, ""assistance"": 0.2, ""partition"": ""three"", ""demand_scale"": 1.0, ""network"": ""ND""}",0.13370942901493452,0.13370942901493452,"[0.13370942901493452, 0.13370942901493452, 0.13370942901493452]","[0.13370942901493452, 0.13370942901493452, 0.13370942901493452]",0.13370942901493452,195116.0198558808,False,0.0,null,0.1398724998580292,2128483a2d59de3a4763c04e45a612b380e33a54ad968fd9332d4ad6873cdb99
ablation_SF_benders_basic,ablation_v1,proposed,benders_basic,"{""pattern"": ""concentrated"", ""scarcity"": 0.8, ""loss"": 0.0, ""replication"": 1, ""seed"": 20260925, ""k"": 5, ""detour"": 1.5, ""delta"": 15.0, ""window"": 90.0, ""concentration"": null, ""assisted_share"": null, ""assistance"": 0.2, ""partition"": ""three"", ""demand_scale"": 1.0, ""network"": ""SF""}",0.14992458137691098,0.149924591376911,"[0.14992458137691098, 0.14992458137691098, 0.14992458137691098]","[0.14992458137691098, 0.14992458137691098, 0.14992458137691098]",0.14992458137691098,96148.09050763643,False,6.670020306644699e-08,null,53.028292699949816,b87379694acd2e1da8d60096cb7605074584c8de4a8a7a8a96c399039b3b703f
ablation_SF_benders_bounds,ablation_v1,proposed,benders_bounds,"{""pattern"": ""concentrated"", ""scarcity"": 0.8, ""loss"": 0.0, ""replication"": 1, ""seed"": 20260925, ""k"": 5, ""detour"": 1.5, ""delta"": 15.0, ""window"": 90.0, ""concentration"": null, ""assisted_share"": null, ""assistance"": 0.2, ""partition"": ""three"", ""demand_scale"": 1.0, ""network"": ""SF""}",0.14992458136941472,0.14992459136941474,"[0.14992458136941472, 0.14992458136941475, 0.14992458136941475]","[0.14992458136941472, 0.14992458136941475, 0.14992458136941475]",0.14992458136941475,101910.29086382934,False,6.6700203069782e-08,null,27.256588999996893,f1aa3fa32f86a6209a57115997d2d7689910a4e0c03a9babb48f9b6dece9f23d
ablation_SF_benders_fractional,ablation_v1,proposed,benders_fractional,"{""pattern"": ""concentrated"", ""scarcity"": 0.8, ""loss"": 0.0, ""replication"": 1, ""seed"": 20260925, ""k"": 5, ""detour"": 1.5, ""delta"": 15.0, ""window"": 90.0, ""concentration"": null, ""assisted_share"": null, ""assistance"": 0.2, ""partition"": ""three"", ""demand_scale"": 1.0, ""network"": ""SF""}",0.14992458136941472,0.14992459136941474,"[0.14992458136941475, 0.14992458136941472, 0.14992458136941475]","[0.14992458136941475, 0.14992458136941472, 0.14992458136941475]",0.14992458136941475,119520.86535476282,False,6.6700203069782e-08,0.3673105587787206,180.02907480008435,8aba26a05e0e1328b84e73d3c9fb707ca9ac34ea3fa9b270f7e2018a21c272bb
ablation_SF_benders_warm,ablation_v1,proposed,benders_warm,"{""pattern"": ""concentrated"", ""scarcity"": 0.8, ""loss"": 0.0, ""replication"": 1, ""seed"": 20260925, ""k"": 5, ""detour"": 1.5, ""delta"": 15.0, ""window"": 90.0, ""concentration"": null, ""assisted_share"": null, ""assistance"": 0.2, ""partition"": ""three"", ""demand_scale"": 1.0, ""network"": ""SF""}",0.14992458136941472,0.14992459136941474,"[0.14992458136941472, 0.14992458136941472, 0.14992458136941475]","[0.14992458136941472, 0.14992458136941472, 0.14992458136941475]",0.14992458136941472,119520.8653547628,False,6.6700203069782e-08,null,2.9374346000840887,05476320a7aaed1b8bd43284c0bed6d9fa3932ae626ae366a916862ae584d91f
ablation_SF_benders_flow,ablation_v1,proposed,benders_flow,"{""pattern"": ""concentrated"", ""scarcity"": 0.8, ""loss"": 0.0, ""replication"": 1, ""seed"": 20260925, ""k"": 5, ""detour"": 1.5, ""delta"": 15.0, ""window"": 90.0, ""concentration"": null, ""assisted_share"": null, ""assistance"": 0.2, ""partition"": ""three"", ""demand_scale"": 1.0, ""network"": ""SF""}",0.14992458136941472,0.14992459136941474,"[0.14992458136941472, 0.14992458136941472, 0.14992458136941472]","[0.14992458136941472, 0.14992458136941472, 0.14992458136941472]",0.14992458136941472,89393.60798359885,True,6.6700203069782e-08,3.337225158653834e-16,0.045570999966003,3d891413498bd3a1ccca98685d731780406c39332732ba22767c528711e5fab9
ablation_Anaheim_benders_basic,ablation_v1,proposed,benders_basic,"{""pattern"": ""concentrated"", ""scarcity"": 0.8, ""loss"": 0.0, ""replication"": 1, ""seed"": 20260925, ""k"": 5, ""detour"": 1.5, ""delta"": 15.0, ""window"": 90.0, ""concentration"": null, ""assisted_share"": null, ""assistance"": 0.2, ""partition"": ""three"", ""demand_scale"": 1.0, ""network"": ""Anaheim""}",0.07131781945936438,0.174752825587008,"[0.07131781945936438, 0.07131781945936438, 0.07131781945936438]","[0.07131781945936438, 0.07131781945936438, 0.07131781945936438]",0.07131781945936438,78091.36351530804,False,1.4503388761988023,1.0,360.34148630010895,e01ece3d42ab9c83014a8594fdd7c67370229c1565fe7bf65463c90d4df5c371
ablation_Anaheim_benders_bounds,ablation_v1,proposed,benders_bounds,"{""pattern"": ""concentrated"", ""scarcity"": 0.8, ""loss"": 0.0, ""replication"": 1, ""seed"": 20260925, ""k"": 5, ""detour"": 1.5, ""delta"": 15.0, ""window"": 90.0, ""concentration"": null, ""assisted_share"": null, ""assistance"": 0.2, ""partition"": ""three"", ""demand_scale"": 1.0, ""network"": ""Anaheim""}",0.11627905976805325,0.16769639214635276,"[0.11627905976805326, 0.11627905976805325, 0.11627905976805343]","[0.11627905976805328, 0.11627905976805326, 0.11627905976805343]",0.11627905976805329,126266.99237976197,False,0.4421890964793131,0.35811869078968345,438.47590190009214,f53ef08486073f50abeab990e6e5a990743c5ac5f0b720f4edfde0771ed9c032
ablation_Anaheim_benders_fractional,ablation_v1,proposed,benders_fractional,"{""pattern"": ""concentrated"", ""scarcity"": 0.8, ""loss"": 0.0, ""replication"": 1, ""seed"": 20260925, ""k"": 5, ""detour"": 1.5, ""delta"": 15.0, ""window"": 90.0, ""concentration"": null, ""assisted_share"": null, ""assistance"": 0.2, ""partition"": ""three"", ""demand_scale"": 1.0, ""network"": ""Anaheim""}",0.11317828457450625,0.16769639214635276,"[0.11317828457450628, 0.11317828457450627, 0.11317828457450625]","[0.11317828457450631, 0.11317828457450628, 0.11317828457450625]",0.11317828457450627,180915.84528855278,False,0.48170113000746856,0.5671761989641705,362.2474692000542,ecfffb86119770deb9ffb66bc77f919898b6fc6898cc3ae5d961129378cfcb1e
ablation_Anaheim_benders_warm,ablation_v1,proposed,benders_warm,"{""pattern"": ""concentrated"", ""scarcity"": 0.8, ""loss"": 0.0, ""replication"": 1, ""seed"": 20260925, ""k"": 5, ""detour"": 1.5, ""delta"": 15.0, ""window"": 90.0, ""concentration"": null, ""assisted_share"": null, ""assistance"": 0.2, ""partition"": ""three"", ""demand_scale"": 1.0, ""network"": ""Anaheim""}",0.11472868217154288,0.16769639214635276,"[0.11472868217154288, 0.11472868217154292, 0.11472868217154292]","[0.1147286821715429, 0.11472868217154293, 0.11472868217154292]",0.1147286821715429,183505.0632215711,False,0.46167801261425034,null,183.0357494999189,d7fcfab8c697d89031538e5dec405a74724b1af9c1f586d32d82201ad8824267
ablation_Anaheim_benders_flow,ablation_v1,proposed,benders_flow,"{""pattern"": ""concentrated"", ""scarcity"": 0.8, ""loss"": 0.0, ""replication"": 1, ""seed"": 20260925, ""k"": 5, ""detour"": 1.5, ""delta"": 15.0, ""window"": 90.0, ""concentration"": null, ""assisted_share"": null, ""assistance"": 0.2, ""partition"": ""three"", ""demand_scale"": 1.0, ""network"": ""Anaheim""}",0.16769638214635274,0.16769639214635276,"[0.16769638214635277, 0.16769638214635274, 0.16769638214635274]","[0.1676963821463528, 0.16769638214635277, 0.16769638214635274]",0.16769638214635277,170241.79682272236,True,5.96315787764865e-08,9.969714302710117e-05,78.72712029982358,ac35fe995a49f18439d9d6c54ead70dc5ca60960087613747d95a4a9cc93f84e
ablation_Winnipeg_benders_basic,ablation_v1,proposed,benders_basic,"{""pattern"": ""concentrated"", ""scarcity"": 0.8, ""loss"": 0.0, ""replication"": 1, ""seed"": 20260925, ""k"": 5, ""detour"": 1.5, ""delta"": 15.0, ""window"": 90.0, ""concentration"": null, ""assisted_share"": null, ""assistance"": 0.2, ""partition"": ""three"", ""demand_scale"": 1.0, ""network"": ""Winnipeg""}",0.13888887889288892,0.16717834297852957,"[0.13888887889288892, 0.13888887889288892, 0.13888887889288892]","[0.13888887889288892, 0.13888887889288892, 0.13888887889288892]",0.13888887889288892,298185.93055225856,False,0.20368415607600573,null,200.2167585999705,7815630332729f33ee40b95b441fc2282d867fc15f3d40a54258dad47c30c58c
ablation_Winnipeg_benders_bounds,ablation_v1,proposed,benders_bounds,"{""pattern"": ""concentrated"", ""scarcity"": 0.8, ""loss"": 0.0, ""replication"": 1, ""seed"": 20260925, ""k"": 5, ""detour"": 1.5, ""delta"": 15.0, ""window"": 90.0, ""concentration"": null, ""assisted_share"": null, ""assistance"": 0.2, ""partition"": ""three"", ""demand_scale"": 1.0, ""network"": ""Winnipeg""}",0.055555545556555536,0.1671783429701706,"[0.055555545556555536, 0.055555545556555536, 0.055555545556555536]","[0.055555545556555536, 0.055555545556555536, 0.055555545556555536]",0.055555545556555536,58521.031617096705,False,2.0092107150668346,1.4763929263944874e-10,184.1049979000818,c2e3f466068fc8705e411880c3e45178555a26e366a202196dabe96393f02c88
ablation_Winnipeg_benders_fractional,ablation_v1,proposed,benders_fractional,"{""pattern"": ""concentrated"", ""scarcity"": 0.8, ""loss"": 0.0, ""replication"": 1, ""seed"": 20260925, ""k"": 5, ""detour"": 1.5, ""delta"": 15.0, ""window"": 90.0, ""concentration"": null, ""assisted_share"": null, ""assistance"": 0.2, ""partition"": ""three"", ""demand_scale"": 1.0, ""network"": ""Winnipeg""}",0.05555554555655554,0.1671783429701706,"[0.05555554555655555, 0.05555554555655558, 0.05555554555655554]","[0.05555554555655555, 0.05555554555655558, 0.05555554555655554]",0.055555545556555556,58521.031617096734,False,2.0092107150668346,1.4763929263944866e-10,182.6430018999381,1257baf83b0173ad5c3ebd84635f8c07c7b65f738400a43b1f60b069c719f7df
ablation_Winnipeg_benders_warm,ablation_v1,proposed,benders_warm,"{""pattern"": ""concentrated"", ""scarcity"": 0.8, ""loss"": 0.0, ""replication"": 1, ""seed"": 20260925, ""k"": 5, ""detour"": 1.5, ""delta"": 15.0, ""window"": 90.0, ""concentration"": null, ""assisted_share"": null, ""assistance"": 0.2, ""partition"": ""three"", ""demand_scale"": 1.0, ""network"": ""Winnipeg""}",0.16717833297000995,0.16717834297017056,"[0.16717833297000995, 0.16717833297000995, 0.16717833297000995]","[0.16717833297000992, 0.16717833297000995, 0.16717833297000995]",0.16717833297000997,257842.19722973552,False,5.981732464126469e-08,0.1708314103666703,188.49520689994097,de0f53be5b0a929d20ea8aa590870d54028c82f0531e57c1c1ae8291d7011cdf
ablation_Winnipeg_benders_flow,ablation_v1,proposed,benders_flow,"{""pattern"": ""concentrated"", ""scarcity"": 0.8, ""loss"": 0.0, ""replication"": 1, ""seed"": 20260925, ""k"": 5, ""detour"": 1.5, ""delta"": 15.0, ""window"": 90.0, ""concentration"": null, ""assisted_share"": null, ""assistance"": 0.2, ""partition"": ""three"", ""demand_scale"": 1.0, ""network"": ""Winnipeg""}",0.16717833297017057,0.1671783429701706,"[0.1671783329701706, 0.16717833297017062, 0.16717833297017057]","[0.1671783329701706, 0.16717833297017062, 0.1671783329701706]",0.1671783329701706,245275.63056183254,True,5.981636402772545e-08,0.0,2.6410562999080867,6aed28138ed96548a03ac100de3c30bf1f01c7cc7bb6e003e0aea66eb97a8cdd
shares_SF_q0.0_r1,groups_v1,proposed,benders_flow,"{""pattern"": ""concentrated"", ""scarcity"": 0.8, ""loss"": 0.0, ""replication"": 1, ""seed"": 20260925, ""k"": 5, ""detour"": 1.5, ""delta"": 15.0, ""window"": 90.0, ""concentration"": 0.0, ""assisted_share"": null, ""assistance"": 0.5, ""partition"": ""three"", ""demand_scale"": 1.0, ""network"": ""SF""}",0.2170532434741379,0.21705325347413792,"[0.2170532434741379, 0.2170532434741379, 0.2170532434741379]","[0.2170532434741379, 0.2170532434741379, 0.2170532434741379]",0.2170532434741379,150188.89344960917,True,4.6071645198352114e-08,5.2981368645070194e-09,0.04201249987818301,c59cff595a88b6ee0ddcdd0d4d255c21ad5e2f542d51ce8f4dd5260e3b3ce44a
shares_SF_q0.3_r1,groups_v1,proposed,benders_flow,"{""pattern"": ""concentrated"", ""scarcity"": 0.8, ""loss"": 0.0, ""replication"": 1, ""seed"": 20260925, ""k"": 5, ""detour"": 1.5, ""delta"": 15.0, ""window"": 90.0, ""concentration"": 0.3, ""assisted_share"": null, ""assistance"": 0.5, ""partition"": ""three"", ""demand_scale"": 1.0, ""network"": ""SF""}",0.21705324347413796,0.21705325347413795,"[0.21705324347413796, 0.217053243474138, 0.21705324347413796]","[0.21705324347413796, 0.217053243474138, 0.21705324347413796]",0.21705324347413796,150188.89344960923,True,4.6071645070477595e-08,5.298136864507019e-09,0.038958000019192696,db101601ba1d9416557ee8eeeeedf03acf0d9b5fa7142c6f0d1b4a4f88d5d974
shares_SF_q0.6_r1,groups_v1,proposed,benders_flow,"{""pattern"": ""concentrated"", ""scarcity"": 0.8, ""loss"": 0.0, ""replication"": 1, ""seed"": 20260925, ""k"": 5, ""detour"": 1.5, ""delta"": 15.0, ""window"": 90.0, ""concentration"": 0.6, ""assisted_share"": null, ""assistance"": 0.5, ""partition"": ""three"", ""demand_scale"": 1.0, ""network"": ""SF""}",0.21705324347413793,0.21705325347413792,"[0.21705324347413793, 0.21705324347413793, 0.21705324347413796]","[0.21705324347413793, 0.21705324347413793, 0.21705324347413796]",0.21705324347413793,150188.8934496092,True,4.60716450704776e-08,5.298136665872759e-09,0.04333879996556789,dc000340abc8c84c3eda26f3e612ac28b544ef0ea163cf1090ba039ba691dbab
shares_SF_q0.9_r1,groups_v1,proposed,benders_flow,"{""pattern"": ""concentrated"", ""scarcity"": 0.8, ""loss"": 0.0, ""replication"": 1, ""seed"": 20260925, ""k"": 5, ""detour"": 1.5, ""delta"": 15.0, ""window"": 90.0, ""concentration"": 0.9, ""assisted_share"": null, ""assistance"": 0.5, ""partition"": ""three"", ""demand_scale"": 1.0, ""network"": ""SF""}",0.2170532434741379,0.2170532534741379,"[0.2170532434741379, 0.2170532434741379, 0.2170532434741379]","[0.2170532434741379, 0.2170532434741379, 0.2170532434741379]",0.2170532434741379,150188.89344960917,True,4.607164507047761e-08,5.298136665872759e-09,0.035021299961954355,9138b615c8be523e8be6ed5a6c9c0a865f7d33c11397d9113667d4918f337fea
shares_SF_q1.2_r1,groups_v1,proposed,benders_flow,"{""pattern"": ""concentrated"", ""scarcity"": 0.8, ""loss"": 0.0, ""replication"": 1, ""seed"": 20260925, ""k"": 5, ""detour"": 1.5, ""delta"": 15.0, ""window"": 90.0, ""concentration"": 1.2, ""assisted_share"": null, ""assistance"": 0.5, ""partition"": ""three"", ""demand_scale"": 1.0, ""network"": ""SF""}",0.2170532434741379,0.2170532534741379,"[0.21705324347413793, 0.21705324347413793, 0.2170532434741379]","[0.21705324347413793, 0.21705324347413793, 0.2170532434741379]",0.21705324347413793,150188.8934496092,True,4.607164507047761e-08,5.298136665872759e-09,0.041969799902290106,782b9b7e3ad336c4a6aa491e2a4530fe801d20d870ea6993b02c1139a5198402
shares_SF_q1.5_r1,groups_v1,proposed,benders_flow,"{""pattern"": ""concentrated"", ""scarcity"": 0.8, ""loss"": 0.0, ""replication"": 1, ""seed"": 20260925, ""k"": 5, ""detour"": 1.5, ""delta"": 15.0, ""window"": 90.0, ""concentration"": 1.5, ""assisted_share"": null, ""assistance"": 0.5, ""partition"": ""three"", ""demand_scale"": 1.0, ""network"": ""SF""}",0.2170532434741379,0.2170532534741379,"[0.21705324347413793, 0.2170532434741379, 0.2170532434741379]","[0.21705324347413793, 0.2170532434741379, 0.2170532434741379]",0.21705324347413793,150188.8934496092,True,4.607164507047761e-08,5.298136864507019e-09,0.04238040011841804,2b0c47b60b90f19172697e4d630797e53743af8b8f69a86dab0c247d9cd49758
shares_SF_q1.8_r1,groups_v1,proposed,benders_flow,"{""pattern"": ""concentrated"", ""scarcity"": 0.8, ""loss"": 0.0, ""replication"": 1, ""seed"": 20260925, ""k"": 5, ""detour"": 1.5, ""delta"": 15.0, ""window"": 90.0, ""concentration"": 1.8, ""assisted_share"": null, ""assistance"": 0.5, ""partition"": ""three"", ""demand_scale"": 1.0, ""network"": ""SF""}",0.21705324347413785,0.21705325347413784,"[0.21705324347413787, 0.21705324347413785, 0.21705324347413785]","[0.21705324347413787, 0.21705324347413785, 0.21705324347413785]",0.21705324347413787,150188.89344960917,True,4.607164507047762e-08,5.2981368645070194e-09,0.036170499981381,50b3222ac8efe213e849b310438a6711acb29e74166da2d39a533b26ff425440
shares_SF_p0.005_r1,groups_v1,proposed,benders_flow,"{""pattern"": ""concentrated"", ""scarcity"": 0.8, ""loss"": 0.0, ""replication"": 1, ""seed"": 20260925, ""k"": 5, ""detour"": 1.5, ""delta"": 15.0, ""window"": 90.0, ""concentration"": null, ""assisted_share"": 0.005, ""assistance"": 0.5, ""partition"": ""three"", ""demand_scale"": 1.0, ""network"": ""SF""}",0.21705324347413793,0.2170532534741379,"[0.21705324347413793, 0.21705324347413793, 0.21705324347413793]","[0.21705324347413793, 0.21705324347413793, 0.21705324347413793]",0.21705324347413793,150188.8934496092,True,4.60716449426031e-08,5.298136268604238e-09,0.039810400106944144,00713904d33fb9a3d05211d007bf1cb78b39bb1128eaa716642e86f747e4ef22
shares_SF_p0.02_r1,groups_v1,proposed,benders_flow,"{""pattern"": ""concentrated"", ""scarcity"": 0.8, ""loss"": 0.0, ""replication"": 1, ""seed"": 20260925, ""k"": 5, ""detour"": 1.5, ""delta"": 15.0, ""window"": 90.0, ""concentration"": null, ""assisted_share"": 0.02, ""assistance"": 0.5, ""partition"": ""three"", ""demand_scale"": 1.0, ""network"": ""SF""}",0.2170532434741379,0.2170532534741379,"[0.21705324347413793, 0.2170532434741379, 0.2170532434741379]","[0.21705324347413793, 0.2170532434741379, 0.2170532434741379]",0.21705324347413793,150188.89344960917,True,4.607164507047761e-08,5.298136665872759e-09,0.038350599934346974,f38ca0be58612545f364e2a250d488fad69cdd6a3216060387abbc862663264e
shares_SF_p0.05_r1,groups_v1,proposed,benders_flow,"{""pattern"": ""concentrated"", ""scarcity"": 0.8, ""loss"": 0.0, ""replication"": 1, ""seed"": 20260925, ""k"": 5, ""detour"": 1.5, ""delta"": 15.0, ""window"": 90.0, ""concentration"": null, ""assisted_share"": 0.05, ""assistance"": 0.5, ""partition"": ""three"", ""demand_scale"": 1.0, ""network"": ""SF""}",0.2170532434741379,0.21705325347413792,"[0.2170532434741379, 0.21705324347413793, 0.21705324347413793]","[0.2170532434741379, 0.21705324347413793, 0.21705324347413793]",0.21705324347413793,150188.8934496092,True,4.6071645198352114e-08,5.298136665872758e-09,0.0558093999279663,343f91785834619d4a3f3d23f54631aa86fe90e8b9e9315948c6ae07e23bac0f
shares_SF_p0.1_r1,groups_v1,proposed,benders_flow,"{""pattern"": ""concentrated"", ""scarcity"": 0.8, ""loss"": 0.0, ""replication"": 1, ""seed"": 20260925, ""k"": 5, ""detour"": 1.5, ""delta"": 15.0, ""window"": 90.0, ""concentration"": null, ""assisted_share"": 0.1, ""assistance"": 0.5, ""partition"": ""three"", ""demand_scale"": 1.0, ""network"": ""SF""}",0.21705324347413793,0.21705325347413792,"[0.21705324347413793, 0.21705324347413793, 0.21705324347413793]","[0.21705324347413793, 0.21705324347413793, 0.21705324347413793]",0.21705324347413793,150188.8934496092,True,4.60716450704776e-08,5.298136665872758e-09,0.03971020004246384,a11979fb95fb179fb6751e812aacf06b93ef4b9670b5abd13deee4e7c25c6661
shares_SF_p0.2_r1,groups_v1,proposed,benders_flow,"{""pattern"": ""concentrated"", ""scarcity"": 0.8, ""loss"": 0.0, ""replication"": 1, ""seed"": 20260925, ""k"": 5, ""detour"": 1.5, ""delta"": 15.0, ""window"": 90.0, ""concentration"": null, ""assisted_share"": 0.2, ""assistance"": 0.5, ""partition"": ""three"", ""demand_scale"": 1.0, ""network"": ""SF""}",0.21705324347413782,0.2170532534741379,"[0.21705324347413782, 0.21705324347413785, 0.21705324347413782]","[0.21705324347413782, 0.21705324347413785, 0.21705324347413782]",0.21705324347413785,150188.89344960917,True,4.607164545410113e-08,5.2981368645070194e-09,0.04246280004736036,955598bd1213138915e73f686620694ae7b9bc531aca590772eaecf0eb98dd9e
shares_SF_p0.3_r1,groups_v1,proposed,benders_flow,"{""pattern"": ""concentrated"", ""scarcity"": 0.8, ""loss"": 0.0, ""replication"": 1, ""seed"": 20260925, ""k"": 5, ""detour"": 1.5, ""delta"": 15.0, ""window"": 90.0, ""concentration"": null, ""assisted_share"": 0.3, ""assistance"": 0.5, ""partition"": ""three"", ""demand_scale"": 1.0, ""network"": ""SF""}",0.1666666566666667,0.16666666666666669,"[0.1666666566666667, 0.1666666566666667, 0.1666666566666667]","[0.1666666566666667, 0.1666666566666667, 0.1666666566666667]",0.1666666566666667,103086.54941768199,True,6.000000356841886e-08,5.787885990381856e-16,0.0612124998588115,98eeca7e0450eca25d30f9e905cbda523ba00c9f67ede2a49785869dfb323586
groups_SF_two_fine_r1,groups_v1,proposed,benders_flow,"{""pattern"": ""concentrated"", ""scarcity"": 0.8, ""loss"": 0.0, ""replication"": 1, ""seed"": 20260925, ""k"": 5, ""detour"": 1.5, ""delta"": 15.0, ""window"": 90.0, ""concentration"": null, ""assisted_share"": null, ""assistance"": 0.5, ""partition"": ""two_fine"", ""demand_scale"": 1.0, ""network"": ""SF""}",0.21705324347413782,0.21705325347413784,"[0.21705324347413782, 0.21705324347413785]","[0.0, 0.4622863349098324, 0.27944529288543474, 0.3054313752779636, 0.18069367316187307, 0.03009858307594093]",0.21705324347413787,150188.89344960917,True,4.607164519835213e-08,5.298136467238501e-09,0.05831009999383241,6820429c4772aaf90c949d5d329453b1cbd3042fed1ed8c275c4823271a76dc1
groups_SF_three_fine_r1,groups_v1,proposed,benders_flow,"{""pattern"": ""concentrated"", ""scarcity"": 0.8, ""loss"": 0.0, ""replication"": 1, ""seed"": 20260925, ""k"": 5, ""detour"": 1.5, ""delta"": 15.0, ""window"": 90.0, ""concentration"": null, ""assisted_share"": null, ""assistance"": 0.5, ""partition"": ""three_fine"", ""demand_scale"": 1.0, ""network"": ""SF""}",0.2170532434741379,0.2170532534741379,"[0.21705324347413793, 0.2170532434741379, 0.2170532434741379]","[0.0, 0.46228633490983256, 0.5276461915113903, 0.016236924424178657, 0.544595942190453, 0.05337449995666277]",0.21705324347413796,150188.89344960923,True,4.607164507047761e-08,5.298136665872759e-09,0.0674790000775829,d1a5398b3e71696c916d593b4e8de94bfe801139ed93d739b1232487bcfad263
groups_SF_six_r1,groups_v1,proposed,benders_flow,"{""pattern"": ""concentrated"", ""scarcity"": 0.8, ""loss"": 0.0, ""replication"": 1, ""seed"": 20260925, ""k"": 5, ""detour"": 1.5, ""delta"": 15.0, ""window"": 90.0, ""concentration"": null, ""assisted_share"": null, ""assistance"": 0.5, ""partition"": ""six"", ""demand_scale"": 1.0, ""network"": ""SF""}",0.21705324347413785,0.2170532534741379,"[0.21705324347413787, 0.21705324347413785, 0.21705324347413787, 0.21705324347413785, 0.21705324347413785, 0.21705324347413785]","[0.21705324347413787, 0.21705324347413785, 0.21705324347413787, 0.21705324347413785, 0.21705324347413785, 0.21705324347413785]",0.21705324347413787,150188.89344960917,True,4.6071645326226627e-08,5.29813666587276e-09,0.06975070014595985,7ff4b4f019614f0ef951a396bb572936f6fc17f2561d344d16e1e2936540d792
groups_SF_rare_r1,groups_v1,proposed,benders_flow,"{""pattern"": ""concentrated"", ""scarcity"": 0.8, ""loss"": 0.0, ""replication"": 1, ""seed"": 20260925, ""k"": 5, ""detour"": 1.5, ""delta"": 15.0, ""window"": 90.0, ""concentration"": null, ""assisted_share"": null, ""assistance"": 0.5, ""partition"": ""rare"", ""demand_scale"": 1.0, ""network"": ""SF""}",0.2170532434741378,0.21705325347413784,"[0.21705324347413782, 0.21705324347413785, 0.21705324347413782, 0.21705324347413785, 0.2170532434741378, 0.21705324347413782]","[0.21705324347413782, 0.21705324347413785, 0.21705324347413782, 0.21705324347413785, 0.2170532434741378, 0.21705324347413782]",0.21705324347413782,150188.8934496091,True,4.607164532622664e-08,5.298136467238501e-09,0.06282740004826337,9725d05fc09941cef9bc3bdf7ca2b330257bf45ca9330d21efff09212b71a83e
shares_SF_q0.0_r2,groups_v1,proposed,benders_flow,"{""pattern"": ""concentrated"", ""scarcity"": 0.8, ""loss"": 0.0, ""replication"": 2, ""seed"": 20260925, ""k"": 5, ""detour"": 1.5, ""delta"": 15.0, ""window"": 90.0, ""concentration"": 0.0, ""assisted_share"": null, ""assistance"": 0.5, ""partition"": ""three"", ""demand_scale"": 1.0, ""network"": ""SF""}",0.2170532434741379,0.2170532534741379,"[0.2170532434741379, 0.2170532434741379, 0.2170532434741379]","[0.2170532434741379, 0.2170532434741379, 0.2170532434741379]",0.2170532434741379,150188.89344960917,True,4.607164507047761e-08,5.2981368645070194e-09,0.04368420003447682,c92d2a6425f66473e20e8a6f2c7e7b4878f638931d10c0bc6b6d5747185f6b58
shares_SF_q0.3_r2,groups_v1,proposed,benders_flow,"{""pattern"": ""concentrated"", ""scarcity"": 0.8, ""loss"": 0.0, ""replication"": 2, ""seed"": 20260925, ""k"": 5, ""detour"": 1.5, ""delta"": 15.0, ""window"": 90.0, ""concentration"": 0.3, ""assisted_share"": null, ""assistance"": 0.5, ""partition"": ""three"", ""demand_scale"": 1.0, ""network"": ""SF""}",0.21705324347413782,0.2170532534741379,"[0.21705324347413785, 0.21705324347413782, 0.21705324347413782]","[0.21705324347413785, 0.21705324347413782, 0.21705324347413782]",0.21705324347413782,150188.8934496091,True,4.607164545410113e-08,5.298136864507022e-09,0.04268919990863651,c7115296084a7f4133b93ee3c9d368f2bb2ac8dc02aa9beef22f7f6dfd3733e7
shares_SF_q0.6_r2,groups_v1,proposed,benders_flow,"{""pattern"": ""concentrated"", ""scarcity"": 0.8, ""loss"": 0.0, ""replication"": 2, ""seed"": 20260925, ""k"": 5, ""detour"": 1.5, ""delta"": 15.0, ""window"": 90.0, ""concentration"": 0.6, ""assisted_share"": null, ""assistance"": 0.5, ""partition"": ""three"", ""demand_scale"": 1.0, ""network"": ""SF""}",0.21705324347413787,0.21705325347413787,"[0.21705324347413787, 0.21705324347413787, 0.2170532434741379]","[0.21705324347413787, 0.21705324347413787, 0.2170532434741379]",0.21705324347413787,150188.8934496092,True,4.6071645070477614e-08,5.29813666587276e-09,0.06507510005030781,0f24d2450010d077aaa5e4f777adc56d6a663a0a4a4e4f589f2c1fb9eef782a8
shares_SF_q0.9_r2,groups_v1,proposed,benders_flow,"{""pattern"": ""concentrated"", ""scarcity"": 0.8, ""loss"": 0.0, ""replication"": 2, ""seed"": 20260925, ""k"": 5, ""detour"": 1.5, ""delta"": 15.0, ""window"": 90.0, ""concentration"": 0.9, ""assisted_share"": null, ""assistance"": 0.5, ""partition"": ""three"", ""demand_scale"": 1.0, ""network"": ""SF""}",0.21705324347413787,0.2170532534741379,"[0.21705324347413787, 0.21705324347413787, 0.21705324347413787]","[0.21705324347413787, 0.21705324347413787, 0.21705324347413787]",0.21705324347413793,150188.8934496092,True,4.6071645198352114e-08,5.298136665872759e-09,0.04192029987461865,741cf509ab0f3176736f4aa67487b76ded8d9c208bd4b2cdd1addc7a1dbe3441
shares_SF_q1.2_r2,groups_v1,proposed,benders_flow,"{""pattern"": ""concentrated"", ""scarcity"": 0.8, ""loss"": 0.0, ""replication"": 2, ""seed"": 20260925, ""k"": 5, ""detour"": 1.5, ""delta"": 15.0, ""window"": 90.0, ""concentration"": 1.2, ""assisted_share"": null, ""assistance"": 0.5, ""partition"": ""three"", ""demand_scale"": 1.0, ""network"": ""SF""}",0.21705324347413787,0.21705325347413787,"[0.21705324347413787, 0.2170532434741379, 0.21705324347413787]","[0.21705324347413787, 0.2170532434741379, 0.21705324347413787]",0.2170532434741379,150188.89344960917,True,4.6071645070477614e-08,5.2981368645070194e-09,0.04214209993369877,68ddcd18dfe7cca3ebcefcc4e1ad9a5bcd206ed2f2a0e451ab6a6e3f41e3105c
shares_SF_q1.5_r2,groups_v1,proposed,benders_flow,"{""pattern"": ""concentrated"", ""scarcity"": 0.8, ""loss"": 0.0, ""replication"": 2, ""seed"": 20260925, ""k"": 5, ""detour"": 1.5, ""delta"": 15.0, ""window"": 90.0, ""concentration"": 1.5, ""assisted_share"": null, ""assistance"": 0.5, ""partition"": ""three"", ""demand_scale"": 1.0, ""network"": ""SF""}",0.21705324347413782,0.2170532534741379,"[0.21705324347413785, 0.21705324347413782, 0.21705324347413785]","[0.21705324347413785, 0.21705324347413782, 0.21705324347413785]",0.21705324347413787,150188.89344960914,True,4.607164545410113e-08,5.2981366658727616e-09,0.040710499859414995,e4a84d0d5427c94ad8a33126998873ebcdaf95a2b39c7205c010f47bee09957d
shares_SF_q1.8_r2,groups_v1,proposed,benders_flow,"{""pattern"": ""concentrated"", ""scarcity"": 0.8, ""loss"": 0.0, ""replication"": 2, ""seed"": 20260925, ""k"": 5, ""detour"": 1.5, ""delta"": 15.0, ""window"": 90.0, ""concentration"": 1.8, ""assisted_share"": null, ""assistance"": 0.5, ""partition"": ""three"", ""demand_scale"": 1.0, ""network"": ""SF""}",0.21705324347413785,0.21705325347413784,"[0.21705324347413785, 0.21705324347413785, 0.21705324347413785]","[0.21705324347413785, 0.21705324347413785, 0.21705324347413785]",0.2170532434741379,150188.8934496092,True,4.607164507047762e-08,5.298136665872759e-09,0.04059770004823804,60e3a244c58a8d0f5e4b9e55f80e6aad9824d6135157b90157fc89539122ca1a
shares_SF_p0.005_r2,groups_v1,proposed,benders_flow,"{""pattern"": ""concentrated"", ""scarcity"": 0.8, ""loss"": 0.0, ""replication"": 2, ""seed"": 20260925, ""k"": 5, ""detour"": 1.5, ""delta"": 15.0, ""window"": 90.0, ""concentration"": null, ""assisted_share"": 0.005, ""assistance"": 0.5, ""partition"": ""three"", ""demand_scale"": 1.0, ""network"": ""SF""}",0.21705324347413515,0.21705325347413787,"[0.21705324347413515, 0.21705324347413515, 0.21705324347413515]","[0.21705324347413515, 0.21705324347413515, 0.21705324347413515]",0.21705324347413518,150188.8934496068,True,4.6071657602179476e-08,5.298137857678404e-09,0.03728569997474551,07e1fb7004dc07bf0ab85b9c2a7b4cac4bd1acc372f9043528e63d3e60eee448
shares_SF_p0.02_r2,groups_v1,proposed,benders_flow,"{""pattern"": ""concentrated"", ""scarcity"": 0.8, ""loss"": 0.0, ""replication"": 2, ""seed"": 20260925, ""k"": 5, ""detour"": 1.5, ""delta"": 15.0, ""window"": 90.0, ""concentration"": null, ""assisted_share"": 0.02, ""assistance"": 0.5, ""partition"": ""three"", ""demand_scale"": 1.0, ""network"": ""SF""}",0.2170532434741379,0.2170532534741379,"[0.21705324347413793, 0.2170532434741379, 0.2170532434741379]","[0.21705324347413793, 0.2170532434741379, 0.2170532434741379]",0.21705324347413793,150188.89344960917,True,4.607164507047761e-08,5.298136665872759e-09,0.03604859998449683,67a5b754a9429486d6369006c70530c151e20e3db9e948437630e90da7b53f9f
shares_SF_p0.05_r2,groups_v1,proposed,benders_flow,"{""pattern"": ""concentrated"", ""scarcity"": 0.8, ""loss"": 0.0, ""replication"": 2, ""seed"": 20260925, ""k"": 5, ""detour"": 1.5, ""delta"": 15.0, ""window"": 90.0, ""concentration"": null, ""assisted_share"": 0.05, ""assistance"": 0.5, ""partition"": ""three"", ""demand_scale"": 1.0, ""network"": ""SF""}",0.2170532434741379,0.21705325347413792,"[0.2170532434741379, 0.21705324347413793, 0.21705324347413793]","[0.2170532434741379, 0.21705324347413793, 0.21705324347413793]",0.21705324347413793,150188.8934496092,True,4.6071645198352114e-08,5.298136665872758e-09,0.03713780001271516,fb6fbd81c5ecff795d4c3bc04eebd612d7cbc977275c1b9a38662c6bd53e5abb
shares_SF_p0.1_r2,groups_v1,proposed,benders_flow,"{""pattern"": ""concentrated"", ""scarcity"": 0.8, ""loss"": 0.0, ""replication"": 2, ""seed"": 20260925, ""k"": 5, ""detour"": 1.5, ""delta"": 15.0, ""window"": 90.0, ""concentration"": null, ""assisted_share"": 0.1, ""assistance"": 0.5, ""partition"": ""three"", ""demand_scale"": 1.0, ""network"": ""SF""}",0.21705324347413793,0.21705325347413792,"[0.21705324347413793, 0.21705324347413793, 0.21705324347413793]","[0.21705324347413793, 0.21705324347413793, 0.21705324347413793]",0.21705324347413793,150188.8934496092,True,4.60716450704776e-08,5.298136665872758e-09,0.04159010003786534,dfbfd8770bbcef3f0e532bc7ef4b529e3c0827727d973e6fd1da9e06b737cdc9
shares_SF_p0.2_r2,groups_v1,proposed,benders_flow,"{""pattern"": ""concentrated"", ""scarcity"": 0.8, ""loss"": 0.0, ""replication"": 2, ""seed"": 20260925, ""k"": 5, ""detour"": 1.5, ""delta"": 15.0, ""window"": 90.0, ""concentration"": null, ""assisted_share"": 0.2, ""assistance"": 0.5, ""partition"": ""three"", ""demand_scale"": 1.0, ""network"": ""SF""}",0.21705324347413782,0.2170532534741379,"[0.21705324347413782, 0.21705324347413785, 0.21705324347413782]","[0.21705324347413782, 0.21705324347413785, 0.21705324347413782]",0.21705324347413785,150188.89344960917,True,4.607164545410113e-08,5.2981368645070194e-09,0.045961599913425744,86c8535eef3872f3c8d09a1a936fbf95b37b23cd881ab115cc57aa89e6777d59
shares_SF_p0.3_r2,groups_v1,proposed,benders_flow,"{""pattern"": ""concentrated"", ""scarcity"": 0.8, ""loss"": 0.0, ""replication"": 2, ""seed"": 20260925, ""k"": 5, ""detour"": 1.5, ""delta"": 15.0, ""window"": 90.0, ""concentration"": null, ""assisted_share"": 0.3, ""assistance"": 0.5, ""partition"": ""three"", ""demand_scale"": 1.0, ""network"": ""SF""}",0.1666666566666667,0.16666666666666669,"[0.1666666566666667, 0.1666666566666667, 0.1666666566666667]","[0.1666666566666667, 0.1666666566666667, 0.1666666566666667]",0.1666666566666667,103086.54941768199,True,6.000000356841886e-08,4.340914492786393e-16,0.06387970002833754,9b5f4e84b7b72f9eff9c6233b3e80000701476930f83cdf3540e5e9b61afae60
groups_SF_two_fine_r2,groups_v1,proposed,benders_flow,"{""pattern"": ""concentrated"", ""scarcity"": 0.8, ""loss"": 0.0, ""replication"": 2, ""seed"": 20260925, ""k"": 5, ""detour"": 1.5, ""delta"": 15.0, ""window"": 90.0, ""concentration"": null, ""assisted_share"": null, ""assistance"": 0.5, ""partition"": ""two_fine"", ""demand_scale"": 1.0, ""network"": ""SF""}",0.21705324347413787,0.21705325347413795,"[0.21705324347413787, 0.21705324347413787]","[0.0, 0.4672320674502278, 0.2733218295415685, 0.30822845956794664, 0.18101450889272472, 0.03053972789497416]",0.21705324347413787,150188.89344960917,True,4.607164545410112e-08,5.2981368645070194e-09,0.07213499990757555,69c1a94d6ff84d2f1c2e326a34bc7d5898b228560b388e4ad2bc278333e7623a
groups_SF_three_fine_r2,groups_v1,proposed,benders_flow,"{""pattern"": ""concentrated"", ""scarcity"": 0.8, ""loss"": 0.0, ""replication"": 2, ""seed"": 20260925, ""k"": 5, ""detour"": 1.5, ""delta"": 15.0, ""window"": 90.0, ""concentration"": null, ""assisted_share"": null, ""assistance"": 0.5, ""partition"": ""three_fine"", ""demand_scale"": 1.0, ""network"": ""SF""}",0.21705324347413796,0.21705325347413795,"[0.21705324347413796, 0.21705324347413799, 0.21705324347413796]","[0.0, 0.467232067450228, 0.5195378117745225, 0.018043213025676463, 0.3570644716902625, 0.1461875735653968]",0.21705324347413796,150188.89344960923,True,4.6071645070477595e-08,5.298136467238498e-09,0.06935010000597686,dce14f6a36e1c49308e13139170858ab7798ee85a9bab19450602125f2e64e6c
groups_SF_six_r2,groups_v1,proposed,benders_flow,"{""pattern"": ""concentrated"", ""scarcity"": 0.8, ""loss"": 0.0, ""replication"": 2, ""seed"": 20260925, ""k"": 5, ""detour"": 1.5, ""delta"": 15.0, ""window"": 90.0, ""concentration"": null, ""assisted_share"": null, ""assistance"": 0.5, ""partition"": ""six"", ""demand_scale"": 1.0, ""network"": ""SF""}",0.21705324347413776,0.21705325347413792,"[0.2170532434741378, 0.21705324347413776, 0.2170532434741378, 0.21705324347413782, 0.2170532434741378, 0.2170532434741378]","[0.2170532434741378, 0.21705324347413776, 0.2170532434741378, 0.21705324347413782, 0.2170532434741378, 0.2170532434741378]",0.2170532434741378,150188.8934496091,True,4.607164583772466e-08,5.298136665872762e-09,0.06162709998898208,29b0fa35d6a1843b3e6595c141277364452c498dc503d498c10920973eb26c87
groups_SF_rare_r2,groups_v1,proposed,benders_flow,"{""pattern"": ""concentrated"", ""scarcity"": 0.8, ""loss"": 0.0, ""replication"": 2, ""seed"": 20260925, ""k"": 5, ""detour"": 1.5, ""delta"": 15.0, ""window"": 90.0, ""concentration"": null, ""assisted_share"": null, ""assistance"": 0.5, ""partition"": ""rare"", ""demand_scale"": 1.0, ""network"": ""SF""}",0.21705324347413785,0.21705325347413795,"[0.21705324347413787, 0.21705324347413785, 0.21705324347413787, 0.21705324347413787, 0.2170532434741379, 0.21705324347413787]","[0.21705324347413787, 0.21705324347413785, 0.21705324347413787, 0.21705324347413787, 0.2170532434741379, 0.21705324347413787]",0.21705324347413785,150188.89344960914,True,4.607164558197563e-08,5.29813666587276e-09,0.06282890005968511,e69904a74996b39e5af6b9b99f11525dcdfaedc0e01ce4ed543d2d5abad5b574
shares_SF_q0.0_r3,groups_v1,proposed,benders_flow,"{""pattern"": ""concentrated"", ""scarcity"": 0.8, ""loss"": 0.0, ""replication"": 3, ""seed"": 20260925, ""k"": 5, ""detour"": 1.5, ""delta"": 15.0, ""window"": 90.0, ""concentration"": 0.0, ""assisted_share"": null, ""assistance"": 0.5, ""partition"": ""three"", ""demand_scale"": 1.0, ""network"": ""SF""}",0.2170532434741379,0.21705325347413795,"[0.2170532434741379, 0.21705324347413793, 0.21705324347413793]","[0.2170532434741379, 0.21705324347413793, 0.21705324347413793]",0.2170532434741379,150188.89344960917,True,4.607164532622661e-08,5.298136665872759e-09,0.039229199988767505,165d4facdba169dcd2a248594e6f3f69e0edfca79d90e98c34a5383fe5822105
shares_SF_q0.3_r3,groups_v1,proposed,benders_flow,"{""pattern"": ""concentrated"", ""scarcity"": 0.8, ""loss"": 0.0, ""replication"": 3, ""seed"": 20260925, ""k"": 5, ""detour"": 1.5, ""delta"": 15.0, ""window"": 90.0, ""concentration"": 0.3, ""assisted_share"": null, ""assistance"": 0.5, ""partition"": ""three"", ""demand_scale"": 1.0, ""network"": ""SF""}",0.21705324347413787,0.2170532534741379,"[0.21705324347413787, 0.21705324347413799, 0.21705324347413796]","[0.21705324347413787, 0.21705324347413799, 0.21705324347413796]",0.21705324347413793,150188.8934496092,True,4.6071645198352114e-08,5.298136467238498e-09,0.047098200186155736,829f3e3b4f1d22d62e7e412824d0f17f4a087cb757a63ca0074da5d643de0b33
shares_SF_q0.6_r3,groups_v1,proposed,benders_flow,"{""pattern"": ""concentrated"", ""scarcity"": 0.8, ""loss"": 0.0, ""replication"": 3, ""seed"": 20260925, ""k"": 5, ""detour"": 1.5, ""delta"": 15.0, ""window"": 90.0, ""concentration"": 0.6, ""assisted_share"": null, ""assistance"": 0.5, ""partition"": ""three"", ""demand_scale"": 1.0, ""network"": ""SF""}",0.21705324347413787,0.2170532534741379,"[0.21705324347413787, 0.2170532434741379, 0.21705324347413787]","[0.21705324347413787, 0.2170532434741379, 0.21705324347413787]",0.21705324347413793,150188.8934496092,True,4.6071645198352114e-08,5.2981368645070194e-09,0.053873700089752674,17a13af93a1cf4f6f35629a315bc92bfa119fdc0be75f935f5b508dd8c9a005e
shares_SF_q0.9_r3,groups_v1,proposed,benders_flow,"{""pattern"": ""concentrated"", ""scarcity"": 0.8, ""loss"": 0.0, ""replication"": 3, ""seed"": 20260925, ""k"": 5, ""detour"": 1.5, ""delta"": 15.0, ""window"": 90.0, ""concentration"": 0.9, ""assisted_share"": null, ""assistance"": 0.5, ""partition"": ""three"", ""demand_scale"": 1.0, ""network"": ""SF""}",0.21705324347413782,0.21705325347413787,"[0.21705324347413782, 0.21705324347413785, 0.21705324347413785]","[0.21705324347413782, 0.21705324347413785, 0.21705324347413785]",0.21705324347413785,150188.89344960914,True,4.607164532622663e-08,5.298136467238501e-09,0.03824190003797412,99164b5fc05b87c36a4cfec071ccea6398e7dfb9b5ab44182fe1547c176b00ab
shares_SF_q1.2_r3,groups_v1,proposed,benders_flow,"{""pattern"": ""concentrated"", ""scarcity"": 0.8, ""loss"": 0.0, ""replication"": 3, ""seed"": 20260925, ""k"": 5, ""detour"": 1.5, ""delta"": 15.0, ""window"": 90.0, ""concentration"": 1.2, ""assisted_share"": null, ""assistance"": 0.5, ""partition"": ""three"", ""demand_scale"": 1.0, ""network"": ""SF""}",0.21705324347413787,0.21705325347413787,"[0.21705324347413787, 0.21705324347413787, 0.21705324347413787]","[0.21705324347413787, 0.21705324347413787, 0.21705324347413787]",0.2170532434741379,150188.89344960917,True,4.6071645070477614e-08,5.298136665872759e-09,0.041774800047278404,89d4299ff66adf28eae562a52870962ec52be57a56776666640ec5480c9047c2
shares_SF_q1.5_r3,groups_v1,proposed,benders_flow,"{""pattern"": ""concentrated"", ""scarcity"": 0.8, ""loss"": 0.0, ""replication"": 3, ""seed"": 20260925, ""k"": 5, ""detour"": 1.5, ""delta"": 15.0, ""window"": 90.0, ""concentration"": 1.5, ""assisted_share"": null, ""assistance"": 0.5, ""partition"": ""three"", ""demand_scale"": 1.0, ""network"": ""SF""}",0.21705324347413782,0.21705325347413792,"[0.21705324347413782, 0.21705324347413785, 0.21705324347413785]","[0.21705324347413782, 0.21705324347413785, 0.21705324347413785]",0.21705324347413785,150188.89344960917,True,4.607164558197564e-08,5.29813666587276e-09,0.039978799875825644,f0669135352cfa3425e7055ffd0bc8921551e8ed8e0b4fe48d1634f6469a44a7
shares_SF_q1.8_r3,groups_v1,proposed,benders_flow,"{""pattern"": ""concentrated"", ""scarcity"": 0.8, ""loss"": 0.0, ""replication"": 3, ""seed"": 20260925, ""k"": 5, ""detour"": 1.5, ""delta"": 15.0, ""window"": 90.0, ""concentration"": 1.8, ""assisted_share"": null, ""assistance"": 0.5, ""partition"": ""three"", ""demand_scale"": 1.0, ""network"": ""SF""}",0.2170532434741378,0.21705325347413781,"[0.2170532434741378, 0.2170532434741378, 0.21705324347413782]","[0.2170532434741378, 0.2170532434741378, 0.21705324347413782]",0.21705324347413787,150188.89344960914,True,4.6071645198352134e-08,5.298136467238501e-09,0.05685649998486042,a3be5b37de534ed988caeabfdfa7873cf50ca4bd8c3f300cf7e3084cc34c9050
shares_SF_p0.005_r3,groups_v1,proposed,benders_flow,"{""pattern"": ""concentrated"", ""scarcity"": 0.8, ""loss"": 0.0, ""replication"": 3, ""seed"": 20260925, ""k"": 5, ""detour"": 1.5, ""delta"": 15.0, ""window"": 90.0, ""concentration"": null, ""assisted_share"": 0.005, ""assistance"": 0.5, ""partition"": ""three"", ""demand_scale"": 1.0, ""network"": ""SF""}",0.2170532434741379,0.21705325347413787,"[0.2170532434741379, 0.2170532434741379, 0.2170532434741379]","[0.2170532434741379, 0.2170532434741379, 0.2170532434741379]",0.21705324347413793,150188.8934496092,True,4.60716449426031e-08,5.298136467238499e-09,0.03494540008250624,02fc4b3e500e3e9acca2b87b4d8e8618b6366977d15957f16b02a2fa488a4f0b
shares_SF_p0.02_r3,groups_v1,proposed,benders_flow,"{""pattern"": ""concentrated"", ""scarcity"": 0.8, ""loss"": 0.0, ""replication"": 3, ""seed"": 20260925, ""k"": 5, ""detour"": 1.5, ""delta"": 15.0, ""window"": 90.0, ""concentration"": null, ""assisted_share"": 0.02, ""assistance"": 0.5, ""partition"": ""three"", ""demand_scale"": 1.0, ""network"": ""SF""}",0.21705324347413785,0.21705325347413784,"[0.21705324347413787, 0.21705324347413785, 0.21705324347413785]","[0.21705324347413787, 0.21705324347413785, 0.21705324347413785]",0.21705324347413793,150188.89344960917,True,4.607164507047762e-08,5.298136665872759e-09,0.03667250007856637,b3fd3fc29c2a3713479b67cf5db3c16e3ad985c2914e40fa494d2cf844634743
shares_SF_p0.05_r3,groups_v1,proposed,benders_flow,"{""pattern"": ""concentrated"", ""scarcity"": 0.8, ""loss"": 0.0, ""replication"": 3, ""seed"": 20260925, ""k"": 5, ""detour"": 1.5, ""delta"": 15.0, ""window"": 90.0, ""concentration"": null, ""assisted_share"": 0.05, ""assistance"": 0.5, ""partition"": ""three"", ""demand_scale"": 1.0, ""network"": ""SF""}",0.2170532434741379,0.21705325347413787,"[0.21705324347413796, 0.2170532434741379, 0.2170532434741379]","[0.21705324347413796, 0.2170532434741379, 0.2170532434741379]",0.21705324347413796,150188.8934496092,True,4.60716449426031e-08,5.2981366658727574e-09,0.042325399932451546,1e1cb8e4e50533721d19323b29491f8eeef63c024c3f5ca34192879d8800ca61
shares_SF_p0.1_r3,groups_v1,proposed,benders_flow,"{""pattern"": ""concentrated"", ""scarcity"": 0.8, ""loss"": 0.0, ""replication"": 3, ""seed"": 20260925, ""k"": 5, ""detour"": 1.5, ""delta"": 15.0, ""window"": 90.0, ""concentration"": null, ""assisted_share"": 0.1, ""assistance"": 0.5, ""partition"": ""three"", ""demand_scale"": 1.0, ""network"": ""SF""}",0.21705324347413787,0.2170532534741379,"[0.21705324347413787, 0.2170532434741379, 0.2170532434741379]","[0.21705324347413787, 0.2170532434741379, 0.2170532434741379]",0.21705324347413793,150188.8934496092,True,4.6071645198352114e-08,5.298136467238498e-09,0.03871460002847016,3a51a60411dcf52a1568167cd96cd1e9f6aa84adde9a86cd23040aecb7df48d3
shares_SF_p0.2_r3,groups_v1,proposed,benders_flow,"{""pattern"": ""concentrated"", ""scarcity"": 0.8, ""loss"": 0.0, ""replication"": 3, ""seed"": 20260925, ""k"": 5, ""detour"": 1.5, ""delta"": 15.0, ""window"": 90.0, ""concentration"": null, ""assisted_share"": 0.2, ""assistance"": 0.5, ""partition"": ""three"", ""demand_scale"": 1.0, ""network"": ""SF""}",0.21705324347413787,0.21705325347413795,"[0.21705324347413787, 0.2170532434741379, 0.2170532434741379]","[0.21705324347413787, 0.2170532434741379, 0.2170532434741379]",0.2170532434741379,150188.89344960923,True,4.607164545410112e-08,5.298136665872759e-09,0.03742529998999089,823db35cbfa86189cdcb3857599bc8544c5946a7dd651df37707408a12b2a667
shares_SF_p0.3_r3,groups_v1,proposed,benders_flow,"{""pattern"": ""concentrated"", ""scarcity"": 0.8, ""loss"": 0.0, ""replication"": 3, ""seed"": 20260925, ""k"": 5, ""detour"": 1.5, ""delta"": 15.0, ""window"": 90.0, ""concentration"": null, ""assisted_share"": 0.3, ""assistance"": 0.5, ""partition"": ""three"", ""demand_scale"": 1.0, ""network"": ""SF""}",0.16666665666666666,0.16666666666666666,"[0.16666665666666666, 0.1666666566666667, 0.16666665666666666]","[0.16666665666666666, 0.1666666566666667, 0.16666665666666666]",0.1666666566666667,103086.54941768198,True,6.000000356841887e-08,1.4469714975954645e-16,0.05745200009550899,5208bb452a174cb0ebddf96d130c30e9532520a2cb6f17e7f9d3c30858d9b210
groups_SF_two_fine_r3,groups_v1,proposed,benders_flow,"{""pattern"": ""concentrated"", ""scarcity"": 0.8, ""loss"": 0.0, ""replication"": 3, ""seed"": 20260925, ""k"": 5, ""detour"": 1.5, ""delta"": 15.0, ""window"": 90.0, ""concentration"": null, ""assisted_share"": null, ""assistance"": 0.5, ""partition"": ""two_fine"", ""demand_scale"": 1.0, ""network"": ""SF""}",0.21705324347413787,0.2170532534741379,"[0.2170532434741379, 0.21705324347413787]","[0.0, 0.42836469439670466, 0.4270341838260833, 0.23755864656279008, 0.15608101691002282, 0.023868824027588397]",0.2170532434741379,150188.8934496092,True,4.6071645198352114e-08,5.298136467238499e-09,0.06624750012997538,4af2b5174295619ef1216d5c20be43bb9767295a328022aab0e35da57f26f913
groups_SF_three_fine_r3,groups_v1,proposed,benders_flow,"{""pattern"": ""concentrated"", ""scarcity"": 0.8, ""loss"": 0.0, ""replication"": 3, ""seed"": 20260925, ""k"": 5, ""detour"": 1.5, ""delta"": 15.0, ""window"": 90.0, ""concentration"": null, ""assisted_share"": null, ""assistance"": 0.5, ""partition"": ""three_fine"", ""demand_scale"": 1.0, ""network"": ""SF""}",0.2170532434741379,0.21705325347413792,"[0.2170532434741379, 0.21705324347413793, 0.2170532434741379]","[0.37057215425094175, 0.06759542722103139, 0.3296914283362797, 0.1525172075477699, 0.4311079599678683, 0.11884973747296544]",0.2170532434741379,150188.8934496092,True,4.6071645198352114e-08,5.2981368645070194e-09,0.06276700005400926,26ee57f342a487b33e524ce5191bf55eaf7f528fd4ad9f309b5b326919c71dfe
groups_SF_six_r3,groups_v1,proposed,benders_flow,"{""pattern"": ""concentrated"", ""scarcity"": 0.8, ""loss"": 0.0, ""replication"": 3, ""seed"": 20260925, ""k"": 5, ""detour"": 1.5, ""delta"": 15.0, ""window"": 90.0, ""concentration"": null, ""assisted_share"": null, ""assistance"": 0.5, ""partition"": ""six"", ""demand_scale"": 1.0, ""network"": ""SF""}",0.21705324347413782,0.2170532534741379,"[0.2170532434741379, 0.21705324347413785, 0.21705324347413782, 0.21705324347413785, 0.21705324347413782, 0.21705324347413785]","[0.2170532434741379, 0.21705324347413785, 0.21705324347413782, 0.21705324347413785, 0.21705324347413782, 0.21705324347413785]",0.2170532434741379,150188.89344960917,True,4.607164545410113e-08,5.298137063141281e-09,0.06274139997549355,0089164165c98b24ffe91568e7d943e6218f5774b6a236644f0b529804bc0a13
groups_SF_rare_r3,groups_v1,proposed,benders_flow,"{""pattern"": ""concentrated"", ""scarcity"": 0.8, ""loss"": 0.0, ""replication"": 3, ""seed"": 20260925, ""k"": 5, ""detour"": 1.5, ""delta"": 15.0, ""window"": 90.0, ""concentration"": null, ""assisted_share"": null, ""assistance"": 0.5, ""partition"": ""rare"", ""demand_scale"": 1.0, ""network"": ""SF""}",0.21705324347413793,0.21705325347413795,"[0.21705324347413793, 0.21705324347413793, 0.21705324347413793, 0.21705324347413796, 0.21705324347413793, 0.21705324347413793]","[0.21705324347413793, 0.21705324347413793, 0.21705324347413793, 0.21705324347413796, 0.21705324347413793, 0.21705324347413793]",0.21705324347413796,150188.89344960917,True,4.607164519835211e-08,5.298136467238498e-09,0.0793658000184223,31fc54fde5d3c13a73a0db6894201ba260ad5324945d361f99e7095617fc69c1
shares_Winnipeg_q0.0_r1,groups_v1,proposed,benders_flow,"{""pattern"": ""concentrated"", ""scarcity"": 0.8, ""loss"": 0.0, ""replication"": 1, ""seed"": 20260925, ""k"": 5, ""detour"": 1.5, ""delta"": 15.0, ""window"": 90.0, ""concentration"": 0.0, ""assisted_share"": null, ""assistance"": 0.5, ""partition"": ""three"", ""demand_scale"": 1.0, ""network"": ""Winnipeg""}",0.236111101111111,0.23611111111111116,"[0.236111101111111, 0.23611110111111105, 0.2361111011111111]","[0.236111101111111, 0.23611110111111105, 0.2361111011111111]",0.23611110111111103,477427.8299897023,True,4.2352943653267775e-08,9.748568691329041e-05,39.92224170011468,0a55448963e92e749f3f3f1cbf5b3e2cef0e07838c87b2e2b9303cb89b54e5e3
shares_Winnipeg_q0.3_r1,groups_v1,proposed,benders_flow,"{""pattern"": ""concentrated"", ""scarcity"": 0.8, ""loss"": 0.0, ""replication"": 1, ""seed"": 20260925, ""k"": 5, ""detour"": 1.5, ""delta"": 15.0, ""window"": 90.0, ""concentration"": 0.3, ""assisted_share"": null, ""assistance"": 0.5, ""partition"": ""three"", ""demand_scale"": 1.0, ""network"": ""Winnipeg""}",0.2361111011111111,0.2361111111111111,"[0.2361111011111111, 0.2361111011111112, 0.23611110111111114]","[0.2361111011111111, 0.2361111011111112, 0.23611110111111114]",0.23611110111111114,477427.82998970256,True,4.2352942947949574e-08,8.228661738960037e-05,10.279674799996428,c2b360e59e9b9b0937b03be907351e09d09638d46204fe0e3e6d17453b71674e
shares_Winnipeg_q0.6_r1,groups_v1,proposed,benders_flow,"{""pattern"": ""concentrated"", ""scarcity"": 0.8, ""loss"": 0.0, ""replication"": 1, ""seed"": 20260925, ""k"": 5, ""detour"": 1.5, ""delta"": 15.0, ""window"": 90.0, ""concentration"": 0.6, ""assisted_share"": null, ""assistance"": 0.5, ""partition"": ""three"", ""demand_scale"": 1.0, ""network"": ""Winnipeg""}",0.2361111011111109,0.23611111111111113,"[0.2361111011111109, 0.23611110111111094, 0.23611110111111092]","[0.23611110111111086, 0.23611110111111094, 0.23611110111111092]",0.2361111011111109,477427.82998970145,True,4.235294400592689e-08,9.97880561819922e-05,19.438957400037907,d3388d6ca7f44b1a777923ef9f3d93799ab9b1bd283efea9d2d3e14a7ec9114f
shares_Winnipeg_q0.9_r1,groups_v1,proposed,benders_flow,"{""pattern"": ""concentrated"", ""scarcity"": 0.8, ""loss"": 0.0, ""replication"": 1, ""seed"": 20260925, ""k"": 5, ""detour"": 1.5, ""delta"": 15.0, ""window"": 90.0, ""concentration"": 0.9, ""assisted_share"": null, ""assistance"": 0.5, ""partition"": ""three"", ""demand_scale"": 1.0, ""network"": ""Winnipeg""}",0.236111101111111,0.2361111111111111,"[0.23611110111111105, 0.23611110111111105, 0.236111101111111]","[0.23611110111111105, 0.236111101111111, 0.236111101111111]",0.23611110111111108,477431.8300042611,True,4.235294341816172e-08,7.998554957414773e-05,4.317431899951771,f1e05e970a2cf85e8876ef5d12fd4d183d9c3c34b92cae9bf536f584f148241d
shares_Winnipeg_q1.2_r1,groups_v1,proposed,benders_flow,"{""pattern"": ""concentrated"", ""scarcity"": 0.8, ""loss"": 0.0, ""replication"": 1, ""seed"": 20260925, ""k"": 5, ""detour"": 1.5, ""delta"": 15.0, ""window"": 90.0, ""concentration"": 1.2, ""assisted_share"": null, ""assistance"": 0.5, ""partition"": ""three"", ""demand_scale"": 1.0, ""network"": ""Winnipeg""}",0.236111101111111,0.23611111111111116,"[0.236111101111111, 0.236111101111111, 0.23611110111111103]","[0.23611110111111097, 0.236111101111111, 0.23611110111111105]",0.23611110111111103,477427.8299897022,True,4.2352943653267775e-08,2.367651592919797e-05,7.657031999900937,ccbb0be7ad0a5405a4670a6004510443a36f5e6d4b8bc336792445c9febcd6ef
shares_Winnipeg_q1.5_r1,groups_v1,proposed,benders_flow,"{""pattern"": ""concentrated"", ""scarcity"": 0.8, ""loss"": 0.0, ""replication"": 1, ""seed"": 20260925, ""k"": 5, ""detour"": 1.5, ""delta"": 15.0, ""window"": 90.0, ""concentration"": 1.5, ""assisted_share"": null, ""assistance"": 0.5, ""partition"": ""three"", ""demand_scale"": 1.0, ""network"": ""Winnipeg""}",0.23611110111111108,0.23611111111111108,"[0.23611110111111108, 0.2361111011111111, 0.23611110111111114]","[0.23611110111111108, 0.23611110111111108, 0.2361111011111112]",0.23611110111111114,477427.8299897024,True,4.2352942947949574e-08,9.76831582969371e-05,8.319271299988031,6b98c88b0e77872488421fc784756fa34840d740493d3205c8fa4ced4217117c
shares_Winnipeg_q1.8_r1,groups_v1,proposed,benders_flow,"{""pattern"": ""concentrated"", ""scarcity"": 0.8, ""loss"": 0.0, ""replication"": 1, ""seed"": 20260925, ""k"": 5, ""detour"": 1.5, ""delta"": 15.0, ""window"": 90.0, ""concentration"": 1.8, ""assisted_share"": null, ""assistance"": 0.5, ""partition"": ""three"", ""demand_scale"": 1.0, ""network"": ""Winnipeg""}",0.236111101111111,0.23611111111111105,"[0.23611110111111103, 0.236111101111111, 0.23611110111111105]","[0.23611110111111103, 0.23611110111111105, 0.23611110111111105]",0.23611110111111108,477431.8300042614,True,4.235294318305565e-08,9.488995209452017e-05,8.395278600044549,9409c2e19b37f89179dc3a2c29c07eda394ace569463c31428a69a14ab9fa294
shares_Winnipeg_p0.005_r1,groups_v1,proposed,benders_flow,"{""pattern"": ""concentrated"", ""scarcity"": 0.8, ""loss"": 0.0, ""replication"": 1, ""seed"": 20260925, ""k"": 5, ""detour"": 1.5, ""delta"": 15.0, ""window"": 90.0, ""concentration"": null, ""assisted_share"": 0.005, ""assistance"": 0.5, ""partition"": ""three"", ""demand_scale"": 1.0, ""network"": ""Winnipeg""}",0.2361111011111111,0.23611111111111113,"[0.2361111011111111, 0.2361111011111111, 0.23611110111111397]","[0.2361111011111111, 0.2361111011111111, 0.23611110111111397]",0.2361111011111111,477427.82998970256,True,4.23529430655026e-08,4.0135533215888714e-05,5.955044199945405,662baf089a47c5285ba0f1ec4509c164925eb3822fff1d3c61c05e6e36f4fcde
shares_Winnipeg_p0.02_r1,groups_v1,proposed,benders_flow,"{""pattern"": ""concentrated"", ""scarcity"": 0.8, ""loss"": 0.0, ""replication"": 1, ""seed"": 20260925, ""k"": 5, ""detour"": 1.5, ""delta"": 15.0, ""window"": 90.0, ""concentration"": null, ""assisted_share"": 0.02, ""assistance"": 0.5, ""partition"": ""three"", ""demand_scale"": 1.0, ""network"": ""Winnipeg""}",0.23611110111111097,0.2361111111111111,"[0.2361111011111111, 0.23611110111111105, 0.23611110111111097]","[0.23611110111111105, 0.23611110111111105, 0.23611110111111097]",0.23611110111111108,477427.82998970227,True,4.235294353571475e-08,9.768315829743941e-05,12.405540599836968,8693618fb7c83caccb00eb6407af52f1bc7eac42b050a02e28cb14e00002712a
shares_Winnipeg_p0.05_r1,groups_v1,proposed,benders_flow,"{""pattern"": ""concentrated"", ""scarcity"": 0.8, ""loss"": 0.0, ""replication"": 1, ""seed"": 20260925, ""k"": 5, ""detour"": 1.5, ""delta"": 15.0, ""window"": 90.0, ""concentration"": null, ""assisted_share"": 0.05, ""assistance"": 0.5, ""partition"": ""three"", ""demand_scale"": 1.0, ""network"": ""Winnipeg""}",0.23611110111111105,0.2361111111111111,"[0.23611110111111108, 0.23611110111111105, 0.2361111011111111]","[0.23611110111111108, 0.23611110111111105, 0.2361111011111111]",0.2361111011111111,477427.8299897023,True,4.2352943183055646e-08,1.8209978355813815e-05,8.803802800131962,41f59d32b53a67f5653ceb5f7b2a731c30991e557a36a7efde002b65bbf6a868
shares_Winnipeg_p0.1_r1,groups_v1,proposed,benders_flow,"{""pattern"": ""concentrated"", ""scarcity"": 0.8, ""loss"": 0.0, ""replication"": 1, ""seed"": 20260925, ""k"": 5, ""detour"": 1.5, ""delta"": 15.0, ""window"": 90.0, ""concentration"": null, ""assisted_share"": 0.1, ""assistance"": 0.5, ""partition"": ""three"", ""demand_scale"": 1.0, ""network"": ""Winnipeg""}",0.23611110111111103,0.23611111111111113,"[0.23611110111111105, 0.23611110111111103, 0.23611110111111105]","[0.23611110111111105, 0.23611110111111103, 0.23611110111111105]",0.23611110111111108,477427.8299897023,True,4.235294341816171e-08,8.792579845793915e-05,9.42713959980756,d727120e49b367851238ff45fad54dca6f574f8fa1c3bfe7c73d841b3281b84d
shares_Winnipeg_p0.2_r1,groups_v1,proposed,benders_flow,"{""pattern"": ""concentrated"", ""scarcity"": 0.8, ""loss"": 0.0, ""replication"": 1, ""seed"": 20260925, ""k"": 5, ""detour"": 1.5, ""delta"": 15.0, ""window"": 90.0, ""concentration"": null, ""assisted_share"": 0.2, ""assistance"": 0.5, ""partition"": ""three"", ""demand_scale"": 1.0, ""network"": ""Winnipeg""}",0.236111101111111,0.23611111111111102,"[0.236111101111111, 0.23611110111111103, 0.23611110111111103]","[0.236111101111111, 0.23611110111111103, 0.23611110111111103]",0.23611110111111103,477427.8299897022,True,4.235294306550262e-08,2.8250122307665598e-05,3.43732899997849,69596e9dc6556860cfccccba2fd2562bad437cc75e242dd6a18787084e8702bc
shares_Winnipeg_p0.3_r1,groups_v1,proposed,benders_flow,"{""pattern"": ""concentrated"", ""scarcity"": 0.8, ""loss"": 0.0, ""replication"": 1, ""seed"": 20260925, ""k"": 5, ""detour"": 1.5, ""delta"": 15.0, ""window"": 90.0, ""concentration"": null, ""assisted_share"": 0.3, ""assistance"": 0.5, ""partition"": ""three"", ""demand_scale"": 1.0, ""network"": ""Winnipeg""}",0.16666665666666663,0.16666666666666669,"[0.16666665666666666, 0.16666665666666666, 0.16666665666666663]","[0.16666665666666666, 0.16666665666666666, 0.16666665666666663]",0.16666665666666663,244134.36016008595,True,6.00000039014858e-08,1.2278493549708893e-16,1.9983099000528455,923a8dbd9684c190ea22d70c583661145e3352d50bf379abbc1aba72545351ec
groups_Winnipeg_two_fine_r1,groups_v1,proposed,benders_flow,"{""pattern"": ""concentrated"", ""scarcity"": 0.8, ""loss"": 0.0, ""replication"": 1, ""seed"": 20260925, ""k"": 5, ""detour"": 1.5, ""delta"": 15.0, ""window"": 90.0, ""concentration"": null, ""assisted_share"": null, ""assistance"": 0.5, ""partition"": ""two_fine"", ""demand_scale"": 1.0, ""network"": ""Winnipeg""}",0.2361111011111111,0.23611111111111105,"[0.2361111011111112, 0.2361111011111111]","[0.37708828703468866, 0.045879698293330856, 0.35648007230390805, 0.16167312464648484, 0.2850392567079331, 0.1798520316131735]",0.23611110111111117,477427.8299897027,True,4.235294271284351e-08,1.3661250325161197e-05,7.9154218001058325,8164584497a3652f50a92ccae94868ea49b4e790849d6dbeed67ecdbef31be81
groups_Winnipeg_three_fine_r1,groups_v1,proposed,benders_flow,"{""pattern"": ""concentrated"", ""scarcity"": 0.8, ""loss"": 0.0, ""replication"": 1, ""seed"": 20260925, ""k"": 5, ""detour"": 1.5, ""delta"": 15.0, ""window"": 90.0, ""concentration"": null, ""assisted_share"": null, ""assistance"": 0.5, ""partition"": ""three_fine"", ""demand_scale"": 1.0, ""network"": ""Winnipeg""}",0.2361111011111109,0.2361111111111111,"[0.23611110111111092, 0.2361111011111109, 0.2361111011111109]","[0.3575441490690038, 0.07225211279231115, 0.5253137192848422, 0.015293658075688606, 0.5581550297387796, 0.053412537697518074]",0.236111101111111,477427.8299897019,True,4.235294388837386e-08,4.1171535054408374e-08,13.477333400049247,5ceebdeff33e70d661d25fab1453efc8fdd1e7af0b4c68ab2249f5fbdae5b089
groups_Winnipeg_six_r1,groups_v1,proposed,benders_flow,"{""pattern"": ""concentrated"", ""scarcity"": 0.8, ""loss"": 0.0, ""replication"": 1, ""seed"": 20260925, ""k"": 5, ""detour"": 1.5, ""delta"": 15.0, ""window"": 90.0, ""concentration"": null, ""assisted_share"": null, ""assistance"": 0.5, ""partition"": ""six"", ""demand_scale"": 1.0, ""network"": ""Winnipeg""}",0.23611110111111075,0.23611111111111102,"[0.23611110111111105, 0.236111101111111, 0.236111101111111, 0.23611110111111094, 0.236111101111111, 0.23611110111111075]","[0.23611110111111105, 0.236111101111111, 0.23611110111111103, 0.23611110111111094, 0.23611110111111103, 0.2361111011111108]",0.23611110111111105,477427.829989702,True,4.2352944123479944e-08,9.9439661971534e-05,55.587182300165296,9c05e87021a0192e56669f3b624fe37716b62e550d1aad2a5ca5da3373685cc0
groups_Winnipeg_rare_r1,groups_v1,proposed,benders_flow,"{""pattern"": ""concentrated"", ""scarcity"": 0.8, ""loss"": 0.0, ""replication"": 1, ""seed"": 20260925, ""k"": 5, ""detour"": 1.5, ""delta"": 15.0, ""window"": 90.0, ""concentration"": null, ""assisted_share"": null, ""assistance"": 0.5, ""partition"": ""rare"", ""demand_scale"": 1.0, ""network"": ""Winnipeg""}",0.23611110111110917,0.23611111111111122,"[0.23611110111110917, 0.2361111011111092, 0.23611110111110925, 0.23611110111110922, 0.2361111011111092, 0.23611110111110917]","[0.23611110111110917, 0.23611110111110922, 0.23611110111110928, 0.23611110111110922, 0.23611110111110922, 0.23611110111110914]",0.23611110111110922,477427.82998969354,True,4.235295164687422e-08,9.768315830321757e-05,17.441751799895428,b0bc0368ab4fa5089adac746183403aa0d3b83dc15e9f593bf8f67854c977776
shares_Winnipeg_q0.0_r2,groups_v1,proposed,benders_flow,"{""pattern"": ""concentrated"", ""scarcity"": 0.8, ""loss"": 0.0, ""replication"": 2, ""seed"": 20260925, ""k"": 5, ""detour"": 1.5, ""delta"": 15.0, ""window"": 90.0, ""concentration"": 0.0, ""assisted_share"": null, ""assistance"": 0.5, ""partition"": ""three"", ""demand_scale"": 1.0, ""network"": ""Winnipeg""}",0.23611110111111117,0.23611111111111116,"[0.23611110111111117, 0.23611110111111117, 0.23611110111111117]","[0.23611110111111117, 0.2361111011111112, 0.23611110111111117]",0.2361111011111111,477427.82998970227,True,4.235294294794956e-08,9.914489850797203e-05,25.260126799927093,8d2bfc5ef744e700394d81e9e1cdb9b8e5561921dcb0689dbf176026a95cc72b
shares_Winnipeg_q0.3_r2,groups_v1,proposed,benders_flow,"{""pattern"": ""concentrated"", ""scarcity"": 0.8, ""loss"": 0.0, ""replication"": 2, ""seed"": 20260925, ""k"": 5, ""detour"": 1.5, ""delta"": 15.0, ""window"": 90.0, ""concentration"": 0.3, ""assisted_share"": null, ""assistance"": 0.5, ""partition"": ""three"", ""demand_scale"": 1.0, ""network"": ""Winnipeg""}",0.2361111011111112,0.23611111111111122,"[0.2361111011111112, 0.23611110111111122, 0.2361111011111112]","[0.23611110111111122, 0.23611110111111125, 0.23611110111111122]",0.2361111011111112,477427.8299897027,True,4.235294306550259e-08,8.647130921975536e-05,8.865524099906906,73ffd09750217c16ef82e99db020688ce7a95688e121c1530001f7ba848c25eb
shares_Winnipeg_q0.6_r2,groups_v1,proposed,benders_flow,"{""pattern"": ""concentrated"", ""scarcity"": 0.8, ""loss"": 0.0, ""replication"": 2, ""seed"": 20260925, ""k"": 5, ""detour"": 1.5, ""delta"": 15.0, ""window"": 90.0, ""concentration"": 0.6, ""assisted_share"": null, ""assistance"": 0.5, ""partition"": ""three"", ""demand_scale"": 1.0, ""network"": ""Winnipeg""}",0.23611110111111108,0.23611111111111116,"[0.23611110111111108, 0.23611110111111108, 0.23611110111111108]","[0.23611110111111108, 0.23611110111111117, 0.2361111011111111]",0.23611110111111108,477427.8299897024,True,4.235294330060867e-08,3.48186443665124e-05,6.070767599972896,df67c4b14f47293b03dc24c37592f01f9f70b312407ef810e7fe1d5f287556cb
shares_Winnipeg_q0.9_r2,groups_v1,proposed,benders_flow,"{""pattern"": ""concentrated"", ""scarcity"": 0.8, ""loss"": 0.0, ""replication"": 2, ""seed"": 20260925, ""k"": 5, ""detour"": 1.5, ""delta"": 15.0, ""window"": 90.0, ""concentration"": 0.9, ""assisted_share"": null, ""assistance"": 0.5, ""partition"": ""three"", ""demand_scale"": 1.0, ""network"": ""Winnipeg""}",0.23611110111111105,0.23611111111111113,"[0.23611110111111108, 0.23611110111111105, 0.23611110111111108]","[0.23611110111111108, 0.23611110111111105, 0.23611110111111108]",0.2361111011111111,477427.8299897024,True,4.235294330060867e-08,9.768315829630925e-05,4.647757099941373,b8210cff571c420a201ec9dd3328168d78b95ba40302f824eba4818e699df674
shares_Winnipeg_q1.2_r2,groups_v1,proposed,benders_flow,"{""pattern"": ""concentrated"", ""scarcity"": 0.8, ""loss"": 0.0, ""replication"": 2, ""seed"": 20260925, ""k"": 5, ""detour"": 1.5, ""delta"": 15.0, ""window"": 90.0, ""concentration"": 1.2, ""assisted_share"": null, ""assistance"": 0.5, ""partition"": ""three"", ""demand_scale"": 1.0, ""network"": ""Winnipeg""}",0.23611110111111105,0.23611111111111116,"[0.23611110111111105, 0.23611110111111117, 0.23611110111111117]","[0.23611110111111105, 0.2361111011111111, 0.23611110111111117]",0.23611110111111108,477427.8299897021,True,4.2352943418161704e-08,9.768315829668597e-05,18.337361400015652,c62c746b23ba70871f2657e4c7d02436f2ca097d6832ff3f5e3b3794dea1210f
shares_Winnipeg_q1.5_r2,groups_v1,proposed,benders_flow,"{""pattern"": ""concentrated"", ""scarcity"": 0.8, ""loss"": 0.0, ""replication"": 2, ""seed"": 20260925, ""k"": 5, ""detour"": 1.5, ""delta"": 15.0, ""window"": 90.0, ""concentration"": 1.5, ""assisted_share"": null, ""assistance"": 0.5, ""partition"": ""three"", ""demand_scale"": 1.0, ""network"": ""Winnipeg""}",0.236111101111111,0.23611111111111108,"[0.23611110111111105, 0.236111101111111, 0.2361111011111111]","[0.23611110111111105, 0.236111101111111, 0.23611110111111117]",0.23611110111111105,477427.8299897022,True,4.2352943300608685e-08,9.767807256683664e-05,18.60005070012994,5d147aaab9f5f518dafec38949e47bb12ae13e515806a3fa58da913cbb403fe1
shares_Winnipeg_q1.8_r2,groups_v1,proposed,benders_flow,"{""pattern"": ""concentrated"", ""scarcity"": 0.8, ""loss"": 0.0, ""replication"": 2, ""seed"": 20260925, ""k"": 5, ""detour"": 1.5, ""delta"": 15.0, ""window"": 90.0, ""concentration"": 1.8, ""assisted_share"": null, ""assistance"": 0.5, ""partition"": ""three"", ""demand_scale"": 1.0, ""network"": ""Winnipeg""}",0.23611110111111105,0.23611111111111108,"[0.2361111011111111, 0.2361111011111111, 0.23611110111111105]","[0.2361111011111111, 0.2361111011111112, 0.23611110111111105]",0.2361111011111111,477427.8299897021,False,4.2352943065502613e-08,null,26.656209399807267,dc82d031360d34ceacb65e81d8dcb70621210688b1b2758f0e5d6dfada3b1604
shares_Winnipeg_p0.005_r2,groups_v1,proposed,benders_flow,"{""pattern"": ""concentrated"", ""scarcity"": 0.8, ""loss"": 0.0, ""replication"": 2, ""seed"": 20260925, ""k"": 5, ""detour"": 1.5, ""delta"": 15.0, ""window"": 90.0, ""concentration"": null, ""assisted_share"": 0.005, ""assistance"": 0.5, ""partition"": ""three"", ""demand_scale"": 1.0, ""network"": ""Winnipeg""}",0.2361111011111105,0.23611111111111113,"[0.23611110111111105, 0.23611110111111108, 0.2361111011111105]","[0.23611110111111105, 0.23611110111111108, 0.23611110111111058]",0.23611110111111103,477427.82998970203,True,4.23529456516694e-08,1.980564502652085e-05,8.995023899828084,2699a7f63cba4d52bf8fbf4f223ddf851f5e97f05ccef444adcff264a860199c
shares_Winnipeg_p0.02_r2,groups_v1,proposed,benders_flow,"{""pattern"": ""concentrated"", ""scarcity"": 0.8, ""loss"": 0.0, ""replication"": 2, ""seed"": 20260925, ""k"": 5, ""detour"": 1.5, ""delta"": 15.0, ""window"": 90.0, ""concentration"": null, ""assisted_share"": 0.02, ""assistance"": 0.5, ""partition"": ""three"", ""demand_scale"": 1.0, ""network"": ""Winnipeg""}",0.23611110111111086,0.2361111111111111,"[0.23611110111111105, 0.23611110111111114, 0.23611110111111086]","[0.2361111011111111, 0.23611110111111114, 0.23611110111111092]",0.23611110111111105,477427.82998970227,True,4.23529440059269e-08,4.4985578878144535e-08,6.032278799917549,e166283fb150262d026160fa770d2960062473e3e23ac62ece35421b97dc1c0b
shares_Winnipeg_p0.05_r2,groups_v1,proposed,benders_flow,"{""pattern"": ""concentrated"", ""scarcity"": 0.8, ""loss"": 0.0, ""replication"": 2, ""seed"": 20260925, ""k"": 5, ""detour"": 1.5, ""delta"": 15.0, ""window"": 90.0, ""concentration"": null, ""assisted_share"": 0.05, ""assistance"": 0.5, ""partition"": ""three"", ""demand_scale"": 1.0, ""network"": ""Winnipeg""}",0.2361111011111111,0.23611111111111124,"[0.2361111011111111, 0.23611110111111117, 0.2361111011111112]","[0.23611110111111108, 0.2361111011111112, 0.2361111011111112]",0.2361111011111111,477427.8299897024,True,4.235294353571473e-08,9.706202053879479e-05,16.058451700024307,b43885263593a4765ff94faf01650ad5c32a0fba09e32392e42c6198c4d5a880
shares_Winnipeg_p0.1_r2,groups_v1,proposed,benders_flow,"{""pattern"": ""concentrated"", ""scarcity"": 0.8, ""loss"": 0.0, ""replication"": 2, ""seed"": 20260925, ""k"": 5, ""detour"": 1.5, ""delta"": 15.0, ""window"": 90.0, ""concentration"": null, ""assisted_share"": 0.1, ""assistance"": 0.5, ""partition"": ""three"", ""demand_scale"": 1.0, ""network"": ""Winnipeg""}",0.23611110111111105,0.23611111111111116,"[0.23611110111111105, 0.23611110111111114, 0.23611110111111108]","[0.23611110111111108, 0.23611110111111108, 0.23611110111111114]",0.2361111011111111,477427.8299897024,True,4.2352943418161704e-08,0.0,5.18793670006562,b9edf0d618258a34e657c8f8b7f2e1f8fc7a8827318183e9502388b04127bfbc
shares_Winnipeg_p0.2_r2,groups_v1,proposed,benders_flow,"{""pattern"": ""concentrated"", ""scarcity"": 0.8, ""loss"": 0.0, ""replication"": 2, ""seed"": 20260925, ""k"": 5, ""detour"": 1.5, ""delta"": 15.0, ""window"": 90.0, ""concentration"": null, ""assisted_share"": 0.2, ""assistance"": 0.5, ""partition"": ""three"", ""demand_scale"": 1.0, ""network"": ""Winnipeg""}",0.23611110111111103,0.23611111111111116,"[0.23611110111111103, 0.23611110111111114, 0.23611110111111108]","[0.23611110111111103, 0.23611110111111114, 0.23611110111111108]",0.23611110111111108,477427.8299897021,True,4.235294353571474e-08,7.976352247573516e-05,10.186315599945374,bbfe8df9be6a63977a46164c80a124cf39fb87efb731fe483d8325177b028be8
shares_Winnipeg_p0.3_r2,groups_v1,proposed,benders_flow,"{""pattern"": ""concentrated"", ""scarcity"": 0.8, ""loss"": 0.0, ""replication"": 2, ""seed"": 20260925, ""k"": 5, ""detour"": 1.5, ""delta"": 15.0, ""window"": 90.0, ""concentration"": null, ""assisted_share"": 0.3, ""assistance"": 0.5, ""partition"": ""three"", ""demand_scale"": 1.0, ""network"": ""Winnipeg""}",0.16666665666666663,0.16666666666666669,"[0.16666665666666663, 0.16666665666666663, 0.16666665666666663]","[0.16666665666666663, 0.16666665666666663, 0.16666665666666663]",0.16666665666666663,244134.36016008584,True,6.00000039014858e-08,1.2278493549708898e-16,1.1811731000198051,891fae82e2db39cd0051897b18daf55249faaa02db2eb4afaf1ecf437365a04c
groups_Winnipeg_two_fine_r2,groups_v1,proposed,benders_flow,"{""pattern"": ""concentrated"", ""scarcity"": 0.8, ""loss"": 0.0, ""replication"": 2, ""seed"": 20260925, ""k"": 5, ""detour"": 1.5, ""delta"": 15.0, ""window"": 90.0, ""concentration"": null, ""assisted_share"": null, ""assistance"": 0.5, ""partition"": ""two_fine"", ""demand_scale"": 1.0, ""network"": ""Winnipeg""}",0.2361111011111111,0.23611111111111113,"[0.23611110111111114, 0.2361111011111111]","[0.37867084438891413, 0.04852185033358742, 0.27336432063943134, 0.13563516012467036, 0.4688297766484255, 0.224918373367871]",0.2361111011111111,477427.82998970227,True,4.23529430655026e-08,9.765268578802205e-05,22.625875299912877,4f82d0dca447eb01c06ca405970403264e88eb74279ff39f69411566660ae5b1
groups_Winnipeg_three_fine_r2,groups_v1,proposed,benders_flow,"{""pattern"": ""concentrated"", ""scarcity"": 0.8, ""loss"": 0.0, ""replication"": 2, ""seed"": 20260925, ""k"": 5, ""detour"": 1.5, ""delta"": 15.0, ""window"": 90.0, ""concentration"": null, ""assisted_share"": null, ""assistance"": 0.5, ""partition"": ""three_fine"", ""demand_scale"": 1.0, ""network"": ""Winnipeg""}",0.23611110111111078,0.23611111111111127,"[0.23611110111111083, 0.23611110111111078, 0.2361111011111108]","[0.38362720088414753, 0.0419999586680318, 0.42125926468042935, 0.09826177091631091, 0.2593200947600247, 0.2232043365662933]",0.2361111011111108,477427.82998970104,True,4.235294506390419e-08,1.9881613489058065e-05,11.137886799988337,545020e13ae1f1f7d9dc13fdd002b6a0b179851f01adca26a61ff438f7c74c43
groups_Winnipeg_six_r2,groups_v1,proposed,benders_flow,"{""pattern"": ""concentrated"", ""scarcity"": 0.8, ""loss"": 0.0, ""replication"": 2, ""seed"": 20260925, ""k"": 5, ""detour"": 1.5, ""delta"": 15.0, ""window"": 90.0, ""concentration"": null, ""assisted_share"": null, ""assistance"": 0.5, ""partition"": ""six"", ""demand_scale"": 1.0, ""network"": ""Winnipeg""}",0.2361111011111111,0.23611111111111122,"[0.2361111011111112, 0.2361111011111111, 0.23611110111111117, 0.23611110111111114, 0.23611110111111117, 0.23611110111111117]","[0.2361111011111112, 0.2361111011111111, 0.23611110111111114, 0.23611110111111114, 0.23611110111111117, 0.23611110111111117]",0.2361111011111111,477427.8299897024,True,4.23529434181617e-08,7.709541882149605e-05,13.419471000204794,5b39ab263c1252e278d36d098339e00cc3f901cdc5795909ed4b4f92d3443eeb
groups_Winnipeg_rare_r2,groups_v1,proposed,benders_flow,"{""pattern"": ""concentrated"", ""scarcity"": 0.8, ""loss"": 0.0, ""replication"": 2, ""seed"": 20260925, ""k"": 5, ""detour"": 1.5, ""delta"": 15.0, ""window"": 90.0, ""concentration"": null, ""assisted_share"": null, ""assistance"": 0.5, ""partition"": ""rare"", ""demand_scale"": 1.0, ""network"": ""Winnipeg""}",0.2361111011111111,0.23611111111111116,"[0.23611110111111114, 0.23611110111111128, 0.23611110111111114, 0.2361111011111111, 0.23611110111111114, 0.2361111011111111]","[0.2361111011111111, 0.23611110111111128, 0.23611110111111114, 0.2361111011111111, 0.23611110111111117, 0.23611110111111117]",0.23611110111111114,477427.8299897025,True,4.235294318305563e-08,9.176487154110858e-05,17.106295199948363,6ff1e4e27817addf04cb88543ab5acca7d605e2d9d086c1082cc1d64fcffd742
shares_Winnipeg_q0.0_r3,groups_v1,proposed,benders_flow,"{""pattern"": ""concentrated"", ""scarcity"": 0.8, ""loss"": 0.0, ""replication"": 3, ""seed"": 20260925, ""k"": 5, ""detour"": 1.5, ""delta"": 15.0, ""window"": 90.0, ""concentration"": 0.0, ""assisted_share"": null, ""assistance"": 0.5, ""partition"": ""three"", ""demand_scale"": 1.0, ""network"": ""Winnipeg""}",0.2361111011111112,0.2361111111111112,"[0.2361111011111112, 0.23611110111111133, 0.23611110111111122]","[0.23611110111111117, 0.2361111011111113, 0.2361111011111112]",0.23611110111111117,477431.8299754617,True,4.2352942947949555e-08,6.363934785367603e-05,3.7202808000147343,1626947f5b2a31bf16802eae07f7722fb6a0973637ecc27b85b4cc899b750e1b
shares_Winnipeg_q0.3_r3,groups_v1,proposed,benders_flow,"{""pattern"": ""concentrated"", ""scarcity"": 0.8, ""loss"": 0.0, ""replication"": 3, ""seed"": 20260925, ""k"": 5, ""detour"": 1.5, ""delta"": 15.0, ""window"": 90.0, ""concentration"": 0.3, ""assisted_share"": null, ""assistance"": 0.5, ""partition"": ""three"", ""demand_scale"": 1.0, ""network"": ""Winnipeg""}",0.2361111011111111,0.23611111111111122,"[0.2361111011111111, 0.2361111011111111, 0.2361111011111111]","[0.2361111011111111, 0.2361111011111111, 0.2361111011111111]",0.23611110111111105,477427.8299897022,False,4.23529434181617e-08,null,61.873171599931084,b154c4ba435af3fcad4ac19920a38500abec15bc877c5ff2770c7fe3f836f9fa
shares_Winnipeg_q0.6_r3,groups_v1,proposed,benders_flow,"{""pattern"": ""concentrated"", ""scarcity"": 0.8, ""loss"": 0.0, ""replication"": 3, ""seed"": 20260925, ""k"": 5, ""detour"": 1.5, ""delta"": 15.0, ""window"": 90.0, ""concentration"": 0.6, ""assisted_share"": null, ""assistance"": 0.5, ""partition"": ""three"", ""demand_scale"": 1.0, ""network"": ""Winnipeg""}",0.23611110111111117,0.23611111111111116,"[0.23611110111111117, 0.23611110111111117, 0.23611110111111117]","[0.23611110111111117, 0.23611110111111117, 0.23611110111111114]",0.2361111011111111,477427.82998970244,True,4.235294294794956e-08,6.422868977433241e-05,4.4827587000327185,9fb9f5b857007141d652dd61fee8ac4dd5f831ac89e9fd38848ffba52db22ef8
shares_Winnipeg_q0.9_r3,groups_v1,proposed,benders_flow,"{""pattern"": ""concentrated"", ""scarcity"": 0.8, ""loss"": 0.0, ""replication"": 3, ""seed"": 20260925, ""k"": 5, ""detour"": 1.5, ""delta"": 15.0, ""window"": 90.0, ""concentration"": 0.9, ""assisted_share"": null, ""assistance"": 0.5, ""partition"": ""three"", ""demand_scale"": 1.0, ""network"": ""Winnipeg""}",0.23611110111111097,0.23611111111111116,"[0.23611110111111105, 0.23611110111111108, 0.23611110111111097]","[0.23611110111111108, 0.23611110111111108, 0.23611110111111097]",0.23611110111111105,477593.9169093988,False,4.2352943770820814e-08,null,3.4590079999761656,7099f087710f95bb6f098e27deaaccb03ebc00324d15e484b52da08fce93a211
shares_Winnipeg_q1.2_r3,groups_v1,proposed,benders_flow,"{""pattern"": ""concentrated"", ""scarcity"": 0.8, ""loss"": 0.0, ""replication"": 3, ""seed"": 20260925, ""k"": 5, ""detour"": 1.5, ""delta"": 15.0, ""window"": 90.0, ""concentration"": 1.2, ""assisted_share"": null, ""assistance"": 0.5, ""partition"": ""three"", ""demand_scale"": 1.0, ""network"": ""Winnipeg""}",0.23611110111111114,0.23611111111111113,"[0.23611110111111114, 0.23611110111111114, 0.23611110111111114]","[0.23611110111111114, 0.2361111011111112, 0.23611110111111117]",0.23611110111111114,477427.8299897026,False,4.235294294794957e-08,null,61.86534020002,9a6865bbc5d541394ddd8e63512f14818556730c8ca5319f046a76e91ea7220f
shares_Winnipeg_q1.5_r3,groups_v1,proposed,benders_flow,"{""pattern"": ""concentrated"", ""scarcity"": 0.8, ""loss"": 0.0, ""replication"": 3, ""seed"": 20260925, ""k"": 5, ""detour"": 1.5, ""delta"": 15.0, ""window"": 90.0, ""concentration"": 1.5, ""assisted_share"": null, ""assistance"": 0.5, ""partition"": ""three"", ""demand_scale"": 1.0, ""network"": ""Winnipeg""}",0.23611110111111103,0.23611111111111113,"[0.23611110111111103, 0.23611110111111114, 0.23611110111111108]","[0.23611110111111103, 0.23611110111111108, 0.23611110111111108]",0.23611110111111105,477427.82998970244,True,4.235294341816171e-08,8.640082447096576e-05,10.853055799962021,f4d14b3e10662932658e25cd55121747f27f56bb97cf2e5d8f6cf25ba6d0fbcf
shares_Winnipeg_q1.8_r3,groups_v1,proposed,benders_flow,"{""pattern"": ""concentrated"", ""scarcity"": 0.8, ""loss"": 0.0, ""replication"": 3, ""seed"": 20260925, ""k"": 5, ""detour"": 1.5, ""delta"": 15.0, ""window"": 90.0, ""concentration"": 1.8, ""assisted_share"": null, ""assistance"": 0.5, ""partition"": ""three"", ""demand_scale"": 1.0, ""network"": ""Winnipeg""}",0.23611110111111097,0.2361111111111112,"[0.23611110111111097, 0.23611110111111103, 0.23611110111111183]","[0.23611110111111097, 0.236111101111111, 0.23611110111111178]",0.2361111011111111,477431.83000426134,True,4.2352943888373847e-08,6.393140444228166e-05,6.575353099964559,b66d99253ce077107b4c468cffe3bf702c723484c082eee6a9054fb7b1c15e69
shares_Winnipeg_p0.005_r3,groups_v1,proposed,benders_flow,"{""pattern"": ""concentrated"", ""scarcity"": 0.8, ""loss"": 0.0, ""replication"": 3, ""seed"": 20260925, ""k"": 5, ""detour"": 1.5, ""delta"": 15.0, ""window"": 90.0, ""concentration"": null, ""assisted_share"": 0.005, ""assistance"": 0.5, ""partition"": ""three"", ""demand_scale"": 1.0, ""network"": ""Winnipeg""}",0.23611110111111108,0.23611111111111116,"[0.23611110111111108, 0.23611110111111114, 0.2361111011111111]","[0.2361111011111111, 0.23611110111111108, 0.23611110111111105]",0.2361111011111111,477427.8299897024,True,4.235294330060867e-08,8.883538186107817e-05,17.07313930010423,9838f9aa34ca0e5494db9678e235c6f5011a560b05bf5481a316331be815965e
shares_Winnipeg_p0.02_r3,groups_v1,proposed,benders_flow,"{""pattern"": ""concentrated"", ""scarcity"": 0.8, ""loss"": 0.0, ""replication"": 3, ""seed"": 20260925, ""k"": 5, ""detour"": 1.5, ""delta"": 15.0, ""window"": 90.0, ""concentration"": null, ""assisted_share"": 0.02, ""assistance"": 0.5, ""partition"": ""three"", ""demand_scale"": 1.0, ""network"": ""Winnipeg""}",0.23611110111111097,0.23611111111111113,"[0.23611110111111105, 0.23611110111111103, 0.23611110111111097]","[0.23611110111111114, 0.236111101111111, 0.23611110111111094]",0.23611110111111105,477427.82998970203,True,4.235294365326778e-08,9.568773233059414e-05,19.70001769985538,b04e720489805eb4b46684bfe9d93b228ac59beffa4840e825980cd88800679b
shares_Winnipeg_p0.05_r3,groups_v1,proposed,benders_flow,"{""pattern"": ""concentrated"", ""scarcity"": 0.8, ""loss"": 0.0, ""replication"": 3, ""seed"": 20260925, ""k"": 5, ""detour"": 1.5, ""delta"": 15.0, ""window"": 90.0, ""concentration"": null, ""assisted_share"": 0.05, ""assistance"": 0.5, ""partition"": ""three"", ""demand_scale"": 1.0, ""network"": ""Winnipeg""}",0.23611110111111105,0.23611111111111113,"[0.2361111011111111, 0.23611110111111108, 0.23611110111111105]","[0.2361111011111112, 0.23611110111111105, 0.23611110111111103]",0.23611110111111108,477427.8299897022,True,4.235294330060867e-08,8.40373243371523e-08,3.6091649000300094,cf562817d3cb0d7a3b0f1d55d45628e72027a75a20fbd2afadf7d5a66bf986b2
shares_Winnipeg_p0.1_r3,groups_v1,proposed,benders_flow,"{""pattern"": ""concentrated"", ""scarcity"": 0.8, ""loss"": 0.0, ""replication"": 3, ""seed"": 20260925, ""k"": 5, ""detour"": 1.5, ""delta"": 15.0, ""window"": 90.0, ""concentration"": null, ""assisted_share"": 0.1, ""assistance"": 0.5, ""partition"": ""three"", ""demand_scale"": 1.0, ""network"": ""Winnipeg""}",0.23611110111111105,0.23611111111111122,"[0.23611110111111108, 0.23611110111111105, 0.23611110111111108]","[0.23611110111111105, 0.23611110111111105, 0.23611110111111105]",0.23611110111111108,477427.8299897022,True,4.235294365326777e-08,7.977122298773408e-05,8.732831800123677,c5ede4516ce1660078d8522e6cc61d345e1d7e5816c90bdca8a7fbb58f306ba0
shares_Winnipeg_p0.2_r3,groups_v1,proposed,benders_flow,"{""pattern"": ""concentrated"", ""scarcity"": 0.8, ""loss"": 0.0, ""replication"": 3, ""seed"": 20260925, ""k"": 5, ""detour"": 1.5, ""delta"": 15.0, ""window"": 90.0, ""concentration"": null, ""assisted_share"": 0.2, ""assistance"": 0.5, ""partition"": ""three"", ""demand_scale"": 1.0, ""network"": ""Winnipeg""}",0.23611110111111075,0.23611111111111124,"[0.23611110111111075, 0.23611110111111075, 0.2361111011111108]","[0.23611110111111075, 0.23611110111111075, 0.23611110111111078]",0.23611110111111075,477582.7864741722,False,4.23529450639042e-08,null,4.240688299876638,98d39ac44f2b8b07d1f33c254466d5922baecf32126872152ee11269ebe48cbe
shares_Winnipeg_p0.3_r3,groups_v1,proposed,benders_flow,"{""pattern"": ""concentrated"", ""scarcity"": 0.8, ""loss"": 0.0, ""replication"": 3, ""seed"": 20260925, ""k"": 5, ""detour"": 1.5, ""delta"": 15.0, ""window"": 90.0, ""concentration"": null, ""assisted_share"": 0.3, ""assistance"": 0.5, ""partition"": ""three"", ""demand_scale"": 1.0, ""network"": ""Winnipeg""}",0.1666666566666666,0.16666666666666669,"[0.1666666566666666, 0.16666665666666666, 0.16666665666666663]","[0.16666665666666663, 0.16666665666666663, 0.1666666566666666]",0.1666666566666666,244134.36016008587,True,6.000000406801927e-08,1.2278493549708898e-16,2.8984961999813095,19888d43507fbc7a9b590704831be53d96ef94f5d0ac524adfa213642ce5b52e
groups_Winnipeg_two_fine_r3,groups_v1,proposed,benders_flow,"{""pattern"": ""concentrated"", ""scarcity"": 0.8, ""loss"": 0.0, ""replication"": 3, ""seed"": 20260925, ""k"": 5, ""detour"": 1.5, ""delta"": 15.0, ""window"": 90.0, ""concentration"": null, ""assisted_share"": null, ""assistance"": 0.5, ""partition"": ""two_fine"", ""demand_scale"": 1.0, ""network"": ""Winnipeg""}",0.2361111011111111,0.23611111111111116,"[0.23611110111111117, 0.2361111011111111]","[0.3681466728594221, 0.06073330842204137, 0.4794362326375853, 0.1311315459364927, 0.32347556444653536, 0.060405066090632335]",0.2361111011111111,477427.8299897023,True,4.235294318305563e-08,2.8930972131356712e-05,9.005458800122142,55e94c9c49436585b21f851230508c4046ff9168023f6055bf97613799a3a171
groups_Winnipeg_three_fine_r3,groups_v1,proposed,benders_flow,"{""pattern"": ""concentrated"", ""scarcity"": 0.8, ""loss"": 0.0, ""replication"": 3, ""seed"": 20260925, ""k"": 5, ""detour"": 1.5, ""delta"": 15.0, ""window"": 90.0, ""concentration"": null, ""assisted_share"": null, ""assistance"": 0.5, ""partition"": ""three_fine"", ""demand_scale"": 1.0, ""network"": ""Winnipeg""}",0.23611110111111108,0.23611111111111124,"[0.23611110111111114, 0.2361111011111111, 0.23611110111111108]","[0.3889990784022538, 0.033035856834295614, 0.308692140757057, 0.1815654467523993, 0.34989634964720145, 0.17236713204449947]",0.23611110111111103,477427.8299897022,True,4.235294365326776e-08,8.93049433973052e-05,17.821722400025465,985d222ac374e3ebf7cf8928e6e42674d7db3097fa873303649af6ccc2035ca7
groups_Winnipeg_six_r3,groups_v1,proposed,benders_flow,"{""pattern"": ""concentrated"", ""scarcity"": 0.8, ""loss"": 0.0, ""replication"": 3, ""seed"": 20260925, ""k"": 5, ""detour"": 1.5, ""delta"": 15.0, ""window"": 90.0, ""concentration"": null, ""assisted_share"": null, ""assistance"": 0.5, ""partition"": ""six"", ""demand_scale"": 1.0, ""network"": ""Winnipeg""}",0.2361111011111109,0.23611111111111116,"[0.23611110111111103, 0.236111101111111, 0.2361111011111109, 0.236111101111111, 0.23611110111111103, 0.23611110111111122]","[0.23611110111111105, 0.2361111011111111, 0.2361111011111109, 0.236111101111111, 0.23611110111111103, 0.23611110111111122]",0.236111101111111,477431.8299754608,True,4.2352944123479925e-08,1.9844200906535015e-05,10.021474000066519,c68aac746004ff59303bb7361f79ea28b92e3171d302827ff4fc3397aea61195
groups_Winnipeg_rare_r3,groups_v1,proposed,benders_flow,"{""pattern"": ""concentrated"", ""scarcity"": 0.8, ""loss"": 0.0, ""replication"": 3, ""seed"": 20260925, ""k"": 5, ""detour"": 1.5, ""delta"": 15.0, ""window"": 90.0, ""concentration"": null, ""assisted_share"": null, ""assistance"": 0.5, ""partition"": ""rare"", ""demand_scale"": 1.0, ""network"": ""Winnipeg""}",0.23611110111111092,0.23611111111111094,"[0.236111101111111, 0.23611110111111097, 0.23611110111111092, 0.23611110111111097, 0.23611110111111097, 0.23611110111111094]","[0.23611110111111105, 0.23611110111111103, 0.23611110111111092, 0.23611110111111103, 0.236111101111111, 0.23611110111111094]",0.23611110111111097,477431.82997546036,True,4.235294306550264e-08,5.221303002277561e-05,9.680003099958412,1258dcc96d1cd42809c96f912b9ccc24d1a6fbe56e1959d72db4f5261570d18f
aid_ND_shared_r1,assistance_v1,proposed,benders_flow,"{""pattern"": ""concentrated"", ""scarcity"": 0.8, ""loss"": 0.0, ""replication"": 1, ""seed"": 20260925, ""k"": 5, ""detour"": 1.5, ""delta"": 15.0, ""window"": 90.0, ""concentration"": null, ""assisted_share"": null, ""assistance"": null, ""partition"": ""three"", ""demand_scale"": 1.0, ""network"": ""ND""}",0.2595237995238096,0.25954974879860193,"[0.2595237995238096, 0.2595237995238096, 0.2595237995238096]","[0.2595237995238096, 0.2595237995238096, 0.2595237995238096]",0.25952379952380955,301919.98152000003,True,9.998803516262655e-05,0.0,0.6448887998703867,373c2eff9c77802ae6bea7414ff45f11d06092a8fdbe2507ccb73d726b8de6c5
aid_ND_beta0.1_r1,assistance_v1,proposed,benders_flow,"{""pattern"": ""concentrated"", ""scarcity"": 0.8, ""loss"": 0.0, ""replication"": 1, ""seed"": 20260925, ""k"": 5, ""detour"": 1.5, ""delta"": 15.0, ""window"": 90.0, ""concentration"": null, ""assisted_share"": null, ""assistance"": 0.1, ""partition"": ""three"", ""demand_scale"": 1.0, ""network"": ""ND""}",0.06685470450746726,0.06685471450746726,"[0.06685470450746726, 0.06685470450746728, 0.06685470450746728]","[0.06685470450746726, 0.06685470450746728, 0.06685470450746728]",0.06685470450746726,56454.51815032559,True,1.495781047632856e-07,0.0,0.0992888999171555,4c956c2d506252e0109eccf0836581cf48b551de508bbf35e1a17d4f2d15b836
aid_ND_beta0.2_r1,assistance_v1,proposed,benders_flow,"{""pattern"": ""concentrated"", ""scarcity"": 0.8, ""loss"": 0.0, ""replication"": 1, ""seed"": 20260925, ""k"": 5, ""detour"": 1.5, ""delta"": 15.0, ""window"": 90.0, ""concentration"": null, ""assisted_share"": null, ""assistance"": 0.2, ""partition"": ""three"", ""demand_scale"": 1.0, ""network"": ""ND""}",0.13370942901493452,0.13370942901493452,"[0.13370942901493452, 0.13370942901493452, 0.13370942901493452]","[0.13370942901493452, 0.13370942901493452, 0.13370942901493452]",0.13370942901493452,195116.0198558808,False,0.0,null,0.11345810000784695,3d71a8b36721af9580e17af4ad20faacdf8dc519f5acbc4fce95f164d2e0ff92
aid_ND_beta0.35_r1,assistance_v1,proposed,benders_flow,"{""pattern"": ""concentrated"", ""scarcity"": 0.8, ""loss"": 0.0, ""replication"": 1, ""seed"": 20260925, ""k"": 5, ""detour"": 1.5, ""delta"": 15.0, ""window"": 90.0, ""concentration"": null, ""assisted_share"": null, ""assistance"": 0.35, ""partition"": ""three"", ""demand_scale"": 1.0, ""network"": ""ND""}",0.23399149077613532,0.23399150077613534,"[0.23399149077613535, 0.23399149077613535, 0.23399149077613532]","[0.23399149077613535, 0.23399149077613535, 0.23399149077613532]",0.23399149077613535,235657.24814359477,True,4.27365969135144e-08,9.829994955695249e-05,4.389779900200665,2d0f527d8956ff0188e146f3190e4f16ace117aa3b5860798b775adc47ffc6a9
aid_ND_beta0.8_r1,assistance_v1,proposed,benders_flow,"{""pattern"": ""concentrated"", ""scarcity"": 0.8, ""loss"": 0.0, ""replication"": 1, ""seed"": 20260925, ""k"": 5, ""detour"": 1.5, ""delta"": 15.0, ""window"": 90.0, ""concentration"": null, ""assisted_share"": null, ""assistance"": 0.8, ""partition"": ""three"", ""demand_scale"": 1.0, ""network"": ""ND""}",0.25952379952380955,0.25953124999999994,"[0.25952379952380955, 0.2595237995238096, 0.25952379952380955]","[0.25952379952380955, 0.2595237995238096, 0.25952379952380955]",0.25952379952380955,301919.9815214785,True,2.8708257986571776e-05,3.0052592938616916e-08,0.6059915999649093,a513205d273e14026837ba1ccd74735591b71b44a0fbf696fae6f566e339dd19
aid_ND_shared_r2,assistance_v1,proposed,benders_flow,"{""pattern"": ""concentrated"", ""scarcity"": 0.8, ""loss"": 0.0, ""replication"": 2, ""seed"": 20260925, ""k"": 5, ""detour"": 1.5, ""delta"": 15.0, ""window"": 90.0, ""concentration"": null, ""assisted_share"": null, ""assistance"": null, ""partition"": ""three"", ""demand_scale"": 1.0, ""network"": ""ND""}",0.25952379952380955,0.25952380952380955,"[0.25952379952380955, 0.2595237995238096, 0.25952379952380955]","[0.25952379952380955, 0.2595237995238096, 0.25952379952380955]",0.25952379952380955,301919.98152,True,3.8532111556185076e-08,1.0683625783171116e-08,0.5280502999667078,049d12c09cbe162ba82356d99e55a46d8c2df6890a9047e13c83476cea71bd06
aid_ND_beta0.1_r2,assistance_v1,proposed,benders_flow,"{""pattern"": ""concentrated"", ""scarcity"": 0.8, ""loss"": 0.0, ""replication"": 2, ""seed"": 20260925, ""k"": 5, ""detour"": 1.5, ""delta"": 15.0, ""window"": 90.0, ""concentration"": null, ""assisted_share"": null, ""assistance"": 0.1, ""partition"": ""three"", ""demand_scale"": 1.0, ""network"": ""ND""}",0.06740537935428347,0.06740538935428347,"[0.06740537935428347, 0.06740537935428348, 0.06740537935428348]","[0.06740537935428347, 0.06740537935428348, 0.06740537935428348]",0.06740537935428348,56947.87516989302,True,1.4835611199595972e-07,0.0,0.08692170004360378,6647dc7b087338d3dadb7d3564e4b7f3e72ff969a9274a0a42314118c5631513
aid_ND_beta0.2_r2,assistance_v1,proposed,benders_flow,"{""pattern"": ""concentrated"", ""scarcity"": 0.8, ""loss"": 0.0, ""replication"": 2, ""seed"": 20260925, ""k"": 5, ""detour"": 1.5, ""delta"": 15.0, ""window"": 90.0, ""concentration"": null, ""assisted_share"": null, ""assistance"": 0.2, ""partition"": ""three"", ""demand_scale"": 1.0, ""network"": ""ND""}",0.13481076870856695,0.13481077870856695,"[0.13481076870856695, 0.13481076870856695, 0.13481076870856695]","[0.13481076870856695, 0.13481076870856695, 0.13481076870856695]",0.13481076870856698,120378.67645357182,True,7.417805039265354e-08,2.324134227488742e-16,0.14595759997610003,b930b4001d65154a51eeca56f08df5a701f053f540b43cc436da3b1e15526e0a
aid_ND_beta0.35_r2,assistance_v1,proposed,benders_flow,"{""pattern"": ""concentrated"", ""scarcity"": 0.8, ""loss"": 0.0, ""replication"": 2, ""seed"": 20260925, ""k"": 5, ""detour"": 1.5, ""delta"": 15.0, ""window"": 90.0, ""concentration"": null, ""assisted_share"": null, ""assistance"": 0.35, ""partition"": ""three"", ""demand_scale"": 1.0, ""network"": ""ND""}",0.23591885273999208,0.23591886273999207,"[0.2359188527399921, 0.2359188527399921, 0.23591885273999208]","[0.2359188527399921, 0.2359188527399921, 0.23591885273999208]",0.2359188527399921,238983.6726031867,True,4.238745601970825e-08,9.73274842959711e-05,5.856964599923231,e5f6563f07f1a173af44037f21b3ad7dce358f388bfcc69eb701e8ca712679ec
aid_ND_beta0.8_r2,assistance_v1,proposed,benders_flow,"{""pattern"": ""concentrated"", ""scarcity"": 0.8, ""loss"": 0.0, ""replication"": 2, ""seed"": 20260925, ""k"": 5, ""detour"": 1.5, ""delta"": 15.0, ""window"": 90.0, ""concentration"": null, ""assisted_share"": null, ""assistance"": 0.8, ""partition"": ""three"", ""demand_scale"": 1.0, ""network"": ""ND""}",0.25952379952380944,0.25953758818342154,"[0.25952379952380955, 0.25952379952380955, 0.25952379952380944]","[0.25952379952380955, 0.25952379952380955, 0.25952379952380944]",0.2595237995238095,301919.98152252,True,5.313061706634242e-05,3.376563610192959e-08,0.5230660999659449,4507cc1b0566f6ea2f2a6b342f5912546b607ba9986fc1c1defc3778247b8e21
aid_ND_shared_r3,assistance_v1,proposed,benders_flow,"{""pattern"": ""concentrated"", ""scarcity"": 0.8, ""loss"": 0.0, ""replication"": 3, ""seed"": 20260925, ""k"": 5, ""detour"": 1.5, ""delta"": 15.0, ""window"": 90.0, ""concentration"": null, ""assisted_share"": null, ""assistance"": null, ""partition"": ""three"", ""demand_scale"": 1.0, ""network"": ""ND""}",0.25952379952380955,0.2595495495495496,"[0.25952379952380955, 0.25952379952380955, 0.25952379952380955]","[0.25952379952380955, 0.25952379952380955, 0.25952379952380955]",0.25952379952380955,301919.98152000003,True,9.922028649131812e-05,5.898251541019448e-08,0.9140520001528785,23249a9ab6455b77301e99af264a7640f5ed34cf17b1c82bbf0de50b0825f516
aid_ND_beta0.1_r3,assistance_v1,proposed,benders_flow,"{""pattern"": ""concentrated"", ""scarcity"": 0.8, ""loss"": 0.0, ""replication"": 3, ""seed"": 20260925, ""k"": 5, ""detour"": 1.5, ""delta"": 15.0, ""window"": 90.0, ""concentration"": null, ""assisted_share"": null, ""assistance"": 0.1, ""partition"": ""three"", ""demand_scale"": 1.0, ""network"": ""ND""}",0.068810167942847,0.068810177942847,"[0.068810167942847, 0.068810167942847, 0.068810167942847]","[0.068810167942847, 0.068810167942847, 0.068810167942847]",0.068810167942847,58190.140696993185,True,1.4532735922171177e-07,0.0,0.14715069986414164,ed90b66405b1bcb2dbad0720a44a356a6a9a2110955a02e4f633481841902966
aid_ND_beta0.2_r3,assistance_v1,proposed,benders_flow,"{""pattern"": ""concentrated"", ""scarcity"": 0.8, ""loss"": 0.0, ""replication"": 3, ""seed"": 20260925, ""k"": 5, ""detour"": 1.5, ""delta"": 15.0, ""window"": 90.0, ""concentration"": null, ""assisted_share"": null, ""assistance"": 0.2, ""partition"": ""three"", ""demand_scale"": 1.0, ""network"": ""ND""}",0.13762034588569397,0.137620355885694,"[0.13762034588569402, 0.13762034588569402, 0.13762034588569397]","[0.13762034588569402, 0.13762034588569402, 0.13762034588569397]",0.13762034588569402,122750.55051938484,True,7.266367453252816e-08,0.0,0.1162843001075089,278d839415183ee9f71d6dc4c64a6cbcbdf46d733987075da92eff61866ae870
aid_ND_beta0.35_r3,assistance_v1,proposed,benders_flow,"{""pattern"": ""concentrated"", ""scarcity"": 0.8, ""loss"": 0.0, ""replication"": 3, ""seed"": 20260925, ""k"": 5, ""detour"": 1.5, ""delta"": 15.0, ""window"": 90.0, ""concentration"": null, ""assisted_share"": null, ""assistance"": 0.35, ""partition"": ""three"", ""demand_scale"": 1.0, ""network"": ""ND""}",0.24083561279996438,0.24083562279996443,"[0.24083561279996438, 0.2408356127999644, 0.24083561279996443]","[0.24083561279996438, 0.2408356127999644, 0.24083561279996443]",0.2408356127999644,247222.29179109618,True,4.1522098555056684e-08,9.898357033172026e-05,2.666499099927023,80c2c50c86ab0cbcc266494095b49f4d814611e7fdd7ee718c80b65be594589d
aid_ND_beta0.8_r3,assistance_v1,proposed,benders_flow,"{""pattern"": ""concentrated"", ""scarcity"": 0.8, ""loss"": 0.0, ""replication"": 3, ""seed"": 20260925, ""k"": 5, ""detour"": 1.5, ""delta"": 15.0, ""window"": 90.0, ""concentration"": null, ""assisted_share"": null, ""assistance"": 0.8, ""partition"": ""three"", ""demand_scale"": 1.0, ""network"": ""ND""}",0.2595237995238095,0.259546758462421,"[0.25952379952380955, 0.2595237995238095, 0.2595237995238095]","[0.25952379952380955, 0.2595237995238095, 0.2595237995238095]",0.25952379952380955,301919.98152258736,True,8.846563842549384e-05,8.569907364821756e-12,0.598158200038597,324ddc6a55ceb27189bd1941896ed371611dd614c35310cb16fbf6e2fb4f2014
aid_SF_shared_r1,assistance_v1,proposed,benders_flow,"{""pattern"": ""concentrated"", ""scarcity"": 0.8, ""loss"": 0.0, ""replication"": 1, ""seed"": 20260925, ""k"": 5, ""detour"": 1.5, ""delta"": 15.0, ""window"": 90.0, ""concentration"": null, ""assisted_share"": null, ""assistance"": null, ""partition"": ""three"", ""demand_scale"": 1.0, ""network"": ""SF""}",0.21705324347413785,0.2170532534741379,"[0.2170532434741379, 0.21705324347413785, 0.2170532434741379]","[0.2170532434741379, 0.21705324347413785, 0.2170532434741379]",0.2170532434741379,150188.89344960917,True,4.6071645326226627e-08,5.2981368645070194e-09,0.03466060000937432,3d3d78702e5ed3136434168f964a0dd69fb1ca350f52a9e31d89cebe19dce33c
aid_SF_beta0.1_r1,assistance_v1,proposed,benders_flow,"{""pattern"": ""concentrated"", ""scarcity"": 0.8, ""loss"": 0.0, ""replication"": 1, ""seed"": 20260925, ""k"": 5, ""detour"": 1.5, ""delta"": 15.0, ""window"": 90.0, ""concentration"": null, ""assisted_share"": null, ""assistance"": 0.1, ""partition"": ""three"", ""demand_scale"": 1.0, ""network"": ""SF""}",0.07496228568470738,0.07496229568470737,"[0.07496228568470738, 0.07496228568470738, 0.07496228568470738]","[0.07496228568470738, 0.07496228568470738, 0.07496228568470738]",0.07496228568470738,35678.883109269496,True,1.334004146671382e-07,0.0,0.03863510012160987,140e6b57a48213bd9d431f9e3cbbf806e7fa7d560982ee9d50d2d594bcdfc979
aid_SF_beta0.2_r1,assistance_v1,proposed,benders_flow,"{""pattern"": ""concentrated"", ""scarcity"": 0.8, ""loss"": 0.0, ""replication"": 1, ""seed"": 20260925, ""k"": 5, ""detour"": 1.5, ""delta"": 15.0, ""window"": 90.0, ""concentration"": null, ""assisted_share"": null, ""assistance"": 0.2, ""partition"": ""three"", ""demand_scale"": 1.0, ""network"": ""SF""}",0.14992458136941472,0.14992459136941474,"[0.14992458136941472, 0.14992458136941472, 0.14992458136941472]","[0.14992458136941472, 0.14992458136941472, 0.14992458136941472]",0.14992458136941472,89393.60798359885,True,6.6700203069782e-08,3.337225158653834e-16,0.044902199995703995,c8fe6854198fb507b0bd09347884c36028c599cc54caba2c634b75636adacdb5
aid_SF_beta0.35_r1,assistance_v1,proposed,benders_flow,"{""pattern"": ""concentrated"", ""scarcity"": 0.8, ""loss"": 0.0, ""replication"": 1, ""seed"": 20260925, ""k"": 5, ""detour"": 1.5, ""delta"": 15.0, ""window"": 90.0, ""concentration"": null, ""assisted_share"": null, ""assistance"": 0.35, ""partition"": ""three"", ""demand_scale"": 1.0, ""network"": ""SF""}",0.21705324347413785,0.2170532534741379,"[0.21705324347413787, 0.21705324347413785, 0.21705324347413787]","[0.21705324347413787, 0.21705324347413785, 0.21705324347413787]",0.21705324347413787,150188.89344960917,True,4.6071645326226627e-08,5.298136467238501e-09,0.04161840002052486,03f4a8ac795dfee95f86328f0ba43edff32ccc1ccb98ed4d61cffef1bb66e5dc
aid_SF_beta0.8_r1,assistance_v1,proposed,benders_flow,"{""pattern"": ""concentrated"", ""scarcity"": 0.8, ""loss"": 0.0, ""replication"": 1, ""seed"": 20260925, ""k"": 5, ""detour"": 1.5, ""delta"": 15.0, ""window"": 90.0, ""concentration"": null, ""assisted_share"": null, ""assistance"": 0.8, ""partition"": ""three"", ""demand_scale"": 1.0, ""network"": ""SF""}",0.21705324347413785,0.2170532534741379,"[0.21705324347413787, 0.21705324347413785, 0.2170532434741379]","[0.21705324347413787, 0.21705324347413785, 0.2170532434741379]",0.21705324347413787,150188.89344960914,True,4.6071645326226627e-08,5.298136467238501e-09,0.03853509994223714,9828b0b4b3f761a74a178c7fb2ab2fdcbb54dec86c120d6e3dce3dfe897ce202
aid_SF_shared_r2,assistance_v1,proposed,benders_flow,"{""pattern"": ""concentrated"", ""scarcity"": 0.8, ""loss"": 0.0, ""replication"": 2, ""seed"": 20260925, ""k"": 5, ""detour"": 1.5, ""delta"": 15.0, ""window"": 90.0, ""concentration"": null, ""assisted_share"": null, ""assistance"": null, ""partition"": ""three"", ""demand_scale"": 1.0, ""network"": ""SF""}",0.21705324347413796,0.21705325347413792,"[0.21705324347413796, 0.21705324347413796, 0.21705324347413799]","[0.21705324347413796, 0.21705324347413796, 0.21705324347413799]",0.21705324347413796,150188.89344960923,True,4.6071644942603095e-08,5.298136467238498e-09,0.04615920002106577,5977c7d84230059a89d5b06ef5bd312575c8840172840a182220ee651607aa02
aid_SF_beta0.1_r2,assistance_v1,proposed,benders_flow,"{""pattern"": ""concentrated"", ""scarcity"": 0.8, ""loss"": 0.0, ""replication"": 2, ""seed"": 20260925, ""k"": 5, ""detour"": 1.5, ""delta"": 15.0, ""window"": 90.0, ""concentration"": null, ""assisted_share"": null, ""assistance"": 0.1, ""partition"": ""three"", ""demand_scale"": 1.0, ""network"": ""SF""}",0.07581568466198199,0.07581569466198199,"[0.07581568466198199, 0.07581568466198199, 0.07581568466198207]","[0.07581568466198199, 0.07581568466198199, 0.07581568466198207]",0.075815684661982,36290.39174642682,True,1.3189882857776225e-07,0.0,0.12670780008193105,8a62da2389b63e5515afa35fe4f09bf30b946f6327b29a488cf4fda1b27c0518
aid_SF_beta0.2_r2,assistance_v1,proposed,benders_flow,"{""pattern"": ""concentrated"", ""scarcity"": 0.8, ""loss"": 0.0, ""replication"": 2, ""seed"": 20260925, ""k"": 5, ""detour"": 1.5, ""delta"": 15.0, ""window"": 90.0, ""concentration"": null, ""assisted_share"": null, ""assistance"": 0.2, ""partition"": ""three"", ""demand_scale"": 1.0, ""network"": ""SF""}",0.15163137932396398,0.15163138932396397,"[0.151631379323964, 0.15163137932396398, 0.15163137932396398]","[0.151631379323964, 0.15163137932396398, 0.15163137932396398]",0.15163137932396398,90616.62525791353,True,6.594940993955617e-08,3.29218393133275e-16,0.06415130000095814,720f083f664cf4c0bf9a9ce914db7774e52dd9f664b16dc5259520894e5adaa9
aid_SF_beta0.35_r2,assistance_v1,proposed,benders_flow,"{""pattern"": ""concentrated"", ""scarcity"": 0.8, ""loss"": 0.0, ""replication"": 2, ""seed"": 20260925, ""k"": 5, ""detour"": 1.5, ""delta"": 15.0, ""window"": 90.0, ""concentration"": null, ""assisted_share"": null, ""assistance"": 0.35, ""partition"": ""three"", ""demand_scale"": 1.0, ""network"": ""SF""}",0.2170532434741379,0.2170532534741379,"[0.2170532434741379, 0.2170532434741379, 0.2170532434741379]","[0.2170532434741379, 0.2170532434741379, 0.2170532434741379]",0.2170532434741379,150188.8934496092,True,4.607164507047761e-08,5.2981368645070194e-09,0.049410799983888865,cca1f2b39e2272577d5eccc9e9dadd06da68f52e4b767ea017e8475b86abfc51
aid_SF_beta0.8_r2,assistance_v1,proposed,benders_flow,"{""pattern"": ""concentrated"", ""scarcity"": 0.8, ""loss"": 0.0, ""replication"": 2, ""seed"": 20260925, ""k"": 5, ""detour"": 1.5, ""delta"": 15.0, ""window"": 90.0, ""concentration"": null, ""assisted_share"": null, ""assistance"": 0.8, ""partition"": ""three"", ""demand_scale"": 1.0, ""network"": ""SF""}",0.2170532434741379,0.2170532534741379,"[0.2170532434741379, 0.2170532434741379, 0.21705324347413793]","[0.2170532434741379, 0.2170532434741379, 0.21705324347413793]",0.2170532434741379,150188.89344960917,True,4.607164507047761e-08,5.2981368645070194e-09,0.06959790003020316,0e0cbfe384d5ca874dbd109701493845a1a74e305f9e5cef02fa77797e122fab
aid_SF_shared_r3,assistance_v1,proposed,benders_flow,"{""pattern"": ""concentrated"", ""scarcity"": 0.8, ""loss"": 0.0, ""replication"": 3, ""seed"": 20260925, ""k"": 5, ""detour"": 1.5, ""delta"": 15.0, ""window"": 90.0, ""concentration"": null, ""assisted_share"": null, ""assistance"": null, ""partition"": ""three"", ""demand_scale"": 1.0, ""network"": ""SF""}",0.21705324347413782,0.21705325347413787,"[0.21705324347413785, 0.21705324347413782, 0.21705324347413785]","[0.21705324347413785, 0.21705324347413782, 0.21705324347413785]",0.21705324347413785,150188.8934496091,True,4.607164532622663e-08,5.2981366658727616e-09,0.0425927999895066,cc1ad25716807671f0902e6cb28986f04b62099044a5a7c65a7475f286d76624
aid_SF_beta0.1_r3,assistance_v1,proposed,benders_flow,"{""pattern"": ""concentrated"", ""scarcity"": 0.8, ""loss"": 0.0, ""replication"": 3, ""seed"": 20260925, ""k"": 5, ""detour"": 1.5, ""delta"": 15.0, ""window"": 90.0, ""concentration"": null, ""assisted_share"": null, ""assistance"": 0.1, ""partition"": ""three"", ""demand_scale"": 1.0, ""network"": ""SF""}",0.06934835195813112,0.06934836195813113,"[0.06934835195813112, 0.06934835195813112, 0.06934835195813112]","[0.06934835195813112, 0.06934835195813112, 0.06934835195813112]",0.06934835195813112,31656.182067541646,True,1.4419953360465874e-07,2.7162786294344627e-10,0.04902900010347366,ca4fb22adfc1120d20fe5574a8e18f753ea93bd6e033f8f8686b5fcb50f34992
aid_SF_beta0.2_r3,assistance_v1,proposed,benders_flow,"{""pattern"": ""concentrated"", ""scarcity"": 0.8, ""loss"": 0.0, ""replication"": 3, ""seed"": 20260925, ""k"": 5, ""detour"": 1.5, ""delta"": 15.0, ""window"": 90.0, ""concentration"": null, ""assisted_share"": null, ""assistance"": 0.2, ""partition"": ""three"", ""demand_scale"": 1.0, ""network"": ""SF""}",0.13869671391626223,0.13869672391626225,"[0.13869671391626223, 0.13869671391626223, 0.13869671391626223]","[0.13869671391626223, 0.13869671391626223, 0.13869671391626223]",0.13869671391626223,81348.20588452219,True,7.20997617040119e-08,1.937900439820372e-11,0.0529474999057129,66218c26d7c72eaabbf5e92d4700d1fce42440a49b37e69a17fe4119de68d282
aid_SF_beta0.35_r3,assistance_v1,proposed,benders_flow,"{""pattern"": ""concentrated"", ""scarcity"": 0.8, ""loss"": 0.0, ""replication"": 3, ""seed"": 20260925, ""k"": 5, ""detour"": 1.5, ""delta"": 15.0, ""window"": 90.0, ""concentration"": null, ""assisted_share"": null, ""assistance"": 0.35, ""partition"": ""three"", ""demand_scale"": 1.0, ""network"": ""SF""}",0.2170532434741379,0.21705325347413792,"[0.2170532434741379, 0.2170532434741379, 0.2170532434741379]","[0.2170532434741379, 0.2170532434741379, 0.2170532434741379]",0.2170532434741379,150188.89344960923,True,4.6071645198352114e-08,5.298136665872759e-09,0.04699820000678301,1e7edbcaf3becf90bb69f970cddcf9b0fa4d3f02741181cc258335896a9591aa
aid_SF_beta0.8_r3,assistance_v1,proposed,benders_flow,"{""pattern"": ""concentrated"", ""scarcity"": 0.8, ""loss"": 0.0, ""replication"": 3, ""seed"": 20260925, ""k"": 5, ""detour"": 1.5, ""delta"": 15.0, ""window"": 90.0, ""concentration"": null, ""assisted_share"": null, ""assistance"": 0.8, ""partition"": ""three"", ""demand_scale"": 1.0, ""network"": ""SF""}",0.21705324347413785,0.21705325347413792,"[0.21705324347413785, 0.21705324347413787, 0.2170532434741379]","[0.21705324347413785, 0.21705324347413787, 0.2170532434741379]",0.21705324347413787,150188.89344960914,True,4.6071645454101126e-08,5.298136467238501e-09,0.0408801999874413,fb0bcdfd1b10f9dd965a4e8bf8e7853e50eb1d25f2c55b8cc4e31fa5b7d5cf57
aid_Anaheim_shared_r1,assistance_v1,proposed,benders_flow,"{""pattern"": ""concentrated"", ""scarcity"": 0.8, ""loss"": 0.0, ""replication"": 1, ""seed"": 20260925, ""k"": 5, ""detour"": 1.5, ""delta"": 15.0, ""window"": 90.0, ""concentration"": null, ""assisted_share"": null, ""assistance"": null, ""partition"": ""three"", ""demand_scale"": 1.0, ""network"": ""Anaheim""}",0.2053003369554134,0.2062582882300609,"[0.2053003369554134, 0.2053003369554134, 0.2053003369554134]","[0.20530033695541341, 0.20530033695541341, 0.2053003369554134]",0.2053003369554134,281359.23358070425,False,0.004666096942917132,0.004764175504645883,1202.7159935000818,41661fff32b2a8fddc1406eaddd658b4b2fae2c3315877e8b5c354b02e64011d
aid_Anaheim_beta0.1_r1,assistance_v1,proposed,benders_flow,"{""pattern"": ""concentrated"", ""scarcity"": 0.8, ""loss"": 0.0, ""replication"": 1, ""seed"": 20260925, ""k"": 5, ""detour"": 1.5, ""delta"": 15.0, ""window"": 90.0, ""concentration"": null, ""assisted_share"": null, ""assistance"": 0.1, ""partition"": ""three"", ""demand_scale"": 1.0, ""network"": ""Anaheim""}",0.08384818607317639,0.08384819607317638,"[0.0838481860731764, 0.0838481860731764, 0.08384818607317639]","[0.08384818607317641, 0.0838481860731764, 0.08384818607317639]",0.08384818607317639,58532.11795449113,True,1.1926316433380199e-07,0.0,1.7821321999654174,6307975b3e2dcfaf3f93e57a56803c4c95ce9dfe8c5d6d84a709593cbe9aa135
aid_Anaheim_beta0.2_r1,assistance_v1,proposed,benders_flow,"{""pattern"": ""concentrated"", ""scarcity"": 0.8, ""loss"": 0.0, ""replication"": 1, ""seed"": 20260925, ""k"": 5, ""detour"": 1.5, ""delta"": 15.0, ""window"": 90.0, ""concentration"": null, ""assisted_share"": null, ""assistance"": 0.2, ""partition"": ""three"", ""demand_scale"": 1.0, ""network"": ""Anaheim""}",0.16769638214635274,0.16769639214635276,"[0.16769638214635277, 0.1676963821463528, 0.16769638214635274]","[0.1676963821463528, 0.1676963821463528, 0.16769638214635274]",0.16769638214635277,170241.79682272233,True,5.96315787764865e-08,9.969714302710117e-05,74.54171979997773,29013c3944f5051c8fe9ca18a599a8cf9fe4732b18a7f56adebd89709c88d383
aid_Anaheim_beta0.35_r1,assistance_v1,proposed,benders_flow,"{""pattern"": ""concentrated"", ""scarcity"": 0.8, ""loss"": 0.0, ""replication"": 1, ""seed"": 20260925, ""k"": 5, ""detour"": 1.5, ""delta"": 15.0, ""window"": 90.0, ""concentration"": null, ""assisted_share"": null, ""assistance"": 0.35, ""partition"": ""three"", ""demand_scale"": 1.0, ""network"": ""Anaheim""}",0.2053003369554134,0.2062219190911701,"[0.20530033695541344, 0.2053003369554134, 0.20530033695541341]","[0.20530033695541347, 0.20530033695541344, 0.20530033695541341]",0.20530033695541344,281359.2336446294,False,0.004488946045699197,0.004828627158185411,1202.2817981002154,7a22c3ae97a0082191cca705e05e246cc683755348ad0763beeaaa5284e5ae18
aid_Anaheim_beta0.8_r1,assistance_v1,proposed,benders_flow,"{""pattern"": ""concentrated"", ""scarcity"": 0.8, ""loss"": 0.0, ""replication"": 1, ""seed"": 20260925, ""k"": 5, ""detour"": 1.5, ""delta"": 15.0, ""window"": 90.0, ""concentration"": null, ""assisted_share"": null, ""assistance"": 0.8, ""partition"": ""three"", ""demand_scale"": 1.0, ""network"": ""Anaheim""}",0.20530033695541328,0.2062735171864107,"[0.20530033695541336, 0.20530033695541328, 0.20530033695541333]","[0.20530033695541333, 0.2053003369554133, 0.20530033695541333]",0.2053003369554133,281359.2336446292,False,0.004740275858430699,0.003536522478483852,1201.9209275001194,c6215d90d52297eefe073674d4d7d99608939e2b764722688b9421b5bf11ea84
aid_Anaheim_shared_r2,assistance_v1,proposed,benders_flow,"{""pattern"": ""concentrated"", ""scarcity"": 0.8, ""loss"": 0.0, ""replication"": 2, ""seed"": 20260925, ""k"": 5, ""detour"": 1.5, ""delta"": 15.0, ""window"": 90.0, ""concentration"": null, ""assisted_share"": null, ""assistance"": null, ""partition"": ""three"", ""demand_scale"": 1.0, ""network"": ""Anaheim""}",0.20310076519379847,0.20372141779909322,"[0.20310076519379847, 0.20310076519379847, 0.20310076519379852]","[0.20310076519379847, 0.2031007651937984, 0.20310076519379852]",0.2031007651937985,281508.26716687344,False,0.003055885115462427,9.922913068104926e-05,650.9628358000191,6cd10525b3d4cd4149d0418c23d2e3f661ec743bfc1ffed7cb894111bb735829
aid_Anaheim_beta0.1_r2,assistance_v1,proposed,benders_flow,"{""pattern"": ""concentrated"", ""scarcity"": 0.8, ""loss"": 0.0, ""replication"": 2, ""seed"": 20260925, ""k"": 5, ""detour"": 1.5, ""delta"": 15.0, ""window"": 90.0, ""concentration"": null, ""assisted_share"": null, ""assistance"": 0.1, ""partition"": ""three"", ""demand_scale"": 1.0, ""network"": ""Anaheim""}",0.08130969127229118,0.08130970127229117,"[0.08130969127229118, 0.08130969127229119, 0.08130969127229118]","[0.08130969127229118, 0.08130969127229118, 0.08130969127229118]",0.08130969127229118,55843.17273064037,True,1.229865694760577e-07,0.0,2.1695380000164732,3e7be772f36fd7db3cbd55a24edbb2634075058f7d11fce007b76a25a79e133e
aid_Anaheim_beta0.2_r2,assistance_v1,proposed,benders_flow,"{""pattern"": ""concentrated"", ""scarcity"": 0.8, ""loss"": 0.0, ""replication"": 2, ""seed"": 20260925, ""k"": 5, ""detour"": 1.5, ""delta"": 15.0, ""window"": 90.0, ""concentration"": null, ""assisted_share"": null, ""assistance"": 0.2, ""partition"": ""three"", ""demand_scale"": 1.0, ""network"": ""Anaheim""}",0.16261939254458233,0.16261940254458235,"[0.16261939254458233, 0.16261939254458238, 0.16261939254458235]","[0.16261939254458233, 0.16261939254458235, 0.16261939254458235]",0.16261939254458235,162144.6286471039,True,6.149328112728317e-08,9.993950164996844e-05,222.66134880005848,4256d0787e452c358093639df99fd054b258fec543d695da0e82782acd3106ab
aid_Anaheim_beta0.35_r2,assistance_v1,proposed,benders_flow,"{""pattern"": ""concentrated"", ""scarcity"": 0.8, ""loss"": 0.0, ""replication"": 2, ""seed"": 20260925, ""k"": 5, ""detour"": 1.5, ""delta"": 15.0, ""window"": 90.0, ""concentration"": null, ""assisted_share"": null, ""assistance"": 0.35, ""partition"": ""three"", ""demand_scale"": 1.0, ""network"": ""Anaheim""}",0.20310076519379838,0.2037655752828482,"[0.20310076519379838, 0.20310076519379838, 0.2031007651937984]","[0.20310076519379835, 0.20310076519379835, 0.2031007651937984]",0.2031007651937984,281508.2671668731,False,0.003273301744655912,9.229891894922039e-05,604.4198415998835,4d07c4f53e3157994c04ab839fb69776289d27fdf42a21e87e762de622b18dba
aid_Anaheim_beta0.8_r2,assistance_v1,proposed,benders_flow,"{""pattern"": ""concentrated"", ""scarcity"": 0.8, ""loss"": 0.0, ""replication"": 2, ""seed"": 20260925, ""k"": 5, ""detour"": 1.5, ""delta"": 15.0, ""window"": 90.0, ""concentration"": null, ""assisted_share"": null, ""assistance"": 0.8, ""partition"": ""three"", ""demand_scale"": 1.0, ""network"": ""Anaheim""}",0.20310076519379847,0.2039281361453415,"[0.20310076519379847, 0.20310076519379847, 0.20310076519379847]","[0.20310076519379847, 0.20310076519379844, 0.20310076519379847]",0.20310076519379847,281508.26716687344,False,0.0040736968703862664,9.393073870991045e-05,608.7642334998818,523667f9ab360faa6a2c4b515a7ce283ec49456eae4e38259c0ed77f716c7f79
aid_Anaheim_shared_r3,assistance_v1,proposed,benders_flow,"{""pattern"": ""concentrated"", ""scarcity"": 0.8, ""loss"": 0.0, ""replication"": 3, ""seed"": 20260925, ""k"": 5, ""detour"": 1.5, ""delta"": 15.0, ""window"": 90.0, ""concentration"": null, ""assisted_share"": null, ""assistance"": null, ""partition"": ""three"", ""demand_scale"": 1.0, ""network"": ""Anaheim""}",0.19803841076757187,0.20003666322926247,"[0.19803841076757192, 0.1980384107675719, 0.19803841076757187]","[0.19803841076757192, 0.19803841076757187, 0.19803841076757187]",0.19803841076757192,274955.062599623,False,0.010090226708776516,0.0048094201111114265,1201.7706297000404,20277412d7471aa4a1cdf04f834bfd543117ddb75f62806e6037b2815ea7053a
aid_Anaheim_beta0.1_r3,assistance_v1,proposed,benders_flow,"{""pattern"": ""concentrated"", ""scarcity"": 0.8, ""loss"": 0.0, ""replication"": 3, ""seed"": 20260925, ""k"": 5, ""detour"": 1.5, ""delta"": 15.0, ""window"": 90.0, ""concentration"": null, ""assisted_share"": null, ""assistance"": 0.1, ""partition"": ""three"", ""demand_scale"": 1.0, ""network"": ""Anaheim""}",0.08265540231526117,0.08265541231526118,"[0.08265540231526118, 0.0826554023152612, 0.08265540231526117]","[0.08265540231526118, 0.08265540231526118, 0.08265540231526117]",0.08265540231526121,59494.08427818185,True,1.2098422763067076e-07,1.504548434460562e-16,1.9732363000512123,ff5c8c47defff557d28e63755645cb2532633ef6807a5e7fcab7d13d53755527
aid_Anaheim_beta0.2_r3,assistance_v1,proposed,benders_flow,"{""pattern"": ""concentrated"", ""scarcity"": 0.8, ""loss"": 0.0, ""replication"": 3, ""seed"": 20260925, ""k"": 5, ""detour"": 1.5, ""delta"": 15.0, ""window"": 90.0, ""concentration"": null, ""assisted_share"": null, ""assistance"": 0.2, ""partition"": ""three"", ""demand_scale"": 1.0, ""network"": ""Anaheim""}",0.16531081463052233,0.16531082463052238,"[0.16531081463052236, 0.16531081463052238, 0.16531081463052233]","[0.16531081463052236, 0.16531081463052236, 0.16531081463052233]",0.16531081463052238,175537.69556946342,False,6.049211040788878e-08,0.013627833839148118,603.2593960000668,50ecc8b8471eb4755a6641a7b6d00ed6eebe4e338bd5c26beea3c47e68c21913
aid_Anaheim_beta0.35_r3,assistance_v1,proposed,benders_flow,"{""pattern"": ""concentrated"", ""scarcity"": 0.8, ""loss"": 0.0, ""replication"": 3, ""seed"": 20260925, ""k"": 5, ""detour"": 1.5, ""delta"": 15.0, ""window"": 90.0, ""concentration"": null, ""assisted_share"": null, ""assistance"": 0.35, ""partition"": ""three"", ""demand_scale"": 1.0, ""network"": ""Anaheim""}",0.19803841076757184,0.2000780590551159,"[0.19803841076757184, 0.19803841076757184, 0.19803841076757184]","[0.19803841076757184, 0.1980384107675718, 0.19803841076757184]",0.19803841076757187,274955.06259962264,False,0.010299255985940456,0.017004297531917806,1202.0033083000453,28bcab5264f71558cc120a2dc9cb85ed9b315b46613292eeed0510781c8fd290
aid_Anaheim_beta0.8_r3,assistance_v1,proposed,benders_flow,"{""pattern"": ""concentrated"", ""scarcity"": 0.8, ""loss"": 0.0, ""replication"": 3, ""seed"": 20260925, ""k"": 5, ""detour"": 1.5, ""delta"": 15.0, ""window"": 90.0, ""concentration"": null, ""assisted_share"": null, ""assistance"": 0.8, ""partition"": ""three"", ""demand_scale"": 1.0, ""network"": ""Anaheim""}",0.19803841076757187,0.20010485587777843,"[0.1980384107675719, 0.1980384107675719, 0.19803841076757187]","[0.19803841076757192, 0.19803841076757187, 0.19803841076757187]",0.19803841076757195,274955.062599623,False,0.010434567224596914,0.013701523002113223,1202.203071200056,052884e52c526ecb43fcdf61fa624b9fbb72a80e00ed20acef3c3ad1889c1e38
aid_Winnipeg_shared_r1,assistance_v1,proposed,benders_flow,"{""pattern"": ""concentrated"", ""scarcity"": 0.8, ""loss"": 0.0, ""replication"": 1, ""seed"": 20260925, ""k"": 5, ""detour"": 1.5, ""delta"": 15.0, ""window"": 90.0, ""concentration"": null, ""assisted_share"": null, ""assistance"": null, ""partition"": ""three"", ""demand_scale"": 1.0, ""network"": ""Winnipeg""}",0.23611110111111072,0.23611111111111116,"[0.23611110111111072, 0.23611110111111072, 0.23611110111111072]","[0.23611110111111067, 0.23611110111111072, 0.23611110111111072]",0.23611110111111075,477431.8300042595,True,4.235294482879814e-08,8.93042102650937e-05,3.682560999877751,4faf635ad8b28f2464a3f7257917b5c35bb38b6365df83d90c3c0ad43bb1052e
aid_Winnipeg_beta0.1_r1,assistance_v1,proposed,benders_flow,"{""pattern"": ""concentrated"", ""scarcity"": 0.8, ""loss"": 0.0, ""replication"": 1, ""seed"": 20260925, ""k"": 5, ""detour"": 1.5, ""delta"": 15.0, ""window"": 90.0, ""concentration"": null, ""assisted_share"": null, ""assistance"": 0.1, ""partition"": ""three"", ""demand_scale"": 1.0, ""network"": ""Winnipeg""}",0.08358916148508529,0.0835891714850853,"[0.0835891614850853, 0.0835891614850853, 0.08358916148508529]","[0.0835891614850853, 0.0835891614850853, 0.08358916148508529]",0.0835891614850853,100231.82863838559,True,1.1963273504542234e-07,0.0,0.8528385000536218,364323b217afaa7b67207977d9be43e2182cae5e7b6b464eb5f8eb996cf5c723
aid_Winnipeg_beta0.2_r1,assistance_v1,proposed,benders_flow,"{""pattern"": ""concentrated"", ""scarcity"": 0.8, ""loss"": 0.0, ""replication"": 1, ""seed"": 20260925, ""k"": 5, ""detour"": 1.5, ""delta"": 15.0, ""window"": 90.0, ""concentration"": null, ""assisted_share"": null, ""assistance"": 0.2, ""partition"": ""three"", ""demand_scale"": 1.0, ""network"": ""Winnipeg""}",0.16717833297017057,0.1671783429701706,"[0.1671783329701706, 0.16717833297017062, 0.16717833297017057]","[0.1671783329701706, 0.16717833297017062, 0.1671783329701706]",0.1671783329701706,245275.63056183254,True,5.981636402772545e-08,0.0,2.7937341001816094,f3f68a02a302ea9fef80916bdbc3a98a97f21381f133a62ff7a3e89c0542bf63
aid_Winnipeg_beta0.35_r1,assistance_v1,proposed,benders_flow,"{""pattern"": ""concentrated"", ""scarcity"": 0.8, ""loss"": 0.0, ""replication"": 1, ""seed"": 20260925, ""k"": 5, ""detour"": 1.5, ""delta"": 15.0, ""window"": 90.0, ""concentration"": null, ""assisted_share"": null, ""assistance"": 0.35, ""partition"": ""three"", ""demand_scale"": 1.0, ""network"": ""Winnipeg""}",0.236111101111111,0.23611111111111108,"[0.236111101111111, 0.23611110111111103, 0.236111101111111]","[0.23611110111111097, 0.23611110111111103, 0.23611110111111103]",0.23611110111111103,477427.829989702,True,4.2352943300608685e-08,9.767807256558097e-05,9.743440299993381,00a2bf1e3227b6705b3cf0d0b99483609ff35fe11fa4f83323860a23e9ad38e8
aid_Winnipeg_beta0.8_r1,assistance_v1,proposed,benders_flow,"{""pattern"": ""concentrated"", ""scarcity"": 0.8, ""loss"": 0.0, ""replication"": 1, ""seed"": 20260925, ""k"": 5, ""detour"": 1.5, ""delta"": 15.0, ""window"": 90.0, ""concentration"": null, ""assisted_share"": null, ""assistance"": 0.8, ""partition"": ""three"", ""demand_scale"": 1.0, ""network"": ""Winnipeg""}",0.23611110111111105,0.23611111111111108,"[0.23611110111111105, 0.23611110111111117, 0.23611110111111114]","[0.23611110111111105, 0.23611110111111117, 0.2361111011111111]",0.2361111011111111,477427.82998970244,True,4.2352943065502613e-08,9.173102864944551e-05,13.873853499884717,01c2110254fbc8ab11bd0ea3861e386018c8c868614daddadd746f1c1d4c0ab3
aid_Winnipeg_shared_r2,assistance_v1,proposed,benders_flow,"{""pattern"": ""concentrated"", ""scarcity"": 0.8, ""loss"": 0.0, ""replication"": 2, ""seed"": 20260925, ""k"": 5, ""detour"": 1.5, ""delta"": 15.0, ""window"": 90.0, ""concentration"": null, ""assisted_share"": null, ""assistance"": null, ""partition"": ""three"", ""demand_scale"": 1.0, ""network"": ""Winnipeg""}",0.23611110111111105,0.23611111111111113,"[0.23611110111111105, 0.23611110111111108, 0.2361111011111111]","[0.23611110111111108, 0.23611110111111108, 0.2361111011111111]",0.23611110111111105,477427.8299897023,True,4.235294330060867e-08,9.768311305687919e-05,8.283515500137582,f9a5da9e8031cdcbfa52d18873d2b4bfa1e6496d149defc177ce92729d9ae23d
aid_Winnipeg_beta0.1_r2,assistance_v1,proposed,benders_flow,"{""pattern"": ""concentrated"", ""scarcity"": 0.8, ""loss"": 0.0, ""replication"": 2, ""seed"": 20260925, ""k"": 5, ""detour"": 1.5, ""delta"": 15.0, ""window"": 90.0, ""concentration"": null, ""assisted_share"": null, ""assistance"": 0.1, ""partition"": ""three"", ""demand_scale"": 1.0, ""network"": ""Winnipeg""}",0.08221162162835995,0.08221163162835994,"[0.08221162162835995, 0.08221162162835996, 0.08221162162835995]","[0.08221162162835996, 0.08221162162835996, 0.08221162162835996]",0.08221162162835996,98155.54556436543,True,1.2163730378585325e-07,0.0,1.1016227001091465,6885eb99754854bb827b245cf75f39c40db8bf2ca85dd4c009c67fe797f3a932
aid_Winnipeg_beta0.2_r2,assistance_v1,proposed,benders_flow,"{""pattern"": ""concentrated"", ""scarcity"": 0.8, ""loss"": 0.0, ""replication"": 2, ""seed"": 20260925, ""k"": 5, ""detour"": 1.5, ""delta"": 15.0, ""window"": 90.0, ""concentration"": null, ""assisted_share"": null, ""assistance"": 0.2, ""partition"": ""three"", ""demand_scale"": 1.0, ""network"": ""Winnipeg""}",0.1644232532567199,0.16442326325671988,"[0.16442325325671991, 0.1644232532567199, 0.1644232532567199]","[0.16442325325671994, 0.16442325325671991, 0.16442325325671991]",0.16442325325671991,240041.8147770383,True,6.081864819401843e-08,0.0,2.311967400019057,f25d8e8542009109d4e7e685755b7e4492e163a745f1ce8a0d522cbd43a3932b
aid_Winnipeg_beta0.35_r2,assistance_v1,proposed,benders_flow,"{""pattern"": ""concentrated"", ""scarcity"": 0.8, ""loss"": 0.0, ""replication"": 2, ""seed"": 20260925, ""k"": 5, ""detour"": 1.5, ""delta"": 15.0, ""window"": 90.0, ""concentration"": null, ""assisted_share"": null, ""assistance"": 0.35, ""partition"": ""three"", ""demand_scale"": 1.0, ""network"": ""Winnipeg""}",0.236111101111111,0.23611111111111116,"[0.236111101111111, 0.23611110111111105, 0.23611110111111103]","[0.236111101111111, 0.23611110111111105, 0.23611110111111103]",0.23611110111111103,477427.82998970203,True,4.2352943653267775e-08,8.537315379752598e-05,10.172364800004289,f29f18acae8b9658f5eeb6920db0e9eb9daaf805181ed7bcf3d23b08d3e6506e
aid_Winnipeg_beta0.8_r2,assistance_v1,proposed,benders_flow,"{""pattern"": ""concentrated"", ""scarcity"": 0.8, ""loss"": 0.0, ""replication"": 2, ""seed"": 20260925, ""k"": 5, ""detour"": 1.5, ""delta"": 15.0, ""window"": 90.0, ""concentration"": null, ""assisted_share"": null, ""assistance"": 0.8, ""partition"": ""three"", ""demand_scale"": 1.0, ""network"": ""Winnipeg""}",0.23611110111111108,0.2361111111111111,"[0.23611110111111108, 0.2361111011111111, 0.2361111011111111]","[0.23611110111111114, 0.2361111011111111, 0.2361111011111111]",0.2361111011111111,477431.82997546135,True,4.235294306550261e-08,3.6587317006929666e-05,6.401577200158499,a9d0ec201f703637adb992af0716ee48e81bdbe9bef952cbcd85fbedffbfb4ce
aid_Winnipeg_shared_r3,assistance_v1,proposed,benders_flow,"{""pattern"": ""concentrated"", ""scarcity"": 0.8, ""loss"": 0.0, ""replication"": 3, ""seed"": 20260925, ""k"": 5, ""detour"": 1.5, ""delta"": 15.0, ""window"": 90.0, ""concentration"": null, ""assisted_share"": null, ""assistance"": null, ""partition"": ""three"", ""demand_scale"": 1.0, ""network"": ""Winnipeg""}",0.2361111011111108,0.23611111111111116,"[0.23611110111111083, 0.23611110111111086, 0.2361111011111108]","[0.2361111011111109, 0.23611110111111086, 0.23611110111111086]",0.2361111011111109,477427.8299897012,True,4.235294447613903e-08,8.967999008867362e-05,6.207853399915621,cbb4633f04b8da13dc5f6591a5d44fe75aa3dda41b196ee4180d229dd5291ad2
aid_Winnipeg_beta0.1_r3,assistance_v1,proposed,benders_flow,"{""pattern"": ""concentrated"", ""scarcity"": 0.8, ""loss"": 0.0, ""replication"": 3, ""seed"": 20260925, ""k"": 5, ""detour"": 1.5, ""delta"": 15.0, ""window"": 90.0, ""concentration"": null, ""assisted_share"": null, ""assistance"": 0.1, ""partition"": ""three"", ""demand_scale"": 1.0, ""network"": ""Winnipeg""}",0.08271854460310686,0.08271855460310687,"[0.08271854460310686, 0.08271854460310687, 0.08271854460310689]","[0.08271854460310687, 0.08271854460310687, 0.0827185446031069]",0.08271854460310686,98919.60011215977,True,1.2089187565612264e-07,0.0,0.9816850998904556,6b6b6f22c51c75f314a454ec2baed1f710a05ad6d770f160a649844df6b9e4ec
aid_Winnipeg_beta0.2_r3,assistance_v1,proposed,benders_flow,"{""pattern"": ""concentrated"", ""scarcity"": 0.8, ""loss"": 0.0, ""replication"": 3, ""seed"": 20260925, ""k"": 5, ""detour"": 1.5, ""delta"": 15.0, ""window"": 90.0, ""concentration"": null, ""assisted_share"": null, ""assistance"": 0.2, ""partition"": ""three"", ""demand_scale"": 1.0, ""network"": ""Winnipeg""}",0.1654370992062137,0.16543710920621374,"[0.16543709920621377, 0.1654370992062137, 0.16543709920621383]","[0.16543709920621377, 0.1654370992062137, 0.16543709920621388]",0.16543709920621374,241891.3308031466,True,6.04459344260069e-08,1.2392350550699973e-16,2.7705616999883205,f832d656da44a901090e6710d7608d7d6b9c7b2561d6cb9a3de5bac31b04d87a
aid_Winnipeg_beta0.35_r3,assistance_v1,proposed,benders_flow,"{""pattern"": ""concentrated"", ""scarcity"": 0.8, ""loss"": 0.0, ""replication"": 3, ""seed"": 20260925, ""k"": 5, ""detour"": 1.5, ""delta"": 15.0, ""window"": 90.0, ""concentration"": null, ""assisted_share"": null, ""assistance"": 0.35, ""partition"": ""three"", ""demand_scale"": 1.0, ""network"": ""Winnipeg""}",0.23611110111111092,0.23611111111111116,"[0.23611110111111108, 0.23611110111111122, 0.23611110111111092]","[0.23611110111111114, 0.23611110111111128, 0.23611110111111097]",0.23611110111111108,477786.3485767442,False,4.2352944005926886e-08,null,6.316027700086124,8b5288605d314816255be714641e999a6ec46f97ac310a79de4315fe723dd73d
aid_Winnipeg_beta0.8_r3,assistance_v1,proposed,benders_flow,"{""pattern"": ""concentrated"", ""scarcity"": 0.8, ""loss"": 0.0, ""replication"": 3, ""seed"": 20260925, ""k"": 5, ""detour"": 1.5, ""delta"": 15.0, ""window"": 90.0, ""concentration"": null, ""assisted_share"": null, ""assistance"": 0.8, ""partition"": ""three"", ""demand_scale"": 1.0, ""network"": ""Winnipeg""}",0.23611110111111105,0.23611111111111116,"[0.23611110111111114, 0.2361111011111111, 0.23611110111111105]","[0.23611110111111114, 0.2361111011111111, 0.2361111011111111]",0.23611110111111105,477427.8300290519,True,4.2352943418161704e-08,1.9831245999086634e-05,8.373606499982998,3413949ba210ea747569b1077b4881daca64720e8e62b6eec30a33832efe8108
model_ND_k1,modelling_v1,proposed,benders_flow,"{""pattern"": ""concentrated"", ""scarcity"": 0.8, ""loss"": 0.0, ""replication"": 1, ""seed"": 20260925, ""k"": 1, ""detour"": 1.5, ""delta"": 15.0, ""window"": 90.0, ""concentration"": null, ""assisted_share"": null, ""assistance"": 0.5, ""partition"": ""three"", ""demand_scale"": 1.0, ""network"": ""ND""}",0.23571427571428571,0.23571428571428574,"[0.23571427571428571, 0.23571427571428571, 0.23571427571428574]","[0.23571427571428571, 0.23571427571428571, 0.23571427571428574]",0.23571427571428571,239519.98454399995,True,4.242424431947953e-08,1.1680703918638753e-16,0.06564889999572188,a89be1b0c1c13a930ad4767046a0dd1e6e20761fa47b4b45293c0d9f39aee54d
model_ND_k3,modelling_v1,proposed,benders_flow,"{""pattern"": ""concentrated"", ""scarcity"": 0.8, ""loss"": 0.0, ""replication"": 1, ""seed"": 20260925, ""k"": 3, ""detour"": 1.5, ""delta"": 15.0, ""window"": 90.0, ""concentration"": null, ""assisted_share"": null, ""assistance"": 0.5, ""partition"": ""three"", ""demand_scale"": 1.0, ""network"": ""ND""}",0.25238094238095243,0.25238095238095243,"[0.25238094238095243, 0.25238094238095243, 0.25238094238095243]","[0.25238094238095243, 0.25238094238095243, 0.25238094238095243]",0.25238094238095243,284159.9825280001,True,3.9622643058532126e-08,3.23198229058896e-08,0.40894759981893003,f7cfd96b2102fcc451d5f6b15cd442e40c1c5ddb007c3ec1af92eb6dea9c7116
model_ND_k10,modelling_v1,proposed,benders_flow,"{""pattern"": ""concentrated"", ""scarcity"": 0.8, ""loss"": 0.0, ""replication"": 1, ""seed"": 20260925, ""k"": 10, ""detour"": 1.5, ""delta"": 15.0, ""window"": 90.0, ""concentration"": null, ""assisted_share"": null, ""assistance"": 0.5, ""partition"": ""three"", ""demand_scale"": 1.0, ""network"": ""ND""}",0.25952379952380955,0.2595331101190476,"[0.25952379952380955, 0.2595237995238096, 0.25952379952380955]","[0.25952379952380955, 0.2595237995238096, 0.25952379952380955]",0.25952379952380955,301919.98152001674,True,3.5875689455646516e-05,4.802500638890811e-08,0.9134836001321673,8953f3423357a5e9a5c0691daea3cac4713a5f22b3432c7e6cb2cb972e62de97
model_ND_detour1.1,modelling_v1,proposed,benders_flow,"{""pattern"": ""concentrated"", ""scarcity"": 0.8, ""loss"": 0.0, ""replication"": 1, ""seed"": 20260925, ""k"": 5, ""detour"": 1.1, ""delta"": 15.0, ""window"": 90.0, ""concentration"": null, ""assisted_share"": null, ""assistance"": 0.5, ""partition"": ""three"", ""demand_scale"": 1.0, ""network"": ""ND""}",0.24047618047619052,0.2404761904761905,"[0.24047618047619052, 0.24047618047619054, 0.24047618047619054]","[0.24047618047619052, 0.24047618047619054, 0.24047618047619054]",0.24047618047619052,253439.98454400006,True,4.1584160123195815e-08,2.2078300131601145e-16,0.10873370012268424,dd530a6183db17d82032bd68855eb2a9abede4b68142b2eee7fac1424eb50ab4
model_ND_detour1.25,modelling_v1,proposed,benders_flow,"{""pattern"": ""concentrated"", ""scarcity"": 0.8, ""loss"": 0.0, ""replication"": 1, ""seed"": 20260925, ""k"": 5, ""detour"": 1.25, ""delta"": 15.0, ""window"": 90.0, ""concentration"": null, ""assisted_share"": null, ""assistance"": 0.5, ""partition"": ""three"", ""demand_scale"": 1.0, ""network"": ""ND""}",0.25952379952380955,0.2595238095238096,"[0.25952379952380955, 0.2595237995238096, 0.25952379952380955]","[0.25952379952380955, 0.2595237995238096, 0.25952379952380955]",0.25952379952380955,301919.9815199999,True,3.8532111770081264e-08,0.0,0.22214379999786615,be9960a70dfc36cd4bf87cf2776ce124511f9b586bdc550cc8eb6563b3a9d33e
model_ND_detour2,modelling_v1,proposed,benders_flow,"{""pattern"": ""concentrated"", ""scarcity"": 0.8, ""loss"": 0.0, ""replication"": 1, ""seed"": 20260925, ""k"": 5, ""detour"": 2.0, ""delta"": 15.0, ""window"": 90.0, ""concentration"": null, ""assisted_share"": null, ""assistance"": 0.5, ""partition"": ""three"", ""demand_scale"": 1.0, ""network"": ""ND""}",0.25952379952380955,0.2595427309996846,"[0.25952379952380955, 0.25952379952380955, 0.25952379952380955]","[0.25952379952380955, 0.25952379952380955, 0.25952379952380955]",0.2595237995238095,301919.98152,True,7.294697407250526e-05,1.0757817076754578e-08,0.72910560015589,30d15715829c55dbf14ba4b77ab085cb8c84628d42b325ae766891e829c90b76
model_ND_delta5,modelling_v1,proposed,benders_flow,"{""pattern"": ""concentrated"", ""scarcity"": 0.8, ""loss"": 0.0, ""replication"": 1, ""seed"": 20260925, ""k"": 5, ""detour"": 1.5, ""delta"": 5.0, ""window"": 90.0, ""concentration"": null, ""assisted_share"": null, ""assistance"": 0.5, ""partition"": ""three"", ""demand_scale"": 1.0, ""network"": ""ND""}",0.2904761804761905,0.29047619047619044,"[0.29047618047619056, 0.29047618047619056, 0.2904761804761905]","[0.29047618047619056, 0.29047618047619056, 0.2904761804761905]",0.29047618047619045,363519.9815204585,True,3.4426230484137616e-08,7.699910711977612e-05,40.61443870002404,38d1c604236ac501660f00856d7e63917b82fe06e2fca4c832360949f34cd8c4
model_ND_delta10,modelling_v1,proposed,benders_flow,"{""pattern"": ""concentrated"", ""scarcity"": 0.8, ""loss"": 0.0, ""replication"": 1, ""seed"": 20260925, ""k"": 5, ""detour"": 1.5, ""delta"": 10.0, ""window"": 90.0, ""concentration"": null, ""assisted_share"": null, ""assistance"": 0.5, ""partition"": ""three"", ""demand_scale"": 1.0, ""network"": ""ND""}",0.26666665666666656,0.2666666666666667,"[0.26666665666666656, 0.26666665666666656, 0.26666665666666656]","[0.26666665666666656, 0.26666665666666656, 0.26666665666666656]",0.26666665666666656,314159.9835364366,True,3.7500002011012195e-08,1.889622247619506e-08,0.40823489998001605,2694f4a97394147b025948c22b755984c1a69cc76979fd003a0a92cea7136264
model_ND_delta30,modelling_v1,proposed,benders_flow,"{""pattern"": ""concentrated"", ""scarcity"": 0.8, ""loss"": 0.0, ""replication"": 1, ""seed"": 20260925, ""k"": 5, ""detour"": 1.5, ""delta"": 30.0, ""window"": 90.0, ""concentration"": null, ""assisted_share"": null, ""assistance"": 0.5, ""partition"": ""three"", ""demand_scale"": 1.0, ""network"": ""ND""}",0.18095237095238098,0.18095238095238098,"[0.18095237095238098, 0.180952370952381, 0.180952370952381]","[0.18095237095238098, 0.180952370952381, 0.180952370952381]",0.18095237095238095,200319.97883200002,True,5.5263160919665534e-08,5.7028760269204015e-08,0.11083880008663982,531a593ee239ca108508f49a5c711a7c7e508a9c724e7ddd59eb6cc0729dd0fc
model_ND_window60,modelling_v1,proposed,benders_flow,"{""pattern"": ""concentrated"", ""scarcity"": 0.8, ""loss"": 0.0, ""replication"": 1, ""seed"": 20260925, ""k"": 5, ""detour"": 1.5, ""delta"": 15.0, ""window"": 60.0, ""concentration"": null, ""assisted_share"": null, ""assistance"": 0.5, ""partition"": ""three"", ""demand_scale"": 1.0, ""network"": ""ND""}",0.17619046619047624,0.17619047619047623,"[0.17619046619047624, 0.17619046619047626, 0.17619046619047624]","[0.17619046619047624, 0.17619046619047626, 0.17619046619047624]",0.17619046619047624,205119.98152336018,True,5.675675994821211e-08,1.3120906694527743e-08,0.17244360002223402,1044ef5a5d675bae45f5044b9ca0b15ba6abb0a3a59d131f58d5e3e9f3c9cb76
model_ND_window120,modelling_v1,proposed,benders_flow,"{""pattern"": ""concentrated"", ""scarcity"": 0.8, ""loss"": 0.0, ""replication"": 1, ""seed"": 20260925, ""k"": 5, ""detour"": 1.5, ""delta"": 15.0, ""window"": 120.0, ""concentration"": null, ""assisted_share"": null, ""assistance"": 0.5, ""partition"": ""three"", ""demand_scale"": 1.0, ""network"": ""ND""}",0.3404761804761905,0.34050255338905466,"[0.3404761804761905, 0.3404761804761905, 0.34047618047619055]","[0.3404761804761905, 0.3404761804761905, 0.34047618047619055]",0.34047618047619044,391199.98152,True,7.745890719076053e-05,9.542396175252556e-05,6.699092599912547,dad46a3037d80e5a154d3e5566261a81796807c54d910c4629af0ffd1d76a441
model_SF_k1,modelling_v1,proposed,benders_flow,"{""pattern"": ""concentrated"", ""scarcity"": 0.8, ""loss"": 0.0, ""replication"": 1, ""seed"": 20260925, ""k"": 1, ""detour"": 1.5, ""delta"": 15.0, ""window"": 90.0, ""concentration"": null, ""assisted_share"": null, ""assistance"": 0.5, ""partition"": ""three"", ""demand_scale"": 1.0, ""network"": ""SF""}",0.21705324347413787,0.21705325347413792,"[0.2170532434741379, 0.21705324347413787, 0.2170532434741379]","[0.2170532434741379, 0.21705324347413787, 0.2170532434741379]",0.2170532434741379,150188.8934496092,True,4.607164532622662e-08,5.298136665872759e-09,0.02577280008699745,6765430309f46ec88aeafe074bb2e8d85716ec876fb8b9cb4390922f3ed2e1c2
model_SF_k3,modelling_v1,proposed,benders_flow,"{""pattern"": ""concentrated"", ""scarcity"": 0.8, ""loss"": 0.0, ""replication"": 1, ""seed"": 20260925, ""k"": 3, ""detour"": 1.5, ""delta"": 15.0, ""window"": 90.0, ""concentration"": null, ""assisted_share"": null, ""assistance"": 0.5, ""partition"": ""three"", ""demand_scale"": 1.0, ""network"": ""SF""}",0.21705324347413787,0.21705325347413792,"[0.2170532434741379, 0.21705324347413787, 0.2170532434741379]","[0.2170532434741379, 0.21705324347413787, 0.2170532434741379]",0.2170532434741379,150188.8934496092,True,4.607164532622662e-08,5.2981368645070194e-09,0.03162470005918294,c39bf26c79ea50d1adc686815c6db47983a187a7d78580e648c7cccc692666a6
model_SF_k10,modelling_v1,proposed,benders_flow,"{""pattern"": ""concentrated"", ""scarcity"": 0.8, ""loss"": 0.0, ""replication"": 1, ""seed"": 20260925, ""k"": 10, ""detour"": 1.5, ""delta"": 15.0, ""window"": 90.0, ""concentration"": null, ""assisted_share"": null, ""assistance"": 0.5, ""partition"": ""three"", ""demand_scale"": 1.0, ""network"": ""SF""}",0.21705324347413782,0.2170532534741379,"[0.21705324347413782, 0.21705324347413782, 0.21705324347413785]","[0.21705324347413782, 0.21705324347413782, 0.21705324347413785]",0.21705324347413785,150188.8934496091,True,4.607164545410113e-08,5.298136268604242e-09,0.0344814999261871,4fe4ff56459fff5a444bb58b580123624ff1749d0d3a93dfd7cfba69edacd3b6
model_SF_detour1.1,modelling_v1,proposed,benders_flow,"{""pattern"": ""concentrated"", ""scarcity"": 0.8, ""loss"": 0.0, ""replication"": 1, ""seed"": 20260925, ""k"": 5, ""detour"": 1.1, ""delta"": 15.0, ""window"": 90.0, ""concentration"": null, ""assisted_share"": null, ""assistance"": 0.5, ""partition"": ""three"", ""demand_scale"": 1.0, ""network"": ""SF""}",0.21705324347413785,0.21705325347413795,"[0.21705324347413787, 0.21705324347413785, 0.21705324347413787]","[0.21705324347413787, 0.21705324347413785, 0.21705324347413787]",0.21705324347413787,150188.89344960914,True,4.607164558197563e-08,5.2981366658727616e-09,0.028125799959525466,679f3f25d7db1d6f0bdbf43b626f77c3f3402dfbb23dcfe925ae893f877eaddd
model_SF_detour1.25,modelling_v1,proposed,benders_flow,"{""pattern"": ""concentrated"", ""scarcity"": 0.8, ""loss"": 0.0, ""replication"": 1, ""seed"": 20260925, ""k"": 5, ""detour"": 1.25, ""delta"": 15.0, ""window"": 90.0, ""concentration"": null, ""assisted_share"": null, ""assistance"": 0.5, ""partition"": ""three"", ""demand_scale"": 1.0, ""network"": ""SF""}",0.21705324347413762,0.21705325347413792,"[0.21705324347413765, 0.21705324347413762, 0.21705324347413765]","[0.21705324347413765, 0.21705324347413762, 0.21705324347413765]",0.21705324347413762,150188.89344960896,True,4.60716464770972e-08,5.298136864507028e-09,0.035094200051389635,299e2e1efadc316fa0bd1805f1996c1cce4eceeb3e3ec4b013553c42e88a041e
model_SF_detour2,modelling_v1,proposed,benders_flow,"{""pattern"": ""concentrated"", ""scarcity"": 0.8, ""loss"": 0.0, ""replication"": 1, ""seed"": 20260925, ""k"": 5, ""detour"": 2.0, ""delta"": 15.0, ""window"": 90.0, ""concentration"": null, ""assisted_share"": null, ""assistance"": 0.5, ""partition"": ""three"", ""demand_scale"": 1.0, ""network"": ""SF""}",0.2170532434741379,0.21705325347413792,"[0.2170532434741379, 0.2170532434741379, 0.2170532434741379]","[0.2170532434741379, 0.2170532434741379, 0.2170532434741379]",0.2170532434741379,150188.89344960917,True,4.6071645198352114e-08,5.29813706314128e-09,0.06317820004187524,aee153374d4db6278a0180e87b815dd9a4f6a3d67382b1bd8c741f30454650cf
model_SF_delta5,modelling_v1,proposed,benders_flow,"{""pattern"": ""concentrated"", ""scarcity"": 0.8, ""loss"": 0.0, ""replication"": 1, ""seed"": 20260925, ""k"": 5, ""detour"": 1.5, ""delta"": 5.0, ""window"": 90.0, ""concentration"": null, ""assisted_share"": null, ""assistance"": 0.5, ""partition"": ""three"", ""demand_scale"": 1.0, ""network"": ""SF""}",0.23119181581846956,0.2311918258184697,"[0.23119181581846956, 0.2311918158184696, 0.23119181581846962]","[0.23119181581846956, 0.2311918158184696, 0.23119181581846962]",0.2311918158184696,184702.71662489095,True,4.325412687344547e-08,3.6388108462068485e-07,0.13162430003285408,dc7543bc6e35d1c20d23053bcac501e4439861460f8ebb53899ebfa061b966b3
model_SF_delta10,modelling_v1,proposed,benders_flow,"{""pattern"": ""concentrated"", ""scarcity"": 0.8, ""loss"": 0.0, ""replication"": 1, ""seed"": 20260925, ""k"": 5, ""detour"": 1.5, ""delta"": 10.0, ""window"": 90.0, ""concentration"": null, ""assisted_share"": null, ""assistance"": 0.5, ""partition"": ""three"", ""demand_scale"": 1.0, ""network"": ""SF""}",0.23119181581846962,0.23119182581846967,"[0.23119181581846965, 0.23119181581846962, 0.23119181581846965]","[0.23119181581846965, 0.23119181581846962, 0.23119181581846965]",0.23119181581846965,184702.71662489112,True,4.325412651328251e-08,3.638810859128221e-07,0.07253539992962033,f120adb559d8dc0c351cadf5176e797de5f5a57efe1e60f375db946c6110b9f3
model_SF_delta30,modelling_v1,proposed,benders_flow,"{""pattern"": ""concentrated"", ""scarcity"": 0.8, ""loss"": 0.0, ""replication"": 1, ""seed"": 20260925, ""k"": 5, ""detour"": 1.5, ""delta"": 30.0, ""window"": 90.0, ""concentration"": null, ""assisted_share"": null, ""assistance"": 0.5, ""partition"": ""three"", ""demand_scale"": 1.0, ""network"": ""SF""}",0.1563337133609499,0.15633372336095003,"[0.1563337133609499, 0.1563337133609499, 0.1563337133609499]","[0.1563337133609499, 0.1563337133609499, 0.1563337133609499]",0.1563337133609499,155217.14132984477,True,6.396573022241144e-08,5.7659855418624975e-16,0.027785600046627223,cafb2c06607bfc04cd144b9f97eac952bb7e39aff2d7d25d1815ec0307d5dd78
model_SF_window60,modelling_v1,proposed,benders_flow,"{""pattern"": ""concentrated"", ""scarcity"": 0.8, ""loss"": 0.0, ""replication"": 1, ""seed"": 20260925, ""k"": 5, ""detour"": 1.5, ""delta"": 15.0, ""window"": 60.0, ""concentration"": null, ""assisted_share"": null, ""assistance"": 0.5, ""partition"": ""three"", ""demand_scale"": 1.0, ""network"": ""SF""}",0.1447021589827586,0.14470216898275862,"[0.1447021589827586, 0.1447021589827586, 0.1447021589827586]","[0.1447021589827586, 0.1447021589827586, 0.1447021589827586]",0.1447021589827586,100125.92610017987,True,6.910746938947557e-08,7.947205375283235e-09,0.03253920003771782,caabdaa7e26184de3e01da1ac8cf7d5a9ffdd55d3b69db51617a216c8ac66bf5
model_SF_window120,modelling_v1,proposed,benders_flow,"{""pattern"": ""concentrated"", ""scarcity"": 0.8, ""loss"": 0.0, ""replication"": 1, ""seed"": 20260925, ""k"": 5, ""detour"": 1.5, ""delta"": 15.0, ""window"": 120.0, ""concentration"": null, ""assisted_share"": null, ""assistance"": 0.5, ""partition"": ""three"", ""demand_scale"": 1.0, ""network"": ""SF""}",0.2894043279655172,0.28940433796551723,"[0.28940432796551724, 0.2894043279655172, 0.28940432796551724]","[0.28940432796551724, 0.2894043279655172, 0.28940432796551724]",0.28940432796551724,200251.8607990384,True,3.4553733596683126e-08,3.973602591505666e-09,0.05384839989710599,e1ba869f1bd5a0970a9a904bd99d37723057a7537dcd7f26818e6f4901f9b156
model_Anaheim_k1,modelling_v1,proposed,benders_flow,"{""pattern"": ""concentrated"", ""scarcity"": 0.8, ""loss"": 0.0, ""replication"": 1, ""seed"": 20260925, ""k"": 1, ""detour"": 1.5, ""delta"": 15.0, ""window"": 90.0, ""concentration"": null, ""assisted_share"": null, ""assistance"": 0.5, ""partition"": ""three"", ""demand_scale"": 1.0, ""network"": ""Anaheim""}",0.151937974496124,0.15193798449612406,"[0.151937974496124, 0.151937974496124, 0.151937974496124]","[0.15193797449612403, 0.151937974496124, 0.151937974496124]",0.151937974496124,213139.79157220505,True,6.58163311931126e-08,1.6166530008277083e-07,0.26881550007965416,45ed3f3697b1cb36cd4b0fd256750e57460928cc2c26a1f0401223fd70c8f0fa
model_Anaheim_k3,modelling_v1,proposed,benders_flow,"{""pattern"": ""concentrated"", ""scarcity"": 0.8, ""loss"": 0.0, ""replication"": 1, ""seed"": 20260925, ""k"": 3, ""detour"": 1.5, ""delta"": 15.0, ""window"": 90.0, ""concentration"": null, ""assisted_share"": null, ""assistance"": 0.5, ""partition"": ""three"", ""demand_scale"": 1.0, ""network"": ""Anaheim""}",0.18914727682170543,0.19224806201550407,"[0.18914727682170543, 0.18914727682170546, 0.18914727682170543]","[0.18914727682170548, 0.18914727682170548, 0.18914727682170543]",0.18914727682170546,252822.0005259059,False,0.01639349635850962,0.04605505567265378,1202.7921100999229,b476af608db72337c1e54283f9fa98227c024c2a02ad60f12fbd3b7dababe83a
model_Anaheim_k10,modelling_v1,proposed,benders_flow,"{""pattern"": ""concentrated"", ""scarcity"": 0.8, ""loss"": 0.0, ""replication"": 1, ""seed"": 20260925, ""k"": 10, ""detour"": 1.5, ""delta"": 15.0, ""window"": 90.0, ""concentration"": null, ""assisted_share"": null, ""assistance"": 0.5, ""partition"": ""three"", ""demand_scale"": 1.0, ""network"": ""Anaheim""}",0.20620154038759692,0.20680825959307794,"[0.20620154038759692, 0.20620154038759694, 0.20620154038759694]","[0.20620154038759694, 0.20620154038759697, 0.20620154038759694]",0.20620154038759692,297333.11580228654,False,0.0029423601993495145,0.03700307018953144,1203.001016000053,c49b15e540c1af9d3aaf95e67b311a6ddb422b7b8e8f8d62de432459572ad4c2
model_Anaheim_detour1.1,modelling_v1,proposed,benders_flow,"{""pattern"": ""concentrated"", ""scarcity"": 0.8, ""loss"": 0.0, ""replication"": 1, ""seed"": 20260925, ""k"": 5, ""detour"": 1.1, ""delta"": 15.0, ""window"": 90.0, ""concentration"": null, ""assisted_share"": null, ""assistance"": 0.5, ""partition"": ""three"", ""demand_scale"": 1.0, ""network"": ""Anaheim""}",0.16899223806201544,0.17112956810631236,"[0.16899223806201544, 0.16899223806201544, 0.16899223806201544]","[0.16899223806201547, 0.16899223806201547, 0.16899223806201544]",0.1689922380620154,221023.11626031407,False,0.012647504221540515,8.497945318521993e-05,605.9182811999926,75b0c37e39481872c6749386df088a00cad931655ba0b9b0800e41ec0ac1762c
model_Anaheim_detour1.25,modelling_v1,proposed,benders_flow,"{""pattern"": ""concentrated"", ""scarcity"": 0.8, ""loss"": 0.0, ""replication"": 1, ""seed"": 20260925, ""k"": 5, ""detour"": 1.25, ""delta"": 15.0, ""window"": 90.0, ""concentration"": null, ""assisted_share"": null, ""assistance"": 0.5, ""partition"": ""three"", ""demand_scale"": 1.0, ""network"": ""Anaheim""}",0.17054262565891473,0.1726297526762643,"[0.17054262565891473, 0.17054262565891473, 0.17054262565891476]","[0.17054262565891476, 0.17054262565891476, 0.17054262565891476]",0.17054262565891476,241610.06583543366,False,0.012238154592059668,9.971512413047023e-05,811.3828260998707,6db8493712fbe460f246d92b5dcf6ef727572acdbb32bf31e579ecb2ff804d55
model_Anaheim_detour2,modelling_v1,proposed,benders_flow,"{""pattern"": ""concentrated"", ""scarcity"": 0.8, ""loss"": 0.0, ""replication"": 1, ""seed"": 20260925, ""k"": 5, ""detour"": 2.0, ""delta"": 15.0, ""window"": 90.0, ""concentration"": null, ""assisted_share"": null, ""assistance"": 0.5, ""partition"": ""three"", ""demand_scale"": 1.0, ""network"": ""Anaheim""}",0.2077519279844961,0.20818472742763997,"[0.20775192798449615, 0.2077519279844962, 0.2077519279844961]","[0.20775192798449618, 0.20775192798449624, 0.2077519279844961]",0.20775192798449613,270674.8224990802,False,0.0020832511512295804,4.447031176123619e-05,605.2488117001485,a4c5189c5e531f74e8f2d9083c058f971154eed4f351cc75e88d0eaa855cce61
model_Anaheim_delta5,modelling_v1,proposed,benders_flow,"{""pattern"": ""concentrated"", ""scarcity"": 0.8, ""loss"": 0.0, ""replication"": 1, ""seed"": 20260925, ""k"": 5, ""detour"": 1.5, ""delta"": 5.0, ""window"": 90.0, ""concentration"": null, ""assisted_share"": null, ""assistance"": 0.5, ""partition"": ""three"", ""demand_scale"": 1.0, ""network"": ""Anaheim""}",0.2480620055038759,0.24806201550387605,"[0.24806200550387592, 0.24806200550387592, 0.2480620055038759]","[0.24806200550387592, 0.24806200550387597, 0.2480620055038759]",0.24806200550387586,413650.36282243265,False,4.0312502275217024e-08,0.008848794942389647,630.045392400003,cb10d4422c0295fd49c34b5944729b48272fc3b6310be2860175c0699d7e4e8b
model_Anaheim_delta10,modelling_v1,proposed,benders_flow,"{""pattern"": ""concentrated"", ""scarcity"": 0.8, ""loss"": 0.0, ""replication"": 1, ""seed"": 20260925, ""k"": 5, ""detour"": 1.5, ""delta"": 10.0, ""window"": 90.0, ""concentration"": null, ""assisted_share"": null, ""assistance"": 0.5, ""partition"": ""three"", ""demand_scale"": 1.0, ""network"": ""Anaheim""}",0.22722301662600328,0.2284005953075085,"[0.22722301662600336, 0.22722301662600328, 0.22722301662600333]","[0.2272230166260034, 0.2272230166260033, 0.22722301662600333]",0.22722301662600333,322480.40609764296,False,0.0051824797460701625,0.016054297721318955,1204.1029235000024,60db9213cc491289eda695ac9faddac80e99c4268ba87b044e988d58c0934b9f
model_Anaheim_delta30,modelling_v1,proposed,benders_flow,"{""pattern"": ""concentrated"", ""scarcity"": 0.8, ""loss"": 0.0, ""replication"": 1, ""seed"": 20260925, ""k"": 5, ""detour"": 1.5, ""delta"": 30.0, ""window"": 90.0, ""concentration"": null, ""assisted_share"": null, ""assistance"": 0.5, ""partition"": ""three"", ""demand_scale"": 1.0, ""network"": ""Anaheim""}",0.11162789697674419,0.11162790697674423,"[0.11162789697674419, 0.1116278969767442, 0.11162789697674419]","[0.1116278969767442, 0.11162789697674422, 0.11162789697674419]",0.1116278969767442,137550.67434478184,True,8.958334168432052e-08,1.3015091607044373e-16,0.5139732998795807,86f78fd69fe89cdad146a5aed9d876ef85fa48115bb40a6e68e815f36f8608a3
model_Anaheim_window60,modelling_v1,proposed,benders_flow,"{""pattern"": ""concentrated"", ""scarcity"": 0.8, ""loss"": 0.0, ""replication"": 1, ""seed"": 20260925, ""k"": 5, ""detour"": 1.5, ""delta"": 15.0, ""window"": 60.0, ""concentration"": null, ""assisted_share"": null, ""assistance"": 0.5, ""partition"": ""three"", ""demand_scale"": 1.0, ""network"": ""Anaheim""}",0.1395348737209302,0.1395348837209303,"[0.13953487372093024, 0.1395348737209302, 0.1395348737209302]","[0.13953487372093026, 0.13953487372093024, 0.1395348737209302]",0.13953487372093024,192006.24857763932,True,7.16666723618009e-08,9.899442268017165e-05,146.62170899997,f6f2793f8cbb0ea0c177b87c5e93580a1eaca91471a117e9e09cf4859175a3ed
model_Anaheim_window120,modelling_v1,proposed,benders_flow,"{""pattern"": ""concentrated"", ""scarcity"": 0.8, ""loss"": 0.0, ""replication"": 1, ""seed"": 20260925, ""k"": 5, ""detour"": 1.5, ""delta"": 15.0, ""window"": 120.0, ""concentration"": null, ""assisted_share"": null, ""assistance"": 0.5, ""partition"": ""three"", ""demand_scale"": 1.0, ""network"": ""Anaheim""}",0.24892844298259245,0.2501060216640969,"[0.2489284429825925, 0.24892844298259245, 0.24892844298259248]","[0.24892844298259253, 0.24892844298259248, 0.24892844298259245]",0.2489284429825925,366503.1824553588,False,0.004730591118455663,0.002514755619232256,1204.3032244999195,5e8cae38d3dca4260b46a1a74e7d681db385a22018a47d13fb5894b9dd9995ab
model_Winnipeg_k1,modelling_v1,proposed,benders_flow,"{""pattern"": ""concentrated"", ""scarcity"": 0.8, ""loss"": 0.0, ""replication"": 1, ""seed"": 20260925, ""k"": 1, ""detour"": 1.5, ""delta"": 15.0, ""window"": 90.0, ""concentration"": null, ""assisted_share"": null, ""assistance"": 0.5, ""partition"": ""three"", ""demand_scale"": 1.0, ""network"": ""Winnipeg""}",0.21666665666666657,0.21666666666666667,"[0.21666665666666657, 0.2166666566666667, 0.21666665666666665]","[0.21666665666666657, 0.2166666566666667, 0.21666665666666665]",0.21666665666666662,427097.03190398484,True,4.615384877214109e-08,1.5690703638672768e-08,0.6925818000454456,79796d0449a9e83c776832450e5f4818145e6f6bc7fa984174f973b47ed67aa2
model_Winnipeg_k3,modelling_v1,proposed,benders_flow,"{""pattern"": ""concentrated"", ""scarcity"": 0.8, ""loss"": 0.0, ""replication"": 1, ""seed"": 20260925, ""k"": 3, ""detour"": 1.5, ""delta"": 15.0, ""window"": 90.0, ""concentration"": null, ""assisted_share"": null, ""assistance"": 0.5, ""partition"": ""three"", ""demand_scale"": 1.0, ""network"": ""Winnipeg""}",0.23611110111111083,0.23611111111111116,"[0.23611110111111083, 0.2361111011111109, 0.23611110111111092]","[0.23611110111111083, 0.23611110111111094, 0.23611110111111092]",0.23611110111111086,477427.82998970145,True,4.2352944358585996e-08,2.8225765102353484e-05,29.45112850004807,7124698b616942393d0538ddb306a8f4dfc122f0812ab0682f7ae496ea294cbd
model_Winnipeg_k10,modelling_v1,proposed,benders_flow,"{""pattern"": ""concentrated"", ""scarcity"": 0.8, ""loss"": 0.0, ""replication"": 1, ""seed"": 20260925, ""k"": 10, ""detour"": 1.5, ""delta"": 15.0, ""window"": 90.0, ""concentration"": null, ""assisted_share"": null, ""assistance"": 0.5, ""partition"": ""three"", ""demand_scale"": 1.0, ""network"": ""Winnipeg""}",0.23611110111111105,0.23611111111111113,"[0.23611110111111105, 0.23611110111111108, 0.2361111011111111]","[0.23611110111111108, 0.23611110111111108, 0.23611110111111108]",0.2361111011111111,469631.55382205854,True,4.235294330060867e-08,9.245915711813289e-05,206.69704090000596,2bd2e333ba8acab27c32ac4e562645ad3bf0d3f027cacaa218caa6a06806c7f7
model_Winnipeg_detour1.1,modelling_v1,proposed,benders_flow,"{""pattern"": ""concentrated"", ""scarcity"": 0.8, ""loss"": 0.0, ""replication"": 1, ""seed"": 20260925, ""k"": 5, ""detour"": 1.1, ""delta"": 15.0, ""window"": 90.0, ""concentration"": null, ""assisted_share"": null, ""assistance"": 0.5, ""partition"": ""three"", ""demand_scale"": 1.0, ""network"": ""Winnipeg""}",0.23611110111111108,0.23611111111111116,"[0.23611110111111108, 0.2361111011111111, 0.23611110111111114]","[0.23611110111111114, 0.2361111011111111, 0.23611110111111114]",0.23611110111111117,477427.82998970256,True,4.235294330060867e-08,9.594552760885032e-05,36.68458120001014,da6826e983f2f54b0cc0c2cf9f0a1deed0e8a8e07e485ef33dc9e32ddaa2e7a2
model_Winnipeg_detour1.25,modelling_v1,proposed,benders_flow,"{""pattern"": ""concentrated"", ""scarcity"": 0.8, ""loss"": 0.0, ""replication"": 1, ""seed"": 20260925, ""k"": 5, ""detour"": 1.25, ""delta"": 15.0, ""window"": 90.0, ""concentration"": null, ""assisted_share"": null, ""assistance"": 0.5, ""partition"": ""three"", ""demand_scale"": 1.0, ""network"": ""Winnipeg""}",0.236111101111111,0.23611111111111108,"[0.236111101111111, 0.23611110111111105, 0.23611110111111103]","[0.236111101111111, 0.23611110111111105, 0.23611110111111103]",0.23611110111111103,477427.8299897019,True,4.2352943300608685e-08,0.0,5.206203100155108,1f95d49b048276caf4152c5bdf2cadec1cbe5be35e3df61813140339545e0758
model_Winnipeg_detour2,modelling_v1,proposed,benders_flow,"{""pattern"": ""concentrated"", ""scarcity"": 0.8, ""loss"": 0.0, ""replication"": 1, ""seed"": 20260925, ""k"": 5, ""detour"": 2.0, ""delta"": 15.0, ""window"": 90.0, ""concentration"": null, ""assisted_share"": null, ""assistance"": 0.5, ""partition"": ""three"", ""demand_scale"": 1.0, ""network"": ""Winnipeg""}",0.23611110111111105,0.23611111111111108,"[0.23611110111111105, 0.23611110111111108, 0.23611110111111105]","[0.23611110111111105, 0.2361111011111111, 0.23611110111111105]",0.23611110111111105,477427.82998970203,True,4.2352943065502613e-08,0.0,5.310270000016317,f4c3316090d5e5aad30d4f342a643c62f1e9455df6fca9ea9387df0eb27a3662
model_Winnipeg_delta5,modelling_v1,proposed,benders_flow,"{""pattern"": ""concentrated"", ""scarcity"": 0.8, ""loss"": 0.0, ""replication"": 1, ""seed"": 20260925, ""k"": 5, ""detour"": 1.5, ""delta"": 5.0, ""window"": 90.0, ""concentration"": null, ""assisted_share"": null, ""assistance"": 0.5, ""partition"": ""three"", ""demand_scale"": 1.0, ""network"": ""Winnipeg""}",0.26666665666666667,0.26666666666666666,"[0.26666665666666667, 0.26666665666666683, 0.26666665666666667]","[0.26666665666666667, 0.26666665666666683, 0.26666665666666667]",0.2666666566666667,400912.86370891286,False,3.750000138651171e-08,0.014542326054619277,622.4066502000205,98939f2b91a566c73c99a051ddfd83438655ee78526f08ab8fec14d9f0613584
model_Winnipeg_delta10,modelling_v1,proposed,benders_flow,"{""pattern"": ""concentrated"", ""scarcity"": 0.8, ""loss"": 0.0, ""replication"": 1, ""seed"": 20260925, ""k"": 5, ""detour"": 1.5, ""delta"": 10.0, ""window"": 90.0, ""concentration"": null, ""assisted_share"": null, ""assistance"": 0.5, ""partition"": ""three"", ""demand_scale"": 1.0, ""network"": ""Winnipeg""}",0.26666665666666656,0.26666666666666666,"[0.26666665666666656, 0.26666665666666667, 0.2666666566666666]","[0.26666665666666656, 0.26666665666666667, 0.2666666566666666]",0.2666666566666666,454713.6007620774,True,3.750000180284537e-08,9.992197502413338e-05,212.52296869992279,7b6c492404a4c5c95b827a1664227dfb9edb253b045462ecd2e9776aa517d8c2
model_Winnipeg_delta30,modelling_v1,proposed,benders_flow,"{""pattern"": ""concentrated"", ""scarcity"": 0.8, ""loss"": 0.0, ""replication"": 1, ""seed"": 20260925, ""k"": 5, ""detour"": 1.5, ""delta"": 30.0, ""window"": 90.0, ""concentration"": null, ""assisted_share"": null, ""assistance"": 0.5, ""partition"": ""three"", ""demand_scale"": 1.0, ""network"": ""Winnipeg""}",0.11666665666666663,0.11666666666666665,"[0.11666665666666663, 0.11666665666666665, 0.11666665666666667]","[0.11666665666666663, 0.11666665666666665, 0.11666665666666667]",0.11666665666666666,207263.82580376478,True,8.571429325401388e-08,0.0,0.4950043000280857,809ce80c9ae841c8174b6346b9e96c7c88f3c7e2ad95715fd8a9fe6a4c0e7d22
model_Winnipeg_window60,modelling_v1,proposed,benders_flow,"{""pattern"": ""concentrated"", ""scarcity"": 0.8, ""loss"": 0.0, ""replication"": 1, ""seed"": 20260925, ""k"": 5, ""detour"": 1.5, ""delta"": 15.0, ""window"": 60.0, ""concentration"": null, ""assisted_share"": null, ""assistance"": 0.5, ""partition"": ""three"", ""demand_scale"": 1.0, ""network"": ""Winnipeg""}",0.16388887888888887,0.16388888888888886,"[0.16388887888888887, 0.16388887888888892, 0.16388887888888887]","[0.1638888788888889, 0.16388887888888892, 0.16388887888888887]",0.1638888788888889,365863.7436556054,True,6.101695284349406e-08,3.351698294511991e-08,3.2653232000302523,cd698c427d36928e75ed80c92d20474944062842bcae4f52090bfeac90a10b52
model_Winnipeg_window120,modelling_v1,proposed,benders_flow,"{""pattern"": ""concentrated"", ""scarcity"": 0.8, ""loss"": 0.0, ""replication"": 1, ""seed"": 20260925, ""k"": 5, ""detour"": 1.5, ""delta"": 15.0, ""window"": 120.0, ""concentration"": null, ""assisted_share"": null, ""assistance"": 0.5, ""partition"": ""three"", ""demand_scale"": 1.0, ""network"": ""Winnipeg""}",0.30833332333333263,0.3083333333333333,"[0.3083333233333328, 0.3083333233333328, 0.30833332333333263]","[0.3083333233333328, 0.3083333233333328, 0.3083333233333327]",0.3083333233333328,599596.2992016422,True,3.2432435627658275e-08,9.779353949988828e-05,15.203678100020625,cacf7f10a2e9f5f5dba1f2734eb5ebcf2d9b14f078c3328f5357f8841d3a4d1a
