Version identifier: 22.2.0.0 | 2026-05-04 | 5dff98e58
CPXPARAM_Read_DataCheck                          1
CPXPARAM_Threads                                 4
CPXPARAM_Parallel                                1
CPXPARAM_RandomSeed                              20260925
CPXPARAM_Simplex_Tolerances_Optimality           1.0000000000000001e-09
CPXPARAM_Simplex_Tolerances_Feasibility          1.0000000000000001e-09
CPXPARAM_TimeLimit                               3600
CPXPARAM_MIP_Tolerances_AbsMIPGap                1.0000000000000001e-09
CPXPARAM_MIP_Tolerances_Integrality              1.0000000000000001e-09
Legacy callback                                  i
Found incumbent of value 0.000000 after 0.00 sec. (0.15 ticks)
Tried aggregator 1 time.
MIP Presolve eliminated 1347 rows and 1 columns.
MIP Presolve modified 3414 coefficients.
Reduced MIP has 3968 rows, 4687 columns, and 49206 nonzeros.
Reduced MIP has 1164 binaries, 0 generals, 0 SOSs, and 0 indicators.
Presolve time = 0.03 sec. (32.62 ticks)
Probing time = 0.00 sec. (0.68 ticks)
Tried aggregator 1 time.
Detecting symmetries...
Reduced MIP has 3968 rows, 4687 columns, and 49206 nonzeros.
Reduced MIP has 1164 binaries, 0 generals, 0 SOSs, and 0 indicators.
Presolve time = 0.03 sec. (21.10 ticks)
Probing time = 0.00 sec. (0.78 ticks)
MIP emphasis: balance optimality and feasibility.
MIP search method: dynamic search.
Parallel mode: deterministic, using up to 4 threads.
Root relaxation solution time = 0.19 sec. (173.01 ticks)

        Nodes                                         Cuts/
   Node  Left     Objective  IInf  Best Integer    Best Bound    ItCnt     Gap

*     0+    0                            0.0000       -1.0000              --- 
      0     0       -0.2279   104        0.0000       -0.2279     3285     --- 
*     0+    0                           -0.0977       -0.2279           133.33%
*     0+    0                           -0.1798       -0.2279            26.72%
      0     0       -0.2279    67       -0.1798    MIRcuts: 3     4078   26.72%
      0     0       -0.2279    75       -0.1798      Cuts: 16     5315   26.72%
*     0+    0                           -0.1922       -0.2279            18.55%
      0     0       -0.2279    73       -0.1922    MIRcuts: 4     5971   18.55%
*     0+    0                           -0.1938       -0.2279            17.60%
*     0+    0                           -0.1953       -0.2279            16.67%
      0     0  -1.00000e+75     0       -0.1953       -0.2279     5971   16.67%
*     0+    0                           -0.1969       -0.2279            15.75%
      0     2       -0.2279    73       -0.1969       -0.2279     5971   15.75%
Elapsed time = 7.64 sec. (8379.95 ticks, tree = 0.02 MB, solutions = 7)
      3     3       -0.2275    85       -0.1969       -0.2279     9682   15.75%
      9     7       -0.2275    87       -0.1969       -0.2279    13382   15.75%
     14    13       -0.2279    82       -0.1969       -0.2279    29563   15.75%
     18    15       -0.2248    73       -0.1969       -0.2279    35140   15.75%
     23    22       -0.2275    94       -0.1969       -0.2279    43726   15.75%
     30    32       -0.2248    72       -0.1969       -0.2279    63305   15.75%
     37    32       -0.2279    92       -0.1969       -0.2279    67909   15.75%
     50    43       -0.2239    88       -0.1969       -0.2279    80106   15.75%
     59    49       -0.2217    74       -0.1969       -0.2279    83030   15.75%
    109    89       -0.2233    83       -0.1969       -0.2279   119613   15.75%
Elapsed time = 11.22 sec. (11955.30 ticks, tree = 0.26 MB, solutions = 7)
    169   141       -0.2135    56       -0.1969       -0.2279   149951   15.75%
    230   199       -0.2217    87       -0.1969       -0.2279   165996   15.75%
*   309+  218                           -0.2016       -0.2279            13.08%
*   316+  218                           -0.2031       -0.2279            12.21%
*   319+  218                           -0.2037       -0.2279            11.86%
    353   280       -0.2031    34       -0.2037       -0.2279   181612   11.86%
    440   306       -0.2279    82       -0.2037       -0.2279   190921   11.86%
    509   387       -0.2106    65       -0.2037       -0.2279   212771   11.86%
    604   479       -0.2217    75       -0.2037       -0.2279   229172   11.86%
    668   512       -0.2248    72       -0.2037       -0.2279   244695   11.86%
    724   563       -0.2271    97       -0.2037       -0.2279   254486   11.86%
    768   614       -0.2154    41       -0.2037       -0.2279   274900   11.86%
    842   693       -0.2065    52       -0.2037       -0.2279   291994   11.86%
Elapsed time = 19.58 sec. (21680.75 ticks, tree = 17.63 MB, solutions = 14)
    941   792       -0.2178    52       -0.2037       -0.2279   307800   11.86%
   1092   873       -0.2191    61       -0.2037       -0.2279   323070   11.86%
   1168   913       -0.2178    80       -0.2037       -0.2279   330277   11.86%
   1198  1014       -0.2178    84       -0.2037       -0.2279   340192   11.86%
   1231  1070       -0.2233    79       -0.2037       -0.2279   355443   11.86%
   1262  1105       -0.2191    78       -0.2037       -0.2279   358635   11.86%

Performing restart 1

Repeating presolve.
Tried aggregator 1 time.
Reduced MIP has 3968 rows, 4687 columns, and 49206 nonzeros.
Reduced MIP has 1164 binaries, 0 generals, 0 SOSs, and 0 indicators.
Presolve time = 0.00 sec. (13.87 ticks)
Tried aggregator 1 time.
Reduced MIP has 3968 rows, 4687 columns, and 49206 nonzeros.
Reduced MIP has 1164 binaries, 0 generals, 0 SOSs, and 0 indicators.
Presolve time = 0.02 sec. (21.38 ticks)
Represolve time = 0.03 sec. (44.91 ticks)
   1263     0       -0.2279    74       -0.2037       Cuts: 3   372045   11.86%
   1263     0       -0.2279    79       -0.2037       Cuts: 5   372513   11.86%
   1263     0       -0.2279    73       -0.2037    MIRcuts: 4   373353   11.86%
   1263     0       -0.2279    72       -0.2037       Cuts: 8   374587   11.86%
   1263     0       -0.2279    91       -0.2037      Cuts: 11   375592   11.86%
   1263     0       -0.2279    73       -0.2037       Cuts: 7   376564   11.86%
   1263     0       -0.2279    73       -0.2037    MIRcuts: 7   377670   11.86%
   1263     2       -0.2279    64       -0.2037       -0.2279   377670   11.86%
   1265     4       -0.2279    82       -0.2037       -0.2279   385477   11.86%
   1268     7       -0.2279    89       -0.2037       -0.2279   390031   11.86%
   1274     5       -0.2279    92       -0.2037       -0.2279   387393   11.86%
Elapsed time = 41.39 sec. (45920.50 ticks, tree = 0.02 MB, solutions = 14)
   1281    13       -0.2279    84       -0.2037       -0.2279   400193   11.86%
   1293    24       -0.2248    79       -0.2037       -0.2279   418295   11.86%
   1312    44       -0.2217    74       -0.2037       -0.2279   435770   11.86%
   1329    61       -0.2245   107       -0.2037       -0.2279   443603   11.86%
   1349    71       -0.2279    82       -0.2037       -0.2279   455320   11.86%
   1372    98       -0.2217    81       -0.2037       -0.2279   481612   11.86%
   1410   112       -0.2271    90       -0.2037       -0.2279   492632   11.86%
   1453   173       -0.2250    85       -0.2037       -0.2279   506169   11.86%
   1493   200       -0.2093    61       -0.2037       -0.2279   514383   11.86%
   1543   256       -0.2078    53       -0.2037       -0.2279   529357   11.86%
Elapsed time = 51.34 sec. (55829.34 ticks, tree = 6.22 MB, solutions = 14)
   1648   299       -0.2097    47       -0.2037       -0.2279   532194   11.86%
   1739   331       -0.2197    93       -0.2037       -0.2279   544022   11.86%
   1803   476       -0.2171    74       -0.2037       -0.2279   561529   11.86%
   1877   508       -0.2248    73       -0.2037       -0.2279   568526   11.86%
   1928   602       -0.2197    83       -0.2037       -0.2279   588205   11.86%
   2029   619       -0.2184    62       -0.2037       -0.2279   591898   11.86%
   2104   704       -0.2199    72       -0.2037       -0.2279   605684   11.86%
   2211   738       -0.2090    51       -0.2037       -0.2279   609151   11.86%
   2258   888       -0.2205    68       -0.2037       -0.2279   633518   11.86%
   2295   932       -0.2249    86       -0.2037       -0.2279   644576   11.86%
Elapsed time = 62.05 sec. (65476.13 ticks, tree = 27.29 MB, solutions = 14)
   2383   958       -0.2074    57       -0.2037       -0.2279   645267   11.86%
   2457   994       -0.2134    37       -0.2037       -0.2279   653401   11.86%
   2606  1118       -0.2278    81       -0.2037       -0.2279   668981   11.86%
   2739  1216       -0.2266    76       -0.2037       -0.2279   671633   11.86%
   2830  1419       -0.2089    55       -0.2037       -0.2279   696862   11.86%
   2994  1378       -0.2271    96       -0.2037       -0.2279   696276   11.86%
   3146  1557       -0.2259    77       -0.2037       -0.2279   709799   11.86%
   3286  1809       -0.2279    73       -0.2037       -0.2279   728316   11.86%
   3405  1898       -0.2079    47       -0.2037       -0.2279   733622   11.86%
   3578  2049       -0.2233    75       -0.2037       -0.2279   749523   11.86%
Elapsed time = 71.11 sec. (75141.80 ticks, tree = 62.89 MB, solutions = 14)
   3656  2207       -0.2084    54       -0.2037       -0.2279   754432   11.86%
   3816  2271       -0.2093    55       -0.2037       -0.2279   762702   11.86%
   3896  2426       -0.2217    84       -0.2037       -0.2279   773049   11.86%
   3926  2458       -0.2253    72       -0.2037       -0.2279   788716   11.86%
   3976  2507       -0.2175    68       -0.2037       -0.2279   811151   11.86%
   4068  2557       -0.2160    72       -0.2037       -0.2279   824102   11.86%
   4121  2660       -0.2139    72       -0.2037       -0.2279   840072   11.86%
   4244  2689       -0.2248    82       -0.2037       -0.2279   848335   11.86%
   4339  2792       -0.2248    75       -0.2037       -0.2279   863784   11.86%
   4430  2825       -0.2243    73       -0.2037       -0.2279   870385   11.86%
Elapsed time = 79.48 sec. (84888.01 ticks, tree = 87.75 MB, solutions = 14)
   4490  2935       -0.2159    59       -0.2037       -0.2279   885943   11.86%
   4601  3004       -0.2052    68       -0.2037       -0.2279   893794   11.86%
   4647  3133       -0.2120    49       -0.2037       -0.2279   918238   11.86%
   4710  3140       -0.2186    71       -0.2037       -0.2279   924694   11.86%
   4820  3235       -0.2239    79       -0.2037       -0.2279   934776   11.86%
   4947  3328       -0.2087    76       -0.2037       -0.2279   955812   11.86%
   5063  3362       -0.2084    69       -0.2037       -0.2279   962617   11.86%
   5198  3483       -0.2248    80       -0.2037       -0.2279   966696   11.86%
   5266  3709       -0.2055    66       -0.2037       -0.2279   990208   11.86%
   5323  3741       -0.2151    59       -0.2037       -0.2279   995579   11.86%
Elapsed time = 87.56 sec. (94554.99 ticks, tree = 116.93 MB, solutions = 14)
   5407  3799       -0.2188    71       -0.2037       -0.2279  1011443   11.86%
   5511  3830       -0.2124    70       -0.2037       -0.2279  1025363   11.86%
   5606  3847       -0.2047    51       -0.2037       -0.2279  1029311   11.86%
   5684  4081       -0.2254    87       -0.2037       -0.2279  1058057   11.86%
   5771  4130       -0.2155    69       -0.2037       -0.2279  1075109   11.86%
   5906  4147       -0.2061    72       -0.2037       -0.2279  1071365   11.86%
   6036  4408       -0.2069    67       -0.2037       -0.2279  1099682   11.86%
   6132  4430       -0.2244    92       -0.2037       -0.2279  1103799   11.86%
   6185  4567       -0.2207    64       -0.2037       -0.2279  1121812   11.86%
   6309  4655       -0.2174    55       -0.2037       -0.2279  1133174   11.86%
Elapsed time = 95.75 sec. (104207.71 ticks, tree = 146.09 MB, solutions = 14)
   6508  4707       -0.2083    51       -0.2037       -0.2279  1135555   11.86%
   6675  4750       -0.2114    66       -0.2037       -0.2279  1142953   11.86%
   6762  4937       -0.2180    58       -0.2037       -0.2279  1154728   11.86%
   6879  5080       -0.2279    77       -0.2037       -0.2279  1167947   11.86%
   6972  5227       -0.2125    41       -0.2037       -0.2279  1184075   11.86%
   7107  5416       -0.2098    43       -0.2037       -0.2279  1202346   11.86%
   7205  5338       -0.2231    78       -0.2037       -0.2279  1203899   11.86%
   7325  5583       -0.2169    72       -0.2037       -0.2279  1229210   11.86%
   7414  5521       -0.2155    65       -0.2037       -0.2279  1215404   11.86%
   7774  5953       -0.2150    68       -0.2037       -0.2279  1285366   11.86%
Elapsed time = 106.16 sec. (116689.41 ticks, tree = 187.29 MB, solutions = 14)
   8241  6349       -0.2109    61       -0.2037       -0.2279  1332354   11.86%
   8726  6844       -0.2236    65       -0.2037       -0.2279  1394638   11.86%
   9311  7196       -0.2126    73       -0.2037       -0.2279  1439479   11.86%
   9752  7794       -0.2143    56       -0.2037       -0.2279  1502014   11.86%
*  9896+ 7906                           -0.2047       -0.2279            11.36%
  10245  7997       -0.2093    56       -0.2047       -0.2279  1550632   11.36%
  10732  8275       -0.2167    70       -0.2047       -0.2279  1588184   11.36%
  11135  8796       -0.2233    84       -0.2047       -0.2279  1645264   11.36%
  11678  9089       -0.2227    71       -0.2047       -0.2279  1689498   11.36%
  12168  9750       -0.2269    84       -0.2047       -0.2279  1757830   11.36%
  12780 10201       -0.2093    35       -0.2047       -0.2279  1804425   11.36%
Elapsed time = 136.39 sec. (154919.20 ticks, tree = 322.65 MB, solutions = 15)
  13341 10958       -0.2062    53       -0.2047       -0.2279  1882833   11.36%
  13649 11136       -0.2235    75       -0.2047       -0.2279  1914977   11.36%
  14101 11557       -0.2084    68       -0.2047       -0.2279  1983470   11.36%
  14670 11868       -0.2198    74       -0.2047       -0.2279  2037755   11.36%
  15061 12424       -0.2148    61       -0.2047       -0.2279  2109009   11.36%
  15424 12896       -0.2152    60       -0.2047       -0.2279  2180216   11.36%
  15872 13094       -0.2124    61       -0.2047       -0.2279  2215934   11.36%
  16413 13619       -0.2127    68       -0.2047       -0.2279  2281162   11.36%
  16957 14384       -0.2108    63       -0.2047       -0.2279  2377124   11.36%
  17361 14570       -0.2264    82       -0.2047       -0.2279  2403015   11.36%
Elapsed time = 166.56 sec. (193133.88 ticks, tree = 461.61 MB, solutions = 15)
  17861 15184       -0.2271    82       -0.2047       -0.2279  2493765   11.36%
  18545 15602       -0.2183    62       -0.2047       -0.2279  2541379   11.36%
  19009 16001       -0.2192    71       -0.2047       -0.2279  2584983   11.36%
  19567 16579       -0.2140    57       -0.2047       -0.2279  2665225   11.36%
  20021 17117       -0.2186    65       -0.2047       -0.2279  2727926   11.36%
  20405 17520       -0.2078    56       -0.2047       -0.2279  2797993   11.36%
  20764 18019       -0.2055    41       -0.2047       -0.2279  2890130   11.36%
  21308 18350       -0.2229    87       -0.2047       -0.2279  2931889   11.36%
  21737 18835       -0.2070    60       -0.2047       -0.2279  2986583   11.36%
  22281 19299       -0.2171    65       -0.2047       -0.2279  3053373   11.36%
Elapsed time = 196.98 sec. (231375.58 ticks, tree = 612.81 MB, solutions = 15)
  22729 19767       -0.2279    77       -0.2047       -0.2279  3103368   11.36%
  23073 20123       -0.2221    78       -0.2047       -0.2279  3168546   11.36%
  23531 20349       -0.2145    64       -0.2047       -0.2279  3207497   11.36%
  24004 20863       -0.2248    82       -0.2047       -0.2279  3286447   11.36%
* 24081+21011                           -0.2050       -0.2279            11.19%
  24180 21279       -0.2238    76       -0.2050       -0.2279  3384400   11.19%
* 24320+21074                           -0.2053       -0.2279            11.01%
  24425 21496       -0.2057    55       -0.2053       -0.2279  3422865   11.01%
  24701 21639       -0.2078    57       -0.2053       -0.2279  3446436   11.01%
  24896 21884       -0.2219    85       -0.2053       -0.2279  3483881   11.01%
* 24971+21947                           -0.2053       -0.2279            11.01%
  25111 21653       -0.2217    79       -0.2053       -0.2279  3514465   11.01%
  25309 22013       -0.2084    59       -0.2053       -0.2279  3558274   11.01%
Elapsed time = 227.92 sec. (269736.92 ticks, tree = 708.27 MB, solutions = 18)
  25596 22134       -0.2057    44       -0.2053       -0.2279  3574291   11.01%
  25797 22342       -0.2070    71       -0.2053       -0.2279  3610389   11.01%
  25946 22597       -0.2202    83       -0.2053       -0.2279  3655534   11.01%
  26187 22717       -0.2093    61       -0.2053       -0.2279  3672243   11.01%
  26332 22976       -0.2155    74       -0.2053       -0.2279  3723183   11.01%
  26535 23052       -0.2248    84       -0.2053       -0.2279  3743218   11.01%
  26706 23332       -0.2140    51       -0.2053       -0.2279  3795753   11.01%
  26897 23451       -0.2171    62       -0.2053       -0.2279  3812749   11.01%
  27182 23519       -0.2109    64       -0.2053       -0.2279  3827082   11.01%
  27509 23832       -0.2140    78       -0.2053       -0.2279  3870391   11.01%
Elapsed time = 259.64 sec. (308174.10 ticks, tree = 759.26 MB, solutions = 20)
  27909 24328       -0.2062    59       -0.2053       -0.2279  3956331   11.01%
  28314 24508       -0.2152    68       -0.2053       -0.2279  4004535   11.01%
  28822 24807        cutoff             -0.2053       -0.2279  4047396   11.01%
  29199 25437       -0.2269    86       -0.2053       -0.2279  4164051   11.01%
  29575 25780       -0.2202    73       -0.2053       -0.2279  4224211   11.01%
  30030 26193       -0.2062    52       -0.2053       -0.2279  4297455   11.01%
  30444 26531       -0.2062    52       -0.2053       -0.2279  4365462   11.01%
  30790 27116       -0.2124    57       -0.2053       -0.2279  4478396   11.01%
  31200 27277       -0.2171    65       -0.2053       -0.2279  4506560   11.01%
  31495 27474       -0.2264    87       -0.2053       -0.2279  4543396   11.01%
Elapsed time = 291.16 sec. (346462.75 ticks, tree = 876.51 MB, solutions = 20)
  31892 27907       -0.2155    70       -0.2053       -0.2279  4616942   11.01%
  32266 28342       -0.2186    67       -0.2053       -0.2279  4704636   11.01%
  32496 28672       -0.2168    73       -0.2053       -0.2279  4770509   11.01%
  32875 28876       -0.2171    67       -0.2053       -0.2279  4810301   11.01%
  33308 29112       -0.2171    58       -0.2053       -0.2279  4865181   11.01%
  33740 29717       -0.2264    85       -0.2053       -0.2279  4961852   11.01%
  34187 30197       -0.2163    56       -0.2053       -0.2279  5039724   11.01%
  34646 30328       -0.2093    36       -0.2053       -0.2279  5060636   11.01%
  35224 30896       -0.2096    57       -0.2053       -0.2279  5164447   11.01%
  35709 31722       -0.2155    82       -0.2053       -0.2279  5283832   11.01%
Elapsed time = 321.67 sec. (384691.90 ticks, tree = 1013.59 MB, solutions = 20)
  36181 32060       -0.2062    52       -0.2053       -0.2279  5336569   11.01%
  36624 32287       -0.2217    76       -0.2053       -0.2279  5400668   11.01%
  37170 32862       -0.2243    80       -0.2053       -0.2279  5489754   11.01%
  37679 33220       -0.2116    69       -0.2053       -0.2279  5539033   11.01%
  38080 33886       -0.2085    67       -0.2053       -0.2279  5640491   11.01%
  38509 34325       -0.2238    87       -0.2053       -0.2279  5702920   11.01%
  39001 34537       -0.2078    52       -0.2053       -0.2279  5758407   11.01%
  39573 35279       -0.2233    96       -0.2053       -0.2279  5872383   11.01%
  40112 35688       -0.2054    40       -0.2053       -0.2279  5938869   11.01%
  40534 36051       -0.2078    66       -0.2053       -0.2279  5989228   11.01%
Elapsed time = 353.00 sec. (422981.90 ticks, tree = 1154.66 MB, solutions = 20)
  40858 36535       -0.2070    57       -0.2053       -0.2279  6084674   11.01%
  41521 37067       -0.2078    50       -0.2053       -0.2279  6160820   11.01%
  42033 37572       -0.2214    82       -0.2053       -0.2279  6223935   11.01%
  42504 37737       -0.2140    61       -0.2053       -0.2279  6260511   11.01%
  43024 38289       -0.2217    76       -0.2053       -0.2279  6344505   11.01%
  43713 38686       -0.2062    48       -0.2053       -0.2279  6410883   11.01%
  44296 39052       -0.2224    82       -0.2053       -0.2279  6461874   11.01%
  44945 40090       -0.2277    74       -0.2053       -0.2279  6603122   11.01%
  45505 40657       -0.2200    60       -0.2053       -0.2279  6693638   11.01%
  46057 41178       -0.2062    49       -0.2053       -0.2279  6757646   11.01%
Elapsed time = 384.03 sec. (461265.24 ticks, tree = 1320.08 MB, solutions = 20)
  46505 41535       -0.2056    61       -0.2053       -0.2279  6808595   11.01%
  47025 41907       -0.2248    81       -0.2053       -0.2279  6877824   11.01%
  47549 42441       -0.2256    86       -0.2053       -0.2279  6959508   11.01%
  48069 42965       -0.2248    85       -0.2053       -0.2279  7031561   11.01%
  48583 43655       -0.2078    56       -0.2053       -0.2279  7141771   11.01%
  49203 44036       -0.2151    64       -0.2053       -0.2279  7186550   11.01%
  49663 44577       -0.2054    51       -0.2053       -0.2279  7267673   11.01%
  50125 44776       -0.2078    57       -0.2053       -0.2279  7297563   11.01%
  50556 45312       -0.2248    86       -0.2053       -0.2279  7399616   11.01%
  51088 45615       -0.2230    83       -0.2053       -0.2279  7459798   11.01%
Elapsed time = 414.84 sec. (499479.81 ticks, tree = 1463.20 MB, solutions = 20)
  51733 46140       -0.2062    42       -0.2053       -0.2279  7530874   11.01%
  52081 46820       -0.2264    81       -0.2053       -0.2279  7631612   11.01%
  52600 46920       -0.2248    93       -0.2053       -0.2279  7648923   11.01%
  53005 47630       -0.2078    59       -0.2053       -0.2279  7778153   11.01%
  53577 47990       -0.2062    30       -0.2053       -0.2279  7836248   11.01%
  54056 48550       -0.2113    64       -0.2053       -0.2279  7925003   11.01%
  54560 49080       -0.2217    62       -0.2053       -0.2279  8030453   11.01%
  55054 49389       -0.2055    57       -0.2053       -0.2279  8081761   11.01%
  55456 49676       -0.2217    70       -0.2053       -0.2279  8130949   11.01%
  55845 50241       -0.2171    79       -0.2053       -0.2279  8217448   11.01%
Elapsed time = 445.84 sec. (537691.77 ticks, tree = 1612.37 MB, solutions = 20)
  56317 50525       -0.2255    89       -0.2053       -0.2279  8265328   11.01%
  56885 50974       -0.2054    51       -0.2053       -0.2279  8350508   11.01%
  57394 51274       -0.2062    36       -0.2053       -0.2279  8403741   11.01%
  57846 52138       -0.2062    56       -0.2053       -0.2279  8537575   11.01%
  58319 52380       -0.2248    77       -0.2053       -0.2279  8583512   11.01%
  58831 52868       -0.2078    44       -0.2053       -0.2279  8664318   11.01%
  59315 53165       -0.2186    69       -0.2053       -0.2279  8719140   11.01%
  59709 53502       -0.2262    86       -0.2053       -0.2279  8764278   11.01%
  60169 53929       -0.2186    76       -0.2053       -0.2279  8849217   11.01%
  60641 54309       -0.2233    92       -0.2053       -0.2279  8938045   11.01%
Elapsed time = 476.95 sec. (575982.89 ticks, tree = 1743.16 MB, solutions = 20)
  61103 55080       -0.2055    57       -0.2053       -0.2279  9067138   11.01%
  61562 55399       -0.2066    55       -0.2053       -0.2279  9118241   11.01%
  61967 55663       -0.2124    64       -0.2053       -0.2279  9178393   11.01%
  62344 56322       -0.2217    89       -0.2053       -0.2279  9320767   11.01%
  62870 56644       -0.2109    48       -0.2053       -0.2279  9371742   11.01%
  63269 56898       -0.2109    56       -0.2053       -0.2279  9404080   11.01%
  63606 57414       -0.2263    85       -0.2053       -0.2279  9504633   11.01%
  64214 57781       -0.2217    89       -0.2053       -0.2279  9572628   11.01%
  64651 57981       -0.2186    65       -0.2053       -0.2279  9602825   11.01%
  65200 58750       -0.2107    52       -0.2053       -0.2279  9725621   11.01%
Elapsed time = 508.03 sec. (614199.48 ticks, tree = 1886.45 MB, solutions = 20)
  65690 59043       -0.2217    90       -0.2053       -0.2279  9764218   11.01%
  66145 59590       -0.2227    78       -0.2053       -0.2279  9863889   11.01%
  66611 59763       -0.2207    75       -0.2053       -0.2279  9893327   11.01%
  67152 60256       -0.2124    68       -0.2053       -0.2279  9977555   11.01%
  67660 61043       -0.2057    48       -0.2053       -0.2279 10100280   11.01%
  68118 61340       -0.2109    72       -0.2053       -0.2279 10146919   11.01%
  68518 61661       -0.2186    79       -0.2053       -0.2279 10197321   11.01%
  69062 62084       -0.2078    51       -0.2053       -0.2279 10268790   11.01%
  69533 62568       -0.2054    53       -0.2053       -0.2279 10357341   11.01%
  70064 63080       -0.2171    69       -0.2053       -0.2279 10443761   11.01%
Elapsed time = 539.48 sec. (652474.76 ticks, tree = 2026.13 MB, solutions = 20)
  70492 63378       -0.2279    82       -0.2053       -0.2279 10501626   11.01%
  70989 63985       -0.2062    46       -0.2053       -0.2279 10602969   11.01%
  71609 64483       -0.2264    91       -0.2053       -0.2279 10693568   11.01%
  72134 65017       -0.2124    49       -0.2053       -0.2279 10768657   11.01%
  72646 65285       -0.2217    72       -0.2053       -0.2279 10802618   11.01%
  73049 65815       -0.2053    50       -0.2053       -0.2279 10894730   11.01%
  73580 66221       -0.2093    56       -0.2053       -0.2279 10962465   11.01%
  74208 66640       -0.2073    53       -0.2053       -0.2279 11021657   11.01%
  74765 67118       -0.2140    64       -0.2053       -0.2279 11084297   11.01%
  75361 67990       -0.2124    62       -0.2053       -0.2279 11213310   11.01%
Elapsed time = 572.38 sec. (690741.97 ticks, tree = 2184.30 MB, solutions = 20)
Nodefile size = 131.03 MB (90.45 MB after compression)
  75783 68352       -0.2055    49       -0.2053       -0.2279 11260878   11.01%
  76158 68624       -0.2071    56       -0.2053       -0.2279 11312670   11.01%
  76551 69228       -0.2102    57       -0.2053       -0.2279 11424606   11.01%
  76988 69324       -0.2093    63       -0.2053       -0.2279 11441812   11.01%
  77456 69834       -0.2277    93       -0.2053       -0.2279 11543380   11.01%
  77884 70458       -0.2124    67       -0.2053       -0.2279 11651382   11.01%
  78284 70653       -0.2078    56       -0.2053       -0.2279 11685356   11.01%
  78713 71018       -0.2202    76       -0.2053       -0.2279 11756585   11.01%
  79069 71478       -0.2109    53       -0.2053       -0.2279 11839741   11.01%
  79476 71732       -0.2077    53       -0.2053       -0.2279 11892990   11.01%
Elapsed time = 605.33 sec. (728985.26 ticks, tree = 2304.62 MB, solutions = 20)
Nodefile size = 249.08 MB (171.64 MB after compression)
  79889 72046       -0.2171    83       -0.2053       -0.2279 11961778   11.01%
  80313 72489       -0.2222    69       -0.2053       -0.2279 12051697   11.01%
  80839 73001       -0.2171    71       -0.2053       -0.2279 12141397   11.01%
  81300 73096       -0.2232    80       -0.2053       -0.2279 12176728   11.01%
  81836 73666       -0.2267    90       -0.2053       -0.2279 12266467   11.01%
  82297 74414       -0.2248    87       -0.2053       -0.2279 12376474   11.01%
  82710 74594       -0.2055    49       -0.2053       -0.2279 12411507   11.01%
  82996 75034       -0.2062    55       -0.2053       -0.2279 12497851   11.01%
  83492 75473       -0.2155    62       -0.2053       -0.2279 12577367   11.01%
  83895 75658       -0.2109    60       -0.2053       -0.2279 12615290   11.01%
Elapsed time = 638.25 sec. (767243.78 ticks, tree = 2430.84 MB, solutions = 20)
Nodefile size = 377.08 MB (259.74 MB after compression)
  84454 76453       -0.2202    96       -0.2053       -0.2279 12759373   11.01%
  85028 76613       -0.2171    73       -0.2053       -0.2279 12778716   11.01%
  85467 76867       -0.2155    70       -0.2053       -0.2279 12821585   11.01%
  85845 77460       -0.2275    86       -0.2053       -0.2279 12914412   11.01%
  86377 78130       -0.2197    94       -0.2053       -0.2279 13037321   11.01%
  86953 78614       -0.2068    41       -0.2053       -0.2279 13110133   11.01%
  87450 78543       -0.2233    78       -0.2053       -0.2279 13105729   11.01%
  87904 79317       -0.2232    77       -0.2053       -0.2279 13216682   11.01%
  88392 79803       -0.2093    55       -0.2053       -0.2279 13308932   11.01%
  88917 80048       -0.2078    52       -0.2053       -0.2279 13346213   11.01%
Elapsed time = 671.30 sec. (805546.71 ticks, tree = 2571.88 MB, solutions = 20)
Nodefile size = 513.13 MB (353.59 MB after compression)
  89417 80834       -0.2124    63       -0.2053       -0.2279 13468363   11.01%
  89758 81069       -0.2268    84       -0.2053       -0.2279 13510163   11.01%
  90223 81636       -0.2271    88       -0.2053       -0.2279 13617079   11.01%
  90683 81900       -0.2217    85       -0.2053       -0.2279 13668513   11.01%
  91169 82415       -0.2078    64       -0.2053       -0.2279 13759371   11.01%
  91458 82832       -0.2093    76       -0.2053       -0.2279 13833572   11.01%
  91871 83054       -0.2103    64       -0.2053       -0.2279 13895543   11.01%
  92297 83554       -0.2072    56       -0.2053       -0.2279 13984408   11.01%
  92720 83997       -0.2078    64       -0.2053       -0.2279 14074132   11.01%
  93153 84222       -0.2202    72       -0.2053       -0.2279 14111017   11.01%
Elapsed time = 704.19 sec. (843888.96 ticks, tree = 2706.25 MB, solutions = 20)
Nodefile size = 651.18 MB (448.56 MB after compression)
  93395 84563       -0.2140    73       -0.2053       -0.2279 14178459   11.01%
  93781 84975       -0.2062    70       -0.2053       -0.2279 14253633   11.01%
  94143 85276       -0.2233    89       -0.2053       -0.2279 14321848   11.01%
  94616 85605       -0.2062    52       -0.2053       -0.2279 14388384   11.01%
  95091 86089       -0.2109    87       -0.2053       -0.2279 14486138   11.01%
  95465 86507       -0.2202    80       -0.2053       -0.2279 14551548   11.01%
  95907 86684       -0.2062    63       -0.2053       -0.2279 14590712   11.01%
  96315 87185       -0.2233    88       -0.2053       -0.2279 14670170   11.01%
  96721 87546       -0.2078    71       -0.2053       -0.2279 14740331   11.01%
  97136 87877       -0.2186    73       -0.2053       -0.2279 14816685   11.01%
Elapsed time = 736.98 sec. (882132.32 ticks, tree = 2823.90 MB, solutions = 20)
Nodefile size = 770.56 MB (531.20 MB after compression)
  97511 88342       -0.2233    78       -0.2053       -0.2279 14911754   11.01%
  98010 88444       -0.2155    67       -0.2053       -0.2279 14931288   11.01%
  98389 89048       -0.2212    80       -0.2053       -0.2279 15043346   11.01%
  98863 89294       -0.2062    64       -0.2053       -0.2279 15085734   11.01%
  99425 89824       -0.2062    48       -0.2053       -0.2279 15180254   11.01%
  99836 90149       -0.2155    71       -0.2053       -0.2279 15228544   11.01%
 100327 90782       -0.2093    67       -0.2053       -0.2279 15316848   11.01%
 100772 90949       -0.2123    79       -0.2053       -0.2279 15357674   11.01%
 101291 91478       -0.2202    73       -0.2053       -0.2279 15456157   11.01%
 101731 92124       -0.2062    57       -0.2053       -0.2279 15546461   11.01%
Elapsed time = 770.33 sec. (920424.44 ticks, tree = 2960.66 MB, solutions = 20)
Nodefile size = 904.95 MB (623.97 MB after compression)
 102171 92754       -0.2186    83       -0.2053       -0.2279 15656778   11.01%
 102739 92595       -0.2109    52       -0.2053       -0.2279 15630187   11.01%
 103230 93575       -0.2140    65       -0.2053       -0.2278 15785295   10.96%
 103722 93892       -0.2245    66       -0.2053       -0.2278 15841201   10.96%
 104227 94451       -0.2062    55       -0.2053       -0.2278 15931332   10.94%
 104706 94413       -0.2062    54       -0.2053       -0.2278 15922580   10.94%
 105169 95378       -0.2174    64       -0.2053       -0.2278 16072850   10.94%
 105718 95866       -0.2057    48       -0.2053       -0.2277 16144551   10.93%
 106279 96366       -0.2101    69       -0.2053       -0.2277 16222780   10.93%
 106787 96308       -0.2169    80       -0.2053       -0.2277 16216429   10.93%
Elapsed time = 803.44 sec. (958627.84 ticks, tree = 3095.48 MB, solutions = 20)
Nodefile size = 1039.69 MB (716.76 MB after compression)
 107200 97099       -0.2186    82       -0.2053       -0.2277 16330679   10.93%
 107685 97608       -0.2247    87       -0.2053       -0.2277 16416532   10.93%
 108123 97923       -0.2093    58       -0.2053       -0.2277 16470804   10.93%
 108588 98498       -0.2055    63       -0.2053       -0.2277 16558004   10.93%
 109133 98701       -0.2190    80       -0.2053       -0.2277 16588504   10.93%
 109613 99433       -0.2197    85       -0.2053       -0.2277 16708234   10.93%
 110156 99578       -0.2078    72       -0.2053       -0.2277 16724954   10.93%
 110608 99959       -0.2231    80       -0.2053       -0.2277 16793024   10.93%
 111052 100354       -0.2106    65       -0.2053       -0.2277 16852126   10.93%
 111557 101060       -0.2124    65       -0.2053       -0.2277 16969847   10.93%
Elapsed time = 836.17 sec. (996954.32 ticks, tree = 3248.40 MB, solutions = 20)
Nodefile size = 1192.83 MB (822.69 MB after compression)
 112036 101365       -0.2124    70       -0.2053       -0.2277 17024238   10.93%
 112574 101745       -0.2224    87       -0.2053       -0.2277 17084301   10.93%
 113026 102397       -0.2227    78       -0.2053       -0.2277 17193015   10.93%
 113520 102756       -0.2078    73       -0.2053       -0.2277 17247969   10.93%
 114084 103218       -0.2078    57       -0.2053       -0.2277 17326512   10.93%
 114615 103593       -0.2078    67       -0.2053       -0.2277 17385768   10.93%
 115010 103853       -0.2109    72       -0.2053       -0.2277 17416934   10.93%
 115459 104500       -0.2062    62       -0.2053       -0.2277 17513395   10.93%
 115989 104756       -0.2099    69       -0.2053       -0.2277 17573384   10.93%
 116424 105411       -0.2080    67       -0.2053       -0.2277 17692557   10.93%
Elapsed time = 869.36 sec. (1035199.26 ticks, tree = 3388.35 MB, solutions = 20)
Nodefile size = 1333.77 MB (919.85 MB after compression)
 116934 105853       -0.2062    61       -0.2053       -0.2277 17750311   10.93%
 117413 106430       -0.2197    86       -0.2053       -0.2277 17840216   10.93%
 117889 106864       -0.2135    79       -0.2053       -0.2277 17911547   10.93%
 118479 107306       -0.2062    46       -0.2053       -0.2277 17977641   10.93%
 119068 107830       -0.2121    66       -0.2053       -0.2277 18053010   10.92%
 119558 108120       -0.2062    52       -0.2053       -0.2277 18094878   10.92%
 120138 108418       -0.2064    40       -0.2053       -0.2277 18129831   10.91%
 120717 108975       -0.2210    74       -0.2053       -0.2277 18231346   10.90%
 121191 109445       -0.2084    62       -0.2053       -0.2277 18291521   10.90%
 121744 110180       -0.2064    51       -0.2053       -0.2277 18411800   10.90%
Elapsed time = 902.27 sec. (1073466.24 ticks, tree = 3541.95 MB, solutions = 20)
Nodefile size = 1486.84 MB (1025.45 MB after compression)
 122334 110420       -0.2062    58       -0.2053       -0.2277 18449081   10.90%
 122881 111027       -0.2064    49       -0.2053       -0.2277 18544863   10.90%
 123410 111606       -0.2257    92       -0.2053       -0.2277 18625541   10.90%
 123962 112139       -0.2062    57       -0.2053       -0.2277 18710311   10.90%
 124448 112377        cutoff             -0.2053       -0.2276 18742715   10.88%
 124934 112995       -0.2186    63       -0.2053       -0.2276 18837281   10.87%
 125449 113201       -0.2140    71       -0.2053       -0.2276 18871809   10.87%
 126052 113752       -0.2225    68       -0.2053       -0.2276 18971812   10.85%
 126584 114466       -0.2197    73       -0.2053       -0.2276 19077749   10.85%
 127133 114949       -0.2248    76       -0.2053       -0.2276 19139044   10.84%
Elapsed time = 934.94 sec. (1111679.66 ticks, tree = 3695.56 MB, solutions = 20)
Nodefile size = 1640.21 MB (1131.35 MB after compression)
 127733 115373       -0.2062    55       -0.2053       -0.2275 19197879   10.83%
 128181 115952       -0.2062    72       -0.2053       -0.2275 19302515   10.83%
 128741 116367       -0.2062    64       -0.2053       -0.2275 19366574   10.83%
 129196 117030       -0.2217    83       -0.2053       -0.2275 19469325   10.83%
 129788 117539       -0.2090    55       -0.2053       -0.2275 19548524   10.83%
 130428 117786       -0.2124    52       -0.2053       -0.2275 19585908   10.82%
 131048 118044       -0.2117    75       -0.2053       -0.2275 19618337   10.81%
 131595 118799       -0.2093    67       -0.2053       -0.2275 19720736   10.81%
 132171 119400       -0.2062    48       -0.2053       -0.2275 19804503   10.80%
 132633 120101       -0.2239    99       -0.2053       -0.2275 19902824   10.80%
Elapsed time = 967.78 sec. (1149875.66 ticks, tree = 3861.47 MB, solutions = 20)
Nodefile size = 1806.21 MB (1245.36 MB after compression)
 133050 120432       -0.2248    84       -0.2053       -0.2275 19952523   10.80%
 133663 121195       -0.2155    71       -0.2053       -0.2275 20065433   10.79%
 134271 121337       -0.2155    66       -0.2053       -0.2275 20085118   10.79%
 134930 121758       -0.2124    47       -0.2053       -0.2275 20138480   10.79%
 135581 122634       -0.2233    89       -0.2053       -0.2275 20267795   10.79%
 136057 123068       -0.2217    72       -0.2053       -0.2275 20309255   10.79%
 136579 123778       -0.2054    40       -0.2053       -0.2275 20404967   10.79%
 137203 124019       -0.2085    49       -0.2053       -0.2275 20446892   10.79%
 137765 124210       -0.2242    80       -0.2053       -0.2275 20465035   10.79%
 138344 125401       -0.2062    60       -0.2053       -0.2275 20624462   10.79%
Elapsed time = 1000.73 sec. (1188097.30 ticks, tree = 4031.43 MB, solutions = 20)
Nodefile size = 1977.11 MB (1362.81 MB after compression)
 138880 125797       -0.2078    40       -0.2053       -0.2275 20680913   10.79%
 139392 125683       -0.2093    50       -0.2053       -0.2275 20670678   10.79%
 139873 126306       -0.2217    72       -0.2053       -0.2275 20770850   10.79%
 140335 126958       -0.2140    58       -0.2053       -0.2275 20868116   10.79%
 140834 127243       -0.2123    51       -0.2053       -0.2275 20919495   10.79%
 141405 127772       -0.2062    63       -0.2053       -0.2275 20992407   10.79%
 141922 128691       -0.2201    76       -0.2053       -0.2275 21145817   10.79%
 142406 128837       -0.2186    71       -0.2053       -0.2275 21165043   10.79%
 142938 129458       -0.2275    97       -0.2053       -0.2275 21265357   10.79%
 143524 129999       -0.2071    55       -0.2053       -0.2275 21341122   10.79%
Elapsed time = 1033.50 sec. (1226341.16 ticks, tree = 4179.51 MB, solutions = 20)
Nodefile size = 2123.65 MB (1463.71 MB after compression)
 144139 130186       -0.2087    58       -0.2053       -0.2275 21360302   10.79%
 144648 130578       -0.2078    51       -0.2053       -0.2275 21434665   10.79%
 145110 131534       -0.2155    65       -0.2053       -0.2275 21567905   10.79%
 145661 131715       -0.2062    39       -0.2053       -0.2275 21586765   10.79%
 146206 132566       -0.2124    61       -0.2053       -0.2275 21732151   10.79%
 146724 132704       -0.2062    49       -0.2053       -0.2275 21752558   10.79%
 147176 133103       -0.2202    79       -0.2053       -0.2275 21808327   10.79%
 147623 133857       -0.2182    74       -0.2053       -0.2275 21932819   10.79%
 148203 134530       -0.2166    73       -0.2053       -0.2275 22036928   10.79%
 148568 134616       -0.2248    88       -0.2053       -0.2275 22051782   10.79%
Elapsed time = 1065.95 sec. (1264570.00 ticks, tree = 4328.07 MB, solutions = 20)
Nodefile size = 2271.14 MB (1564.91 MB after compression)
 148994 135194       -0.2101    71       -0.2053       -0.2275 22143254   10.79%
 149431 135406       -0.2275    96       -0.2053       -0.2275 22186627   10.79%
 149909 135609       -0.2166    79       -0.2053       -0.2275 22225291   10.79%
 150521 136134       -0.2174    83       -0.2053       -0.2275 22304595   10.79%
 151080 137167       -0.2062    58       -0.2053       -0.2275 22449986   10.79%
 151559 137087       -0.2093    87       -0.2053       -0.2275 22439257   10.79%
 152030 137611       -0.2219    88       -0.2053       -0.2275 22516849   10.79%
 152539 138172       -0.2164    79       -0.2053       -0.2275 22588931   10.79%
 153134 138512       -0.2156    81       -0.2053       -0.2275 22643067   10.79%
 153663 138912       -0.2078    69       -0.2053       -0.2275 22695678   10.79%
Elapsed time = 1098.39 sec. (1302812.79 ticks, tree = 4466.36 MB, solutions = 20)
Nodefile size = 2406.87 MB (1658.34 MB after compression)
 154151 139918       -0.2062    62       -0.2053       -0.2275 22830007   10.79%
 154673 140278       -0.2055    52       -0.2053       -0.2275 22893253   10.79%
 155182 140392       -0.2126    77       -0.2053       -0.2275 22910668   10.79%
 155658 141055       -0.2140    91       -0.2053       -0.2275 23010383   10.79%
 156161 141274       -0.2078    65       -0.2053       -0.2275 23048191   10.79%
 156683 141778       -0.2101    70       -0.2053       -0.2275 23130193   10.79%
 157189 142422       -0.2059    59       -0.2053       -0.2275 23230367   10.79%
 157772 143139       -0.2166    85       -0.2053       -0.2275 23334644   10.79%
 158273 143261       -0.2171    83       -0.2053       -0.2275 23351451   10.79%
 158762 143505       -0.2062    72       -0.2053       -0.2275 23388181   10.79%
Elapsed time = 1131.47 sec. (1341053.21 ticks, tree = 4614.14 MB, solutions = 20)
Nodefile size = 2554.70 MB (1760.45 MB after compression)
 159295 144451       -0.2078    66       -0.2053       -0.2275 23540851   10.79%
 159773 144807       -0.2242    97       -0.2053       -0.2275 23591593   10.79%
 160269 144914       -0.2093    65       -0.2053       -0.2275 23613750   10.79%
 160829 145656       -0.2217    84       -0.2053       -0.2275 23739977   10.79%
 161362 146033       -0.2190    83       -0.2053       -0.2275 23786263   10.79%
 161853 146440       -0.2211    82       -0.2053       -0.2275 23862910   10.79%
 162349 147111       -0.2248    87       -0.2053       -0.2275 23955607   10.79%
 162856 147550       -0.2233    71       -0.2053       -0.2275 24020684   10.79%
 163305 148190       -0.2109    67       -0.2053       -0.2274 24125357   10.79%
 163785 148337       -0.2124    65       -0.2053       -0.2274 24145234   10.79%
Elapsed time = 1164.34 sec. (1379295.58 ticks, tree = 4769.69 MB, solutions = 20)
Nodefile size = 2710.22 MB (1867.59 MB after compression)
 164232 149084       -0.2091    56       -0.2053       -0.2274 24263704   10.78%
 164722 149459       -0.2109    59       -0.2053       -0.2274 24320724   10.78%
 165233 149868       -0.2154    62       -0.2053       -0.2274 24390390   10.77%
 165766 149913       -0.2087    57       -0.2053       -0.2274 24385633   10.77%
 166243 150416       -0.2054    57       -0.2053       -0.2274 24478687   10.77%
 166963 151170       -0.2055    56       -0.2053       -0.2274 24586640   10.77%
 167410 151699       -0.2087    53       -0.2053       -0.2274 24670729   10.77%
 167974 152135       -0.2196    68       -0.2053       -0.2274 24724422   10.77%
 168482 152726       -0.2202    68       -0.2053       -0.2274 24798839   10.76%
 168926 153406       -0.2165    67       -0.2053       -0.2274 24895645   10.76%
Elapsed time = 1197.08 sec. (1417537.45 ticks, tree = 4932.67 MB, solutions = 20)
Nodefile size = 2878.10 MB (1982.91 MB after compression)
 169408 153853       -0.2078    66       -0.2053       -0.2274 24977580   10.76%
 170100 153994       -0.2062    41       -0.2053       -0.2274 24997746   10.76%
 170652 154773       -0.2186    56       -0.2053       -0.2274 25107532   10.75%
 171164 154884       -0.2132    78       -0.2053       -0.2274 25125260   10.75%
 171590 155403       -0.2124    63       -0.2053       -0.2274 25181610   10.74%
 172044 156119       -0.2068    45       -0.2053       -0.2274 25308268   10.74%
 172579 156497       -0.2205    86       -0.2053       -0.2274 25370284   10.74%
 173039 157133       -0.2062    68       -0.2053       -0.2273 25481149   10.74%
 173481 157228       -0.2133    67       -0.2053       -0.2273 25495479   10.73%
 174098 157761       -0.2123    68       -0.2053       -0.2273 25585411   10.72%
Elapsed time = 1229.31 sec. (1455732.83 ticks, tree = 5072.97 MB, solutions = 20)
Nodefile size = 3015.26 MB (2077.27 MB after compression)
 174666 158149       -0.2118    59       -0.2053       -0.2273 25640212   10.71%
 175126 158360       -0.2092    64       -0.2053       -0.2273 25684154   10.71%
 175587 158996       -0.2171    68       -0.2053       -0.2273 25760549   10.71%
 176050 159646       -0.2153    84       -0.2053       -0.2273 25869444   10.70%
 176651 159939       -0.2062    51       -0.2053       -0.2273 25913264   10.69%
 177161 160817       -0.2202    76       -0.2053       -0.2272 26051240   10.69%
 177734 160942       -0.2132    78       -0.2053       -0.2272 26069191   10.69%
 178275 161761       -0.2186    70       -0.2053       -0.2272 26192457   10.69%
 178745 162361       -0.2120    54       -0.2053       -0.2272 26279664   10.68%
 179264 162478       -0.2124    53       -0.2053       -0.2272 26299384   10.68%
Elapsed time = 1262.34 sec. (1493984.97 ticks, tree = 5224.92 MB, solutions = 20)
Nodefile size = 3165.41 MB (2180.61 MB after compression)
 179673 163035       -0.2061    64       -0.2053       -0.2272 26376483   10.68%
 180117 163480       -0.2186    54       -0.2053       -0.2272 26459077   10.68%
 180597 163964       -0.2109    44       -0.2053       -0.2272 26539859   10.68%
 181029 164043       -0.2093    42       -0.2053       -0.2272 26560979   10.67%
 181506 164757       -0.2109    48       -0.2053       -0.2272 26675248   10.67%
 182012 164883       -0.2076    47       -0.2053       -0.2272 26694430   10.67%
 182490 165457       -0.2150    58       -0.2053       -0.2272 26794257   10.67%
 182976 165762       -0.2186    56       -0.2053       -0.2272 26836871   10.67%

Performing restart 2

Repeating presolve.
Tried aggregator 1 time.
Reduced MIP has 3968 rows, 4687 columns, and 49206 nonzeros.
Reduced MIP has 1164 binaries, 0 generals, 0 SOSs, and 0 indicators.
Presolve time = 0.00 sec. (13.87 ticks)
Tried aggregator 1 time.
Reduced MIP has 3968 rows, 4687 columns, and 49206 nonzeros.
Reduced MIP has 1164 binaries, 0 generals, 0 SOSs, and 0 indicators.
Presolve time = 0.02 sec. (21.38 ticks)
Represolve time = 0.25 sec. (46.99 ticks)
 183112     0       -0.2279    71       -0.2053       Cuts: 3 27003842   10.67%
 183112     0       -0.2279    75       -0.2053      Cuts: 12 27004989   10.67%
 183112     0       -0.2279    75       -0.2053       Cuts: 4 27006278   10.67%
 183112     0       -0.2279    85       -0.2053       Cuts: 8 27007336   10.67%
 183112     0       -0.2279    71       -0.2053       Cuts: 4 27008028   10.67%
 183112     0       -0.2279    75       -0.2053       Cuts: 3 27008682   10.67%
 183112     0       -0.2279    73       -0.2053    MIRcuts: 1 27009232   10.67%
 183112     0       -0.2279    69       -0.2053       Cuts: 2 27009845   10.67%
 183112     2       -0.2279    62       -0.2053       -0.2272 27009845   10.67%
 183135    21       -0.2264    82       -0.2053       -0.2272 27041349   10.67%
Elapsed time = 1308.92 sec. (1549624.65 ticks, tree = 0.06 MB, solutions = 20)
 183185    68       -0.2233    65       -0.2053       -0.2272 27088044   10.67%
 183257   136       -0.2186    81       -0.2053       -0.2272 27122114   10.67%
 183363   215       -0.2171    70       -0.2053       -0.2272 27142965   10.67%
 183453   269       -0.2218    61       -0.2053       -0.2272 27161221   10.67%
 183573   354       -0.2141    71       -0.2053       -0.2272 27192712   10.67%
 183742   474       -0.2139    63       -0.2053       -0.2272 27225466   10.67%
 183869   557       -0.2167    72       -0.2053       -0.2272 27247200   10.67%
 184101   694       -0.2179    70       -0.2053       -0.2272 27288896   10.67%
 184317   893       -0.2212    75       -0.2053       -0.2272 27326464   10.67%
 184543  1129       -0.2226    74       -0.2053       -0.2272 27374254   10.67%
Elapsed time = 1339.91 sec. (1587985.72 ticks, tree = 32.51 MB, solutions = 20)
 184805  1347       -0.2247    78       -0.2053       -0.2272 27423371   10.67%
 185093  1474       -0.2062    60       -0.2053       -0.2272 27457327   10.67%
 185350  1738       -0.2187    80       -0.2053       -0.2272 27511959   10.67%
 185637  2052       -0.2123    75       -0.2053       -0.2272 27582768   10.67%
 185895  2211       -0.2078    55       -0.2053       -0.2272 27619693   10.67%
 186128  2456       -0.2269    93       -0.2053       -0.2272 27667348   10.67%
 186448  2726       -0.2109    57       -0.2053       -0.2272 27726864   10.67%
 186715  2949       -0.2219    85       -0.2053       -0.2272 27773842   10.67%
 187119  3343       -0.2087    50       -0.2053       -0.2272 27853195   10.67%
 187454  3622       -0.2132    75       -0.2053       -0.2272 27911179   10.67%
Elapsed time = 1371.41 sec. (1626329.98 ticks, tree = 91.51 MB, solutions = 20)
 187816  3930       -0.2085    49       -0.2053       -0.2272 27969698   10.67%
 188264  4291       -0.2066    61       -0.2053       -0.2272 28038688   10.67%
 188649  4629       -0.2053    66       -0.2053       -0.2272 28097111   10.67%
 189010  5029       -0.2191    75       -0.2053       -0.2272 28178776   10.67%
 189350  5249       -0.2174    74       -0.2053       -0.2272 28220415   10.67%
 189643  5624       -0.2062    44       -0.2053       -0.2272 28294000   10.67%
 190052  5844       -0.2217    83       -0.2053       -0.2272 28334471   10.67%
 190390  6219       -0.2078    42       -0.2053       -0.2272 28401661   10.67%
 190975  6647       -0.2062    59       -0.2053       -0.2272 28467286   10.67%
 191339  7086       -0.2248    82       -0.2053       -0.2272 28542577   10.67%
Elapsed time = 1402.55 sec. (1664637.58 ticks, tree = 187.93 MB, solutions = 20)
 191636  7401       -0.2217    71       -0.2053       -0.2272 28598483   10.67%
 191981  7697       -0.2058    59       -0.2053       -0.2272 28646510   10.67%
 192421  7974       -0.2187    72       -0.2053       -0.2272 28700114   10.67%
 192893  8469       -0.2140    68       -0.2053       -0.2272 28784990   10.67%
 193289  8744       -0.2171    74       -0.2053       -0.2272 28835314   10.67%
 193551  9137       -0.2151    73       -0.2053       -0.2272 28905403   10.67%
 193908  9511       -0.2062    61       -0.2053       -0.2272 28974026   10.67%
 194268  9712       -0.2056    53       -0.2053       -0.2272 29014354   10.67%
 194785 10220       -0.2062    64       -0.2053       -0.2272 29096039   10.67%
 195338 10624       -0.2118    68       -0.2053       -0.2270 29160036   10.56%
Elapsed time = 1433.83 sec. (1702968.55 ticks, tree = 301.20 MB, solutions = 20)
 195760 11080       -0.2148    56       -0.2053       -0.2268 29233812   10.49%
 196022 11457       -0.2189    54       -0.2053       -0.2265 29312360   10.32%
 196341 11602       -0.2078    51       -0.2053       -0.2265 29355000   10.32%
 196623 11900       -0.2233    65       -0.2053       -0.2264 29416629   10.26%
 196969 12219       -0.2203    74       -0.2053       -0.2264 29495079   10.26%
 197403 12414       -0.2186    66       -0.2053       -0.2264 29540615   10.26%
 197774 12923       -0.2062    62       -0.2053       -0.2264 29637218   10.26%
 198063 13259       -0.2171    58       -0.2053       -0.2264 29688380   10.26%
 198364 13477       -0.2078    59       -0.2053       -0.2264 29735871   10.26%
 198631 13654       -0.2218    76       -0.2053       -0.2264 29787121   10.26%
Elapsed time = 1464.95 sec. (1741339.44 ticks, tree = 397.52 MB, solutions = 20)
 198936 13893       -0.2124    68       -0.2053       -0.2264 29830301   10.26%
 199238 14350       -0.2093    58       -0.2053       -0.2264 29959446   10.26%
 199547 14487       -0.2140    63       -0.2053       -0.2264 29989673   10.26%
 199812 14794       -0.2217    60       -0.2053       -0.2264 30069462   10.26%
 200057 15104       -0.2098    63       -0.2053       -0.2264 30137954   10.26%
 200403 15480       -0.2171    65       -0.2053       -0.2264 30211254   10.26%
 200722 15621       -0.2062    47       -0.2053       -0.2264 30238982   10.26%
 201097 16002       -0.2233    80       -0.2053       -0.2264 30321456   10.26%
 201418 16338       -0.2078    50       -0.2053       -0.2264 30395607   10.26%
 201832 16511       -0.2093    46       -0.2053       -0.2264 30450498   10.26%
Elapsed time = 1496.38 sec. (1779653.65 ticks, tree = 484.39 MB, solutions = 20)
 202236 16904       -0.2109    57       -0.2053       -0.2264 30515721   10.26%
 202585 17155       -0.2062    58       -0.2053       -0.2264 30564017   10.26%
 202868 17565       -0.2093    57       -0.2053       -0.2264 30631192   10.26%
 203137 17817       -0.2124    58       -0.2053       -0.2264 30681023   10.26%
 203508 17977       -0.2061    49       -0.2053       -0.2264 30725241   10.26%
 203909 18223       -0.2062    43       -0.2053       -0.2264 30783458   10.26%
 204273 18686       -0.2066    69       -0.2053       -0.2264 30877872   10.26%
 204621 19070       -0.2062    46       -0.2053       -0.2264 30960252   10.26%
 205012 19462       -0.2124    54       -0.2053       -0.2264 31051300   10.26%
 205342 19877       -0.2122    59       -0.2053       -0.2264 31121687   10.26%
Elapsed time = 1527.27 sec. (1817955.29 ticks, tree = 592.85 MB, solutions = 20)
 205693 20029       -0.2181    75       -0.2053       -0.2264 31168932   10.26%
 206064 20457       -0.2070    60       -0.2053       -0.2264 31230688   10.26%
 206387 20589       -0.2143    69       -0.2053       -0.2264 31268312   10.26%
 206724 21042       -0.2062    59       -0.2053       -0.2264 31357613   10.26%
 207088 21214       -0.2207    76       -0.2053       -0.2264 31413387   10.26%
 207533 21473       -0.2183    68       -0.2053       -0.2264 31477992   10.26%
 207809 21798       -0.2109    64       -0.2053       -0.2264 31528491   10.26%
 208091 22256       -0.2264    74       -0.2053       -0.2264 31622469   10.26%
 208354 22467       -0.2155    67       -0.2053       -0.2264 31675212   10.26%
 208744 22842       -0.2223    73       -0.2053       -0.2264 31745339   10.26%
Elapsed time = 1558.23 sec. (1856187.77 ticks, tree = 688.35 MB, solutions = 20)
 209132 23108       -0.2056    59       -0.2053       -0.2264 31822641   10.26%
 209503 23641       -0.2171    65       -0.2053       -0.2264 31916057   10.26%
 209870 23884       -0.2076    55       -0.2053       -0.2264 31967422   10.26%
 210313 24377       -0.2071    47       -0.2053       -0.2264 32067080   10.26%
 210716 24667       -0.2087    56       -0.2053       -0.2264 32127564   10.26%
 211148 25132       -0.2136    62       -0.2053       -0.2264 32198139   10.26%
 211550 25234       -0.2253    74       -0.2053       -0.2264 32210542   10.26%
 211878 25753       -0.2078    61       -0.2053       -0.2264 32307506   10.26%
 212263 25861       -0.2085    57       -0.2053       -0.2264 32345450   10.26%
 212681 26174       -0.2078    53       -0.2053       -0.2264 32399081   10.26%
Elapsed time = 1589.44 sec. (1894485.19 ticks, tree = 795.69 MB, solutions = 20)
 213018 26838       -0.2169    66       -0.2053       -0.2264 32543556   10.26%
 213415 27009       -0.2075    72       -0.2053       -0.2264 32583258   10.26%
 213777 27224       -0.2065    59       -0.2053       -0.2264 32644811   10.26%
 214041 27819       -0.2109    57       -0.2053       -0.2264 32757690   10.26%
 214384 27981       -0.2093    63       -0.2053       -0.2264 32794280   10.26%
 214796 28164       -0.2217    70       -0.2053       -0.2264 32824880   10.26%
 215132 28769       -0.2193    77       -0.2053       -0.2264 32948929   10.26%
 215483 28865       -0.2082    64       -0.2053       -0.2264 32964760   10.26%
 216002 29328       -0.2062    55       -0.2053       -0.2264 33053873   10.26%
 216532 29763       -0.2078    59       -0.2053       -0.2264 33109864   10.26%
Elapsed time = 1620.22 sec. (1932807.67 ticks, tree = 892.79 MB, solutions = 20)
 216925 30033       -0.2091    64       -0.2053       -0.2264 33184657   10.26%
 217239 30579       -0.2173    74       -0.2053       -0.2264 33268089   10.26%
 217483 30728       -0.2243    71       -0.2053       -0.2264 33297074   10.26%
 217754 31253       -0.2093    62       -0.2053       -0.2264 33437037   10.26%
 218098 31351       -0.2171    70       -0.2053       -0.2264 33454051   10.26%
 218436 31586       -0.2109    64       -0.2053       -0.2264 33503909   10.26%
 218785 31821       -0.2170    75       -0.2053       -0.2264 33573037   10.26%
 219182 32240       -0.2078    52       -0.2053       -0.2264 33655208   10.26%
 219609 32892       -0.2155    68       -0.2053       -0.2264 33789967   10.26%
 220077 33215       -0.2166    64       -0.2053       -0.2264 33846247   10.26%
Elapsed time = 1650.89 sec. (1971123.27 ticks, tree = 1004.29 MB, solutions = 20)
 220473 33329       -0.2121    64       -0.2053       -0.2264 33863785   10.26%
 220758 33707       -0.2093    59       -0.2053       -0.2264 33942382   10.26%
 221115 34294       -0.2202    97       -0.2053       -0.2264 34042325   10.26%
 221468 34574       -0.2093    47       -0.2053       -0.2264 34097612   10.26%
 221854 34796       -0.2062    68       -0.2053       -0.2264 34149046   10.26%
 222212 35012       -0.2264    75       -0.2053       -0.2264 34192696   10.26%
 222576 35291       -0.2107    58       -0.2053       -0.2264 34251207   10.26%
 222980 35619       -0.2155    74       -0.2053       -0.2264 34328488   10.26%
 223436 36117       -0.2109    57       -0.2053       -0.2264 34427912   10.26%
 223877 36421       -0.2082    59       -0.2053       -0.2264 34482860   10.26%
Elapsed time = 1681.44 sec. (2009454.68 ticks, tree = 1109.16 MB, solutions = 20)
 224261 37074       -0.2233    77       -0.2053       -0.2264 34606750   10.26%
 224573 37397       -0.2171    70       -0.2053       -0.2264 34666485   10.26%
 224889 37766       -0.2109    63       -0.2053       -0.2264 34738890   10.26%
 225240 38042       -0.2191    77       -0.2053       -0.2264 34813015   10.26%
 225717 38215       -0.2080    28       -0.2053       -0.2264 34832857   10.26%
 226104 38808       -0.2140    74       -0.2053       -0.2264 34942937   10.26%
 226572 38885       -0.2085    65       -0.2053       -0.2264 34958585   10.26%
 227078 39561       -0.2064    55       -0.2053       -0.2264 35079616   10.26%
 227567 39638       -0.2202    79       -0.2053       -0.2264 35096356   10.26%
 228043 40206       -0.2082    62       -0.2053       -0.2264 35180876   10.26%
Elapsed time = 1711.67 sec. (2047686.67 ticks, tree = 1231.61 MB, solutions = 20)
 228428 40815       -0.2074    68       -0.2053       -0.2264 35296729   10.26%
 228781 41209       -0.2078    51       -0.2053       -0.2264 35359038   10.26%
 228985 41356       -0.2227    78       -0.2053       -0.2264 35392959   10.26%
 229350 41800       -0.2208    65       -0.2053       -0.2264 35491151   10.26%
 229697 41992       -0.2186    65       -0.2053       -0.2264 35530911   10.26%
 230066 42323       -0.2171    61       -0.2053       -0.2264 35610458   10.26%
 230394 42573       -0.2093    63       -0.2053       -0.2264 35666977   10.26%
 230770 42801       -0.2224    64       -0.2053       -0.2264 35702716   10.26%
 231153 43340       -0.2202    68       -0.2053       -0.2264 35829503   10.26%
 231577 43583       -0.2222    76       -0.2053       -0.2264 35885481   10.26%
Elapsed time = 1742.56 sec. (2085917.93 ticks, tree = 1340.13 MB, solutions = 20)
 232015 44121       -0.2151    58       -0.2053       -0.2264 35987315   10.26%
 232266 44537       -0.2202    78       -0.2053       -0.2264 36058089   10.26%
 232557 44809       -0.2078    72       -0.2053       -0.2264 36124143   10.26%
 232928 45018       -0.2116    60       -0.2053       -0.2264 36170583   10.26%
 233375 45455       -0.2093    51       -0.2053       -0.2264 36252127   10.26%
 233774 45962       -0.2133    65       -0.2053       -0.2264 36336017   10.26%
 234117 46176       -0.2221    78       -0.2053       -0.2264 36388172   10.26%
 234588 46283       -0.2140    63       -0.2053       -0.2264 36407233   10.26%
 234969 46680       -0.2062    27       -0.2053       -0.2264 36490479   10.26%
 235314 46905       -0.2085    67       -0.2053       -0.2264 36549726   10.26%
Elapsed time = 1773.23 sec. (2124188.68 ticks, tree = 1447.38 MB, solutions = 20)
 235670 47691       -0.2202    82       -0.2053       -0.2264 36694359   10.26%
 235962 47734       -0.2233    78       -0.2053       -0.2264 36713936   10.26%
 236249 48124       -0.2078    51       -0.2053       -0.2264 36814566   10.26%
 236501 48394       -0.2093    55       -0.2053       -0.2264 36890167   10.26%
 236820 48618       -0.2171    71       -0.2053       -0.2264 36928973   10.26%
 237149 48809       -0.2062    58       -0.2053       -0.2264 36968791   10.26%
 237482 49346       -0.2093    56       -0.2053       -0.2264 37099937   10.26%
 237879 49711       -0.2171    69       -0.2053       -0.2264 37183840   10.26%
 238195 49669       -0.2202    71       -0.2053       -0.2264 37180169   10.26%
 238583 50132       -0.2264    81       -0.2053       -0.2264 37281315   10.26%
Elapsed time = 1803.86 sec. (2162476.21 ticks, tree = 1551.08 MB, solutions = 20)
 238959 50731       -0.2062    40       -0.2053       -0.2264 37394981   10.26%
 239397 50997       -0.2055    65       -0.2053       -0.2264 37447809   10.26%
 239835 51244       -0.2233    81       -0.2053       -0.2264 37494702   10.26%
 240208 51503       -0.2214    79       -0.2053       -0.2264 37553419   10.26%
 240525 51858       -0.2116    63       -0.2053       -0.2264 37608438   10.26%
 240909 52467       -0.2264    70       -0.2053       -0.2264 37720479   10.26%
 241277 52734       -0.2155    63       -0.2053       -0.2264 37773672   10.26%
 241695 53066       -0.2186    62       -0.2053       -0.2264 37829166   10.26%
 242072 53626       -0.2230    80       -0.2053       -0.2264 37932280   10.26%
 242454 53692       -0.2155    47       -0.2053       -0.2264 37951618   10.26%
Elapsed time = 1834.14 sec. (2200809.41 ticks, tree = 1665.86 MB, solutions = 20)
 242889 54128       -0.2093    50       -0.2053       -0.2264 38061267   10.26%
 243289 54346       -0.2165    77       -0.2053       -0.2264 38092889   10.26%
 243625 55009       -0.2124    69       -0.2053       -0.2264 38223524   10.26%
 243999 55239       -0.2086    62       -0.2053       -0.2264 38284289   10.26%
 244366 55437       -0.2150    68       -0.2053       -0.2264 38318526   10.26%
 244666 55713       -0.2093    59       -0.2053       -0.2264 38379928   10.26%
 244955 56225       -0.2093    60       -0.2053       -0.2264 38491826   10.26%
 245260 56329       -0.2182    78       -0.2053       -0.2264 38514899   10.26%
 245671 56703       -0.2171    61       -0.2053       -0.2264 38584915   10.26%
 246056 56809       -0.2109    61       -0.2053       -0.2264 38615746   10.26%
Elapsed time = 1864.88 sec. (2239042.20 ticks, tree = 1766.50 MB, solutions = 20)
 246429 57297       -0.2198    75       -0.2053       -0.2264 38706518   10.26%
 246809 57831       -0.2202    82       -0.2053       -0.2264 38807402   10.26%
 247179 58159       -0.2109    51       -0.2053       -0.2264 38895674   10.26%
 247572 58357       -0.2078    61       -0.2053       -0.2264 38930026   10.26%
 247969 58855       -0.2062    54       -0.2053       -0.2264 39035037   10.26%
 248385 59300       -0.2161    63       -0.2053       -0.2264 39116027   10.26%
 248782 59501       -0.2167    70       -0.2053       -0.2264 39157640   10.26%
 249059 59765       -0.2219    78       -0.2053       -0.2264 39212289   10.26%
 249354 60363       -0.2062    61       -0.2053       -0.2264 39332932   10.26%
 249675 60437       -0.2071    57       -0.2053       -0.2264 39352371   10.26%
Elapsed time = 1899.33 sec. (2277302.95 ticks, tree = 1883.78 MB, solutions = 20)
 250099 60736       -0.2078    54       -0.2053       -0.2264 39419568   10.26%
 250477 60969       -0.2145    80       -0.2053       -0.2264 39461684   10.26%
 250856 61684       -0.2169    74       -0.2053       -0.2264 39611693   10.26%
 251255 61780       -0.2147    64       -0.2053       -0.2264 39630323   10.26%
 251704 61994       -0.2247    72       -0.2053       -0.2264 39693342   10.26%
 252160 62572       -0.2077    50       -0.2053       -0.2264 39795809   10.26%
 252558 62970       -0.2217    87       -0.2053       -0.2264 39860087   10.26%
 252979 63242       -0.2230    78       -0.2053       -0.2264 39922886   10.26%
 253386 63421       -0.2176    74       -0.2053       -0.2264 39958306   10.26%
 253810 64138       -0.2264    81       -0.2053       -0.2264 40091933   10.26%
Elapsed time = 1933.73 sec. (2315540.89 ticks, tree = 2003.19 MB, solutions = 20)
 254093 64424       -0.2062    51       -0.2053       -0.2264 40151474   10.26%
 254420 64831       -0.2124    61       -0.2053       -0.2264 40232302   10.26%
 254799 65211       -0.2093    61       -0.2053       -0.2264 40313525   10.26%
 255178 65480       -0.2231    70       -0.2053       -0.2264 40370080   10.26%
 255615 65739       -0.2122    60       -0.2053       -0.2264 40416661   10.26%
 256015 66005       -0.2124    57       -0.2053       -0.2264 40483229   10.26%
 256457 66586       -0.2233    83       -0.2053       -0.2264 40585218   10.26%
 256784 66697       -0.2058    52       -0.2053       -0.2264 40619555   10.26%
 257211 67492       -0.2070    61       -0.2053       -0.2264 40774447   10.26%
 257595 67449       -0.2155    62       -0.2053       -0.2264 40770736   10.26%
Elapsed time = 1970.75 sec. (2353802.32 ticks, tree = 2109.83 MB, solutions = 20)
Nodefile size = 53.24 MB (36.73 MB after compression)
 257980 67878       -0.2184    76       -0.2053       -0.2264 40845221   10.26%
 258472 68385       -0.2062    56       -0.2053       -0.2264 40948731   10.26%
 258921 68638       -0.2062    54       -0.2053       -0.2264 40995051   10.26%
 259177 69282       -0.2186    71       -0.2053       -0.2264 41129165   10.26%
 259487 69333       -0.2229    82       -0.2053       -0.2264 41147223   10.26%
 259914 69676       -0.2182    66       -0.2053       -0.2264 41211605   10.26%
 260318 70290       -0.2062    35       -0.2053       -0.2264 41325734   10.26%
 260787 70449       -0.2124    60       -0.2053       -0.2264 41363168   10.26%
 261170 70977       -0.2189    76       -0.2053       -0.2264 41456898   10.26%
 261587 71373       -0.2220    88       -0.2053       -0.2264 41540310   10.26%
Elapsed time = 2010.34 sec. (2392094.23 ticks, tree = 2236.29 MB, solutions = 20)
Nodefile size = 183.97 MB (126.83 MB after compression)
 262036 71664       -0.2109    64       -0.2053       -0.2264 41582180   10.26%
 262468 72194       -0.2109    56       -0.2053       -0.2264 41688399   10.26%
 262827 72112       -0.2143    61       -0.2053       -0.2264 41683819   10.26%
 263181 72694       -0.2168    58       -0.2053       -0.2264 41791493   10.26%
 263537 73088       -0.2124    55       -0.2053       -0.2264 41873562   10.26%
 263905 73417       -0.2062    55       -0.2053       -0.2264 41962927   10.26%
 264202 73496       -0.2138    61       -0.2053       -0.2264 41977839   10.26%
 264488 74030       -0.2068    63       -0.2053       -0.2264 42083483   10.26%
 264879 74368       -0.2191    75       -0.2053       -0.2264 42155846   10.26%
 265281 74826       -0.2056    54       -0.2053       -0.2264 42247998   10.26%
Elapsed time = 2046.53 sec. (2430471.72 ticks, tree = 2347.42 MB, solutions = 20)
Nodefile size = 294.77 MB (203.23 MB after compression)
 265677 74993       -0.2135    65       -0.2053       -0.2264 42282430   10.26%
 266026 75172       -0.2062    52       -0.2053       -0.2264 42323854   10.26%
 266358 75656       -0.2109    82       -0.2053       -0.2264 42430499   10.26%
 266775 75761       -0.2093    64       -0.2053       -0.2264 42448658   10.26%
 267087 76159       -0.2136    60       -0.2053       -0.2264 42530380   10.26%
 267487 76480       -0.2186    72       -0.2053       -0.2264 42592330   10.26%
 267825 77076       -0.2217    73       -0.2053       -0.2264 42730006   10.26%
 268159 77345       -0.2171    64       -0.2053       -0.2264 42788215   10.26%
 268544 77557       -0.2193    75       -0.2053       -0.2264 42838082   10.26%
 268867 77874       -0.2150    76       -0.2053       -0.2264 42915297   10.26%
Elapsed time = 2084.67 sec. (2468743.54 ticks, tree = 2445.47 MB, solutions = 20)
Nodefile size = 391.91 MB (270.10 MB after compression)
 269123 78262       -0.2124    71       -0.2053       -0.2264 43002054   10.26%
 269451 78658       -0.2217    78       -0.2053       -0.2264 43067466   10.26%
 269896 78736       -0.2155    60       -0.2053       -0.2264 43096409   10.26%
 270332 79193       -0.2155    62       -0.2053       -0.2264 43187502   10.26%
 270711 79519       -0.2058    48       -0.2053       -0.2264 43241883   10.26%
 271114 79972       -0.2057    59       -0.2053       -0.2264 43337435   10.26%
 271525 80174       -0.2171    70       -0.2053       -0.2264 43375459   10.26%
 272004 80888       -0.2060    50       -0.2053       -0.2264 43510601   10.26%
 272334 80990       -0.2155    69       -0.2053       -0.2264 43532305   10.26%
 272741 81439       -0.2076    47       -0.2053       -0.2264 43617953   10.26%
Elapsed time = 2122.53 sec. (2507016.18 ticks, tree = 2560.07 MB, solutions = 20)
Nodefile size = 505.58 MB (348.43 MB after compression)
 273227 81831       -0.2062    52       -0.2053       -0.2264 43686704   10.26%
 273604 82494       -0.2176    73       -0.2053       -0.2264 43829298   10.26%
 274008 82818       -0.2232    81       -0.2053       -0.2264 43898190   10.26%
 274318 83110       -0.2078    68       -0.2053       -0.2264 43965006   10.26%
 274684 83170       -0.2134    73       -0.2053       -0.2264 43979493   10.26%
 275065 83750       -0.2136    71       -0.2053       -0.2264 44094646   10.26%
 275450 83974       -0.2171    59       -0.2053       -0.2264 44136892   10.26%
 275885 84516       -0.2171    62       -0.2053       -0.2264 44245163   10.26%
 276278 84751       -0.2093    59       -0.2053       -0.2264 44287525   10.26%
 276626 85275       -0.2122    74       -0.2053       -0.2263 44397155   10.24%
Elapsed time = 2158.70 sec. (2545286.08 ticks, tree = 2683.59 MB, solutions = 20)
Nodefile size = 630.34 MB (434.46 MB after compression)
 277017 85522       -0.2183    75       -0.2053       -0.2263 44431585   10.24%
 277393 85795       -0.2079    53       -0.2053       -0.2263 44500783   10.24%
 277760 86323       -0.2162    79       -0.2053       -0.2263 44605365   10.21%
 278241 86656       -0.2113    65       -0.2053       -0.2263 44667381   10.21%
 278589 86856       -0.2182    83       -0.2053       -0.2263 44706522   10.21%
 279089 87324       -0.2124    60       -0.2053       -0.2263 44799642   10.21%
 279576 87703       -0.2073    53       -0.2053       -0.2263 44864787   10.21%
 279918 88203       -0.2169    71       -0.2053       -0.2263 44942926   10.21%
 280222 88433       -0.2064    56       -0.2053       -0.2263 44983401   10.21%
 280603 88769       -0.2192    79       -0.2053       -0.2263 45045233   10.21%
Elapsed time = 2193.89 sec. (2583542.70 ticks, tree = 2796.17 MB, solutions = 20)
Nodefile size = 740.93 MB (510.41 MB after compression)
 281006 89224       -0.2150    67       -0.2053       -0.2263 45121214   10.21%
 281471 89498       -0.2125    72       -0.2053       -0.2262 45162262   10.17%
 281841 89926       -0.2093    58       -0.2053       -0.2262 45250391   10.16%
 282257 90149       -0.2060    61       -0.2053       -0.2262 45289918   10.16%
 282641 90642       -0.2062    58       -0.2053       -0.2262 45381287   10.16%
 282981 91189       -0.2063    51       -0.2053       -0.2262 45492284   10.16%
 283412 91473       -0.2101    60       -0.2053       -0.2261 45561019   10.15%
 283798 91563       -0.2123    56       -0.2053       -0.2261 45578641   10.15%
 284325 92369       -0.2140    63       -0.2053       -0.2261 45736435   10.15%
 284695 92472       -0.2155    58       -0.2053       -0.2261 45755069   10.14%
Elapsed time = 2227.34 sec. (2621829.19 ticks, tree = 2915.44 MB, solutions = 20)
Nodefile size = 859.69 MB (592.23 MB after compression)
 285244 92714       -0.2102    52       -0.2053       -0.2261 45793320   10.14%
 285769 93421       -0.2229    78       -0.2053       -0.2261 45906804   10.14%
 286103 93998       -0.2079    52       -0.2053       -0.2261 45994337   10.14%
 286433 94442       -0.2155    71       -0.2053       -0.2261 46091127   10.14%
 286729 94806       -0.2077    59       -0.2053       -0.2261 46147947   10.14%
 287062 94941       -0.2057    63       -0.2053       -0.2261 46187663   10.14%
 287514 95369       -0.2109    49       -0.2053       -0.2261 46271990   10.13%
 287981 95581       -0.2130    67       -0.2053       -0.2261 46319396   10.13%
 288358 95852       -0.2148    79       -0.2053       -0.2261 46374039   10.13%
 288794 96332       -0.2205    85       -0.2053       -0.2261 46451398   10.13%
Elapsed time = 2262.56 sec. (2660136.12 ticks, tree = 3039.87 MB, solutions = 20)
Nodefile size = 982.51 MB (676.95 MB after compression)
 289155 96564       -0.2062    33       -0.2053       -0.2261 46502803   10.13%
 289519 97092       -0.2107    46       -0.2053       -0.2261 46610724   10.13%
 289951 97329       -0.2150    70       -0.2053       -0.2261 46657981   10.13%
 290400 97937       -0.2092    67       -0.2053       -0.2261 46771241   10.12%
 290869 97935       -0.2114    69       -0.2053       -0.2261 46759304   10.12%
 291326 98389       -0.2093    55       -0.2053       -0.2261 46857712   10.11%
 291743 99262       -0.2143    65       -0.2053       -0.2260 47022581   10.09%
 292195 99364       -0.2138    68       -0.2053       -0.2260 47042099   10.08%
 292548 100143       -0.2186    74       -0.2053       -0.2260 47189000   10.08%
 292989 100091       -0.2093    45       -0.2053       -0.2260 47170357   10.08%
Elapsed time = 2295.03 sec. (2698513.96 ticks, tree = 3160.79 MB, solutions = 20)
Nodefile size = 1104.80 MB (761.09 MB after compression)
 293347 100418       -0.2077    55       -0.2053       -0.2260 47236466   10.08%
 293844 100998       -0.2171    60       -0.2053       -0.2260 47332359   10.08%
 294285 101330       -0.2093    48       -0.2053       -0.2260 47392888   10.08%
 294751 102017       -0.2140    60       -0.2053       -0.2260 47515599   10.08%
 295052 102090       -0.2159    65       -0.2053       -0.2260 47533721   10.08%
 295436 102625       -0.2140    64       -0.2053       -0.2260 47650746   10.08%
 295881 102598       -0.2117    57       -0.2053       -0.2260 47641566   10.06%
 296294 103291       -0.2054    62       -0.2053       -0.2259 47785768   10.06%
 296709 103550       -0.2062    55       -0.2053       -0.2259 47832900   10.05%
 297179 104032       -0.2128    43       -0.2053       -0.2259 47920730   10.04%
Elapsed time = 2329.89 sec. (2736766.22 ticks, tree = 3287.90 MB, solutions = 20)
Nodefile size = 1232.94 MB (849.43 MB after compression)
 297592 104308       -0.2197    84       -0.2053       -0.2259 47965867   10.04%
 298020 105015       -0.2062    49       -0.2053       -0.2259 48096475   10.04%
 298375 105087       -0.2233    82       -0.2053       -0.2259 48115413   10.03%
 298801 105562       -0.2232    74       -0.2053       -0.2259 48207787   10.03%
 299097 105744       -0.2140    59       -0.2053       -0.2259 48244652   10.02%
 299426 105906       -0.2123    86       -0.2053       -0.2258 48279394   10.01%
 299721 106492       -0.2062    47       -0.2053       -0.2258 48397452   10.00%
 300196 106870       -0.2116    74       -0.2053       -0.2258 48483253    9.99%
 300644 107362       -0.2164    69       -0.2053       -0.2258 48580606    9.99%
 301069 107629       -0.2210    73       -0.2053       -0.2258 48617171    9.99%
Elapsed time = 2362.25 sec. (2775065.51 ticks, tree = 3399.62 MB, solutions = 20)
Nodefile size = 1346.73 MB (927.57 MB after compression)
 301466 107823       -0.2258    77       -0.2053       -0.2258 48665466    9.99%
 301835 108362       -0.2078    65       -0.2053       -0.2258 48749205    9.99%
 302253 108693       -0.2101    56       -0.2053       -0.2258 48833330    9.99%
 302606 109210       -0.2139    69       -0.2053       -0.2258 48952930    9.99%
 302980 109386       -0.2061    53       -0.2053       -0.2258 48989520    9.99%
 303429 109536       -0.2092    54       -0.2053       -0.2258 49008272    9.99%
 303807 110204       -0.2057    50       -0.2053       -0.2258 49152926    9.99%
 304232 110702       -0.2115    60       -0.2053       -0.2258 49241563    9.99%
 304857 111015       -0.2251    83       -0.2053       -0.2258 49308864    9.99%
 305304 111266       -0.2107    49       -0.2053       -0.2258 49356108    9.99%
Elapsed time = 2394.30 sec. (2813293.78 ticks, tree = 3503.67 MB, solutions = 20)
Nodefile size = 1448.84 MB (997.64 MB after compression)
 305698 111603       -0.2057    60       -0.2053       -0.2258 49385190    9.99%
 306083 112103       -0.2061    52       -0.2053       -0.2258 49452946    9.99%
 306606 112741       -0.2233    89       -0.2053       -0.2258 49571136    9.99%
 307055 113006       -0.2093    45       -0.2053       -0.2258 49627586    9.99%
 307451 112961       -0.2173    82       -0.2053       -0.2258 49625184    9.99%
 307960 113426       -0.2111    68       -0.2053       -0.2258 49694178    9.99%
 308465 114527       -0.2213    60       -0.2053       -0.2258 49859853    9.99%
 308992 114711       -0.2155    72       -0.2053       -0.2258 49876668    9.99%
 309440 114771       -0.2130    68       -0.2053       -0.2258 49914386    9.99%
 309798 115713       -0.2093    55       -0.2053       -0.2258 50055139    9.99%
Elapsed time = 2430.59 sec. (2851506.30 ticks, tree = 3647.19 MB, solutions = 20)
Nodefile size = 1592.72 MB (1096.34 MB after compression)
 310170 115611       -0.2062    61       -0.2053       -0.2258 50045375    9.99%
 310512 116110       -0.2056    50       -0.2053       -0.2258 50141247    9.99%
 310946 116772       -0.2098    52       -0.2053       -0.2258 50282369    9.99%
 311507 117155       -0.2058    44       -0.2053       -0.2258 50360302    9.99%
 311977 117566       -0.2179    85       -0.2053       -0.2258 50410770    9.99%
 312338 117623       -0.2076    59       -0.2053       -0.2258 50429523    9.99%
 312688 118239       -0.2184    72       -0.2053       -0.2258 50529728    9.99%
 312976 118673       -0.2124    66       -0.2053       -0.2258 50620525    9.99%
 313270 119057       -0.2207    68       -0.2053       -0.2258 50706969    9.99%
 313621 119249       -0.2101    61       -0.2053       -0.2258 50741971    9.99%
Elapsed time = 2463.52 sec. (2889779.31 ticks, tree = 3738.80 MB, solutions = 20)
Nodefile size = 1683.78 MB (1158.82 MB after compression)
 314005 119440       -0.2096    58       -0.2053       -0.2258 50776538    9.99%
 314419 119642       -0.2227    84       -0.2053       -0.2258 50827934    9.99%
 314830 120164       -0.2102    58       -0.2053       -0.2258 50950868    9.99%
 315260 120469       -0.2090    59       -0.2053       -0.2258 51000385    9.99%
 315662 120747       -0.2061    60       -0.2053       -0.2258 51056770    9.99%
 316128 121566        cutoff             -0.2053       -0.2258 51199423    9.99%
 316590 121874       -0.2171    74       -0.2053       -0.2258 51250790    9.99%
 317053 122160       -0.2142    78       -0.2053       -0.2258 51306780    9.99%
 317526 122258       -0.2158    59       -0.2053       -0.2258 51326166    9.99%
 317930 123329       -0.2064    59       -0.2053       -0.2258 51517019    9.99%
Elapsed time = 2495.64 sec. (2928061.50 ticks, tree = 3870.44 MB, solutions = 20)
Nodefile size = 1815.38 MB (1249.43 MB after compression)
 318321 123490       -0.2192    69       -0.2053       -0.2258 51550778    9.99%
 318887 123755       -0.2158    69       -0.2053       -0.2258 51590959    9.99%
 319262 123970       -0.2058    62       -0.2053       -0.2258 51642373    9.99%
 319600 124517       -0.2054    64       -0.2053       -0.2258 51726058    9.99%
 319916 125056       -0.2212    77       -0.2053       -0.2258 51824881    9.99%
 320345 125442        cutoff             -0.2053       -0.2258 51904099    9.99%
 320819 126048       -0.2091    54       -0.2053       -0.2258 52008401    9.99%
 321277 126186       -0.2140    76       -0.2053       -0.2258 52026755    9.99%
 321745 126861       -0.2142    69       -0.2053       -0.2258 52148090    9.99%
 322245 126627       -0.2215    63       -0.2053       -0.2258 52099687    9.99%
Elapsed time = 2527.42 sec. (2966290.54 ticks, tree = 3976.63 MB, solutions = 20)
Nodefile size = 1917.41 MB (1319.64 MB after compression)
 322766 127309       -0.2109    63       -0.2053       -0.2258 52219034    9.97%
 323195 127833       -0.2119    60       -0.2053       -0.2258 52300199    9.97%
 323669 128047        cutoff             -0.2053       -0.2257 52330311    9.96%
 324179 128704       -0.2226    77       -0.2053       -0.2257 52430982    9.96%
 324643 128932       -0.2101    63       -0.2053       -0.2257 52489265    9.94%
 325039 129651       -0.2247    73       -0.2053       -0.2257 52587954    9.94%
 325473 129987       -0.2071    57       -0.2053       -0.2257 52661818    9.93%
 325923 130370       -0.2239    81       -0.2053       -0.2257 52730352    9.92%
 326404 130795       -0.2078    66       -0.2053       -0.2257 52804262    9.92%
 326802 131456       -0.2128    56       -0.2053       -0.2257 52932226    9.92%
Elapsed time = 2560.08 sec. (3004523.15 ticks, tree = 4132.32 MB, solutions = 20)
Nodefile size = 2079.24 MB (1430.86 MB after compression)
 327116 131697       -0.2074    58       -0.2053       -0.2257 52978764    9.92%
 327490 132118       -0.2072    54       -0.2053       -0.2257 53063289    9.92%
 327878 132376       -0.2138    63       -0.2053       -0.2257 53107934    9.92%
 328292 132865       -0.2164    70       -0.2053       -0.2256 53208692    9.91%
 328743 132584       -0.2140    88       -0.2053       -0.2256 53169729    9.91%
 329177 133283       -0.2096    68       -0.2053       -0.2256 53288606    9.91%
 329563 133863       -0.2197    81       -0.2053       -0.2256 53390100    9.90%
 329989 134365       -0.2109    65       -0.2053       -0.2256 53498438    9.90%
 330361 134441       -0.2109    67       -0.2053       -0.2256 53515875    9.90%
 330701 135020       -0.2067    60       -0.2053       -0.2256 53644270    9.90%
Elapsed time = 2592.00 sec. (3042757.63 ticks, tree = 4246.88 MB, solutions = 20)
Nodefile size = 2191.71 MB (1508.13 MB after compression)
 331124 134969       -0.2078    59       -0.2053       -0.2256 53628151    9.90%
 331549 135601       -0.2069    53       -0.2053       -0.2256 53747727    9.90%
 331966 136199       -0.2062    73       -0.2053       -0.2256 53875603    9.90%
 332368 136293       -0.2239    80       -0.2053       -0.2256 53894529    9.90%
 332831 136932       -0.2078    59       -0.2053       -0.2256 54017991    9.90%
 333235 137223       -0.2068    68       -0.2053       -0.2256 54069344    9.90%
 333550 137492       -0.2062    56       -0.2053       -0.2256 54126315    9.90%
 333836 137970       -0.2178    57       -0.2053       -0.2256 54230696    9.90%
 334238 138060       -0.2089    71       -0.2053       -0.2256 54243750    9.89%
 334624 138420       -0.2149    65       -0.2053       -0.2256 54328391    9.89%
Elapsed time = 2624.16 sec. (3081067.96 ticks, tree = 4356.25 MB, solutions = 20)
Nodefile size = 2299.34 MB (1582.31 MB after compression)
 335050 139013       -0.2078    65       -0.2053       -0.2256 54436792    9.89%
 335533 139278       -0.2066    65       -0.2053       -0.2256 54478285    9.88%
 336008 139547       -0.2177    81       -0.2053       -0.2256 54518013    9.88%
 336400 140062       -0.2150    77       -0.2053       -0.2256 54625947    9.88%
 336790 140492       -0.2168    63       -0.2053       -0.2256 54697742    9.88%
 337243 140578       -0.2174    70       -0.2053       -0.2256 54715586    9.88%
 337602 141395       -0.2087    55       -0.2053       -0.2256 54866362    9.88%
 338099 141319       -0.2061    54       -0.2053       -0.2256 54859652    9.88%
 338474 141738       -0.2117    56       -0.2053       -0.2256 54949818    9.88%
 338836 142026       -0.2119    67       -0.2053       -0.2256 54997560    9.88%
Elapsed time = 2656.53 sec. (3119342.64 ticks, tree = 4472.22 MB, solutions = 20)
Nodefile size = 2414.51 MB (1661.60 MB after compression)
 339228 142747       -0.2055    54       -0.2053       -0.2256 55125543    9.88%
 339631 143086       -0.2093    46       -0.2053       -0.2256 55217052    9.88%
 340016 143166       -0.2057    61       -0.2053       -0.2256 55234957    9.88%
 340370 143622       -0.2060    54       -0.2053       -0.2256 55320371    9.88%
 340622 144065       -0.2109    57       -0.2053       -0.2256 55412863    9.88%
 340960 144393       -0.2150    80       -0.2053       -0.2256 55483774    9.88%
 341369 144570       -0.2100    68       -0.2053       -0.2256 55514619    9.88%
 341800 144887       -0.2119    72       -0.2053       -0.2256 55580865    9.88%
 342197 145621       -0.2159    72       -0.2053       -0.2256 55722020    9.88%
 342636 146033       -0.2105    68       -0.2053       -0.2256 55795016    9.88%
Elapsed time = 2688.83 sec. (3157673.42 ticks, tree = 4601.17 MB, solutions = 20)
Nodefile size = 2545.92 MB (1751.99 MB after compression)
 343073 146201       -0.2219    82       -0.2053       -0.2256 55838163    9.88%
 343604 146669       -0.2179    74       -0.2053       -0.2256 55906189    9.88%
 344180 147134       -0.2091    61       -0.2053       -0.2256 55984731    9.87%
 344597 147339       -0.2118    67       -0.2053       -0.2256 56029464    9.87%
 345080 148199       -0.2120    59       -0.2053       -0.2256 56155237    9.87%
 345443 148305       -0.2071    66       -0.2053       -0.2256 56172623    9.87%
 345934 148532       -0.2168    90       -0.2053       -0.2255 56214901    9.86%
 346493 148916       -0.2145    79       -0.2053       -0.2255 56285886    9.86%
 346971 149488       -0.2109    66       -0.2053       -0.2255 56387388    9.85%
 347382 150036       -0.2055    58       -0.2053       -0.2255 56480962    9.85%
Elapsed time = 2720.92 sec. (3195974.79 ticks, tree = 4730.31 MB, solutions = 20)
Nodefile size = 2675.61 MB (1841.13 MB after compression)
 347790 150660       -0.2062    63       -0.2053       -0.2255 56582728    9.85%
 348258 151020       -0.2224    79       -0.2053       -0.2255 56657328    9.84%
 348636 151122       -0.2182    60       -0.2053       -0.2255 56675134    9.84%
 349025 151625       -0.2078    60       -0.2053       -0.2255 56766697    9.84%
 349398 152135       -0.2101    68       -0.2053       -0.2255 56859999    9.84%
 349811 152479       -0.2124    66       -0.2053       -0.2255 56921782    9.84%
 350317 152420       -0.2058    50       -0.2053       -0.2255 56909850    9.84%
 350803 153312       -0.2171    67       -0.2053       -0.2255 57051309    9.84%
 351320 153736       -0.2070    53       -0.2053       -0.2255 57126315    9.84%
 351744 154362       -0.2132    60       -0.2053       -0.2255 57225020    9.84%
Elapsed time = 2752.80 sec. (3234274.52 ticks, tree = 4869.52 MB, solutions = 20)
Nodefile size = 2815.03 MB (1937.12 MB after compression)
 352198 154448       -0.2093    56       -0.2053       -0.2255 57244755    9.84%
 352599 155026       -0.2071    49       -0.2053       -0.2255 57345625    9.84%
 353042 155154       -0.2056    60       -0.2053       -0.2255 57363409    9.84%
 353518 155411       -0.2195    70       -0.2053       -0.2255 57439118    9.82%
 354115 156199       -0.2233    74       -0.2053       -0.2255 57533877    9.82%
 354588 156415       -0.2062    44       -0.2053       -0.2255 57605304    9.82%
 355012 156506       -0.2109    62       -0.2053       -0.2255 57625311    9.82%
 355441 157293       -0.2055    53       -0.2053       -0.2255 57731815    9.82%
 355911 157810       -0.2214    68       -0.2053       -0.2255 57832088    9.82%
 356400 158167       -0.2205    72       -0.2053       -0.2255 57906440    9.82%
Elapsed time = 2788.97 sec. (3272482.43 ticks, tree = 4992.09 MB, solutions = 20)
Nodefile size = 2936.00 MB (2020.32 MB after compression)
 356838 158606       -0.2087    50       -0.2053       -0.2254 57986654    9.81%
 357258 159378       -0.2153    77       -0.2053       -0.2254 58114349    9.81%
 357646 159465       -0.2192    73       -0.2053       -0.2254 58129378    9.81%
 358028 159945       -0.2235    90       -0.2053       -0.2254 58211727    9.81%
 358453 159897       -0.2177    69       -0.2053       -0.2254 58210061    9.81%
 358880 160699       -0.2067    52       -0.2053       -0.2254 58353952    9.81%
 359352 160584       -0.2189    71       -0.2053       -0.2254 58338413    9.81%
 359790 161280       -0.2058    27       -0.2053       -0.2254 58473507    9.81%
 360224 161574       -0.2169    63       -0.2053       -0.2254 58526630    9.81%
 360529 162287       -0.2107    58       -0.2053       -0.2254 58663015    9.81%
Elapsed time = 2822.39 sec. (3310789.56 ticks, tree = 5124.69 MB, solutions = 20)
Nodefile size = 3068.60 MB (2111.43 MB after compression)
 361001 162646       -0.2229    85       -0.2053       -0.2254 58745060    9.81%
 361495 162785       -0.2061    65       -0.2053       -0.2254 58765314    9.81%
 361973 163339       -0.2186    65       -0.2053       -0.2254 58865181    9.81%
 362451 163730       -0.2109    58       -0.2053       -0.2254 58932843    9.81%
 362954 163981       -0.2096    62       -0.2053       -0.2254 58988536    9.81%
 363430 164962       -0.2078    55       -0.2053       -0.2254 59149290    9.81%
 363869 165072       -0.2124    63       -0.2053       -0.2254 59168131    9.81%
 364344 165824       -0.2099    59       -0.2053       -0.2254 59299443    9.81%
 364766 165921       -0.2077    48       -0.2053       -0.2254 59318552    9.81%
 365147 166133       -0.2078    53       -0.2053       -0.2254 59364564    9.81%
Elapsed time = 2854.83 sec. (3349024.25 ticks, tree = 5248.54 MB, solutions = 20)
Nodefile size = 3191.06 MB (2195.61 MB after compression)
 365521 166748       -0.2140    68       -0.2053       -0.2254 59471021    9.80%
 365962 166821       -0.2171    62       -0.2053       -0.2254 59488563    9.80%
 366416 167630       -0.2097    46       -0.2053       -0.2254 59624607    9.80%
 366930 167822       -0.2096    58       -0.2053       -0.2254 59662278    9.80%
 367493 167958       -0.2189    93       -0.2053       -0.2254 59682703    9.80%
 368001 168741       -0.2087    59       -0.2053       -0.2254 59821380    9.80%
 368467 169107       -0.2106    50       -0.2053       -0.2254 59870256    9.80%
 368937 169976       -0.2091    50       -0.2053       -0.2254 59998722    9.80%
 369354 170197       -0.2210    72       -0.2053       -0.2254 60047294    9.79%
 369860 170759       -0.2173    68       -0.2053       -0.2254 60152069    9.79%
Elapsed time = 2887.25 sec. (3387246.85 ticks, tree = 5397.89 MB, solutions = 20)
Nodefile size = 3343.71 MB (2300.57 MB after compression)
 370308 170850       -0.2062    54       -0.2053       -0.2254 60170871    9.79%
 370723 171589        cutoff             -0.2053       -0.2254 60307280    9.78%
 371260 171998       -0.2062    58       -0.2053       -0.2254 60382934    9.78%
 371635 172270       -0.2128    66       -0.2053       -0.2254 60422711    9.78%
 372109 172389       -0.2072    58       -0.2053       -0.2254 60443068    9.78%
 372563 173356       -0.2157    72       -0.2053       -0.2254 60612851    9.78%
 372933 173594       -0.2077    62       -0.2053       -0.2254 60660205    9.78%
 373262 173693       -0.2197    77       -0.2053       -0.2254 60678105    9.78%
 373573 174422       -0.2202    78       -0.2053       -0.2254 60838760    9.78%
 373913 174698       -0.2085    64       -0.2053       -0.2254 60890757    9.78%
Elapsed time = 2920.41 sec. (3425500.31 ticks, tree = 5525.06 MB, solutions = 20)
Nodefile size = 3470.38 MB (2387.64 MB after compression)
 374339 174902       -0.2067    52       -0.2053       -0.2254 60927689    9.78%
 374768 175015       -0.2062    53       -0.2053       -0.2254 60945978    9.78%
 375188 175693       -0.2171    79       -0.2053       -0.2254 61057847    9.78%
 375571 176019       -0.2108    56       -0.2053       -0.2254 61131095    9.78%
 376027 176429       -0.2179    73       -0.2053       -0.2254 61209854    9.78%
 376398 176544       -0.2070    50       -0.2053       -0.2254 61231011    9.78%
 376814 176892       -0.2093    62       -0.2053       -0.2254 61293072    9.78%
 377236 177335       -0.2093    69       -0.2053       -0.2254 61380929    9.78%
 377681 177889       -0.2230    85       -0.2053       -0.2254 61477245    9.78%
 378140 178067       -0.2108    64       -0.2053       -0.2254 61521029    9.78%
Elapsed time = 2955.69 sec. (3463832.69 ticks, tree = 5633.47 MB, solutions = 20)
Nodefile size = 3575.95 MB (2460.35 MB after compression)
 378550 178914       -0.2062    51       -0.2053       -0.2254 61652224    9.78%
 378929 178587       -0.2058    49       -0.2053       -0.2254 61613331    9.77%
 379337 179507       -0.2093    57       -0.2053       -0.2254 61778816    9.77%
 379663 179575       -0.2062    55       -0.2053       -0.2254 61798252    9.77%
 380098 179939       -0.2251    88       -0.2053       -0.2254 61878896    9.77%
 380497 180395       -0.2153    66       -0.2053       -0.2254 61981594    9.77%
 380960 180528       -0.2061    50       -0.2053       -0.2254 62001347    9.77%
 381498 181264       -0.2186    74       -0.2053       -0.2254 62138148    9.77%
 381938 181455       -0.2241    74       -0.2053       -0.2253 62184572    9.76%
 382279 181675       -0.2192    73       -0.2053       -0.2253 62226657    9.76%
Elapsed time = 2991.28 sec. (3502108.23 ticks, tree = 5749.84 MB, solutions = 20)
Nodefile size = 3691.19 MB (2539.67 MB after compression)
 382639 182526       -0.2124    56       -0.2053       -0.2253 62350591    9.75%
 383077 182951       -0.2146    74       -0.2053       -0.2253 62436158    9.75%
 383556 183172       -0.2089    54       -0.2053       -0.2253 62477013    9.75%
 383986 183764       -0.2074    57       -0.2053       -0.2253 62586777    9.75%
 384499 183553       -0.2067    59       -0.2053       -0.2253 62545627    9.75%
 384957 184689       -0.2150    73       -0.2053       -0.2253 62745861    9.75%
 385386 184433       -0.2186    74       -0.2053       -0.2253 62700222    9.75%
 385828 185243       -0.2139    61       -0.2053       -0.2253 62837732    9.75%
 386229 185600       -0.2062    55       -0.2053       -0.2253 62914524    9.75%
 386667 185807       -0.2099    54       -0.2053       -0.2253 62959926    9.75%
Elapsed time = 3027.05 sec. (3540358.05 ticks, tree = 5882.76 MB, solutions = 20)
Nodefile size = 3824.56 MB (2631.47 MB after compression)
 387066 186521       -0.2118    62       -0.2053       -0.2253 63091039    9.74%
 387560 186884       -0.2062    60       -0.2053       -0.2253 63141332    9.74%
 388064 187108       -0.2062    65       -0.2053       -0.2253 63188032    9.73%
 388551 187599       -0.2093    70       -0.2053       -0.2253 63263593    9.73%
 389040 187916       -0.2109    49       -0.2053       -0.2253 63310312    9.73%
 389512 188129       -0.2054    48       -0.2053       -0.2253 63361330    9.73%
 390020 188640       -0.2109    57       -0.2053       -0.2253 63439751    9.73%
 390663 189604       -0.2119    67       -0.2053       -0.2253 63605152    9.73%
 391028 190000       -0.2171    65       -0.2053       -0.2253 63648793    9.73%
 393222 191694       -0.2164    67       -0.2053       -0.2253 63874420    9.73%
Elapsed time = 3075.81 sec. (3590047.04 ticks, tree = 6072.48 MB, solutions = 20)
Nodefile size = 4012.58 MB (2761.07 MB after compression)
 395735 194432       -0.2172    60       -0.2053       -0.2253 64196081    9.73%
 398292 196141       -0.2142    59       -0.2053       -0.2253 64400301    9.73%
 400413 198459       -0.2177    62       -0.2053       -0.2253 64696728    9.73%
 402268 200558       -0.2072    55       -0.2053       -0.2253 65034803    9.72%
 403865 201736       -0.2165    73       -0.2053       -0.2252 65241228    9.71%
 405765 203618       -0.2186    66       -0.2053       -0.2252 65565334    9.70%
 407736 204972       -0.2092    56       -0.2053       -0.2252 65792389    9.69%
 409649 207193       -0.2078    55       -0.2053       -0.2252 66177381    9.69%
 411391 208737       -0.2098    65       -0.2053       -0.2252 66439717    9.67%
 413059 210521       -0.2171    66       -0.2053       -0.2251 66753549    9.66%
Elapsed time = 3238.33 sec. (3742757.37 ticks, tree = 6679.79 MB, solutions = 20)
Nodefile size = 4624.29 MB (3182.03 MB after compression)
Starting limited solution polishing.
 414470 211591       -0.2059    57       -0.2053       -0.2251 66948335    9.66%
 415827 213210       -0.2065    62       -0.2053       -0.2251 67150875    9.65%
 417320 214354       -0.2057    50       -0.2053       -0.2251 67316650    9.64%
 418724 215794       -0.2109    49       -0.2053       -0.2251 67543883    9.64%
 420128 216912       -0.2092    56       -0.2053       -0.2251 67727741    9.63%
 421639 218233       -0.2062    55       -0.2053       -0.2250 67940794    9.62%
 422912 219270       -0.2124    59       -0.2053       -0.2250 68109324    9.61%
 424322 220556       -0.2128    61       -0.2053       -0.2250 68344840    9.61%
 425678 221957       -0.2111    55       -0.2053       -0.2250 68571900    9.59%
 427194 223127       -0.2199    82       -0.2053       -0.2250 68761854    9.58%
Elapsed time = 3400.11 sec. (3896952.15 ticks, tree = 7086.29 MB, solutions = 20)
Nodefile size = 5026.43 MB (3458.56 MB after compression)
 428714 224714       -0.2100    64       -0.2053       -0.2249 69011561    9.57%
 430021 226154       -0.2062    53       -0.2053       -0.2249 69250312    9.56%
 431541 227520       -0.2134    48       -0.2053       -0.2249 69483958    9.56%
 432894 228577       -0.2130    69       -0.2053       -0.2249 69642422    9.55%
 434369 229900       -0.2171    64       -0.2053       -0.2249 69843742    9.55%
 435802 231456       -0.2113    60       -0.2053       -0.2249 70074162    9.54%
 437310 232146       -0.2155    64       -0.2053       -0.2249 70172955    9.54%
 438765 233793       -0.2186    68       -0.2053       -0.2249 70441729    9.54%
 440294 235329       -0.2157    65       -0.2053       -0.2249 70707118    9.54%
 441777 236932       -0.2124    60       -0.2053       -0.2249 70960946    9.54%
Elapsed time = 3549.42 sec. (4049938.06 ticks, tree = 7529.75 MB, solutions = 20)
Nodefile size = 5472.98 MB (3765.56 MB after compression)
 443153 237766       -0.2161    68       -0.2053       -0.2249 71124578    9.53%
 444698 239352       -0.2127    63       -0.2053       -0.2248 71383962    9.52%
 446136 240308       -0.2113    64       -0.2053       -0.2248 71556633    9.52%

Mixed integer rounding cuts applied:  10
Gomory fractional cuts applied:  2

Root node processing (before b&c):
  Real time             =    7.62 sec. (8376.29 ticks)
Parallel b&c, 4 threads:
  Real time             = 3593.59 sec. (4100150.42 ticks)
  Sync time (average)   =  162.42 sec.
  Wait time (average)   =    0.00 sec.
                          ------------
Total (root+branch&cut) = 3601.22 sec. (4108526.70 ticks)
