Version identifier: 22.2.0.0 | 2026-05-04 | 5dff98e58
CPXPARAM_Read_DataCheck                          1
CPXPARAM_Threads                                 4
CPXPARAM_Parallel                                1
CPXPARAM_RandomSeed                              20260925
CPXPARAM_Simplex_Tolerances_Optimality           1.0000000000000001e-09
CPXPARAM_Simplex_Tolerances_Feasibility          1.0000000000000001e-09
CPXPARAM_TimeLimit                               3600
CPXPARAM_MIP_Tolerances_AbsMIPGap                1.0000000000000001e-09
CPXPARAM_MIP_Tolerances_Integrality              1.0000000000000001e-09
Legacy callback                                  i
1 of 1 MIP starts provided solutions.
MIP start 'm1' defined initial solution with objective 0.0293.
Tried aggregator 1 time.
MIP Presolve eliminated 1347 rows and 2 columns.
MIP Presolve modified 3414 coefficients.
Reduced MIP has 3968 rows, 4686 columns, and 49203 nonzeros.
Reduced MIP has 1164 binaries, 0 generals, 0 SOSs, and 0 indicators.
Presolve time = 0.03 sec. (32.62 ticks)
Probing time = 0.00 sec. (0.68 ticks)
Tried aggregator 1 time.
Detecting symmetries...
Reduced MIP has 3968 rows, 4686 columns, and 49203 nonzeros.
Reduced MIP has 1164 binaries, 0 generals, 0 SOSs, and 0 indicators.
Presolve time = 0.02 sec. (20.17 ticks)
Probing time = 0.00 sec. (0.78 ticks)
MIP emphasis: balance optimality and feasibility.
MIP search method: dynamic search.
Parallel mode: deterministic, using up to 4 threads.
Root relaxation solution time = 0.05 sec. (42.34 ticks)

        Nodes                                         Cuts/
   Node  Left     Objective  IInf  Best Integer    Best Bound    ItCnt     Gap

*     0+    0                            0.0293        0.0000           100.00%
      0     0        0.0240    65        0.0293        0.0240      963   18.20%
      0     0        0.0240    56        0.0293    MIRcuts: 8     1002   18.20%
      0     0        0.0240    57        0.0293    MIRcuts: 4     1056   18.20%
      0     0        0.0240    56        0.0293    MIRcuts: 1     1083   18.20%
      0     2        0.0240    54        0.0293        0.0240     1083   18.20%
Elapsed time = 1.17 sec. (1116.59 ticks, tree = 0.02 MB, solutions = 1)
     20    22        0.0254    65        0.0293        0.0240     2054   18.20%
     68    50        0.0240    55        0.0293        0.0240     4420   18.20%
    131    94        0.0264    68        0.0293        0.0240     6907   18.20%
    185   160        0.0240    57        0.0293        0.0240     9919   18.20%
    207   186        0.0241    52        0.0293        0.0240    11053   18.20%
    228   203        0.0264    44        0.0293        0.0240    12997   18.20%
    289   240        0.0248    41        0.0293        0.0240    15502   18.20%
    342   296        cutoff              0.0293        0.0240    22093   18.20%
    370   332        cutoff              0.0293        0.0240    28013   18.20%
*   438+  350                            0.0293        0.0240            18.20%
*   459+  357                            0.0293        0.0240            18.20%
    642   455        0.0252    41        0.0293        0.0240    55194   18.11%
Elapsed time = 3.72 sec. (4351.29 ticks, tree = 5.54 MB, solutions = 2)
    971   651        0.0244    61        0.0293        0.0240    83172   18.07%
   1213   936        0.0286    72        0.0293        0.0240   101627   18.07%

Performing restart 1

Repeating presolve.
Tried aggregator 1 time.
Reduced MIP has 3968 rows, 4686 columns, and 49203 nonzeros.
Reduced MIP has 1164 binaries, 0 generals, 0 SOSs, and 0 indicators.
Presolve time = 0.00 sec. (13.86 ticks)
Tried aggregator 1 time.
Reduced MIP has 3968 rows, 4686 columns, and 49203 nonzeros.
Reduced MIP has 1164 binaries, 0 generals, 0 SOSs, and 0 indicators.
Presolve time = 0.02 sec. (20.45 ticks)
Represolve time = 0.03 sec. (40.33 ticks)
   1215     0        0.0240    59        0.0293       Cuts: 7   105546   18.07%
   1215     0        0.0240    62        0.0293       Cuts: 8   105648   18.07%
   1215     0        0.0240    60        0.0293       Cuts: 4   105696   18.07%
   1215     0        0.0240    58        0.0293     Covers: 2   105780   18.07%
   1215     0        0.0240    59        0.0293       Cuts: 7   105877   18.07%
   1215     2        0.0240    59        0.0293        0.0240   105877   18.07%
   1227     3        0.0246    59        0.0293        0.0240   106283   18.07%
   1373   141        0.0243    60        0.0293        0.0240   113928   18.07%
   1526   281        0.0254    70        0.0293        0.0240   124848   18.07%
   1691   403        0.0251    64        0.0293        0.0240   134694   18.07%
   1912   588        0.0264    72        0.0293        0.0240   154038   18.07%
   2161   823        0.0248    61        0.0293        0.0240   172439   18.07%
   2521  1141        0.0286    66        0.0293        0.0240   182871   18.07%
Elapsed time = 15.27 sec. (18974.57 ticks, tree = 31.46 MB, solutions = 2)
   2874  1411        0.0257    59        0.0293        0.0240   196483   18.07%
   3354  1893        0.0256    66        0.0293        0.0240   214174   18.07%
   3766  2313        0.0265    67        0.0293        0.0240   232905   18.07%
   4035  2579        0.0261    62        0.0293        0.0240   253083   18.07%
   4433  2834        0.0247    60        0.0293        0.0240   271635   18.07%
   4885  3230        0.0271    67        0.0293        0.0240   286042   18.07%
   5163  3623        0.0247    58        0.0293        0.0240   302980   18.07%
   5712  4167        0.0282    49        0.0293        0.0240   324111   18.07%
   6001  4425        0.0255    52        0.0293        0.0240   343414   18.07%
   6446  4791        0.0273    49        0.0293        0.0240   357198   18.07%
Elapsed time = 22.45 sec. (28531.12 ticks, tree = 146.36 MB, solutions = 2)
   6969  5146        0.0289    70        0.0293        0.0240   378255   18.07%
   7481  5589        0.0241    60        0.0293        0.0240   394929   18.07%
   7936  6201        0.0254    65        0.0293        0.0240   418165   18.07%
   8288  6497        0.0291    70        0.0293        0.0240   437707   18.07%
   8725  6752        0.0271    43        0.0293        0.0240   449283   18.07%
   9191  7316        0.0249    65        0.0293        0.0240   475515   18.07%
   9515  7718        0.0274    21        0.0293        0.0240   490783   18.07%
  10074  7965        0.0255    54        0.0293        0.0240   501350   18.07%
  10400  8584        0.0256    55        0.0293        0.0240   537518   18.06%
  10780  8771        0.0286    67        0.0293        0.0240   548922   18.06%
Elapsed time = 29.59 sec. (38098.12 ticks, tree = 263.72 MB, solutions = 2)
  11375  9095        0.0259    58        0.0293        0.0240   567443   18.06%
  11989  9972        0.0256    60        0.0293        0.0240   595091   18.06%
  12644 10292        0.0255    51        0.0293        0.0240   607245   18.06%
  13012 10878        0.0281    48        0.0293        0.0240   628525   18.06%
  13375 11242        0.0286    59        0.0293        0.0240   649907   18.06%
  13897 11714        0.0249    65        0.0293        0.0240   670319   18.02%
  14560 11856        0.0245    56        0.0293        0.0240   677496   18.02%
  14950 12588        0.0259    43        0.0293        0.0240   702764   18.02%
  15313 12884        0.0241    60        0.0293        0.0240   719231   18.02%
  15934 13411        0.0295    54        0.0293        0.0241   749082   18.00%
Elapsed time = 36.67 sec. (47657.36 ticks, tree = 411.16 MB, solutions = 2)
  16580 14244        0.0286    53        0.0293        0.0241   780979   17.97%
  17038 14612        0.0247    62        0.0293        0.0241   796760   17.96%
  17395 14973        0.0251    69        0.0293        0.0241   818586   17.94%
  17892 15400        0.0258    33        0.0293        0.0241   836382   17.94%
  18377 15668        0.0274    32        0.0293        0.0241   847655   17.94%
  18865 16413        0.0249    70        0.0293        0.0241   872425   17.94%
  19377 16501        0.0279    73        0.0293        0.0241   878255   17.94%
  19821 17335        0.0289    67        0.0293        0.0241   913507   17.94%
  20103 17309        0.0264    65        0.0293        0.0241   914167   17.94%
  20521 17761        0.0261    62        0.0293        0.0241   936548   17.94%
Elapsed time = 44.16 sec. (57217.05 ticks, tree = 550.24 MB, solutions = 2)
  20970 18223        0.0293    60        0.0293        0.0241   961967   17.94%
  21536 18731        0.0290    66        0.0293        0.0241   985963   17.94%
  22121 19294        0.0249    57        0.0293        0.0241  1004572   17.94%
  22483 19874        0.0243    63        0.0293        0.0241  1033269   17.94%
  23000 19999        0.0252    67        0.0293        0.0241  1037849   17.94%
  23580 20258        0.0250    61        0.0293        0.0241  1050175   17.94%
  24132 20640        0.0265    55        0.0293        0.0241  1066097   17.94%
  24446 21305        0.0288    61        0.0293        0.0241  1090537   17.94%
* 24452+21306                            0.0290        0.0241            16.92%
  24695 21892        0.0242    62        0.0290        0.0241  1114371   16.92%
  24924 22100        0.0250    66        0.0290        0.0241  1126695   16.92%
Elapsed time = 51.41 sec. (66784.26 ticks, tree = 697.14 MB, solutions = 2)
  25198 22480        0.0247    60        0.0290        0.0241  1141564   16.92%
  25401 22562        0.0284    76        0.0290        0.0241  1145574   16.92%
* 25450+21306                            0.0289        0.0241            16.76%
  25625 22706        0.0241    63        0.0289        0.0241  1150961   16.76%
  25915 23011        0.0255    64        0.0289        0.0241  1162886   16.76%
  26130 23369        0.0249    61        0.0289        0.0241  1181597   16.76%
  26352 23531        0.0256    66        0.0289        0.0241  1193123   16.76%
* 26447+21306                            0.0289        0.0241            16.70%
  26633 23834        0.0260    70        0.0289        0.0241  1205433   16.70%
  26842 24024        0.0270    64        0.0289        0.0241  1210998   16.70%
  26990 24224        cutoff              0.0289        0.0241  1228560   16.70%
* 27276+21306                            0.0289        0.0241            16.66%
  27314 24428        0.0271    57        0.0289        0.0241  1234026   16.66%
Elapsed time = 60.59 sec. (76397.76 ticks, tree = 772.19 MB, solutions = 2)
  27604 24744        0.0249    63        0.0289        0.0241  1244342   16.66%
  27795 24726        0.0241    63        0.0289        0.0241  1246774   16.66%
  27990 25104        0.0290    72        0.0289        0.0241  1259087   16.66%
  28265 25425        0.0287    65        0.0289        0.0241  1276911   16.66%
  28456 25630        0.0288    70        0.0289        0.0241  1288266   16.66%
  28713 25864        0.0281    64        0.0289        0.0241  1298334   16.66%
  28967 25996        0.0244    61        0.0289        0.0241  1305102   16.66%
  29161 26201        0.0278    58        0.0289        0.0241  1317529   16.66%
  29386 26404        0.0273    63        0.0289        0.0241  1326702   16.66%
* 29549+21306                            0.0289        0.0241            16.58%
* 29596+21306                            0.0287        0.0241            16.19%
* 29601+21306                            0.0287        0.0241            16.07%
  29607 26512        0.0274    52        0.0287        0.0241  1333936   16.07%
Elapsed time = 68.97 sec. (86027.25 ticks, tree = 839.26 MB, solutions = 2)
  29922 26934        0.0257    57        0.0287        0.0241  1351054   16.07%
  30114 27064        0.0270    58        0.0287        0.0241  1355563   16.07%
* 30131+21306                            0.0286        0.0241            15.97%
  30407 27257        0.0249    67        0.0286        0.0241  1361578   15.97%
  30641 27500        0.0254    52        0.0286        0.0241  1373958   15.97%
  30785 27815        0.0253    72        0.0286        0.0241  1389447   15.97%
  30972 27873        0.0273    64        0.0286        0.0241  1395273   15.97%
  31165 28174        0.0264    62        0.0286        0.0241  1409359   15.97%
  31398 28329        0.0275    64        0.0286        0.0241  1413503   15.97%
  31563 28509        0.0265    68        0.0286        0.0241  1424711   15.97%
* 32378+21306                            0.0286        0.0241            15.94%
  32661 29480        0.0267    61        0.0286        0.0241  1464081   15.94%
Elapsed time = 79.38 sec. (98441.90 ticks, tree = 934.95 MB, solutions = 2)
  33585 30425        0.0275    49        0.0286        0.0241  1510275   15.94%
  34622 31187        0.0273    39        0.0286        0.0241  1547189   15.94%
* 34734+31212                            0.0283        0.0241            15.08%
* 34738+31211                            0.0283        0.0241            14.98%
* 35322+28847                            0.0281        0.0241            14.43%
  35701 28249        0.0266    59        0.0281        0.0241  1593055   14.43%
  37829 30082        0.0267    51        0.0281        0.0241  1665440   14.41%
  40007 32026        cutoff              0.0281        0.0241  1750597   14.40%
  42130 34110        0.0253    60        0.0281        0.0241  1840561   14.39%
  44153 36172        0.0253    73        0.0281        0.0241  1935455   14.37%
  46296 38108        0.0250    57        0.0281        0.0241  2020724   14.37%

Performing restart 2

Repeating presolve.
Tried aggregator 1 time.
Reduced MIP has 3968 rows, 4686 columns, and 49203 nonzeros.
Reduced MIP has 1164 binaries, 0 generals, 0 SOSs, and 0 indicators.
Presolve time = 0.02 sec. (13.86 ticks)
Tried aggregator 1 time.
Reduced MIP has 3968 rows, 4686 columns, and 49203 nonzeros.
Reduced MIP has 1164 binaries, 0 generals, 0 SOSs, and 0 indicators.
Presolve time = 0.02 sec. (20.45 ticks)
Represolve time = 0.06 sec. (47.02 ticks)
  47196     0        0.0240    61        0.0281       Cuts: 5  2079018   14.36%
  47196     0        0.0240    60        0.0281       Cuts: 4  2079092   14.36%
  47196     0        0.0240    58        0.0281       Cuts: 4  2079147   14.36%
  47196     0        0.0240    61        0.0281       Cuts: 9  2079255   14.36%
  47196     0        0.0240    63        0.0281       Cuts: 4  2079329   14.36%
  47196     0        0.0240    59        0.0281       Cuts: 3  2079351   14.36%
  47196     0        0.0240    61        0.0281      Cuts: 11  2079445   14.36%
  47196     2        0.0240    58        0.0281        0.0241  2079445   14.36%
  47458   229        0.0265    54        0.0281        0.0241  2093596   14.36%
Elapsed time = 110.80 sec. (140265.14 ticks, tree = 3.27 MB, solutions = 22)
  48038   690        0.0272    59        0.0281        0.0241  2135637   14.36%
  48908  1513        0.0253    69        0.0281        0.0241  2195742   14.36%
  50284  2660        0.0278    58        0.0281        0.0241  2263704   14.36%
  51767  3981        0.0267    58        0.0281        0.0241  2325281   14.36%
  53584  5629        0.0244    55        0.0281        0.0241  2398858   14.36%
  55287  7063        0.0243    60        0.0281        0.0241  2461490   14.36%
  57303  9079        0.0272    53        0.0281        0.0241  2561128   14.36%
  59519 10927        0.0254    60        0.0281        0.0241  2639471   14.36%
  61459 12689        0.0270    39        0.0281        0.0241  2716650   14.36%
  63011 14258        0.0243    64        0.0281        0.0241  2792700   14.36%
Elapsed time = 138.75 sec. (178447.60 ticks, tree = 443.43 MB, solutions = 22)
  64580 15782        0.0251    56        0.0281        0.0241  2858056   14.36%
  66464 17354        0.0270    65        0.0281        0.0241  2934646   14.36%
  68222 19213        0.0264    58        0.0281        0.0241  3015296   14.36%
  69943 20860        0.0252    62        0.0281        0.0241  3093752   14.36%
  71995 22618        0.0247    59        0.0281        0.0241  3166366   14.36%
  74087 24639        0.0250    64        0.0281        0.0241  3259435   14.36%
  75963 26155        0.0259    54        0.0281        0.0241  3327375   14.36%
  78088 27864        0.0244    60        0.0281        0.0241  3408528   14.36%
  80045 30108        0.0249    58        0.0281        0.0241  3500103   14.35%
  82222 32085        0.0241    61        0.0281        0.0241  3587163   14.34%
Elapsed time = 166.55 sec. (216607.32 ticks, tree = 1015.39 MB, solutions = 22)
* 82987+32427                            0.0273        0.0241            11.74%
  84198 28394        0.0265    56        0.0273        0.0241  3673334   11.73%
  86284 30380        0.0244    63        0.0273        0.0241  3762566   11.71%
  88320 32034        0.0269    58        0.0273        0.0241  3839940   11.71%
  90299 34098        0.0270    40        0.0273        0.0241  3939884   11.69%
  92430 36012        0.0272    68        0.0273        0.0241  4015252   11.69%
  94789 37951        0.0255    61        0.0273        0.0241  4090122   11.69%
  96839 40025        0.0271    37        0.0273        0.0241  4179609   11.69%
  99005 42124        0.0257    63        0.0273        0.0241  4260626   11.69%
 101055 43919        0.0244    54        0.0273        0.0241  4342476   11.69%
 103010 45739        0.0261    44        0.0273        0.0241  4432289   11.68%
Elapsed time = 193.95 sec. (254761.97 ticks, tree = 1455.55 MB, solutions = 23)
 105120 47801        0.0267    39        0.0273        0.0241  4526018   11.67%
 107225 49894        0.0254    60        0.0273        0.0241  4616786   11.67%
 109716 51729        0.0260    55        0.0273        0.0241  4688119   11.67%
 111552 53564        0.0252    47        0.0273        0.0241  4770039   11.66%
 113384 55372        0.0254    52        0.0273        0.0241  4863595   11.66%
 115171 57216        0.0265    41        0.0273        0.0241  4955103   11.65%
 116850 58603        0.0254    40        0.0273        0.0241  5032087   11.65%
 118809 60658        0.0249    61        0.0273        0.0241  5144533   11.65%
 120554 62036        0.0261    44        0.0273        0.0241  5214593   11.65%
 122355 63651        0.0246    45        0.0273        0.0241  5304130   11.64%
Elapsed time = 221.20 sec. (292940.09 ticks, tree = 2030.25 MB, solutions = 23)
 123890 65324        0.0241    59        0.0273        0.0241  5401571   11.63%
 125688 66809        0.0269    44        0.0273        0.0241  5479860   11.63%
 127450 68372        0.0253    39        0.0273        0.0241  5568576   11.63%
 129198 69772        0.0270    34        0.0273        0.0241  5637033   11.62%
 131076 71712        0.0263    37        0.0273        0.0241  5734207   11.61%
 132804 73069        0.0258    46        0.0273        0.0241  5807077   11.61%
 134615 74943        0.0244    60        0.0273        0.0241  5903091   11.61%
 136183 76324        0.0254    61        0.0273        0.0241  5981757   11.61%
 137896 77819        0.0265    36        0.0273        0.0241  6061768   11.60%
 139351 79391        0.0271    36        0.0273        0.0241  6154696   11.60%
Elapsed time = 254.16 sec. (331113.65 ticks, tree = 2534.83 MB, solutions = 23)
Nodefile size = 480.67 MB (306.02 MB after compression)
 140765 80411        0.0243    53        0.0273        0.0241  6227623   11.60%
 142824 82215        0.0265    45        0.0273        0.0241  6321908   11.59%
*143449+83173                            0.0273        0.0241            11.48%
 144587 83687        0.0253    47        0.0273        0.0241  6420202   11.48%
 146081 85201        0.0262    33        0.0273        0.0241  6508024   11.47%
 147445 86225        0.0250    62        0.0273        0.0241  6587674   11.47%
 149181 87590        0.0269    50        0.0273        0.0241  6664401   11.47%
 151012 89253        0.0251    38        0.0273        0.0241  6758444   11.47%
 152776 91241        0.0248    45        0.0273        0.0241  6856412   11.47%
 154530 92636        0.0252    63        0.0273        0.0241  6930242   11.47%
 156358 94087        0.0264    48        0.0273        0.0241  7005263   11.47%
Elapsed time = 287.08 sec. (369301.15 ticks, tree = 2988.86 MB, solutions = 24)
Nodefile size = 931.63 MB (592.20 MB after compression)
 158402 96377        0.0270    29        0.0273        0.0241  7115071   11.47%
 160087 97825        0.0247    58        0.0273        0.0241  7191604   11.47%
 161748 99307        0.0264    57        0.0273        0.0241  7275412   11.47%
 163430 100995        0.0259    35        0.0273        0.0241  7368821   11.47%
 165462 102368        0.0263    34        0.0273        0.0241  7441453   11.47%
 167373 104214        0.0248    68        0.0273        0.0241  7537014   11.47%
 169102 106305        0.0258    33        0.0273        0.0241  7651184   11.47%
 170740 107530        0.0243    54        0.0273        0.0241  7725548   11.47%
 172452 109078        0.0264    42        0.0273        0.0241  7817805   11.46%
 174230 110386        0.0249    56        0.0273        0.0241  7883212   11.46%
Elapsed time = 319.64 sec. (407468.32 ticks, tree = 3480.77 MB, solutions = 24)
Nodefile size = 1422.12 MB (902.01 MB after compression)
 175790 111919        0.0261    35        0.0273        0.0241  7987051   11.45%
 177562 113445        0.0263    31        0.0273        0.0241  8072727   11.45%
 179407 115430        0.0243    63        0.0273        0.0241  8173549   11.44%
 180812 116849        0.0244    66        0.0273        0.0241  8255312   11.44%
 182346 118085        0.0255    36        0.0273        0.0241  8323749   11.44%
 183839 119505        0.0263    33        0.0273        0.0241  8411945   11.44%
 185297 120903        0.0268    37        0.0273        0.0241  8500128   11.44%
 186820 122001        0.0267    35        0.0273        0.0241  8574205   11.44%
 188604 123682        0.0259    30        0.0273        0.0241  8668150   11.44%
 190238 125156        0.0268    41        0.0273        0.0241  8748437   11.43%
Elapsed time = 352.11 sec. (445638.99 ticks, tree = 3951.38 MB, solutions = 24)
Nodefile size = 1892.69 MB (1200.39 MB after compression)
 192028 126737        0.0268    28        0.0273        0.0241  8839317   11.43%
 193589 128466        0.0255    39        0.0273        0.0241  8936253   11.42%
 195100 129507        0.0244    53        0.0273        0.0241  8997221   11.42%
 196519 130890        0.0253    65        0.0273        0.0241  9091487   11.42%
 198213 132252        0.0242    65        0.0273        0.0241  9173199   11.42%
 199586 133929        0.0253    52        0.0273        0.0241  9273088   11.42%
 200979 134922        0.0249    59        0.0273        0.0241  9342430   11.42%
 203042 136424        0.0243    53        0.0273        0.0242  9433197   11.42%
 205009 138507        0.0256    39        0.0273        0.0242  9563380   11.42%
 206930 140042        0.0269    35        0.0273        0.0242  9680374   11.42%
Elapsed time = 383.91 sec. (483809.17 ticks, tree = 4311.72 MB, solutions = 24)
Nodefile size = 2257.61 MB (1430.35 MB after compression)
 208594 142003        0.0242    51        0.0273        0.0242  9821270   11.42%
 210717 143429        0.0260    33        0.0273        0.0242  9910076   11.41%
 212559 145511        0.0245    58        0.0273        0.0242 10055582   11.41%
 214555 147096        0.0248    43        0.0273        0.0242 10171138   11.41%
 216453 148746        0.0263    41        0.0273        0.0242 10282293   11.41%
 218054 150213        0.0248    42        0.0273        0.0242 10403630   11.41%
 219533 151769        0.0267    44        0.0273        0.0242 10528917   11.41%
 221080 153280        cutoff              0.0273        0.0242 10635815   11.41%
 222654 154465        0.0269    35        0.0273        0.0242 10710876   11.40%
 224291 155943        0.0242    62        0.0273        0.0242 10803438   11.40%
Elapsed time = 414.25 sec. (521973.38 ticks, tree = 4457.96 MB, solutions = 24)
Nodefile size = 2403.18 MB (1517.87 MB after compression)
 225574 157331        0.0261    38        0.0273        0.0242 10893013   11.40%
 227008 158612        0.0256    49        0.0273        0.0242 10987992   11.40%
 228679 159802        0.0250    68        0.0273        0.0242 11060549   11.40%
 230196 161285        0.0269    34        0.0273        0.0242 11159506   11.40%
 231942 162615        0.0243    57        0.0273        0.0242 11252205   11.40%
 233738 164397        0.0269    40        0.0273        0.0242 11359034   11.40%
 235585 165794        0.0251    63        0.0273        0.0242 11430183   11.40%
 237134 167750        0.0253    43        0.0273        0.0242 11543003   11.40%
 238982 169257        0.0266    30        0.0273        0.0242 11626685   11.39%
 240891 170644        0.0272    46        0.0273        0.0242 11699911   11.39%
Elapsed time = 445.97 sec. (560145.05 ticks, tree = 4822.39 MB, solutions = 24)
Nodefile size = 2762.92 MB (1743.39 MB after compression)
 242722 172719        0.0242    62        0.0273        0.0242 11805445   11.39%
 244564 174187        0.0266    34        0.0273        0.0242 11879273   11.39%
 246219 175905        0.0267    32        0.0273        0.0242 11975074   11.39%
 247985 177702        0.0248    55        0.0273        0.0242 12066525   11.39%
 249565 178956        0.0266    42        0.0273        0.0242 12138029   11.39%
 251369 180306        0.0264    38        0.0273        0.0242 12207585   11.39%
 253086 182455        0.0256    37        0.0273        0.0242 12345514   11.39%
 254777 183747        0.0256    31        0.0273        0.0242 12427238   11.39%
 256348 185186        0.0268    51        0.0273        0.0242 12511068   11.38%
 257925 186510        0.0248    41        0.0273        0.0242 12590652   11.38%
Elapsed time = 479.05 sec. (598319.95 ticks, tree = 5278.59 MB, solutions = 24)
Nodefile size = 3217.89 MB (2030.50 MB after compression)
 259699 188085        0.0250    36        0.0273        0.0242 12683526   11.38%
 261311 189608        0.0254    37        0.0273        0.0242 12785693   11.38%
 262870 191464        0.0247    51        0.0273        0.0242 12911330   11.38%
 264415 192657        0.0242    59        0.0273        0.0242 12994433   11.38%
 266180 194328        0.0272    46        0.0273        0.0242 13097846   11.38%
 267677 195418        0.0242    60        0.0273        0.0242 13180069   11.37%
 269680 197371        0.0253    58        0.0273        0.0242 13306166   11.37%
 271525 198709        0.0244    50        0.0273        0.0242 13401059   11.37%
 273381 200310        0.0260    45        0.0273        0.0242 13512257   11.37%
 275575 202859        0.0272    42        0.0273        0.0242 13670157   11.37%
Elapsed time = 514.27 sec. (636505.49 ticks, tree = 5522.15 MB, solutions = 24)
Nodefile size = 3468.41 MB (2184.51 MB after compression)
 277434 204354        0.0261    38        0.0273        0.0242 13772862   11.37%
 279314 206036        0.0272    44        0.0273        0.0242 13892862   11.37%
 281080 207867        0.0269    31        0.0273        0.0242 14031603   11.36%
 282748 209404        0.0267    45        0.0273        0.0242 14148150   11.36%
 284925 211114        0.0260    48        0.0273        0.0242 14260686   11.36%
 286862 213169        0.0259    34        0.0273        0.0242 14391760   11.36%
 288822 214742        0.0272    40        0.0273        0.0242 14509524   11.36%
 290842 217082        0.0264    28        0.0273        0.0242 14659976   11.35%
 292990 218142        0.0267    35        0.0273        0.0242 14724435   11.35%
 294629 219966        0.0249    41        0.0273        0.0242 14857268   11.35%
Elapsed time = 549.47 sec. (674660.27 ticks, tree = 5550.16 MB, solutions = 24)
Nodefile size = 3495.45 MB (2193.46 MB after compression)
 296536 221658        0.0269    36        0.0273        0.0242 14986297   11.35%
 298408 223478        0.0273    23        0.0273        0.0242 15131908   11.35%
 300224 224903        0.0262    33        0.0273        0.0242 15239740   11.35%
 302096 226538        0.0266    31        0.0273        0.0242 15377202   11.35%
 303858 227959        0.0264    40        0.0273        0.0242 15487122   11.34%
 305659 230074        0.0270    30        0.0273        0.0242 15637586   11.34%
 307527 231917        0.0251    40        0.0273        0.0242 15774975   11.34%
 309339 233026        0.0250    55        0.0273        0.0242 15855438   11.34%
 311289 234255        0.0258    31        0.0273        0.0242 15943941   11.34%
 313239 236932        0.0245    61        0.0273        0.0242 16129482   11.33%
Elapsed time = 582.08 sec. (712828.80 ticks, tree = 5576.86 MB, solutions = 24)
Nodefile size = 3522.51 MB (2204.06 MB after compression)
 315462 239307        0.0258    29        0.0273        0.0242 16273814   11.33%
 317147 240514        0.0272    33        0.0273        0.0242 16354560   11.33%
 318651 241985        0.0260    36        0.0273        0.0242 16482789   11.33%
 320523 243835        0.0262    56        0.0273        0.0242 16619128   11.33%
 322458 244979        0.0249    59        0.0273        0.0242 16704728   11.33%
 324436 246387        0.0265    38        0.0273        0.0242 16794568   11.33%
 326399 249220        0.0264    42        0.0273        0.0242 16980016   11.33%
 328005 250612        0.0268    43        0.0273        0.0242 17078460   11.33%
 329807 251826        0.0258    67        0.0273        0.0242 17173030   11.33%
 331601 254020        0.0251    42        0.0273        0.0242 17333323   11.33%
Elapsed time = 618.28 sec. (751003.01 ticks, tree = 5606.07 MB, solutions = 24)
Nodefile size = 3551.95 MB (2215.55 MB after compression)
 333466 255704        0.0272    40        0.0273        0.0242 17452537   11.33%
 335311 257247        0.0249    45        0.0273        0.0242 17556999   11.33%
 336925 259037        0.0252    63        0.0273        0.0242 17670712   11.33%
 338574 260173        0.0243    64        0.0273        0.0242 17740531   11.33%
 340280 261689        0.0256    53        0.0273        0.0242 17845807   11.33%
 341852 263510        0.0246    61        0.0273        0.0242 17975070   11.33%
 343639 264638        0.0255    56        0.0273        0.0242 18041934   11.33%
 345431 266699        0.0262    42        0.0273        0.0242 18162404   11.33%
 347268 268106        0.0258    41        0.0273        0.0242 18259907   11.33%
 348933 269663        0.0257    52        0.0273        0.0242 18368701   11.33%
Elapsed time = 650.83 sec. (789183.74 ticks, tree = 5805.17 MB, solutions = 24)
Nodefile size = 3747.93 MB (2334.93 MB after compression)
 350526 271654        0.0256    47        0.0273        0.0242 18490570   11.33%
 352166 272375        0.0272    64        0.0273        0.0242 18531962   11.33%
 353814 273989        0.0242    62        0.0273        0.0242 18645472   11.33%
 355590 275930        0.0258    55        0.0273        0.0242 18780482   11.33%
 357285 277298        0.0254    44        0.0273        0.0242 18872189   11.33%
 358873 279062        0.0259    58        0.0273        0.0242 18989539   11.33%
 360462 280771        0.0268    50        0.0273        0.0242 19094021   11.33%
 362269 282294        0.0268    48        0.0273        0.0242 19197548   11.33%
 363892 284038        0.0267    37        0.0273        0.0242 19330010   11.33%
 365550 285261        0.0253    41        0.0273        0.0242 19418139   11.33%
Elapsed time = 683.28 sec. (827352.04 ticks, tree = 6036.57 MB, solutions = 24)
Nodefile size = 3979.61 MB (2476.84 MB after compression)
 367407 287081        0.0246    44        0.0273        0.0242 19523460   11.33%
 369052 288396        0.0265    46        0.0273        0.0242 19597216   11.33%
 370697 289961        0.0242    59        0.0273        0.0242 19685479   11.33%
 372401 291394        0.0249    43        0.0273        0.0242 19771960   11.33%
 374187 292949        0.0244    54        0.0273        0.0242 19865304   11.32%
 376228 294762        0.0244    56        0.0273        0.0242 19991093   11.32%
 378108 296610        0.0253    54        0.0273        0.0242 20116079   11.32%
 380051 298037        0.0251    55        0.0273        0.0242 20212218   11.32%
 381900 299623        cutoff              0.0273        0.0242 20342648   11.32%
 383789 301314        0.0263    41        0.0273        0.0242 20467943   11.31%
Elapsed time = 717.36 sec. (865513.10 ticks, tree = 6269.10 MB, solutions = 24)
Nodefile size = 4214.56 MB (2620.90 MB after compression)
 385614 303715        0.0253    63        0.0273        0.0242 20646923   11.31%
 387422 304756        0.0268    41        0.0273        0.0242 20721235   11.31%
 388881 306403        0.0262    33        0.0273        0.0242 20858970   11.31%
 390466 307575        0.0261    24        0.0273        0.0242 20942696   11.31%
 392536 309810        0.0245    57        0.0273        0.0242 21082390   11.31%
 394349 311617        0.0264    49        0.0273        0.0242 21210627   11.31%
 396216 312883        0.0269    35        0.0273        0.0242 21305622   11.31%
 398055 314885        0.0269    35        0.0273        0.0242 21451371   11.31%
 400179 316292        0.0243    63        0.0273        0.0242 21544536   11.31%
 402059 318611        0.0269    49        0.0273        0.0242 21711561   11.31%
Elapsed time = 751.66 sec. (903678.27 ticks, tree = 6330.80 MB, solutions = 24)
Nodefile size = 4276.57 MB (2652.69 MB after compression)
 403828 320276        0.0257    41        0.0273        0.0242 21831162   11.31%
 405671 322128        0.0269    43        0.0273        0.0242 21954639   11.31%
 407494 323482        0.0247    54        0.0273        0.0242 22056534   11.31%
 409320 324945        cutoff              0.0273        0.0242 22165795   11.31%
 411251 327288        0.0244    63        0.0273        0.0242 22326149   11.31%
 412938 328515        0.0259    47        0.0273        0.0242 22417396   11.31%
 414652 329893        0.0245    48        0.0273        0.0242 22518773   11.31%
 416379 331825        0.0255    55        0.0273        0.0242 22653430   11.31%
 417709 333300        0.0260    47        0.0273        0.0242 22745378   11.31%
 419326 334034        0.0244    52        0.0273        0.0242 22802166   11.31%
Elapsed time = 786.19 sec. (941846.00 ticks, tree = 6391.27 MB, solutions = 24)
Nodefile size = 4337.30 MB (2684.91 MB after compression)
 420886 335895        0.0248    61        0.0273        0.0242 22935393   11.31%
 422914 337679        cutoff              0.0273        0.0242 23063863   11.30%
 424838 339552        0.0247    50        0.0273        0.0242 23205660   11.30%
 426752 340680        0.0247    51        0.0273        0.0242 23286148   11.30%
 428899 342374        0.0259    26        0.0273        0.0242 23405144   11.30%
 430849 344495        0.0269    41        0.0273        0.0242 23538695   11.30%
 432665 346431        0.0264    35        0.0273        0.0242 23669142   11.29%
 434503 348285        0.0257    42        0.0273        0.0242 23814339   11.29%
 436250 349651        0.0250    42        0.0273        0.0242 23908424   11.29%
 437964 351541        0.0267    44        0.0273        0.0242 24055550   11.29%
Elapsed time = 822.88 sec. (980023.08 ticks, tree = 6442.39 MB, solutions = 24)
Nodefile size = 4389.16 MB (2710.34 MB after compression)
 440094 353803        0.0267    45        0.0273        0.0242 24222274   11.29%
 442010 354949        0.0260    40        0.0273        0.0242 24297992   11.29%
 443945 356368        0.0253    36        0.0273        0.0242 24396650   11.29%
 445892 358328        0.0263    42        0.0273        0.0242 24536082   11.29%
 447606 360516        0.0250    59        0.0273        0.0242 24697734   11.29%
 449295 361755        0.0271    44        0.0273        0.0242 24795073   11.29%
 451004 363848        0.0243    65        0.0273        0.0242 24948613   11.29%
 452553 365182        0.0268    43        0.0273        0.0242 25054628   11.29%
 454034 365924        0.0272    48        0.0273        0.0242 25103028   11.29%
 455735 367971        0.0250    65        0.0273        0.0242 25240224   11.29%
Elapsed time = 856.78 sec. (1018197.95 ticks, tree = 6494.62 MB, solutions = 24)
Nodefile size = 4441.15 MB (2736.62 MB after compression)
 457130 369087        0.0253    66        0.0273        0.0242 25333383   11.29%
 458855 370549        0.0271    38        0.0273        0.0242 25430354   11.29%
 460678 372424        0.0269    36        0.0273        0.0242 25526386   11.28%
 462600 374082        0.0254    37        0.0273        0.0242 25615829   11.28%
 464519 376031        0.0254    55        0.0273        0.0242 25709186   11.28%
 466225 376894        0.0265    41        0.0273        0.0242 25755259   11.28%
 468081 378914        0.0242    56        0.0273        0.0242 25860583   11.28%
 469748 381111        0.0246    54        0.0273        0.0242 25977041   11.28%
 471455 382782        0.0258    45        0.0273        0.0242 26069186   11.28%
 473239 384147        0.0255    41        0.0273        0.0242 26141278   11.28%
Elapsed time = 889.16 sec. (1056364.96 ticks, tree = 6955.99 MB, solutions = 24)
Nodefile size = 4898.70 MB (3023.35 MB after compression)
 474995 385077        0.0251    41        0.0273        0.0242 26187978   11.28%
 476517 387104        0.0269    45        0.0273        0.0242 26301019   11.27%
 478244 388865        0.0244    59        0.0273        0.0242 26401139   11.27%
 479616 390154        0.0242    60        0.0273        0.0242 26475988   11.27%
 481109 391301        0.0256    40        0.0273        0.0242 26549031   11.27%
 482530 392991        0.0255    53        0.0273        0.0242 26677039   11.27%
 484207 394492        0.0253    45        0.0273        0.0242 26797025   11.27%
 486018 395776        0.0242    61        0.0273        0.0242 26875346   11.27%
 487842 397254        0.0253    55        0.0273        0.0242 26958661   11.27%
 489626 398471        0.0260    45        0.0273        0.0242 27037032   11.27%
Elapsed time = 919.45 sec. (1094528.20 ticks, tree = 7275.05 MB, solutions = 24)
Nodefile size = 5220.08 MB (3223.39 MB after compression)
 491541 400527        0.0264    42        0.0273        0.0242 27173185   11.27%
 493336 403022        0.0242    61        0.0273        0.0242 27355107   11.27%
 495202 403738        0.0261    44        0.0273        0.0242 27417166   11.27%
 497150 405958        cutoff              0.0273        0.0242 27555498   11.27%
 499190 407710        0.0263    49        0.0273        0.0242 27680257   11.27%
 501081 410165        0.0249    66        0.0273        0.0242 27849681   11.27%
 503036 411986        0.0265    42        0.0273        0.0242 27976841   11.27%
 504953 413234        0.0247    43        0.0273        0.0242 28063766   11.27%
 507089 414587        0.0259    43        0.0273        0.0242 28153055   11.27%
 509217 416966        0.0258    38        0.0273        0.0242 28315863   11.27%
Elapsed time = 951.97 sec. (1132699.93 ticks, tree = 7315.83 MB, solutions = 24)
Nodefile size = 5261.10 MB (3241.48 MB after compression)
 511252 418988        0.0244    52        0.0273        0.0242 28429567   11.27%
 513393 421357        0.0276    34        0.0273        0.0242 28577593   11.27%
 515542 423121        0.0269    33        0.0273        0.0242 28682855   11.27%
 517760 425372        0.0254    42        0.0273        0.0242 28815856   11.27%
 519694 427394        0.0253    52        0.0273        0.0242 28950313   11.27%
 521484 428836        0.0250    66        0.0273        0.0242 29060617   11.26%
 523045 430535        cutoff              0.0273        0.0242 29189272   11.26%
 524553 431083        0.0262    46        0.0273        0.0242 29232293   11.26%
 526163 432724        0.0268    45        0.0273        0.0242 29375433   11.26%
 527749 434662        0.0263    41        0.0273        0.0242 29527600   11.26%
Elapsed time = 983.33 sec. (1170869.25 ticks, tree = 7346.20 MB, solutions = 24)
Nodefile size = 5291.61 MB (3252.25 MB after compression)
 529641 436414        0.0266    38        0.0273        0.0242 29657553   11.26%
 531739 437288        0.0258    45        0.0273        0.0242 29722899   11.26%
 533857 439118        0.0246    57        0.0273        0.0242 29833257   11.26%
 535880 441478        0.0267    39        0.0273        0.0242 29996030   11.26%
 537983 444039        0.0267    46        0.0273        0.0242 30163275   11.26%
 540001 445695        0.0262    42        0.0273        0.0242 30278907   11.26%
 541742 446953        0.0253    39        0.0273        0.0242 30371631   11.26%
 543629 448382        0.0271    44        0.0273        0.0242 30477510   11.26%
 545472 450493        0.0250    62        0.0273        0.0242 30625522   11.26%
 547215 452394        0.0248    62        0.0273        0.0242 30768091   11.26%
Elapsed time = 1016.94 sec. (1209039.83 ticks, tree = 7376.36 MB, solutions = 24)
Nodefile size = 5321.75 MB (3263.42 MB after compression)
 548877 453732        0.0245    49        0.0273        0.0242 30866325   11.26%
 550650 455598        0.0262    47        0.0273        0.0242 31014220   11.26%
 552656 457123        0.0250    60        0.0273        0.0242 31127372   11.26%
 554465 458636        0.0267    43        0.0273        0.0242 31244925   11.26%
 556318 460869        0.0272    42        0.0273        0.0242 31391908   11.26%
 558597 462775        0.0255    35        0.0273        0.0242 31517704   11.26%
 560580 464612        0.0244    49        0.0273        0.0242 31630333   11.26%
 562686 466330        0.0247    58        0.0273        0.0242 31737489   11.26%
 564563 468801        0.0272    50        0.0273        0.0242 31897075   11.25%
 566545 470076        0.0257    31        0.0273        0.0242 31991286   11.25%
Elapsed time = 1048.86 sec. (1247206.02 ticks, tree = 7407.73 MB, solutions = 24)
Nodefile size = 5354.05 MB (3275.09 MB after compression)
 568398 472275        cutoff              0.0273        0.0242 32148439   11.25%
 570398 473079        0.0265    43        0.0273        0.0242 32198432   11.25%
 572318 475258        0.0262    44        0.0273        0.0242 32360103   11.25%
 574000 477339        0.0267    32        0.0273        0.0242 32509495   11.25%
 575805 479063        0.0264    39        0.0273        0.0242 32635542   11.25%
 577797 480135        0.0271    48        0.0273        0.0242 32710661   11.25%
 579627 481797        0.0244    47        0.0273        0.0242 32828536   11.25%
 581442 483889        0.0267    45        0.0273        0.0242 32982728   11.25%
 583084 485727        0.0247    51        0.0273        0.0242 33122712   11.25%
 584716 486755        0.0254    41        0.0273        0.0242 33207732   11.25%
Elapsed time = 1081.39 sec. (1285372.15 ticks, tree = 7439.29 MB, solutions = 24)
Nodefile size = 5385.03 MB (3287.24 MB after compression)
 586616 488069        0.0249    62        0.0273        0.0242 33301534   11.25%
 588628 490451        0.0273    45        0.0273        0.0242 33491899   11.25%
 590529 492145        0.0263    35        0.0273        0.0242 33606045   11.25%
 592661 493802        0.0252    44        0.0273        0.0242 33715136   11.25%
 594775 496311        0.0242    65        0.0273        0.0242 33878764   11.25%
 596856 497863        0.0261    39        0.0273        0.0242 33967963   11.25%
 598766 500305        0.0273    40        0.0273        0.0242 34139596   11.25%
 600807 502219        0.0245    48        0.0273        0.0242 34285506   11.25%
 602601 503675        0.0264    43        0.0273        0.0242 34390254   11.25%
 604396 504704        cutoff              0.0273        0.0242 34478752   11.25%
Elapsed time = 1110.12 sec. (1323541.06 ticks, tree = 7470.72 MB, solutions = 24)
Nodefile size = 5416.41 MB (3298.91 MB after compression)
 606180 506082        cutoff              0.0273        0.0242 34569827   11.25%
 608135 508299        0.0244    61        0.0273        0.0242 34722870   11.25%
 610006 510509        0.0264    42        0.0273        0.0242 34888177   11.25%
 611837 511297        0.0272    45        0.0273        0.0242 34942411   11.25%
 613576 513445        0.0255    53        0.0273        0.0242 35099913   11.25%
 615337 515912        0.0263    49        0.0273        0.0242 35280819   11.25%
 617255 516714        0.0250    63        0.0273        0.0242 35331676   11.24%
 619139 518815        0.0251    66        0.0273        0.0242 35500215   11.24%
 620781 520467        0.0244    46        0.0273        0.0242 35612965   11.24%
 622569 521971        0.0248    45        0.0273        0.0242 35720914   11.24%
Elapsed time = 1139.47 sec. (1361710.58 ticks, tree = 7500.07 MB, solutions = 24)
Nodefile size = 5445.97 MB (3309.64 MB after compression)
 624760 523341        0.0256    43        0.0273        0.0242 35814980   11.24%
 626819 525228        0.0267    46        0.0273        0.0242 35937623   11.24%
 628678 527683        0.0254    40        0.0273        0.0242 36105704   11.24%
 630784 529057        0.0249    52        0.0273        0.0242 36198548   11.24%
 632894 530565        0.0244    55        0.0273        0.0242 36295693   11.24%
 634884 532800        0.0250    48        0.0273        0.0242 36446596   11.24%
 636786 534924        0.0270    39        0.0273        0.0242 36598393   11.24%
 639120 536741        0.0252    48        0.0273        0.0242 36716134   11.24%
 641275 539167        0.0244    61        0.0273        0.0242 36863827   11.24%
 643058 541035        0.0269    40        0.0273        0.0242 36980763   11.24%
Elapsed time = 1168.83 sec. (1399876.65 ticks, tree = 7532.44 MB, solutions = 24)
Nodefile size = 5478.47 MB (3320.99 MB after compression)
 644964 542421        0.0257    48        0.0273        0.0242 37071985   11.24%
 646798 543724        0.0245    65        0.0273        0.0242 37166664   11.24%
 648628 546111        0.0270    35        0.0273        0.0242 37348129   11.24%
 650428 547948        0.0245    54        0.0273        0.0242 37490983   11.24%
 652330 548987        0.0248    33        0.0273        0.0242 37574730   11.24%
 654262 550792        0.0261    33        0.0273        0.0242 37702417   11.24%
 656150 552109        0.0252    44        0.0273        0.0242 37798224   11.24%
 657822 554338        0.0252    41        0.0273        0.0242 37949575   11.23%
 659663 555484        0.0245    64        0.0273        0.0242 38042152   11.23%
 661427 557052        0.0266    40        0.0273        0.0242 38158711   11.23%
Elapsed time = 1198.52 sec. (1438035.82 ticks, tree = 7560.37 MB, solutions = 24)
Nodefile size = 5505.68 MB (3331.03 MB after compression)
 663358 559380        0.0249    45        0.0273        0.0242 38332749   11.23%
 665426 561170        0.0243    61        0.0273        0.0242 38456862   11.23%
 667255 563600        0.0260    45        0.0273        0.0242 38637236   11.23%
 668969 564669        0.0264    46        0.0273        0.0242 38717711   11.23%
 670760 566828        0.0264    50        0.0273        0.0242 38886170   11.23%
 672455 567538        0.0255    42        0.0273        0.0242 38943995   11.23%
 674131 569419        0.0259    49        0.0273        0.0242 39083875   11.23%
 675877 571149        0.0250    59        0.0273        0.0242 39225839   11.23%
 677473 572366        0.0270    26        0.0273        0.0242 39310083   11.23%
 679431 574340        0.0265    47        0.0273        0.0242 39478894   11.23%
Elapsed time = 1228.23 sec. (1476222.84 ticks, tree = 7589.16 MB, solutions = 24)
Nodefile size = 5535.06 MB (3342.56 MB after compression)
 681242 575207        0.0254    57        0.0273        0.0242 39535054   11.23%
 683194 577843        0.0273    71        0.0273        0.0242 39727573   11.23%
 685163 578732        0.0258    38        0.0273        0.0242 39786648   11.23%
 686867 580930        0.0246    46        0.0273        0.0242 39942149   11.23%
 688485 582714        0.0245    59        0.0273        0.0242 40080338   11.23%
 690200 584005        0.0252    46        0.0273        0.0242 40174071   11.23%
 692116 585694        0.0257    37        0.0273        0.0242 40291248   11.23%
 693986 587778        0.0251    41        0.0273        0.0242 40437571   11.23%
 695922 589389        cutoff              0.0273        0.0242 40568859   11.23%
 697783 590948        0.0272    49        0.0273        0.0242 40670294   11.23%
Elapsed time = 1256.62 sec. (1514410.65 ticks, tree = 7618.07 MB, solutions = 24)
Nodefile size = 5563.57 MB (3353.02 MB after compression)
 699956 591881        0.0258    38        0.0273        0.0242 40745060   11.23%
 702036 594088        0.0270    39        0.0273        0.0242 40883917   11.23%
 704323 596013        0.0257    46        0.0273        0.0242 41011311   11.23%
 706363 598914        0.0250    62        0.0273        0.0242 41192800   11.23%
 708315 600079        0.0268    47        0.0273        0.0242 41274248   11.23%
 709963 602585        0.0254    43        0.0273        0.0242 41464326   11.23%
 711746 604543        0.0244    60        0.0273        0.0242 41599668   11.23%
 713674 605668        0.0256    48        0.0273        0.0242 41673674   11.23%
 715693 607130        0.0270    44        0.0273        0.0242 41773112   11.22%
 717906 609210        0.0254    57        0.0273        0.0242 41904501   11.22%
Elapsed time = 1285.23 sec. (1552574.53 ticks, tree = 7651.88 MB, solutions = 24)
Nodefile size = 5598.19 MB (3366.25 MB after compression)
 720063 612117        0.0268    42        0.0273        0.0242 42098964   11.22%
 721992 613767        0.0264    40        0.0273        0.0242 42200574   11.22%
 723985 615132        0.0243    62        0.0273        0.0242 42309650   11.22%
 726019 616875        0.0269    38        0.0273        0.0242 42419161   11.22%
 728215 618759        0.0245    49        0.0273        0.0242 42556302   11.22%
 730091 621109        0.0270    37        0.0273        0.0242 42716761   11.22%
 732177 622757        0.0271    41        0.0273        0.0242 42825185   11.22%
 734238 624261        0.0255    38        0.0273        0.0242 42932386   11.22%
 736366 625563        0.0242    58        0.0273        0.0242 43007506   11.22%
 738222 627478        0.0270    28        0.0273        0.0242 43143922   11.22%
Elapsed time = 1314.77 sec. (1590743.21 ticks, tree = 7683.34 MB, solutions = 24)
Nodefile size = 5628.98 MB (3376.73 MB after compression)
 740029 629390        0.0244    63        0.0273        0.0242 43286060   11.22%
 742008 631158        0.0260    43        0.0273        0.0242 43414484   11.22%
 744175 633411        0.0252    47        0.0273        0.0242 43572972   11.21%
 746517 635676        0.0246    52        0.0273        0.0242 43700073   11.21%
 748618 637507        0.0266    47        0.0273        0.0242 43816675   11.21%
 750386 640321        0.0249    51        0.0273        0.0242 44006946   11.21%
 752066 641231        0.0272    57        0.0273        0.0242 44076581   11.21%
 753774 641929        0.0273    45        0.0273        0.0242 44134758   11.21%
 755744 643633        0.0269    40        0.0273        0.0242 44259794   11.21%
 757879 646678        0.0263    39        0.0273        0.0242 44468058   11.21%
Elapsed time = 1343.36 sec. (1628899.22 ticks, tree = 7715.86 MB, solutions = 24)
Nodefile size = 5661.74 MB (3388.33 MB after compression)
 759846 647154        0.0254    53        0.0273        0.0242 44501042   11.21%
 761577 649108        0.0271    58        0.0273        0.0242 44636447   11.21%
 763498 651333        0.0264    36        0.0273        0.0242 44792921   11.21%
 765490 654135        0.0243    63        0.0273        0.0242 44993500   11.21%
 767382 655328        0.0253    62        0.0273        0.0242 45068934   11.21%
 769248 656544        0.0250    36        0.0273        0.0242 45151756   11.21%
 771520 658557        0.0269    46        0.0273        0.0242 45276264   11.21%
 773642 660095        0.0242    57        0.0273        0.0242 45387507   11.21%
 775805 663204        0.0268    40        0.0273        0.0242 45571677   11.21%
 777718 663923        0.0261    41        0.0273        0.0242 45630329   11.21%
Elapsed time = 1371.64 sec. (1667067.24 ticks, tree = 7745.37 MB, solutions = 24)
Nodefile size = 5691.64 MB (3399.22 MB after compression)
 779700 666828        0.0271    41        0.0273        0.0242 45821215   11.21%
 781593 667812        0.0260    47        0.0273        0.0242 45899193   11.21%
 783470 669585        0.0244    55        0.0273        0.0242 46018189   11.21%
 785568 671615        0.0265    40        0.0273        0.0242 46152654   11.21%
 787572 674475        0.0253    52        0.0273        0.0242 46350645   11.21%
 789379 675969        0.0266    27        0.0273        0.0242 46456862   11.21%
 791473 677559        0.0244    48        0.0273        0.0242 46571574   11.21%
 793477 678376        0.0270    37        0.0273        0.0242 46624290   11.21%
 795430 680021        0.0263    41        0.0273        0.0242 46734793   11.21%
 797426 682076        0.0266    36        0.0273        0.0242 46865876   11.20%
Elapsed time = 1400.33 sec. (1705228.72 ticks, tree = 7777.59 MB, solutions = 24)
Nodefile size = 5723.10 MB (3410.61 MB after compression)
 799489 684531        0.0272    38        0.0273        0.0242 47032034   11.20%
 801593 686256        0.0251    57        0.0273        0.0242 47156359   11.20%
 803662 689233        0.0243    58        0.0273        0.0242 47361201   11.20%
 805657 689764        0.0261    36        0.0273        0.0242 47391841   11.20%
 807867 692549        0.0248    44        0.0273        0.0242 47577908   11.20%
 809877 693525        0.0265    44        0.0273        0.0242 47638356   11.20%
 811798 695274        0.0271    39        0.0273        0.0242 47754604   11.20%
 813587 698448        0.0248    61        0.0273        0.0242 47974314   11.20%
 815539 699188        0.0256    35        0.0273        0.0242 48029895   11.20%
 817609 701668        0.0266    40        0.0273        0.0242 48199660   11.20%
Elapsed time = 1432.23 sec. (1743398.66 ticks, tree = 7811.72 MB, solutions = 24)
Nodefile size = 5757.34 MB (3422.57 MB after compression)
 819790 703108        0.0259    43        0.0273        0.0242 48294898   11.20%
 821665 705567        0.0244    58        0.0273        0.0242 48471128   11.20%
 823568 706881        0.0261    39        0.0273        0.0242 48561682   11.20%
 825472 707935        0.0261    42        0.0273        0.0242 48647343   11.20%
 827689 710907        0.0272    22        0.0273        0.0242 48848023   11.20%
 829917 712038        0.0243    57        0.0273        0.0242 48928995   11.20%
 832010 714967        0.0272    45        0.0273        0.0242 49100669   11.20%
 834012 716698        0.0267    30        0.0273        0.0242 49207801   11.20%
 835920 718056        0.0263    35        0.0273        0.0242 49293922   11.20%
 837832 720825        0.0267    40        0.0273        0.0242 49480220   11.20%
Elapsed time = 1465.22 sec. (1781583.83 ticks, tree = 7845.22 MB, solutions = 24)
Nodefile size = 5791.51 MB (3435.29 MB after compression)
 839692 721306        0.0249    59        0.0273        0.0242 49512647   11.20%
 841568 724608        0.0256    55        0.0273        0.0242 49750352   11.20%
 843337 725292        0.0265    48        0.0273        0.0242 49807700   11.20%
 845092 726501        0.0263    44        0.0273        0.0242 49898663   11.20%
 847008 728784        0.0248    41        0.0273        0.0242 50072455   11.19%
 848857 731196        0.0260    24        0.0273        0.0242 50241645   11.19%
 850790 732312        0.0244    53        0.0273        0.0242 50325114   11.19%
 852666 734676        cutoff              0.0273        0.0242 50497106   11.19%
 854826 735542        0.0265    46        0.0273        0.0242 50549545   11.19%
 856714 737454        0.0263    45        0.0273        0.0242 50674833   11.19%
Elapsed time = 1498.22 sec. (1819761.52 ticks, tree = 7874.26 MB, solutions = 24)
Nodefile size = 5819.34 MB (3445.32 MB after compression)
 858570 739771        0.0263    35        0.0273        0.0242 50849823   11.19%
 860479 741067        0.0245    60        0.0273        0.0242 50951783   11.19%
 862252 743367        0.0257    40        0.0273        0.0242 51122402   11.19%
 864188 745120        0.0248    49        0.0273        0.0242 51240219   11.19%
 865908 745864        0.0250    58        0.0273        0.0242 51301541   11.19%
 867711 747069        0.0256    51        0.0273        0.0242 51379607   11.19%
 869640 749709        0.0265    59        0.0273        0.0242 51584804   11.19%
 871368 750955        0.0250    67        0.0273        0.0242 51664253   11.19%
 873087 752594        0.0253    49        0.0273        0.0242 51784345   11.19%
 874852 754379        0.0251    50        0.0273        0.0242 51918858   11.19%
Elapsed time = 1530.42 sec. (1857932.26 ticks, tree = 7904.93 MB, solutions = 24)
Nodefile size = 5850.98 MB (3457.34 MB after compression)
 876663 756063        0.0251    46        0.0273        0.0242 52033236   11.19%
 878592 757172        0.0257    44        0.0273        0.0242 52116163   11.19%
 880273 758732        0.0249    55        0.0273        0.0242 52229242   11.19%
 881973 761970        0.0259    51        0.0273        0.0242 52466627   11.19%
 883686 762433        0.0260    48        0.0273        0.0242 52497748   11.19%
 885214 764870        0.0264    51        0.0273        0.0242 52696187   11.19%
 886922 765301        0.0245    67        0.0273        0.0242 52727784   11.19%
 888673 767895        0.0246    58        0.0273        0.0242 52928126   11.19%
 890437 768938        0.0243    62        0.0273        0.0242 53004204   11.19%
 892084 771262        0.0265    48        0.0273        0.0242 53187663   11.19%
Elapsed time = 1569.55 sec. (1896093.82 ticks, tree = 7935.19 MB, solutions = 24)
Nodefile size = 5881.40 MB (3469.35 MB after compression)
 893753 771690        0.0262    64        0.0273        0.0242 53219037   11.19%
 895494 773584        0.0250    65        0.0273        0.0242 53359929   11.19%
 897113 775797        0.0245    57        0.0273        0.0242 53532985   11.19%
 898904 777369        0.0249    66        0.0273        0.0242 53651121   11.19%
 900566 779264        0.0250    53        0.0273        0.0242 53806409   11.19%
 902459 780403        0.0267    45        0.0273        0.0242 53891609   11.19%
 904275 781269        0.0244    53        0.0273        0.0242 53950111   11.19%
 906082 782839        0.0259    42        0.0273        0.0242 54074773   11.19%
 907989 785262        0.0244    59        0.0273        0.0242 54256642   11.19%
 909831 787677        0.0242    52        0.0273        0.0242 54450358   11.19%
Elapsed time = 1601.50 sec. (1934255.48 ticks, tree = 7964.48 MB, solutions = 24)
Nodefile size = 5911.33 MB (3480.82 MB after compression)
 911945 788790        0.0253    58        0.0273        0.0242 54534616   11.19%
 913718 790690        0.0254    46        0.0273        0.0242 54665394   11.19%
 915731 791534        0.0243    58        0.0273        0.0242 54717953   11.19%
 917599 794551        0.0272    39        0.0273        0.0242 54940179   11.19%
 919818 795055        0.0258    28        0.0273        0.0242 54974645   11.19%
 922318 797922        0.0272    37        0.0273        0.0242 55160454   11.19%
 924145 800545        0.0272    37        0.0273        0.0242 55325932   11.19%
 926144 802762        0.0259    39        0.0273        0.0242 55475602   11.19%
 928198 803553        0.0252    52        0.0273        0.0242 55531939   11.19%
 930148 804405        0.0244    59        0.0273        0.0242 55594306   11.19%
Elapsed time = 1637.66 sec. (1972429.01 ticks, tree = 7994.09 MB, solutions = 24)
Nodefile size = 5938.91 MB (3490.46 MB after compression)
 932329 806660        0.0265    35        0.0273        0.0242 55754317   11.18%
 934280 808401        0.0253    40        0.0273        0.0242 55882552   11.18%
 936210 810787        0.0271    35        0.0273        0.0242 56048966   11.18%
 937980 812145        0.0244    49        0.0273        0.0242 56155436   11.18%
 939732 813756        0.0272    40        0.0273        0.0242 56275673   11.18%
 941509 815241        cutoff              0.0273        0.0242 56404150   11.18%
 943390 816896        0.0271    32        0.0273        0.0242 56540771   11.18%
 945240 818629        0.0255    56        0.0273        0.0242 56667504   11.18%
 947228 820816        0.0250    64        0.0273        0.0242 56828124   11.18%
 949382 822409        0.0266    46        0.0273        0.0242 56936649   11.18%
Elapsed time = 1670.92 sec. (2010596.90 ticks, tree = 8025.76 MB, solutions = 24)
Nodefile size = 5971.40 MB (3502.10 MB after compression)
 951257 825322        cutoff              0.0273        0.0242 57127594   11.18%
 953202 827041        0.0269    44        0.0273        0.0242 57251027   11.18%
 955042 828441        0.0269    41        0.0273        0.0242 57357588   11.18%
 957076 829559        0.0252    39        0.0273        0.0242 57444744   11.18%
 959110 831360        0.0254    38        0.0273        0.0242 57573049   11.18%
 961113 834186        0.0260    47        0.0273        0.0242 57753505   11.18%
 963183 834593        0.0265    41        0.0273        0.0242 57788159   11.18%
 965375 836999        0.0250    53        0.0273        0.0242 57940386   11.18%
 967417 840016        0.0249    60        0.0273        0.0242 58130369   11.18%
 969432 840505        0.0261    41        0.0273        0.0242 58160430   11.18%
Elapsed time = 1703.56 sec. (2048760.23 ticks, tree = 8057.04 MB, solutions = 24)
Nodefile size = 6001.80 MB (3512.63 MB after compression)
 971673 842414        0.0253    60        0.0273        0.0242 58281993   11.18%
 973928 846044        0.0249    64        0.0273        0.0242 58502985   11.18%
 975994 848143        0.0265    34        0.0273        0.0242 58641295   11.18%
 977952 849418        0.0246    52        0.0273        0.0242 58735918   11.18%
 979970 849849        0.0247    44        0.0273        0.0242 58766050   11.18%
 982237 854067        0.0271    35        0.0273        0.0242 59022358   11.18%
 984465 855431        0.0269    29        0.0273        0.0242 59106033   11.18%
 986851 857229        0.0245    53        0.0273        0.0242 59214162   11.18%
 988920 859252        0.0256    50        0.0273        0.0242 59338009   11.18%
 990795 862283        0.0267    45        0.0273        0.0242 59531946   11.18%
Elapsed time = 1739.86 sec. (2086933.02 ticks, tree = 8095.50 MB, solutions = 24)
Nodefile size = 6041.81 MB (3527.42 MB after compression)
 992667 863529        0.0244    58        0.0273        0.0242 59615121   11.18%
 994487 864865        0.0267    54        0.0273        0.0242 59715483   11.18%
 996439 866173        0.0250    60        0.0273        0.0242 59799800   11.18%
 998520 868409        0.0248    56        0.0273        0.0242 59958507   11.18%
 1000327 870263        0.0244    69        0.0273        0.0242 60095105   11.18%
 1002144 872530        0.0268    44        0.0273        0.0242 60255015   11.18%
 1004047 873363        0.0249    47        0.0273        0.0242 60315174   11.18%
 1005845 876078        0.0250    56        0.0273        0.0242 60510536   11.18%
 1007694 875889        0.0255    42        0.0273        0.0242 60503868   11.18%
 1009599 879121        0.0245    58        0.0273        0.0242 60738036   11.18%
Elapsed time = 1774.58 sec. (2125104.53 ticks, tree = 8125.42 MB, solutions = 24)
Nodefile size = 6071.68 MB (3538.87 MB after compression)
 1011531 881522        0.0245    60        0.0273        0.0242 60906562   11.18%
 1013229 882642        0.0256    65        0.0273        0.0242 60990804   11.18%
 1015099 883047        0.0262    35        0.0273        0.0242 61023296   11.18%
 1016788 885645        0.0257    49        0.0273        0.0242 61217648   11.18%
 1018442 887600        0.0266    38        0.0273        0.0242 61385078   11.18%
 1020513 888546        0.0257    50        0.0273        0.0242 61449932   11.18%
 1022616 890882        0.0252    48        0.0273        0.0242 61614993   11.17%
 1024794 892345        0.0258    58        0.0273        0.0242 61705966   11.17%
 1026685 894778        0.0270    29        0.0273        0.0242 61881474   11.17%
 1028488 896575        0.0258    68        0.0273        0.0242 62024052   11.17%
Elapsed time = 1809.17 sec. (2163266.87 ticks, tree = 8157.38 MB, solutions = 24)
Nodefile size = 6103.17 MB (3550.83 MB after compression)
 1030302 898166        0.0269    29        0.0273        0.0242 62127283   11.17%
 1032111 900225        0.0253    45        0.0273        0.0242 62301061   11.17%
 1033869 900584        0.0245    41        0.0273        0.0242 62335150   11.17%
 1035814 902269        0.0267    38        0.0273        0.0242 62461953   11.17%
 1037555 904754        0.0246    51        0.0273        0.0242 62666467   11.17%
 1039595 906040        0.0268    49        0.0273        0.0242 62760167   11.17%
 1041544 906519        0.0244    67        0.0273        0.0242 62791702   11.17%
 1043414 908885        0.0248    67        0.0273        0.0242 62950842   11.17%
 1045458 911271        0.0256    40        0.0273        0.0242 63115706   11.17%
 1047566 913405        0.0251    65        0.0273        0.0242 63260052   11.17%
Elapsed time = 1839.58 sec. (2201455.99 ticks, tree = 8187.72 MB, solutions = 24)
Nodefile size = 6133.52 MB (3562.65 MB after compression)
 1049443 915875        0.0256    43        0.0273        0.0242 63433174   11.17%
 1051183 917150        0.0268    42        0.0273        0.0242 63520229   11.17%
 1053001 918975        0.0253    38        0.0273        0.0242 63654836   11.17%
 1054956 920840        0.0258    46        0.0273        0.0242 63791525   11.17%
 1056880 922221        0.0259    49        0.0273        0.0242 63878322   11.17%
 1059026 923244        0.0243    57        0.0273        0.0242 63946981   11.17%
 1060918 926330        0.0264    43        0.0273        0.0242 64154476   11.17%
 1062672 928019        0.0266    37        0.0273        0.0242 64279540   11.17%
 1064638 929285        0.0257    40        0.0273        0.0242 64376534   11.17%
 1066474 930243        0.0251    64        0.0273        0.0242 64445158   11.17%
Elapsed time = 1867.48 sec. (2239619.06 ticks, tree = 8219.36 MB, solutions = 24)
Nodefile size = 6164.90 MB (3575.24 MB after compression)
 1068213 932552        0.0249    69        0.0273        0.0242 64610883   11.17%
 1070036 934753        0.0259    37        0.0273        0.0242 64771072   11.17%
 1072063 935224        0.0260    43        0.0273        0.0242 64803308   11.17%
 1074006 938771        0.0268    40        0.0273        0.0242 65050710   11.17%
 1076027 939268        0.0260    42        0.0273        0.0242 65078015   11.17%
 1077939 941064        0.0244    64        0.0273        0.0242 65219909   11.17%
 1079744 943065        0.0264    42        0.0273        0.0242 65339501   11.17%
 1081638 945859        0.0261    36        0.0273        0.0242 65535150   11.17%
 1083571 945865        0.0258    32        0.0273        0.0242 65530164   11.17%
 1085430 948190        0.0269    66        0.0273        0.0242 65695175   11.17%
Elapsed time = 1895.22 sec. (2277780.38 ticks, tree = 8251.81 MB, solutions = 24)
Nodefile size = 6197.86 MB (3587.92 MB after compression)
 1087242 949617        0.0268    48        0.0273        0.0242 65808388   11.17%
 1089038 950857        0.0258    38        0.0273        0.0242 65908605   11.17%
 1090895 952755        0.0246    61        0.0273        0.0242 66041314   11.17%
 1092624 954964        0.0258    39        0.0273        0.0242 66214707   11.17%
 1094602 956950        0.0257    43        0.0273        0.0242 66355334   11.17%
 1096471 959351        0.0248    54        0.0273        0.0242 66528207   11.17%
 1098366 960602        0.0247    51        0.0273        0.0242 66625504   11.17%
 1100171 961519        0.0244    52        0.0273        0.0242 66693395   11.17%
 1101967 964339        cutoff              0.0273        0.0242 66909577   11.17%
 1103761 965510        0.0267    42        0.0273        0.0242 67006655   11.17%
Elapsed time = 1926.39 sec. (2315948.42 ticks, tree = 8282.59 MB, solutions = 24)
Nodefile size = 6228.87 MB (3599.94 MB after compression)
 1105730 965936        0.0252    44        0.0273        0.0242 67034253   11.17%
 1107694 968770        0.0244    44        0.0273        0.0242 67251802   11.17%
 1109774 969725        0.0270    38        0.0273        0.0242 67328085   11.17%
 1111805 972212        0.0247    43        0.0273        0.0242 67507265   11.17%
 1113939 973770        0.0258    34        0.0273        0.0242 67605626   11.17%
 1115905 975705        0.0262    28        0.0273        0.0242 67758751   11.17%
 1117769 977421        0.0260    41        0.0273        0.0242 67863638   11.17%
 1119905 979746        0.0252    58        0.0273        0.0242 68048705   11.16%
 1121897 981197        0.0271    25        0.0273        0.0242 68150658   11.16%
 1123944 983804        0.0253    63        0.0273        0.0242 68342257   11.16%
Elapsed time = 1961.59 sec. (2354117.10 ticks, tree = 8315.43 MB, solutions = 24)
Nodefile size = 6261.19 MB (3611.81 MB after compression)
 1126078 984779        0.0255    36        0.0273        0.0242 68415048   11.16%
 1128230 986434        0.0261    41        0.0273        0.0242 68530602   11.16%
 1130346 989698        0.0259    44        0.0273        0.0242 68725913   11.16%
 1132413 991845        0.0242    55        0.0273        0.0242 68874468   11.16%
 1134486 992886        0.0262    31        0.0273        0.0242 68936001   11.16%
 1136232 994303        0.0249    62        0.0273        0.0242 69065657   11.16%
 1137981 996716        0.0252    38        0.0273        0.0242 69255242   11.16%
 1139922 997200        0.0266    68        0.0273        0.0242 69288763   11.16%
 1141654 998486        0.0263    41        0.0273        0.0242 69392952   11.16%
 1143587 1002444        0.0256    43        0.0273        0.0242 69694138   11.16%
Elapsed time = 2000.03 sec. (2392276.39 ticks, tree = 8348.04 MB, solutions = 24)
Nodefile size = 6293.99 MB (3623.60 MB after compression)
 1145432 1002238        0.0253    40        0.0273        0.0242 69685823   11.16%
 1147461 1004834        0.0260    37        0.0273        0.0242 69861056   11.16%
 1149729 1006055        0.0263    39        0.0273        0.0242 69967031   11.16%
 1151804 1008424        0.0254    48        0.0273        0.0242 70122942   11.16%
 1153893 1011100        0.0271    40        0.0273        0.0242 70302961   11.16%
 1155911 1011511        cutoff              0.0273        0.0242 70335662   11.16%
 1157863 1014571        0.0257    38        0.0273        0.0242 70544398   11.16%
 1159891 1015650        0.0253    44        0.0273        0.0242 70617382   11.16%
 1161914 1017154        0.0252    40        0.0273        0.0242 70731722   11.16%
 1164115 1019497        0.0245    53        0.0273        0.0242 70875619   11.16%
Elapsed time = 2034.94 sec. (2430473.70 ticks, tree = 8378.18 MB, solutions = 24)
Nodefile size = 6322.94 MB (3634.62 MB after compression)
 1166144 1022760        0.0267    39        0.0273        0.0242 71111412   11.16%
 1168034 1024041        0.0266    33        0.0273        0.0242 71216627   11.16%
 1170086 1025672        0.0251    56        0.0273        0.0242 71335624   11.16%
 1172164 1027880        0.0258    48        0.0273        0.0242 71472351   11.16%
 1174326 1028893        0.0252    43        0.0273        0.0242 71543500   11.16%
 1176368 1031805        0.0251    45        0.0273        0.0242 71724840   11.16%
 1178296 1033742        0.0245    51        0.0273        0.0242 71866848   11.15%
 1180211 1035278        0.0243    63        0.0273        0.0242 71963693   11.15%
 1182086 1035708        0.0251    61        0.0273        0.0242 71994188   11.15%
 1183831 1038124        0.0270    38        0.0273        0.0242 72180256   11.15%
Elapsed time = 2066.81 sec. (2468640.47 ticks, tree = 8410.82 MB, solutions = 24)
Nodefile size = 6356.40 MB (3646.77 MB after compression)
 1185761 1039126        0.0243    60        0.0273        0.0242 72249787   11.15%
 1187511 1042589        0.0248    63        0.0273        0.0242 72525110   11.15%
 1189191 1043026        0.0271    33        0.0273        0.0242 72555534   11.15%
 1191029 1043652        0.0270    46        0.0273        0.0242 72620324   11.15%
 1192779 1046470        0.0249    61        0.0273        0.0242 72845943   11.15%
 1194442 1048028        0.0268    35        0.0273        0.0242 72962964   11.15%
 1196276 1049666        0.0269    48        0.0273        0.0242 73107546   11.15%
 1198066 1050678        0.0254    40        0.0273        0.0242 73180103   11.15%
 1199936 1053358        0.0243    55        0.0273        0.0242 73383949   11.15%
 1201848 1054349        0.0249    61        0.0273        0.0242 73457223   11.15%
Elapsed time = 2097.62 sec. (2506811.45 ticks, tree = 8440.45 MB, solutions = 24)
Nodefile size = 6385.74 MB (3658.23 MB after compression)
 1203744 1055377        0.0242    61        0.0273        0.0242 73531412   11.15%
 1205681 1056814        0.0263    46        0.0273        0.0242 73633783   11.15%
 1207406 1059890        0.0272    44        0.0273        0.0242 73864407   11.15%
 1209290 1060380        0.0258    41        0.0273        0.0242 73895981   11.15%
 1211226 1062220        0.0256    44        0.0273        0.0242 74042774   11.15%
 1213100 1063883        0.0251    55        0.0273        0.0242 74160771   11.15%
 1215123 1065832        0.0272    43        0.0273        0.0242 74308734   11.15%
 1217090 1067910        0.0253    56        0.0273        0.0242 74455350   11.15%
 1219006 1070038        0.0252    47        0.0273        0.0242 74614266   11.15%
 1220993 1071006        0.0262    34        0.0273        0.0242 74672888   11.15%
Elapsed time = 2125.48 sec. (2544985.05 ticks, tree = 8470.30 MB, solutions = 24)
Nodefile size = 6415.54 MB (3669.81 MB after compression)
 1222986 1073502        0.0272    60        0.0273        0.0242 74855121   11.15%
 1224844 1075679        0.0266    34        0.0273        0.0242 75004294   11.15%
 1226912 1078460        0.0250    57        0.0273        0.0242 75192287   11.15%
 1228983 1077572        0.0271    48        0.0273        0.0242 75141258   11.15%
 1231106 1081033        0.0252    33        0.0273        0.0242 75380711   11.15%
 1232992 1082529        0.0269    47        0.0273        0.0242 75489710   11.15%
 1234866 1084798        0.0269    42        0.0273        0.0242 75655968   11.15%
 1236749 1086184        0.0253    64        0.0273        0.0242 75765033   11.15%
 1238601 1088824        0.0254    36        0.0273        0.0242 75951346   11.15%
 1240535 1089802        0.0258    39        0.0273        0.0242 76029878   11.15%
Elapsed time = 2153.42 sec. (2583152.07 ticks, tree = 8504.49 MB, solutions = 24)
Nodefile size = 6449.90 MB (3682.63 MB after compression)
 1242587 1091825        0.0257    60        0.0273        0.0242 76167488   11.15%
 1244447 1092258        0.0258    31        0.0273        0.0242 76197285   11.15%
 1246507 1095731        0.0258    40        0.0273        0.0242 76430372   11.15%
 1248521 1097104        0.0257    42        0.0273        0.0242 76532219   11.15%
 1250431 1098280        0.0260    39        0.0273        0.0242 76605909   11.15%
 1252536 1099963        0.0253    47        0.0273        0.0242 76734015   11.15%
 1254510 1102004        0.0245    49        0.0273        0.0242 76886658   11.15%
 1256472 1104851        0.0246    53        0.0273        0.0242 77073179   11.15%
 1258417 1105338        0.0243    61        0.0273        0.0242 77103086   11.15%
 1260440 1107217        0.0262    40        0.0273        0.0242 77251967   11.15%
Elapsed time = 2182.39 sec. (2621322.33 ticks, tree = 8534.63 MB, solutions = 24)
Nodefile size = 6480.12 MB (3693.47 MB after compression)
 1262464 1109989        0.0242    61        0.0273        0.0242 77443120   11.15%
 1264531 1112319        0.0270    38        0.0273        0.0242 77600391   11.15%
 1266495 1114844        0.0257    37        0.0273        0.0242 77766782   11.15%
 1268450 1114533        cutoff              0.0273        0.0242 77754432   11.15%
 1270181 1116182        0.0262    43        0.0273        0.0242 77862305   11.15%
 1271967 1119163        0.0268    37        0.0273        0.0242 78090307   11.15%
 1273991 1121262        0.0264    38        0.0273        0.0242 78235195   11.15%
 1275953 1121715        0.0267    40        0.0273        0.0242 78266857   11.15%
 1277723 1123407        0.0266    45        0.0273        0.0242 78385583   11.15%
 1279753 1126114        0.0268    35        0.0273        0.0242 78577774   11.15%
Elapsed time = 2210.64 sec. (2659489.05 ticks, tree = 8569.64 MB, solutions = 24)
Nodefile size = 6514.78 MB (3706.83 MB after compression)
 1281691 1127511        0.0271    42        0.0273        0.0242 78682491   11.15%
 1283700 1129287        0.0267    31        0.0273        0.0242 78806942   11.15%
 1285673 1130385        0.0258    66        0.0273        0.0242 78881336   11.15%
 1287568 1133603        0.0263    37        0.0273        0.0242 79109559   11.15%
 1289350 1135231        0.0247    60        0.0273        0.0242 79228762   11.15%
 1291047 1135644        0.0254    33        0.0273        0.0242 79257857   11.15%
 1292858 1137115        0.0272    45        0.0273        0.0242 79355233   11.15%
 1294798 1139251        0.0263    39        0.0273        0.0242 79511198   11.15%
 1296673 1141742        0.0268    46        0.0273        0.0242 79686938   11.15%
 1298879 1143234        0.0261    38        0.0273        0.0242 79797557   11.15%
Elapsed time = 2239.78 sec. (2697662.09 ticks, tree = 8599.40 MB, solutions = 24)
Nodefile size = 6546.20 MB (3718.65 MB after compression)
 1301030 1144444        0.0244    55        0.0273        0.0242 79884050   11.15%
 1303092 1146687        0.0244    52        0.0273        0.0242 80037510   11.15%
 1304900 1149015        0.0258    41        0.0273        0.0242 80189878   11.15%
 1306854 1149530        0.0271    41        0.0273        0.0242 80219394   11.15%
 1308939 1151673        0.0260    27        0.0273        0.0242 80384539   11.15%
 1311078 1153163        0.0265    28        0.0273        0.0242 80485586   11.15%
 1313486 1155581        0.0244    58        0.0273        0.0242 80645137   11.15%
 1315601 1157598        0.0247    62        0.0273        0.0242 80770680   11.15%
 1317589 1159167        0.0272    34        0.0273        0.0242 80893007   11.15%
 1319612 1162047        0.0266    47        0.0273        0.0242 81070208   11.14%
Elapsed time = 2269.33 sec. (2735826.27 ticks, tree = 8636.45 MB, solutions = 24)
Nodefile size = 6582.58 MB (3732.86 MB after compression)
 1321658 1163458        0.0245    49        0.0273        0.0242 81183332   11.14%
 1323534 1165677        0.0266    34        0.0273        0.0242 81332317   11.14%
 1325467 1168040        0.0267    35        0.0273        0.0242 81497125   11.14%
 1327486 1170097        0.0244    54        0.0273        0.0242 81644938   11.14%
 1329493 1170549        0.0250    57        0.0273        0.0242 81672683   11.14%
 1331731 1173627        0.0243    58        0.0273        0.0242 81872377   11.14%
 1333809 1175847        0.0271    41        0.0273        0.0242 82024496   11.14%
 1335624 1176191        0.0254    37        0.0273        0.0242 82057605   11.14%
 1337525 1179846        0.0265    59        0.0273        0.0242 82318351   11.14%
 1339224 1180876        0.0245    44        0.0273        0.0242 82397937   11.14%
Elapsed time = 2298.09 sec. (2773991.03 ticks, tree = 8669.91 MB, solutions = 24)
Nodefile size = 6616.48 MB (3745.28 MB after compression)
 1341234 1182859        cutoff              0.0273        0.0242 82553565   11.14%
 1343188 1183270        0.0268    35        0.0273        0.0242 82586679   11.14%
 1345299 1186334        0.0270    21        0.0273        0.0242 82794488   11.14%
 1347371 1188425        0.0245    55        0.0273        0.0242 82946740   11.14%
 1349571 1190454        0.0255    35        0.0273        0.0242 83076963   11.14%
 1351501 1190946        0.0268    33        0.0273        0.0242 83109582   11.14%
 1353594 1193936        0.0244    66        0.0273        0.0242 83304581   11.14%
 1355378 1194790        0.0259    31        0.0273        0.0242 83365195   11.14%
 1357426 1197651        0.0267    38        0.0273        0.0242 83566873   11.14%
 1359447 1198666        0.0246    59        0.0273        0.0242 83643194   11.14%
Elapsed time = 2328.30 sec. (2812169.98 ticks, tree = 8702.52 MB, solutions = 24)
Nodefile size = 6649.37 MB (3757.85 MB after compression)
 1361568 1199861        0.0260    38        0.0273        0.0242 83724317   11.14%
 1363628 1202029        0.0248    58        0.0273        0.0242 83878545   11.14%
 1365744 1204552        0.0250    56        0.0273        0.0242 84047140   11.14%
 1367578 1204954        0.0245    56        0.0273        0.0242 84077063   11.14%
 1369832 1207610        0.0272    46        0.0273        0.0242 84250035   11.14%
 1372373 1210611        0.0268    45        0.0273        0.0242 84454572   11.14%
 1374755 1212370        0.0265    28        0.0273        0.0242 84563478   11.14%
 1377014 1215261        0.0244    59        0.0273        0.0242 84729122   11.14%
 1379290 1217508        0.0260    35        0.0273        0.0242 84864209   11.14%
 1381341 1218818        0.0271    41        0.0273        0.0242 84939843   11.14%
Elapsed time = 2365.92 sec. (2850333.46 ticks, tree = 8738.80 MB, solutions = 24)
Nodefile size = 6684.20 MB (3770.50 MB after compression)
 1383192 1219732        0.0250    58        0.0273        0.0242 85001543   11.14%
 1385035 1223148        0.0269    38        0.0273        0.0242 85243369   11.14%
 1386814 1222976        0.0268    37        0.0273        0.0242 85233456   11.14%
 1388814 1226899        0.0256    63        0.0273        0.0242 85531253   11.13%
 1390789 1228003        0.0244    63        0.0273        0.0242 85612981   11.13%
 1392618 1229706        0.0252    50        0.0273        0.0242 85721441   11.13%
 1394606 1231823        0.0245    56        0.0273        0.0242 85885121   11.13%
 1396724 1232335        0.0260    45        0.0273        0.0242 85916921   11.13%
 1398759 1233444        0.0268    38        0.0273        0.0242 85995419   11.13%
 1400627 1237209        0.0257    37        0.0273        0.0242 86250982   11.13%
Elapsed time = 2399.64 sec. (2888498.39 ticks, tree = 8771.25 MB, solutions = 24)
Nodefile size = 6717.79 MB (3783.03 MB after compression)
 1402623 1238823        0.0272    35        0.0273        0.0242 86367242   11.13%
 1404794 1241277        0.0243    58        0.0273        0.0242 86547453   11.13%
 1406739 1242985        0.0244    64        0.0273        0.0242 86665989   11.13%
 1408830 1242920        0.0252    39        0.0273        0.0242 86643234   11.13%
 1411153 1246614        0.0272    42        0.0273        0.0242 86887054   11.13%
 1413639 1247167        0.0261    32        0.0273        0.0242 86917884   11.13%
 1416168 1249915        0.0265    26        0.0273        0.0242 87069952   11.13%
 1418792 1253504        0.0244    49        0.0273        0.0242 87283283   11.13%
 1421254 1254100        0.0244    47        0.0273        0.0242 87314046   11.13%
 1423564 1257500        0.0262    44        0.0273        0.0242 87499631   11.13%
Elapsed time = 2431.28 sec. (2926655.56 ticks, tree = 8807.66 MB, solutions = 24)
Nodefile size = 6753.71 MB (3795.65 MB after compression)
 1425655 1259497        0.0243    46        0.0273        0.0242 87608479   11.13%
 1427556 1261948        0.0255    41        0.0273        0.0242 87762091   11.13%
 1429192 1264474        0.0245    68        0.0273        0.0242 87932316   11.13%
 1431090 1264195        0.0262    43        0.0273        0.0242 87922686   11.13%
 1433132 1267587        0.0255    35        0.0273        0.0242 88180735   11.13%
 1435074 1267305        0.0265    34        0.0273        0.0242 88164752   11.13%
 1437109 1270512        0.0251    40        0.0273        0.0242 88384069   11.13%
 1439076 1272661        0.0254    57        0.0273        0.0242 88552478   11.13%
 1441045 1272421        0.0245    62        0.0273        0.0242 88531609   11.13%
 1443013 1276079        0.0261    38        0.0273        0.0242 88787767   11.13%
Elapsed time = 2461.98 sec. (2964833.15 ticks, tree = 8841.95 MB, solutions = 24)
Nodefile size = 6788.00 MB (3808.50 MB after compression)
 1445057 1276587        0.0243    62        0.0273        0.0242 88821483   11.13%
 1447038 1278837        0.0251    69        0.0273        0.0242 88987181   11.13%
 1448967 1280879        0.0243    66        0.0273        0.0242 89121810   11.13%
 1450864 1284543        0.0262    39        0.0273        0.0242 89374478   11.13%
 1452706 1283591        0.0270    41        0.0273        0.0242 89309290   11.13%
 1454545 1287778        0.0272    38        0.0273        0.0242 89616123   11.13%
 1456602 1288272        0.0260    45        0.0273        0.0242 89645160   11.13%
 1458542 1291274        0.0270    33        0.0273        0.0242 89843113   11.13%
 1460474 1291773        0.0261    33        0.0273        0.0242 89876305   11.13%
 1462538 1292604        0.0268    46        0.0273        0.0242 89941277   11.13%
Elapsed time = 2494.33 sec. (3002990.80 ticks, tree = 8871.81 MB, solutions = 24)
Nodefile size = 6816.58 MB (3819.57 MB after compression)
 1464616 1295221        0.0265    39        0.0273        0.0242 90117935   11.13%
 1466500 1296102        0.0269    45        0.0273        0.0242 90181577   11.13%
 1468217 1299990        0.0244    53        0.0273        0.0242 90440741   11.13%
 1470019 1299929        0.0272    48        0.0273        0.0242 90428425   11.13%
 1472016 1302715        0.0260    38        0.0273        0.0242 90627714   11.13%
 1473923 1303780        0.0250    49        0.0273        0.0242 90699529   11.13%
 1475895 1307386        0.0272    33        0.0273        0.0242 90964388   11.13%
 1478049 1307210        0.0260    44        0.0273        0.0242 90951202   11.13%
 1480197 1309110        0.0243    55        0.0273        0.0242 91085405   11.13%
 1482016 1310671        0.0244    64        0.0273        0.0242 91207095   11.13%
Elapsed time = 2526.55 sec. (3041162.59 ticks, tree = 8904.72 MB, solutions = 24)
Nodefile size = 6849.86 MB (3832.28 MB after compression)
 1483981 1314659        0.0263    38        0.0273        0.0242 91495078   11.13%
 1485894 1314453        0.0260    31        0.0273        0.0242 91472970   11.13%
 1487836 1317331        0.0243    58        0.0273        0.0242 91695210   11.13%
 1489623 1319619        0.0244    59        0.0273        0.0242 91867911   11.13%
 1491294 1320611        0.0251    49        0.0273        0.0242 91947434   11.13%
 1493125 1322412        0.0244    49        0.0273        0.0242 92078012   11.13%
 1494833 1322723        cutoff              0.0273        0.0242 92114229   11.13%
 1496637 1325288        0.0259    43        0.0273        0.0242 92324720   11.13%
 1498591 1325798        0.0259    43        0.0273        0.0242 92355533   11.13%
 1500494 1329098        0.0256    30        0.0273        0.0242 92620431   11.13%
Elapsed time = 2556.77 sec. (3079328.38 ticks, tree = 8937.47 MB, solutions = 24)
Nodefile size = 6883.70 MB (3845.03 MB after compression)
 1502487 1329490        0.0258    48        0.0273        0.0242 92653759   11.13%
 1504343 1330734        0.0254    35        0.0273        0.0242 92732730   11.13%
 1506158 1334992        0.0243    65        0.0273        0.0242 93062561   11.13%
 1508326 1335941        0.0245    52        0.0273        0.0242 93136989   11.13%
 1510226 1338447        0.0263    42        0.0273        0.0242 93313139   11.13%
 1512392 1338986        0.0247    54        0.0273        0.0242 93345364   11.13%
 1514546 1340828        0.0242    61        0.0273        0.0242 93463923   11.13%
 1516720 1344132        0.0251    58        0.0273        0.0242 93690246   11.13%
 1518627 1343664        0.0269    39        0.0273        0.0242 93672816   11.13%
 1520509 1347124        0.0270    33        0.0273        0.0242 93904039   11.13%
Elapsed time = 2585.61 sec. (3117501.80 ticks, tree = 8968.79 MB, solutions = 24)
Nodefile size = 6914.72 MB (3856.43 MB after compression)
 1522425 1348149        0.0271    49        0.0273        0.0242 93978483   11.13%
 1524255 1350085        0.0259    42        0.0273        0.0242 94110088   11.13%
 1526146 1350913        0.0242    68        0.0273        0.0242 94181875   11.13%
 1527902 1353877        0.0265    68        0.0273        0.0242 94395602   11.13%
 1529747 1354260        0.0260    54        0.0273        0.0242 94428681   11.13%
 1531621 1357316        0.0265    44        0.0273        0.0242 94644712   11.13%
 1533432 1359728        0.0264    43        0.0273        0.0242 94826497   11.13%
 1535308 1360736        0.0257    42        0.0273        0.0242 94897453   11.13%
 1537191 1363235        0.0254    47        0.0273        0.0242 95079985   11.13%
 1539070 1364153        0.0265    34        0.0273        0.0242 95156684   11.13%
Elapsed time = 2614.20 sec. (3155664.00 ticks, tree = 9000.48 MB, solutions = 24)
Nodefile size = 6946.52 MB (3868.92 MB after compression)
 1540997 1366618        0.0266    47        0.0273        0.0242 95330342   11.13%
 1543015 1367048        0.0267    48        0.0273        0.0242 95363017   11.13%
 1545082 1368993        0.0271    36        0.0273        0.0242 95485532   11.13%
 1546836 1369975        0.0266    35        0.0273        0.0242 95575189   11.13%
 1548603 1373599        0.0255    43        0.0273        0.0242 95854480   11.13%
 1550422 1375128        0.0272    26        0.0273        0.0242 95977724   11.13%
 1552474 1376328        0.0271    35        0.0273        0.0242 96068451   11.13%
 1554563 1376882        0.0248    48        0.0273        0.0242 96095164   11.13%
 1556528 1380734        0.0251    51        0.0273        0.0242 96371743   11.12%
 1558433 1380404        0.0267    28        0.0273        0.0242 96354011   11.12%
Elapsed time = 2642.14 sec. (3193840.43 ticks, tree = 9028.58 MB, solutions = 24)
Nodefile size = 6974.02 MB (3879.02 MB after compression)
 1560252 1382043        0.0262    40        0.0273        0.0242 96483871   11.12%
 1561957 1385054        cutoff              0.0273        0.0242 96722031   11.12%
 1563951 1386148        0.0268    34        0.0273        0.0242 96803302   11.12%
 1566181 1387162        0.0244    52        0.0273        0.0242 96893401   11.12%
 1568221 1390517        0.0263    40        0.0273        0.0242 97128622   11.12%
 1570403 1392357        0.0270    41        0.0273        0.0242 97249497   11.12%
 1572421 1392856        0.0257    31        0.0273        0.0242 97281791   11.12%
 1574655 1396859        0.0245    56        0.0273        0.0242 97542493   11.12%
 1576806 1398252        0.0248    48        0.0273        0.0242 97633187   11.12%
 1578919 1398732        0.0256    41        0.0273        0.0242 97660470   11.12%
Elapsed time = 2670.12 sec. (3231995.18 ticks, tree = 9060.09 MB, solutions = 24)
Nodefile size = 7004.46 MB (3890.11 MB after compression)
 1580823 1403080        0.0258    29        0.0273        0.0242 97941500   11.12%
 1582641 1404114        0.0245    57        0.0273        0.0242 98012765   11.12%
 1584499 1406594        0.0249    64        0.0273        0.0242 98203626   11.12%
 1586588 1407641        cutoff              0.0273        0.0242 98276486   11.12%
 1588567 1408886        0.0260    45        0.0273        0.0242 98356351   11.12%
 1590684 1409891        0.0267    51        0.0273        0.0242 98445857   11.12%
 1592531 1413385        0.0245    55        0.0273        0.0242 98668028   11.12%
 1594723 1415177        0.0263    59        0.0273        0.0242 98788684   11.12%
 1596846 1416468        0.0260    36        0.0273        0.0242 98871116   11.12%
 1598811 1419049        0.0244    61        0.0273        0.0242 99059127   11.12%
Elapsed time = 2698.12 sec. (3270150.38 ticks, tree = 9096.31 MB, solutions = 24)
Nodefile size = 7042.17 MB (3904.11 MB after compression)
 1600743 1419527        0.0266    55        0.0273        0.0242 99089192   11.12%
 1602744 1422042        0.0257    41        0.0273        0.0242 99270694   11.12%
 1604563 1422482        0.0272    33        0.0273        0.0242 99299360   11.12%
 1606548 1425135        0.0244    54        0.0273        0.0242 99472931   11.12%
 1608361 1426753        0.0270    37        0.0273        0.0242 99593976   11.12%
 1610639 1428724        0.0252    42        0.0273        0.0242 99732792   11.12%
 1612736 1429965        cutoff              0.0273        0.0242 99817467   11.12%
 1614928 1434087        0.0250    50        0.0273        0.0242 1.00e+08   11.12%
 1617096 1434579        0.0271    34        0.0273        0.0242 1.00e+08   11.12%
 1618977 1437570        0.0252    46        0.0273        0.0242 1.00e+08   11.12%
Elapsed time = 2727.16 sec. (3308336.73 ticks, tree = 9129.20 MB, solutions = 24)
Nodefile size = 7075.59 MB (3916.56 MB after compression)
 1620992 1438195        0.0244    53        0.0273        0.0242 1.00e+08   11.12%
 1622859 1438915        cutoff              0.0273        0.0242 1.00e+08   11.12%
 1624762 1443764        0.0264    41        0.0273        0.0242 1.01e+08   11.12%
 1626594 1444203        0.0261    50        0.0273        0.0242 1.01e+08   11.12%
 1628599 1444627        0.0272    47        0.0273        0.0242 1.01e+08   11.12%
 1630699 1446965        0.0244    51        0.0273        0.0242 1.01e+08   11.12%
 1632820 1448198        0.0263    48        0.0273        0.0242 1.01e+08   11.12%
 1634879 1450960        0.0264    39        0.0273        0.0242 1.01e+08   11.12%
 1636933 1452178        0.0255    47        0.0273        0.0242 1.01e+08   11.12%
 1638862 1456527        0.0266    45        0.0273        0.0242 1.02e+08   11.12%
Elapsed time = 2755.39 sec. (3346510.60 ticks, tree = 9164.24 MB, solutions = 24)
Nodefile size = 7109.98 MB (3929.24 MB after compression)
 1640756 1458313        0.0269    45        0.0273        0.0242 1.02e+08   11.12%
 1642742 1460060        0.0256    52        0.0273        0.0242 1.02e+08   11.12%
 1644889 1461330        0.0266    42        0.0273        0.0242 1.02e+08   11.12%
 1647056 1464030        cutoff              0.0273        0.0242 1.02e+08   11.12%
 1649121 1465156        0.0245    61        0.0273        0.0242 1.02e+08   11.12%
 1651095 1465582        0.0255    37        0.0273        0.0242 1.02e+08   11.12%
 1653244 1469277        0.0256    53        0.0273        0.0242 1.03e+08   11.12%
 1655354 1470648        0.0264    33        0.0273        0.0242 1.03e+08   11.12%
 1657263 1471838        0.0244    65        0.0273        0.0242 1.03e+08   11.12%
 1659320 1473709        0.0268    33        0.0273        0.0242 1.03e+08   11.11%
Elapsed time = 2783.55 sec. (3384674.24 ticks, tree = 9194.70 MB, solutions = 24)
Nodefile size = 7139.64 MB (3940.09 MB after compression)
 1661200 1475630        0.0263    40        0.0273        0.0242 1.03e+08   11.11%
 1663180 1476892        0.0243    64        0.0273        0.0242 1.03e+08   11.11%
 1665151 1477947        0.0262    43        0.0273        0.0242 1.03e+08   11.11%
 1666990 1480546        0.0261    70        0.0273        0.0242 1.03e+08   11.11%
 1668948 1481599        0.0264    73        0.0273        0.0242 1.03e+08   11.11%
 1670743 1484110        0.0257    46        0.0273        0.0242 1.04e+08   11.11%
 1672442 1486173        0.0268    47        0.0273        0.0242 1.04e+08   11.11%
 1674280 1489075        0.0271    45        0.0273        0.0242 1.04e+08   11.11%
 1676163 1488784        0.0244    68        0.0273        0.0242 1.04e+08   11.11%
 1677768 1490718        0.0268    40        0.0273        0.0242 1.04e+08   11.11%
Elapsed time = 2811.25 sec. (3422846.08 ticks, tree = 9225.49 MB, solutions = 24)
Nodefile size = 7170.04 MB (3951.56 MB after compression)
 1679501 1492327        0.0261    36        0.0273        0.0242 1.04e+08   11.11%
 1681240 1495273        0.0252    46        0.0273        0.0242 1.04e+08   11.11%
 1683105 1497045        0.0269    43        0.0273        0.0242 1.05e+08   11.11%
 1685002 1498078        0.0264    46        0.0273        0.0242 1.05e+08   11.11%
 1686705 1499048        0.0259    65        0.0273        0.0242 1.05e+08   11.11%
 1688490 1501763        0.0244    61        0.0273        0.0242 1.05e+08   11.11%
 1690503 1503355        0.0254    42        0.0273        0.0242 1.05e+08   11.11%
 1692612 1503807        0.0266    44        0.0273        0.0242 1.05e+08   11.11%
 1694723 1507241        0.0263    40        0.0273        0.0242 1.05e+08   11.11%
 1696722 1508626        0.0248    58        0.0273        0.0242 1.05e+08   11.11%
Elapsed time = 2839.02 sec. (3461013.07 ticks, tree = 9257.72 MB, solutions = 24)
Nodefile size = 7202.80 MB (3963.97 MB after compression)
 1698642 1510465        0.0252    71        0.0273        0.0242 1.05e+08   11.11%
 1700932 1511036        0.0272    32        0.0273        0.0242 1.06e+08   11.11%
 1703000 1512964        0.0263    34        0.0273        0.0242 1.06e+08   11.11%
 1704999 1514267        0.0271    44        0.0273        0.0242 1.06e+08   11.11%
 1707026 1518647        0.0242    61        0.0273        0.0242 1.06e+08   11.11%
 1709077 1518571        0.0259    46        0.0273        0.0242 1.06e+08   11.11%
 1710982 1522021        0.0251    42        0.0273        0.0242 1.06e+08   11.11%
 1712854 1523072        cutoff              0.0273        0.0242 1.06e+08   11.11%
 1714761 1524314        0.0253    50        0.0273        0.0242 1.06e+08   11.11%
 1716761 1525623        0.0251    63        0.0273        0.0242 1.07e+08   11.11%
Elapsed time = 2867.50 sec. (3499177.95 ticks, tree = 9291.25 MB, solutions = 24)
Nodefile size = 7236.34 MB (3977.31 MB after compression)
 1718646 1528081        0.0270    42        0.0273        0.0242 1.07e+08   11.11%
 1720463 1531409        0.0252    49        0.0273        0.0242 1.07e+08   11.11%
 1722502 1532673        0.0245    59        0.0273        0.0242 1.07e+08   11.11%
 1724705 1532403        0.0263    41        0.0273        0.0242 1.07e+08   11.11%
 1726683 1535621        0.0263    29        0.0273        0.0242 1.07e+08   11.11%
 1728592 1537034        0.0255    54        0.0273        0.0242 1.07e+08   11.11%
 1730461 1539796        0.0264    43        0.0273        0.0242 1.08e+08   11.11%
 1732316 1542301        0.0243    59        0.0273        0.0242 1.08e+08   11.11%
 1734270 1543418        0.0269    45        0.0273        0.0242 1.08e+08   11.11%
 1742030 1551135        0.0253    38        0.0273        0.0242 1.08e+08   11.11%
Elapsed time = 2903.45 sec. (3548796.38 ticks, tree = 9338.24 MB, solutions = 24)
Nodefile size = 7284.65 MB (3995.73 MB after compression)
 1750404 1558575        0.0263    38        0.0273        0.0242 1.09e+08   11.11%
 1758563 1564670        0.0262    37        0.0273        0.0242 1.09e+08   11.11%
 1766397 1573461        0.0261    30        0.0273        0.0242 1.10e+08   11.11%
 1774930 1580149        0.0259    50        0.0273        0.0242 1.10e+08   11.11%
 1782878 1587835        0.0262    59        0.0273        0.0242 1.11e+08   11.11%
 1790998 1596168        0.0261    48        0.0273        0.0242 1.11e+08   11.11%
 1798948 1603160        0.0262    44        0.0273        0.0242 1.12e+08   11.11%
 1806966 1609752        0.0248    45        0.0273        0.0242 1.12e+08   11.11%
 1814329 1616885        0.0260    39        0.0273        0.0242 1.13e+08   11.11%
 1822510 1623038        0.0263    49        0.0273        0.0242 1.13e+08   11.11%
Elapsed time = 3036.59 sec. (3701406.01 ticks, tree = 9468.77 MB, solutions = 24)
Nodefile size = 7413.37 MB (4042.86 MB after compression)
 1830585 1629770        0.0260    59        0.0273        0.0242 1.14e+08   11.11%
 1839207 1637820        0.0260    38        0.0273        0.0242 1.14e+08   11.11%
 1847056 1647688        0.0245    57        0.0273        0.0242 1.15e+08   11.11%
 1854602 1652493        0.0263    32        0.0273        0.0242 1.15e+08   11.11%
 1862500 1661343        0.0265    27        0.0273        0.0242 1.16e+08   11.11%
 1871152 1669305        0.0260    39        0.0273        0.0242 1.16e+08   11.11%
 1880316 1675351        0.0250    55        0.0273        0.0242 1.17e+08   11.11%
 1889052 1683830        0.0272    34        0.0273        0.0242 1.17e+08   11.11%
 1897385 1692716        0.0249    57        0.0273        0.0242 1.18e+08   11.10%
 1905934 1701396        0.0243    59        0.0273        0.0242 1.18e+08   11.10%
Elapsed time = 3164.25 sec. (3854004.12 ticks, tree = 9610.05 MB, solutions = 24)
Nodefile size = 7554.93 MB (4094.44 MB after compression)
 1914698 1710412        0.0267    32        0.0273        0.0242 1.19e+08   11.10%
 1922966 1717327        0.0271    39        0.0273        0.0242 1.19e+08   11.10%
 1931703 1723838        0.0242    61        0.0273        0.0242 1.20e+08   11.10%
 1940551 1731908        0.0251    41        0.0273        0.0242 1.20e+08   11.10%
 1948949 1739213        0.0244    56        0.0273        0.0242 1.21e+08   11.10%
 1957939 1749293        0.0266    25        0.0273        0.0242 1.21e+08   11.10%
 1964495 1755096        0.0248    55        0.0273        0.0242 1.22e+08   11.10%
 1967163 1759307        0.0253    50        0.0273        0.0242 1.22e+08   11.10%
 1970290 1762785        0.0264    49        0.0273        0.0242 1.22e+08   11.10%
 1973562 1765566        0.0257    39        0.0273        0.0242 1.22e+08   11.10%
Elapsed time = 3280.75 sec. (4006663.45 ticks, tree = 9725.53 MB, solutions = 24)
Nodefile size = 7671.16 MB (4135.92 MB after compression)
 1977202 1768142        0.0250    59        0.0273        0.0242 1.23e+08   11.10%
 1980956 1771813        0.0265    29        0.0273        0.0242 1.23e+08   11.10%
 1985022 1774595        0.0267    38        0.0273        0.0242 1.23e+08   11.10%
 1989032 1778599        0.0251    45        0.0273        0.0242 1.23e+08   11.10%
 1992355 1782756        0.0272    38        0.0273        0.0242 1.24e+08   11.10%
 1996249 1786335        0.0248    44        0.0273        0.0242 1.24e+08   11.10%
 1999915 1789705        0.0245    63        0.0273        0.0242 1.24e+08   11.10%
 2003758 1792245        0.0254    31        0.0273        0.0242 1.24e+08   11.10%
 2007322 1797210        0.0267    33        0.0273        0.0242 1.24e+08   11.10%
 2011033 1800077        0.0242    64        0.0273        0.0242 1.25e+08   11.10%
Elapsed time = 3399.66 sec. (4159289.32 ticks, tree = 9788.77 MB, solutions = 24)
Nodefile size = 7734.41 MB (4156.66 MB after compression)
 2014509 1801866        0.0258    45        0.0273        0.0242 1.25e+08   11.10%
 2017808 1806697        0.0259    43        0.0273        0.0242 1.25e+08   11.10%
 2021199 1808966        0.0244    53        0.0273        0.0242 1.25e+08   11.10%
 2024546 1812602        0.0247    61        0.0273        0.0242 1.26e+08   11.10%
 2028313 1815636        0.0269    35        0.0273        0.0242 1.26e+08   11.09%
 2032173 1818329        0.0271    32        0.0273        0.0242 1.26e+08   11.09%
 2035721 1822147        0.0260    35        0.0273        0.0242 1.26e+08   11.09%
 2039620 1826053        0.0271    40        0.0273        0.0242 1.26e+08   11.09%
 2042988 1829411        0.0250    60        0.0273        0.0242 1.27e+08   11.09%
 2046895 1831695        0.0254    37        0.0273        0.0242 1.27e+08   11.09%
Elapsed time = 3527.12 sec. (4312585.00 ticks, tree = 9845.58 MB, solutions = 24)
Nodefile size = 7790.56 MB (4175.32 MB after compression)
 2050725 1836045        cutoff              0.0273        0.0242 1.27e+08   11.09%
 2054436 1840503        0.0244    56        0.0273        0.0242 1.27e+08   11.09%
 2057975 1843369        0.0248    45        0.0273        0.0242 1.28e+08   11.09%
 2061254 1846178        0.0248    50        0.0273        0.0242 1.28e+08   11.09%
 2065180 1849996        cutoff              0.0273        0.0242 1.28e+08   11.09%

Cover cuts applied:  2
Mixed integer rounding cuts applied:  2

Root node processing (before b&c):
  Real time             =    1.16 sec. (1115.14 ticks)
Parallel b&c, 4 threads:
  Real time             = 3600.66 sec. (4404281.09 ticks)
  Sync time (average)   =  249.47 sec.
  Wait time (average)   =    0.00 sec.
                          ------------
Total (root+branch&cut) = 3601.81 sec. (4405396.23 ticks)
