Version identifier: 22.2.0.0 | 2026-05-04 | 5dff98e58
CPXPARAM_Read_DataCheck                          1
CPXPARAM_Threads                                 4
CPXPARAM_Parallel                                1
CPXPARAM_RandomSeed                              20260925
CPXPARAM_MIP_Strategy_Search                     1
CPXPARAM_Simplex_Tolerances_Optimality           1.0000000000000001e-09
CPXPARAM_Simplex_Tolerances_Feasibility          1.0000000000000001e-09
CPXPARAM_TimeLimit                               180
CPXPARAM_MIP_Tolerances_AbsMIPGap                1.0000000000000001e-09
CPXPARAM_MIP_Tolerances_Integrality              1.0000000000000001e-09
Legacy callback                                  iLUD
Lazy constraint(s) or lazy constraint/branch callback is present.
    Disabling dual reductions (CPX_PARAM_REDUCE) in presolve.
    Disabling presolve reductions that prevent crushing forms (CPX_PARAM_PREREFORM).
         Disabling repeat represolve because of lazy constraint/incumbent callback.
Warning: Effort level 'CheckFeas' is incompatible with lazy constraint/incumbent callback.
         Effort level increased to 'SolveFixed'.
1 of 1 MIP starts provided solutions.
MIP start 'm1' defined initial solution with objective 0.0175.
Tried aggregator 1 time.
MIP Presolve eliminated 1 rows and 0 columns.
MIP Presolve modified 4376 coefficients.
Reduced MIP has 561 rows, 1196 columns, and 189311 nonzeros.
Reduced MIP has 1164 binaries, 0 generals, 0 SOSs, and 0 indicators.
Presolve time = 0.08 sec. (75.65 ticks)
Probing time = 0.00 sec. (3.00 ticks)
MIP emphasis: balance optimality and feasibility.
MIP search method: traditional branch-and-cut.
Parallel mode: deterministic, using up to 4 threads.
Root relaxation solution time = 0.05 sec. (38.92 ticks)

        Nodes                                         Cuts/
   Node  Left     Objective  IInf  Best Integer    Best Bound    ItCnt     Gap         Variable B NodeID Parent  Depth

*     0+    0                            0.0175        0.0000           100.00%
      0     0        0.0076     2        0.0175        0.0076      139   56.72%
      0     0        0.0076     7        0.0175 UserPurge1: 1      142   56.72%
      0     0        0.0076     7        0.0175 UserPurge1: 1      146   56.72%
      0     0        0.0076     2        0.0175 UserPurge1: 1      151   56.72%
      0     0        0.0076     5        0.0175 UserPurge1: 1      152   56.72%
      0     0        0.0076     6        0.0175 UserPurge1: 1      153   56.72%
      0     0        0.0076     7        0.0175 UserPurge1: 1      154   56.72%
      0     0        0.0076     7        0.0175 UserPurge1: 1      157   56.72%
      0     0        0.0076     6        0.0175 UserPurge1: 1      160   56.72%
      0     0        0.0076     2        0.0175 UserPurge1: 1      162   56.72%
      0     0        0.0076     4        0.0175 UserPurge1: 1      164   56.72%
      0     0        0.0076     6        0.0175 UserPurge1: 1      166   56.72%
      0     0        0.0076     6        0.0175 UserPurge1: 1      167   56.72%
      0     0        0.0076     6        0.0175 UserPurge1: 1      168   56.72%
      0     0        0.0076     8        0.0175 UserPurge1: 1      170   56.72%
      0     0        0.0076     2        0.0175 UserPurge1: 1      174   56.72%
      0     0        0.0076     4        0.0175 UserPurge1: 1      176   56.72%
      0     0        0.0076     5        0.0175 UserPurge1: 1      177   56.72%
      0     0        0.0076     7        0.0175 UserPurge1: 1      178   56.72%
      0     0        0.0076     9        0.0175 UserPurge1: 1      179   56.72%
      0     0        0.0076     2        0.0175 UserPurge1: 1      181   56.72%
      0     0        0.0076     2        0.0175 UserPurge1: 1      183   56.72%
      0     0        0.0076     4        0.0175 UserPurge1: 1      184   56.72%
      0     0        0.0076     4        0.0175 UserPurge1: 1      185   56.72%
      0     0        0.0076     2        0.0175 UserPurge1: 1      187   56.72%
      0     0        0.0076     2        0.0175 UserPurge1: 1      189   56.72%
      0     0        0.0076     3        0.0175 UserPurge1: 1      190   56.72%
      0     0        0.0076     4        0.0175 UserPurge1: 1      191   56.72%
      0     0        0.0076     6        0.0175 UserPurge1: 1      192   56.72%
      0     0        0.0076     6        0.0175 UserPurge1: 1      194   56.72%
      0     0        0.0076     7        0.0175 UserPurge1: 1      195   56.72%
      0     0        0.0076     2        0.0175 UserPurge1: 1      196   56.72%
      0     0        0.0076     2        0.0175 UserPurge1: 1      198   56.72%
      0     0        0.0076     2        0.0175 UserPurge1: 1      200   56.72%
      0     0        0.0076     2        0.0175 UserPurge1: 1      202   56.72%
      0     0        0.0076     4        0.0175 UserPurge1: 1      204   56.72%
      0     0        0.0076     2        0.0175 UserPurge1: 1      206   56.72%
      0     0        0.0076     4        0.0175 UserPurge1: 1      209   56.72%
      0     0        0.0076     6        0.0175 UserPurge1: 1      211   56.72%
      0     0        0.0076     2        0.0175 UserPurge1: 1      213   56.72%
      0     0        0.0076     4        0.0175 UserPurge1: 1      216   56.72%
      0     0        0.0076     6        0.0175 UserPurge1: 1      217   56.72%
      0     0        0.0076     6        0.0175 UserPurge1: 1      218   56.72%
      0     0        0.0076     6        0.0175 UserPurge1: 1      220   56.72%
      0     0        0.0076     7        0.0175 UserPurge1: 1      221   56.72%
      0     0        0.0076     8        0.0175 UserPurge1: 1      222   56.72%
      0     0        0.0076     7        0.0175 UserPurge1: 1      225   56.72%
      0     0        0.0076     7        0.0175 UserPurge1: 1      226   56.72%
      0     0        0.0076     8        0.0175 UserPurge1: 1      227   56.72%
      0     0        0.0076     7        0.0175 UserPurge1: 1      230   56.72%
      0     0        0.0076     2        0.0175 UserPurge1: 1      234   56.72%
      0     0        0.0076     4        0.0175 UserPurge1: 1      235   56.72%
      0     0        0.0076     2        0.0175 UserPurge1: 1      236   56.72%
      0     0        0.0076     4        0.0175 UserPurge1: 1      238   56.72%
      0     0        0.0076     6        0.0175 UserPurge1: 1      239   56.72%
      0     0        0.0076     7        0.0175 UserPurge1: 1      240   56.72%
      0     0        0.0076     7        0.0175 UserPurge1: 1      241   56.72%
      0     0        0.0076     2        0.0175 UserPurge1: 1      244   56.72%
      0     0        0.0076     4        0.0175 UserPurge1: 1      246   56.72%
      0     0        0.0076     6        0.0175 UserPurge1: 1      248   56.72%
      0     0        0.0076     4        0.0175 UserPurge1: 1      250   56.72%
      0     0        0.0076     4        0.0175 UserPurge1: 1      252   56.72%
      0     0        0.0076     6        0.0175 UserPurge1: 1      254   56.72%
      0     0        0.0076     7        0.0175 UserPurge1: 1      256   56.72%
      0     0        0.0076     8        0.0175 UserPurge1: 1      257   56.72%
      0     0        0.0076     5        0.0175 UserPurge1: 1      260   56.72%
      0     0        0.0076     4        0.0175 UserPurge1: 1      262   56.72%
      0     0        0.0076     4        0.0175 UserPurge1: 1      263   56.72%
      0     0        0.0076     6        0.0175 UserPurge1: 1      265   56.72%
      0     0        0.0076     8        0.0175 UserPurge1: 1      266   56.72%
      0     0        0.0076     8        0.0175 UserPurge1: 1      267   56.72%
      0     0        0.0076     8        0.0175 UserPurge1: 1      268   56.72%
      0     0        0.0076     8        0.0175 UserPurge1: 1      269   56.72%
      0     0        0.0076     2        0.0175 UserPurge1: 1      270   56.72%
      0     0        0.0076     4        0.0175 UserPurge1: 1      273   56.72%
      0     0        0.0076     6        0.0175 UserPurge1: 1      276   56.72%
      0     0        0.0076     6        0.0175 UserPurge1: 1      279   56.72%
      0     0        0.0076     6        0.0175 UserPurge1: 1      280   56.72%
      0     0        0.0076     6        0.0175 UserPurge1: 1      281   56.72%
      0     0        0.0076     7        0.0175 UserPurge1: 1      282   56.72%
      0     0        0.0076     7        0.0175 UserPurge1: 1      283   56.72%
      0     0        0.0076     7        0.0175 UserPurge1: 1      284   56.72%
      0     0        0.0076     8        0.0175 UserPurge1: 1      287   56.72%
      0     0        0.0076     8        0.0175 UserPurge1: 1      288   56.72%
      0     0        0.0076     8        0.0175 UserPurge1: 1      289   56.72%
      0     0        0.0076     8        0.0175 UserPurge1: 1      290   56.72%
      0     0        0.0076     8        0.0175 UserPurge1: 1      291   56.72%
      0     0        0.0076     8        0.0175 UserPurge1: 1      292   56.72%
      0     0        0.0076     8        0.0175 UserPurge1: 1      293   56.72%
      0     0        0.0076     8        0.0175 UserPurge1: 1      294   56.72%
      0     0        0.0076     8        0.0175 UserPurge1: 1      295   56.72%
      0     0        0.0076     8        0.0175 UserPurge1: 1      297   56.72%
      0     0        0.0076     7        0.0175 UserPurge1: 1      299   56.72%
      0     0        0.0076     2        0.0175 UserPurge1: 1      302   56.72%
      0     0        0.0076     6        0.0175 UserPurge1: 1      304   56.72%
      0     0        0.0076     7        0.0175 UserPurge1: 1      307   56.72%
      0     0        0.0076     7        0.0175 UserPurge1: 1      308   56.72%
      0     0        0.0076     7        0.0175 UserPurge1: 1      309   56.72%
      0     0        0.0076     7        0.0175 UserPurge1: 1      310   56.72%
      0     0        0.0076     7        0.0175 UserPurge1: 1      311   56.72%
      0     0        0.0076     7        0.0175 UserPurge1: 1      312   56.72%
      0     0        0.0076     7        0.0175 UserPurge1: 1      313   56.72%
      0     0        0.0076     7        0.0175 UserPurge1: 1      315   56.72%
      0     0        0.0076     7        0.0175 UserPurge1: 1      316   56.72%
      0     0        0.0076     2        0.0175 UserPurge1: 1      317   56.72%
      0     0        0.0076     6        0.0175 UserPurge1: 1      320   56.72%
      0     0        0.0076     7        0.0175 UserPurge1: 1      324   56.72%
      0     0        0.0076     7        0.0175 UserPurge1: 1      326   56.72%
      0     0        0.0076     8        0.0175 UserPurge1: 1      327   56.72%
      0     0        0.0076     8        0.0175 UserPurge1: 1      329   56.72%
      0     0        0.0076     4        0.0175 UserPurge1: 1      332   56.72%
      0     0        0.0076     5        0.0175 UserPurge1: 1      334   56.72%
      0     0        0.0076     5        0.0175 UserPurge1: 1      336   56.72%
      0     0        0.0076     7        0.0175 UserPurge1: 1      338   56.72%
      0     0        0.0076     7        0.0175 UserPurge1: 1      339   56.72%
      0     0        0.0076     4        0.0175 UserPurge1: 1      341   56.72%
      0     0        0.0076     6        0.0175 UserPurge1: 1      343   56.72%
      0     0        0.0076     8        0.0175 UserPurge1: 1      346   56.72%
      0     0        0.0076     8        0.0175 UserPurge1: 1      347   56.72%
      0     0        0.0076     8        0.0175 UserPurge1: 1      348   56.72%
      0     0        0.0076     6        0.0175 UserPurge1: 1      350   56.72%
      0     0        0.0076     7        0.0175 UserPurge1: 1      351   56.72%
      0     0        0.0076     7        0.0175 UserPurge1: 1      353   56.72%
      0     0        0.0076     8        0.0175 UserPurge1: 1      354   56.72%
      0     0        0.0076     8        0.0175 UserPurge1: 1      355   56.72%
      0     0        0.0076     8        0.0175 UserPurge1: 1      356   56.72%
      0     0        0.0076     8        0.0175 UserPurge1: 1      358   56.72%
      0     0        0.0076     8        0.0175 UserPurge1: 1      359   56.72%
      0     0        0.0076     8        0.0175 UserPurge1: 1      360   56.72%
      0     0        0.0076     9        0.0175 UserPurge1: 1      361   56.72%
      0     0        0.0076     7        0.0175 UserPurge1: 1      364   56.72%
      0     0        0.0076     8        0.0175 UserPurge1: 1      365   56.72%
      0     0        0.0076     8        0.0175 UserPurge1: 1      368   56.72%
      0     0        0.0076     4        0.0175 UserPurge1: 1      371   56.72%
      0     0        0.0076     4        0.0175 UserPurge1: 1      374   56.72%
      0     0        0.0076     4        0.0175 UserPurge1: 1      375   56.72%
      0     0        0.0076     7        0.0175 UserPurge1: 1      377   56.72%
      0     0        0.0076     7        0.0175 UserPurge1: 1      378   56.72%
      0     0        0.0076     8        0.0175 UserPurge1: 1      379   56.72%
      0     0        0.0076     4        0.0175 UserPurge1: 1      383   56.72%
      0     0        0.0076     5        0.0175 UserPurge1: 1      387   56.72%
      0     0        0.0076     4        0.0175 UserPurge1: 1      389   56.72%
      0     0        0.0076     6        0.0175 UserPurge1: 1      391   56.72%
      0     0        0.0076     4        0.0175 UserPurge1: 1      393   56.72%
      0     0        0.0076     4        0.0175 UserPurge1: 1      395   56.72%
      0     0        0.0076     4        0.0175 UserPurge1: 1      396   56.72%
      0     0        0.0076     4        0.0175 UserPurge1: 1      397   56.72%
      0     0        0.0076     4        0.0175 UserPurge1: 1      398   56.72%
      0     0        0.0076     4        0.0175 UserPurge1: 1      399   56.72%
      0     0        0.0076     4        0.0175 UserPurge1: 1      400   56.72%
      0     0        0.0076     4        0.0175 UserPurge1: 1      401   56.72%
      0     0        0.0076     4        0.0175 UserPurge1: 1      402   56.72%
      0     0        0.0076     4        0.0175 UserPurge1: 1      403   56.72%
      0     0        0.0076     4        0.0175 UserPurge1: 1      404   56.72%
      0     0        0.0076     4        0.0175 UserPurge1: 1      405   56.72%
      0     0        0.0076     4        0.0175 UserPurge1: 1      406   56.72%
      0     0        0.0076     4        0.0175 UserPurge1: 1      407   56.72%
      0     0        0.0076     4        0.0175 UserPurge1: 1      408   56.72%
      0     0        0.0076     4        0.0175 UserPurge1: 1      409   56.72%
      0     0        0.0076     4        0.0175 UserPurge1: 1      410   56.72%
      0     0        0.0076     4        0.0175 UserPurge1: 1      411   56.72%
      0     0        0.0076     4        0.0175 UserPurge1: 1      412   56.72%
      0     0        0.0076     4        0.0175 UserPurge1: 1      413   56.72%
      0     0        0.0076     4        0.0175 UserPurge1: 1      414   56.72%
      0     0        0.0076     4        0.0175 UserPurge1: 1      415   56.72%
      0     0        0.0076     4        0.0175 UserPurge1: 1      416   56.72%
      0     0        0.0076     4        0.0175 UserPurge1: 1      417   56.72%
      0     0        0.0076     4        0.0175 UserPurge1: 1      418   56.72%
      0     0        0.0076     4        0.0175 UserPurge1: 1      419   56.72%
      0     0        0.0076     4        0.0175 UserPurge1: 1      420   56.72%
      0     0        0.0076     4        0.0175 UserPurge1: 1      421   56.72%
      0     0        0.0076     4        0.0175 UserPurge1: 1      422   56.72%
      0     0        0.0076     4        0.0175 UserPurge1: 1      423   56.72%
      0     0        0.0076     4        0.0175 UserPurge1: 1      424   56.72%
      0     0        0.0076     4        0.0175 UserPurge1: 1      425   56.72%
      0     0        0.0076     4        0.0175 UserPurge1: 1      426   56.72%
      0     0        0.0076     4        0.0175 UserPurge1: 1      427   56.72%
      0     0        0.0076     4        0.0175 UserPurge1: 1      428   56.72%
      0     0        0.0076     4        0.0175 UserPurge1: 1      429   56.72%
      0     0        0.0076     4        0.0175 UserPurge1: 1      430   56.72%
      0     0        0.0076     4        0.0175 UserPurge1: 1      431   56.72%
      0     0        0.0076     4        0.0175 UserPurge1: 1      432   56.72%
      0     0        0.0076     4        0.0175 UserPurge1: 1      433   56.72%
      0     0        0.0076     4        0.0175 UserPurge1: 1      434   56.72%
      0     0        0.0076     4        0.0175 UserPurge1: 1      435   56.72%
      0     0        0.0076     4        0.0175 UserPurge1: 1      436   56.72%
      0     0        0.0076     4        0.0175 UserPurge1: 1      437   56.72%
      0     0        0.0076     4        0.0175 UserPurge1: 1      438   56.72%
      0     0        0.0076     4        0.0175 UserPurge1: 1      439   56.72%
      0     0        0.0076     4        0.0175 UserPurge1: 1      440   56.72%
      0     0        0.0076     5        0.0175 UserPurge1: 1      441   56.72%
      0     0        0.0076     6        0.0175 UserPurge1: 1      442   56.72%
      0     0        0.0076     7        0.0175 UserPurge1: 1      443   56.72%
      0     0        0.0076     7        0.0175 UserPurge1: 1      444   56.72%
      0     0        0.0076     4        0.0175 UserPurge1: 1      449   56.72%
      0     0        0.0076     5        0.0175 UserPurge1: 1      451   56.72%
      0     0        0.0076     6        0.0175 UserPurge1: 1      452   56.72%
      0     0        0.0076     6        0.0175 UserPurge1: 1      453   56.72%
      0     0        0.0076     7        0.0175 UserPurge1: 1      454   56.72%
      0     0        0.0076     9        0.0175 UserPurge1: 1      455   56.72%
      0     0        0.0076     7        0.0175 UserPurge1: 1      458   56.72%
      0     0        0.0076     7        0.0175 UserPurge1: 1      459   56.72%
      0     0        0.0076     8        0.0175 UserPurge1: 1      460   56.72%
      0     0        0.0076     9        0.0175 UserPurge1: 1      461   56.72%
      0     0        0.0076     9        0.0175 UserPurge1: 1      462   56.72%
      0     0        0.0076    11        0.0175 UserPurge1: 1      463   56.72%
      0     0        0.0076     4        0.0175 UserPurge1: 1      466   56.72%
      0     0        0.0076     4        0.0175 UserPurge1: 1      467   56.72%
      0     0        0.0076     4        0.0175 UserPurge1: 1      469   56.72%
      0     0        0.0076     6        0.0175 UserPurge1: 1      472   56.72%
      0     0        0.0076     8        0.0175 UserPurge1: 1      473   56.72%
      0     0        0.0076     8        0.0175 UserPurge1: 1      474   56.72%
      0     0        0.0076     8        0.0175 UserPurge1: 1      476   56.72%
      0     0        0.0076     7        0.0175 UserPurge1: 1      481   56.72%
      0     0        0.0076     7        0.0175 UserPurge1: 1      482   56.72%
      0     0        0.0076     7        0.0175 UserPurge1: 1      485   56.72%
      0     0        0.0076     8        0.0175 UserPurge1: 1      487   56.72%
      0     0        0.0076     9        0.0175 UserPurge1: 1      488   56.72%
      0     0        0.0076     9        0.0175 UserPurge1: 1      490   56.72%
      0     0        0.0076    10        0.0175 UserPurge1: 1      491   56.72%
      0     0        0.0076     4        0.0175 UserPurge1: 1      493   56.72%
      0     0        0.0076     5        0.0175 UserPurge1: 1      494   56.72%
      0     0        0.0076     5        0.0175 UserPurge1: 1      495   56.72%
      0     0        0.0076     2        0.0175 UserPurge1: 1      497   56.72%
      0     0        0.0076     3        0.0175 UserPurge1: 1      499   56.72%
      0     0        0.0076     5        0.0175 UserPurge1: 1      503   56.72%
      0     0        0.0076     4        0.0175 UserPurge1: 1      505   56.72%
      0     0        0.0076     6        0.0175 UserPurge1: 1      508   56.72%
      0     0        0.0076     7        0.0175 UserPurge1: 1      509   56.72%
      0     0        0.0076     8        0.0175 UserPurge1: 1      511   56.72%
      0     0        0.0076     7        0.0175 UserPurge1: 1      513   56.72%
      0     0        0.0076     9        0.0175 UserPurge1: 1      514   56.72%
      0     0        0.0076     9        0.0175 UserPurge1: 1      516   56.72%
      0     0        0.0076    10        0.0175 UserPurge1: 1      517   56.72%
      0     0        0.0076     5        0.0175 UserPurge1: 1      519   56.72%
      0     0        0.0076     2        0.0175 UserPurge1: 1      521   56.72%
      0     0        0.0076     4        0.0175 UserPurge1: 1      522   56.72%
      0     0        0.0076     2        0.0175 UserPurge1: 1      523   56.72%
      0     0        0.0076     4        0.0175 UserPurge1: 1      524   56.72%
      0     0        0.0076     2        0.0175 UserPurge1: 1      525   56.72%
      0     0        0.0076     4        0.0175 UserPurge1: 1      526   56.72%
      0     0        0.0076     4        0.0175 UserPurge1: 1      527   56.72%
      0     0        0.0076     4        0.0175 UserPurge1: 1      528   56.72%
      0     0        0.0076     4        0.0175 UserPurge1: 1      529   56.72%
      0     0        0.0076     2        0.0175 UserPurge1: 1      530   56.72%
      0     0        0.0076     2        0.0175 UserPurge1: 1      531   56.72%
      0     0        0.0076     2        0.0175 UserPurge1: 1      532   56.72%
      0     0        0.0076     5        0.0175 UserPurge1: 1      534   56.72%
      0     0        0.0076     5        0.0175 UserPurge1: 1      535   56.72%
      0     0        0.0076     2        0.0175 UserPurge1: 1      537   56.72%
      0     0        0.0076     2        0.0175 UserPurge1: 1      538   56.72%
      0     0        0.0076     2        0.0175 UserPurge1: 1      539   56.72%
      0     0        0.0076     4        0.0175 UserPurge1: 1      542   56.72%
      0     0        0.0076     5        0.0175 UserPurge1: 1      543   56.72%
      0     0        0.0076     5        0.0175 UserPurge1: 1      545   56.72%
      0     0        0.0076     5        0.0175 UserPurge1: 1      548   56.72%
      0     0        0.0076     6        0.0175 UserPurge1: 1      549   56.72%
      0     0        0.0076     6        0.0175 UserPurge1: 1      551   56.72%
      0     0        0.0076     7        0.0175 UserPurge1: 1      552   56.72%
      0     0        0.0076     9        0.0175 UserPurge1: 1      554   56.72%
      0     0        0.0076    10        0.0175 UserPurge1: 1      557   56.72%
      0     0        0.0076     5        0.0175 UserPurge1: 1      562   56.72%
      0     0        0.0076     5        0.0175 UserPurge1: 1      563   56.72%
      0     0        0.0076     5        0.0175 UserPurge1: 1      564   56.72%
      0     0        0.0076     2        0.0175 UserPurge1: 1      566   56.72%
      0     0        0.0076     3        0.0175 UserPurge1: 1      567   56.72%
      0     0        0.0076     2        0.0175 UserPurge1: 1      568   56.72%
      0     0        0.0076     2        0.0175 UserPurge1: 1      569   56.72%
      0     0        0.0076     2        0.0175 UserPurge1: 1      570   56.72%
      0     0        0.0076     2        0.0175 UserPurge1: 1      571   56.72%
      0     0        0.0076     2        0.0175 UserPurge1: 1      572   56.72%
      0     0        0.0076     2        0.0175 UserPurge1: 1      573   56.72%
      0     0        0.0076     2        0.0175 UserPurge1: 1      574   56.72%
      0     0        0.0076     2        0.0175 UserPurge1: 1      575   56.72%
      0     0        0.0076     2        0.0175 UserPurge1: 1      576   56.72%
      0     0        0.0076     2        0.0175 UserPurge1: 1      577   56.72%
      0     0        0.0076     2        0.0175 UserPurge1: 1      578   56.72%
      0     0        0.0076     2        0.0175 UserPurge1: 1      579   56.72%
      0     0        0.0076     2        0.0175 UserPurge1: 1      580   56.72%
      0     0        0.0076     2        0.0175 UserPurge1: 1      581   56.72%
      0     0        0.0076     2        0.0175 UserPurge1: 1      582   56.72%
      0     0        0.0076     2        0.0175 UserPurge1: 1      583   56.72%
      0     0        0.0076     2        0.0175 UserPurge1: 1      584   56.72%
      0     0        0.0076     2        0.0175 UserPurge1: 1      585   56.72%
      0     0        0.0076     2        0.0175 UserPurge1: 1      586   56.72%
      0     0        0.0076     2        0.0175 UserPurge1: 1      587   56.72%
      0     0        0.0076     2        0.0175 UserPurge1: 1      588   56.72%
      0     0        0.0076     2        0.0175 UserPurge1: 1      589   56.72%
      0     0        0.0076     2        0.0175 UserPurge1: 1      590   56.72%
      0     0        0.0076     2        0.0175 UserPurge1: 1      591   56.72%
      0     0        0.0076     2        0.0175 UserPurge1: 1      592   56.72%
      0     0        0.0076     2        0.0175 UserPurge1: 1      593   56.72%
      0     0        0.0076     2        0.0175 UserPurge1: 1      594   56.72%
      0     0        0.0076     2        0.0175 UserPurge1: 1      595   56.72%
      0     0        0.0076     2        0.0175 UserPurge1: 1      596   56.72%
      0     0        0.0076     2        0.0175 UserPurge1: 1      597   56.72%
      0     0        0.0076     2        0.0175 UserPurge1: 1      598   56.72%
      0     0        0.0076     2        0.0175 UserPurge1: 1      599   56.72%
      0     0        0.0076     2        0.0175 UserPurge1: 1      600   56.72%
      0     0        0.0076     2        0.0175 UserPurge1: 1      601   56.72%
      0     0        0.0076     2        0.0175 UserPurge1: 1      602   56.72%
      0     0        0.0076     2        0.0175 UserPurge1: 1      603   56.72%
      0     0        0.0076     2        0.0175 UserPurge1: 1      604   56.72%
      0     0        0.0076     2        0.0175 UserPurge1: 1      605   56.72%
      0     0        0.0076     2        0.0175 UserPurge1: 1      606   56.72%
      0     0        0.0076     2        0.0175 UserPurge1: 1      607   56.72%
      0     0        0.0076     2        0.0175 UserPurge1: 1      608   56.72%
      0     0        0.0076     2        0.0175 UserPurge1: 1      609   56.72%
      0     0        0.0076     2        0.0175 UserPurge1: 1      610   56.72%
      0     0        0.0076     2        0.0175 UserPurge1: 1      611   56.72%
      0     0        0.0076     2        0.0175 UserPurge1: 1      612   56.72%
      0     0        0.0076     2        0.0175 UserPurge1: 1      613   56.72%
      0     0        0.0076     2        0.0175 UserPurge1: 1      614   56.72%
      0     0        0.0076     2        0.0175 UserPurge1: 1      615   56.72%
      0     0        0.0076     2        0.0175 UserPurge1: 1      616   56.72%
      0     0        0.0076     2        0.0175 UserPurge1: 1      617   56.72%
      0     0        0.0076     2        0.0175 UserPurge1: 1      618   56.72%
      0     0        0.0076     2        0.0175 UserPurge1: 1      619   56.72%
      0     0        0.0076     2        0.0175 UserPurge1: 1      620   56.72%
      0     0        0.0076     2        0.0175 UserPurge1: 1      621   56.72%
      0     0        0.0076     2        0.0175 UserPurge1: 1      622   56.72%
      0     0        0.0076     2        0.0175 UserPurge1: 1      623   56.72%
      0     0        0.0076     2        0.0175 UserPurge1: 1      624   56.72%
      0     0        0.0076     2        0.0175 UserPurge1: 1      625   56.72%
      0     0        0.0076     2        0.0175 UserPurge1: 1      626   56.72%
      0     0        0.0076     2        0.0175 UserPurge1: 1      627   56.72%
      0     0        0.0076     2        0.0175 UserPurge1: 1      628   56.72%
      0     0        0.0076     2        0.0175 UserPurge1: 1      629   56.72%
      0     0        0.0076     2        0.0175 UserPurge1: 1      630   56.72%
      0     0        0.0076     2        0.0175 UserPurge1: 1      631   56.72%
      0     0        0.0076     2        0.0175 UserPurge1: 1      632   56.72%
      0     0        0.0076     2        0.0175 UserPurge1: 1      633   56.72%
      0     0        0.0076     2        0.0175 UserPurge1: 1      634   56.72%
      0     0        0.0076     2        0.0175 UserPurge1: 1      635   56.72%
      0     0        0.0076     2        0.0175 UserPurge1: 1      636   56.72%
      0     0        0.0076     2        0.0175 UserPurge1: 1      637   56.72%
      0     0        0.0076     2        0.0175 UserPurge1: 1      638   56.72%
      0     0        0.0076     2        0.0175 UserPurge1: 1      639   56.72%
      0     0        0.0076     2        0.0175 UserPurge1: 1      640   56.72%
      0     0        0.0076     2        0.0175 UserPurge1: 1      641   56.72%
      0     0        0.0076     2        0.0175 UserPurge1: 1      642   56.72%
      0     0        0.0076     2        0.0175 UserPurge1: 1      643   56.72%
      0     0        0.0076     2        0.0175 UserPurge1: 1      644   56.72%
      0     0        0.0076     2        0.0175 UserPurge1: 1      645   56.72%
      0     0        0.0076     2        0.0175 UserPurge1: 1      646   56.72%
      0     0        0.0076     2        0.0175 UserPurge1: 1      647   56.72%
      0     0        0.0076     2        0.0175 UserPurge1: 1      648   56.72%
      0     0        0.0076     2        0.0175 UserPurge1: 1      649   56.72%
      0     0        0.0076     2        0.0175 UserPurge1: 1      650   56.72%
      0     0        0.0076     2        0.0175 UserPurge1: 1      651   56.72%
      0     0        0.0076     2        0.0175 UserPurge1: 1      652   56.72%
      0     0        0.0076     2        0.0175 UserPurge1: 1      653   56.72%
      0     0        0.0076     2        0.0175 UserPurge1: 1      654   56.72%
      0     0        0.0076     2        0.0175 UserPurge1: 1      655   56.72%
      0     0        0.0076     2        0.0175 UserPurge1: 1      656   56.72%
      0     0        0.0076     2        0.0175 UserPurge1: 1      657   56.72%
      0     0        0.0076     2        0.0175 UserPurge1: 1      658   56.72%
      0     0        0.0076     2        0.0175 UserPurge1: 1      659   56.72%
      0     0        0.0076     2        0.0175 UserPurge1: 1      660   56.72%
      0     0        0.0076     2        0.0175 UserPurge1: 1      661   56.72%
      0     0        0.0076     2        0.0175 UserPurge1: 1      662   56.72%
      0     0        0.0076     2        0.0175 UserPurge1: 1      663   56.72%
      0     0        0.0076     2        0.0175 UserPurge1: 1      664   56.72%
      0     0        0.0076     2        0.0175 UserPurge1: 1      665   56.72%
      0     0        0.0076     2        0.0175 UserPurge1: 1      666   56.72%
      0     0        0.0076     2        0.0175 UserPurge1: 1      667   56.72%
      0     0        0.0076     2        0.0175 UserPurge1: 1      668   56.72%
      0     0        0.0076     2        0.0175 UserPurge1: 1      669   56.72%
      0     0        0.0076     2        0.0175 UserPurge1: 1      670   56.72%
      0     0        0.0076     2        0.0175 UserPurge1: 1      671   56.72%
      0     0        0.0076     2        0.0175 UserPurge1: 1      672   56.72%
      0     0        0.0076     2        0.0175 UserPurge1: 1      673   56.72%
      0     0        0.0076     2        0.0175 UserPurge1: 1      674   56.72%
      0     0        0.0076     2        0.0175 UserPurge1: 1      675   56.72%
      0     0        0.0076     2        0.0175 UserPurge1: 1      676   56.72%
      0     0        0.0076     2        0.0175 UserPurge1: 1      677   56.72%
      0     0        0.0076     2        0.0175 UserPurge1: 1      678   56.72%
      0     0        0.0076     2        0.0175 UserPurge1: 1      679   56.72%
      0     0        0.0076     2        0.0175 UserPurge1: 1      680   56.72%
      0     0        0.0076     2        0.0175 UserPurge1: 1      681   56.72%
      0     0        0.0076     2        0.0175 UserPurge1: 1      682   56.72%
      0     0        0.0076     2        0.0175 UserPurge1: 1      683   56.72%
      0     0        0.0076     2        0.0175 UserPurge1: 1      684   56.72%
      0     0        0.0076     2        0.0175 UserPurge1: 1      685   56.72%
      0     0        0.0076     2        0.0175 UserPurge1: 1      686   56.72%
      0     0        0.0076     2        0.0175 UserPurge1: 1      687   56.72%
      0     0        0.0076     2        0.0175 UserPurge1: 1      688   56.72%
      0     0        0.0076     2        0.0175 UserPurge1: 1      689   56.72%
      0     0        0.0076     2        0.0175 UserPurge1: 1      690   56.72%
      0     0        0.0076     2        0.0175 UserPurge1: 1      691   56.72%
      0     0        0.0076     2        0.0175 UserPurge1: 1      692   56.72%
      0     0        0.0076     2        0.0175 UserPurge1: 1      693   56.72%
      0     0        0.0076     2        0.0175 UserPurge1: 1      694   56.72%
      0     0        0.0076     2        0.0175 UserPurge1: 1      695   56.72%
      0     0        0.0076     2        0.0175 UserPurge1: 1      696   56.72%
      0     0        0.0076     2        0.0175 UserPurge1: 1      697   56.72%
      0     0        0.0076     2        0.0175 UserPurge1: 1      698   56.72%
      0     0        0.0076     2        0.0175 UserPurge1: 1      699   56.72%
      0     0        0.0076     2        0.0175 UserPurge1: 1      700   56.72%
      0     0        0.0076     2        0.0175 UserPurge1: 1      701   56.72%
      0     0        0.0076     2        0.0175 UserPurge1: 1      702   56.72%
      0     0        0.0076     2        0.0175 UserPurge1: 1      703   56.72%
      0     0        0.0076     2        0.0175 UserPurge1: 1      704   56.72%
      0     0        0.0076     2        0.0175 UserPurge1: 1      705   56.72%
      0     0        0.0076     2        0.0175 UserPurge1: 1      706   56.72%
      0     0        0.0076     2        0.0175 UserPurge1: 1      707   56.72%
      0     0        0.0076     2        0.0175 UserPurge1: 1      708   56.72%
      0     0        0.0076     2        0.0175 UserPurge1: 1      709   56.72%
      0     0        0.0076     2        0.0175 UserPurge1: 1      710   56.72%
      0     0        0.0076     2        0.0175 UserPurge1: 1      711   56.72%
      0     0        0.0076     2        0.0175 UserPurge1: 1      712   56.72%
      0     0        0.0076     2        0.0175 UserPurge1: 1      713   56.72%
      0     0        0.0076     2        0.0175 UserPurge1: 1      714   56.72%
      0     0        0.0076     2        0.0175 UserPurge1: 1      715   56.72%
      0     0        0.0076     2        0.0175 UserPurge1: 1      716   56.72%
      0     0        0.0076     2        0.0175 UserPurge1: 1      717   56.72%
      0     0        0.0076     2        0.0175 UserPurge1: 1      718   56.72%
      0     0        0.0076     2        0.0175 UserPurge1: 1      719   56.72%
      0     0        0.0076     2        0.0175 UserPurge1: 1      720   56.72%
      0     0        0.0076     2        0.0175 UserPurge1: 1      721   56.72%
      0     0        0.0076     2        0.0175 UserPurge1: 1      722   56.72%
      0     0        0.0076     2        0.0175 UserPurge1: 1      723   56.72%
      0     0        0.0076     2        0.0175 UserPurge1: 1      724   56.72%
      0     0        0.0076     2        0.0175 UserPurge1: 1      725   56.72%
      0     0        0.0076     2        0.0175 UserPurge1: 1      726   56.72%
      0     0        0.0076     2        0.0175 UserPurge1: 1      727   56.72%
      0     0        0.0076     2        0.0175 UserPurge1: 1      728   56.72%
      0     0        0.0076     2        0.0175 UserPurge1: 1      729   56.72%
      0     0        0.0076     2        0.0175 UserPurge1: 1      730   56.72%
      0     0        0.0076     2        0.0175 UserPurge1: 1      731   56.72%
      0     0        0.0076     2        0.0175 UserPurge1: 1      732   56.72%
      0     0        0.0076     2        0.0175 UserPurge1: 1      733   56.72%
      0     0        0.0076     2        0.0175 UserPurge1: 1      734   56.72%
      0     0        0.0076     2        0.0175 UserPurge1: 1      735   56.72%
      0     0        0.0076     2        0.0175 UserPurge1: 1      736   56.72%
      0     0        0.0076     2        0.0175 UserPurge1: 1      737   56.72%
      0     0        0.0076     2        0.0175 UserPurge1: 1      738   56.72%
      0     0        0.0076     2        0.0175 UserPurge1: 1      739   56.72%
      0     0        0.0076     2        0.0175 UserPurge1: 1      740   56.72%
      0     0        0.0076     2        0.0175 UserPurge1: 1      741   56.72%
      0     0        0.0076     2        0.0175 UserPurge1: 1      742   56.72%
      0     0        0.0076     2        0.0175 UserPurge1: 1      743   56.72%
      0     0        0.0076     2        0.0175 UserPurge1: 1      744   56.72%
      0     0        0.0076     2        0.0175 UserPurge1: 1      745   56.72%
      0     0        0.0076     2        0.0175 UserPurge1: 1      746   56.72%
      0     0        0.0076     2        0.0175 UserPurge1: 1      747   56.72%
      0     0        0.0076     2        0.0175 UserPurge1: 1      748   56.72%
      0     0        0.0076     2        0.0175 UserPurge1: 1      749   56.72%
      0     0        0.0076     2        0.0175 UserPurge1: 1      750   56.72%
      0     0        0.0076     2        0.0175 UserPurge1: 1      751   56.72%
      0     0        0.0076     2        0.0175 UserPurge1: 1      752   56.72%
      0     0        0.0076     2        0.0175 UserPurge1: 1      753   56.72%
      0     0        0.0076     2        0.0175 UserPurge1: 1      754   56.72%
      0     0        0.0076     2        0.0175 UserPurge1: 1      755   56.72%
      0     0        0.0076     2        0.0175 UserPurge1: 1      756   56.72%
      0     0        0.0076     2        0.0175 UserPurge1: 1      757   56.72%
      0     0        0.0076     2        0.0175 UserPurge1: 1      758   56.72%
      0     0        0.0076     2        0.0175 UserPurge1: 1      759   56.72%
      0     0        0.0076     2        0.0175 UserPurge1: 1      760   56.72%
      0     0        0.0076     2        0.0175 UserPurge1: 1      761   56.72%
      0     0        0.0076     2        0.0175 UserPurge1: 1      762   56.72%
      0     0        0.0076     2        0.0175 UserPurge1: 1      763   56.72%
      0     0        0.0076     2        0.0175 UserPurge1: 1      764   56.72%
      0     0        0.0076     2        0.0175 UserPurge1: 1      765   56.72%
      0     0        0.0076     2        0.0175 UserPurge1: 1      766   56.72%
      0     0        0.0076     2        0.0175 UserPurge1: 1      767   56.72%
      0     0        0.0076     2        0.0175 UserPurge1: 1      768   56.72%
      0     0        0.0076     2        0.0175 UserPurge1: 1      769   56.72%
      0     0        0.0076     2        0.0175 UserPurge1: 1      770   56.72%
      0     0        0.0076     2        0.0175 UserPurge1: 1      771   56.72%
      0     0        0.0076     2        0.0175 UserPurge1: 1      772   56.72%
      0     0        0.0076     2        0.0175 UserPurge1: 1      773   56.72%
      0     0        0.0076     2        0.0175 UserPurge1: 1      774   56.72%
      0     0        0.0076     2        0.0175 UserPurge1: 1      775   56.72%
      0     0        0.0076     2        0.0175 UserPurge1: 1      776   56.72%
      0     0        0.0076     2        0.0175 UserPurge1: 1      777   56.72%
      0     0        0.0076     2        0.0175 UserPurge1: 1      778   56.72%
      0     0        0.0076     2        0.0175 UserPurge1: 1      779   56.72%
      0     0        0.0076     2        0.0175 UserPurge1: 1      780   56.72%
      0     0        0.0076     2        0.0175 UserPurge1: 1      781   56.72%
      0     0        0.0076     2        0.0175 UserPurge1: 1      782   56.72%
      0     0        0.0076     2        0.0175 UserPurge1: 1      783   56.72%
      0     0        0.0076     2        0.0175 UserPurge1: 1      784   56.72%
      0     0        0.0076     2        0.0175 UserPurge1: 1      785   56.72%
      0     0        0.0076     2        0.0175 UserPurge1: 1      786   56.72%
      0     0        0.0076     2        0.0175 UserPurge1: 1      787   56.72%
      0     0        0.0076     2        0.0175 UserPurge1: 1      788   56.72%
      0     0        0.0076     2        0.0175 UserPurge1: 1      789   56.72%
      0     0        0.0076     2        0.0175 UserPurge1: 1      790   56.72%
      0     0        0.0076     2        0.0175 UserPurge1: 1      791   56.72%
      0     0        0.0076     2        0.0175 UserPurge1: 1      792   56.72%
      0     0        0.0076     2        0.0175 UserPurge1: 1      793   56.72%
      0     0        0.0076     2        0.0175 UserPurge1: 1      794   56.72%
      0     0        0.0076     2        0.0175 UserPurge1: 1      795   56.72%
      0     0        0.0076     2        0.0175 UserPurge1: 1      796   56.72%
      0     0        0.0076     2        0.0175 UserPurge1: 1      797   56.72%
      0     0        0.0076     2        0.0175 UserPurge1: 1      798   56.72%
      0     0        0.0076     2        0.0175 UserPurge1: 1      799   56.72%
      0     0        0.0076     2        0.0175 UserPurge1: 1      800   56.72%
      0     0        0.0076     2        0.0175 UserPurge1: 1      801   56.72%
      0     0        0.0076     2        0.0175 UserPurge1: 1      802   56.72%
      0     0        0.0076     2        0.0175 UserPurge1: 1      803   56.72%
      0     0        0.0076     2        0.0175 UserPurge1: 1      804   56.72%
      0     0        0.0076     2        0.0175 UserPurge1: 1      805   56.72%
      0     0        0.0076     2        0.0175 UserPurge1: 1      806   56.72%
      0     0        0.0076     2        0.0175 UserPurge1: 1      807   56.72%
      0     0        0.0076     2        0.0175 UserPurge1: 1      808   56.72%
      0     0        0.0076     2        0.0175 UserPurge1: 1      809   56.72%
      0     0        0.0076     2        0.0175 UserPurge1: 1      810   56.72%
      0     0        0.0076     2        0.0175 UserPurge1: 1      811   56.72%
      0     0        0.0076     2        0.0175 UserPurge1: 1      812   56.72%
      0     0        0.0076     2        0.0175 UserPurge1: 1      813   56.72%
      0     0        0.0076     2        0.0175 UserPurge1: 1      814   56.72%
      0     0        0.0076     2        0.0175 UserPurge1: 1      815   56.72%
      0     0        0.0076     2        0.0175 UserPurge1: 1      816   56.72%
      0     0        0.0076     2        0.0175 UserPurge1: 1      817   56.72%
      0     0        0.0076     2        0.0175 UserPurge1: 1      818   56.72%
      0     0        0.0076     2        0.0175 UserPurge1: 1      819   56.72%
      0     0        0.0076     2        0.0175 UserPurge1: 1      820   56.72%
      0     0        0.0076     2        0.0175 UserPurge1: 1      821   56.72%
      0     0        0.0076     2        0.0175 UserPurge1: 1      822   56.72%
      0     0        0.0076     2        0.0175 UserPurge1: 1      823   56.72%
      0     0        0.0076     2        0.0175 UserPurge1: 1      824   56.72%
      0     0        0.0076     2        0.0175 UserPurge1: 1      825   56.72%
      0     0        0.0076     2        0.0175 UserPurge1: 1      826   56.72%
      0     0        0.0076     2        0.0175 UserPurge1: 1      827   56.72%
      0     0        0.0076     2        0.0175 UserPurge1: 1      828   56.72%
      0     0        0.0076     2        0.0175 UserPurge1: 1      829   56.72%
      0     0        0.0076     2        0.0175 UserPurge1: 1      830   56.72%
      0     0        0.0076     2        0.0175 UserPurge1: 1      831   56.72%
      0     0        0.0076     2        0.0175 UserPurge1: 1      832   56.72%
      0     0        0.0076     2        0.0175 UserPurge1: 1      833   56.72%
      0     0        0.0076     2        0.0175 UserPurge1: 1      834   56.72%
      0     0        0.0076     2        0.0175 UserPurge1: 1      835   56.72%
      0     0        0.0076     2        0.0175 UserPurge1: 1      836   56.72%
      0     0        0.0076     2        0.0175 UserPurge1: 1      837   56.72%
      0     0        0.0076     2        0.0175 UserPurge1: 1      838   56.72%
      0     0        0.0076     2        0.0175 UserPurge1: 1      839   56.72%
      0     0        0.0076     2        0.0175 UserPurge1: 1      840   56.72%
      0     0        0.0076     2        0.0175 UserPurge1: 1      841   56.72%
      0     0        0.0076     2        0.0175 UserPurge1: 1      842   56.72%
      0     0        0.0076     2        0.0175 UserPurge1: 1      843   56.72%
      0     0        0.0076     2        0.0175 UserPurge1: 1      844   56.72%
      0     0        0.0076     2        0.0175 UserPurge1: 1      845   56.72%
      0     0        0.0076     2        0.0175 UserPurge1: 1      846   56.72%
      0     0        0.0076     2        0.0175 UserPurge1: 1      847   56.72%
      0     0        0.0076     2        0.0175 UserPurge1: 1      848   56.72%
      0     0        0.0076     2        0.0175 UserPurge1: 1      849   56.72%
      0     0        0.0076     2        0.0175 UserPurge1: 1      850   56.72%
      0     0        0.0076     2        0.0175 UserPurge1: 1      851   56.72%
      0     0        0.0076     2        0.0175 UserPurge1: 1      852   56.72%
      0     0        0.0076     2        0.0175 UserPurge1: 1      853   56.72%
      0     0        0.0076     2        0.0175 UserPurge1: 1      854   56.72%
      0     0        0.0076     2        0.0175 UserPurge1: 1      855   56.72%
      0     0        0.0076     2        0.0175 UserPurge1: 1      856   56.72%
      0     0        0.0076     2        0.0175 UserPurge1: 1      857   56.72%
      0     0        0.0076     2        0.0175 UserPurge1: 1      858   56.72%
      0     0        0.0076     2        0.0175 UserPurge1: 1      859   56.72%
      0     0        0.0076     2        0.0175 UserPurge1: 1      860   56.72%
      0     0        0.0076     2        0.0175 UserPurge1: 1      861   56.72%
      0     0        0.0076     2        0.0175 UserPurge1: 1      862   56.72%
      0     0        0.0076     2        0.0175 UserPurge1: 1      863   56.72%
      0     0        0.0076     2        0.0175 UserPurge1: 1      864   56.72%
      0     0        0.0076     2        0.0175 UserPurge1: 1      865   56.72%
      0     0        0.0076     2        0.0175 UserPurge1: 1      866   56.72%
      0     0        0.0076     2        0.0175 UserPurge1: 1      867   56.72%
      0     0        0.0076     2        0.0175 UserPurge1: 1      868   56.72%
      0     0        0.0076     2        0.0175 UserPurge1: 1      869   56.72%
      0     0        0.0076     2        0.0175 UserPurge1: 1      870   56.72%
      0     0        0.0076     2        0.0175 UserPurge1: 1      871   56.72%
      0     0        0.0076     2        0.0175 UserPurge1: 1      872   56.72%
      0     0        0.0076     2        0.0175 UserPurge1: 1      873   56.72%
      0     0        0.0076     2        0.0175 UserPurge1: 1      874   56.72%
      0     0        0.0076     2        0.0175 UserPurge1: 1      875   56.72%
      0     0        0.0076     2        0.0175 UserPurge1: 1      876   56.72%
      0     0        0.0076     2        0.0175 UserPurge1: 1      877   56.72%
      0     0        0.0076     2        0.0175 UserPurge1: 1      878   56.72%
      0     0        0.0076     2        0.0175 UserPurge1: 1      879   56.72%
      0     0        0.0076     2        0.0175 UserPurge1: 1      880   56.72%
      0     0        0.0076     2        0.0175 UserPurge1: 1      881   56.72%
      0     0        0.0076     2        0.0175 UserPurge1: 1      882   56.72%
      0     0        0.0076     2        0.0175 UserPurge1: 1      883   56.72%
      0     0        0.0076     2        0.0175 UserPurge1: 1      884   56.72%
      0     0        0.0076     2        0.0175 UserPurge1: 1      885   56.72%
      0     0        0.0076     2        0.0175 UserPurge1: 1      886   56.72%
      0     0        0.0076     2        0.0175 UserPurge1: 1      887   56.72%
      0     0        0.0076     2        0.0175 UserPurge1: 1      888   56.72%
      0     0        0.0076     2        0.0175 UserPurge1: 1      889   56.72%
      0     0        0.0076     2        0.0175 UserPurge1: 1      890   56.72%
      0     0        0.0076     2        0.0175 UserPurge1: 1      891   56.72%
      0     0        0.0076     2        0.0175 UserPurge1: 1      892   56.72%
      0     0        0.0076     2        0.0175 UserPurge1: 1      893   56.72%
      0     0        0.0076     2        0.0175 UserPurge1: 1      894   56.72%
      0     0        0.0076     2        0.0175 UserPurge1: 1      895   56.72%
      0     0        0.0076     2        0.0175 UserPurge1: 1      896   56.72%
      0     0        0.0076     2        0.0175 UserPurge1: 1      897   56.72%
      0     0        0.0076     2        0.0175 UserPurge1: 1      898   56.72%
      0     0        0.0076     2        0.0175 UserPurge1: 1      899   56.72%
      0     0        0.0076     2        0.0175 UserPurge1: 1      900   56.72%
      0     0        0.0076     2        0.0175 UserPurge1: 1      901   56.72%
      0     0        0.0076     2        0.0175 UserPurge1: 1      902   56.72%
      0     0        0.0076     2        0.0175 UserPurge1: 1      903   56.72%
      0     0        0.0076     2        0.0175 UserPurge1: 1      904   56.72%
      0     0        0.0076     2        0.0175 UserPurge1: 1      905   56.72%
      0     0        0.0076     2        0.0175 UserPurge1: 1      906   56.72%
      0     0        0.0076     2        0.0175 UserPurge1: 1      907   56.72%
      0     0        0.0076     2        0.0175 UserPurge1: 1      908   56.72%
      0     0        0.0076     2        0.0175 UserPurge1: 1      909   56.72%
      0     0        0.0076     2        0.0175 UserPurge1: 1      910   56.72%
      0     0        0.0076     2        0.0175 UserPurge1: 1      911   56.72%
      0     0        0.0076     2        0.0175 UserPurge1: 1      912   56.72%
      0     0        0.0076     2        0.0175 UserPurge1: 1      913   56.72%
      0     0        0.0076     2        0.0175 UserPurge1: 1      914   56.72%
      0     0        0.0076     2        0.0175 UserPurge1: 1      915   56.72%
      0     0        0.0076     2        0.0175 UserPurge1: 1      916   56.72%
      0     0        0.0076     2        0.0175 UserPurge1: 1      917   56.72%
      0     0        0.0076     2        0.0175 UserPurge1: 1      918   56.72%
      0     0        0.0076     2        0.0175 UserPurge1: 1      919   56.72%
      0     0        0.0076     2        0.0175 UserPurge1: 1      920   56.72%
      0     0        0.0076     2        0.0175 UserPurge1: 1      921   56.72%
      0     0        0.0076     2        0.0175 UserPurge1: 1      922   56.72%
      0     0        0.0076     2        0.0175 UserPurge1: 1      923   56.72%
      0     0        0.0076     2        0.0175 UserPurge1: 1      924   56.72%
      0     0        0.0076     2        0.0175 UserPurge1: 1      925   56.72%
      0     0        0.0076     2        0.0175 UserPurge1: 1      926   56.72%
      0     0        0.0076     2        0.0175 UserPurge1: 1      927   56.72%
      0     0        0.0076     2        0.0175 UserPurge1: 1      928   56.72%
      0     0        0.0076     2        0.0175 UserPurge1: 1      929   56.72%
      0     0        0.0076     2        0.0175 UserPurge1: 1      930   56.72%
      0     0        0.0076     2        0.0175 UserPurge1: 1      931   56.72%
      0     0        0.0076     2        0.0175 UserPurge1: 1      932   56.72%
      0     0        0.0076     2        0.0175 UserPurge1: 1      933   56.72%
      0     0        0.0076     2        0.0175 UserPurge1: 1      934   56.72%
      0     0        0.0076     2        0.0175 UserPurge1: 1      935   56.72%
      0     0        0.0076     2        0.0175 UserPurge1: 1      936   56.72%
      0     0        0.0076     2        0.0175 UserPurge1: 1      937   56.72%
      0     0        0.0076     2        0.0175 UserPurge1: 1      938   56.72%
      0     0        0.0076     2        0.0175 UserPurge1: 1      939   56.72%
      0     0        0.0076     2        0.0175 UserPurge1: 1      940   56.72%
      0     0        0.0076     2        0.0175 UserPurge1: 1      941   56.72%
      0     0        0.0076     2        0.0175 UserPurge1: 1      942   56.72%
      0     0        0.0076     2        0.0175 UserPurge1: 1      943   56.72%
      0     0        0.0076     2        0.0175 UserPurge1: 1      944   56.72%
      0     0        0.0076     2        0.0175 UserPurge1: 1      945   56.72%
      0     0        0.0076     2        0.0175 UserPurge1: 1      946   56.72%
      0     0        0.0076     2        0.0175 UserPurge1: 1      947   56.72%
      0     0        0.0076     2        0.0175 UserPurge1: 1      948   56.72%
      0     0        0.0076     2        0.0175 UserPurge1: 1      949   56.72%
      0     0        0.0076     2        0.0175 UserPurge1: 1      950   56.72%
      0     0        0.0076     2        0.0175 UserPurge1: 1      951   56.72%
      0     0        0.0076     2        0.0175 UserPurge1: 1      952   56.72%
      0     0        0.0076     2        0.0175 UserPurge1: 1      953   56.72%
      0     0        0.0076     2        0.0175 UserPurge1: 1      954   56.72%
      0     0        0.0076     2        0.0175 UserPurge1: 1      955   56.72%
      0     0        0.0076     2        0.0175 UserPurge1: 1      956   56.72%
      0     0        0.0076     2        0.0175 UserPurge1: 1      957   56.72%
      0     0        0.0076     2        0.0175 UserPurge1: 1      958   56.72%
      0     0        0.0076     2        0.0175 UserPurge1: 1      959   56.72%
      0     0        0.0076     2        0.0175 UserPurge1: 1      960   56.72%
      0     0        0.0076     2        0.0175 UserPurge1: 1      961   56.72%
      0     0        0.0076     2        0.0175 UserPurge1: 1      962   56.72%
      0     0        0.0076     2        0.0175 UserPurge1: 1      963   56.72%
      0     0        0.0076     2        0.0175 UserPurge1: 1      964   56.72%
      0     0        0.0076     2        0.0175 UserPurge1: 1      965   56.72%
      0     0        0.0076     2        0.0175 UserPurge1: 1      966   56.72%
      0     0        0.0076     2        0.0175 UserPurge1: 1      967   56.72%
      0     0        0.0076     2        0.0175 UserPurge1: 1      968   56.72%
      0     0        0.0076     2        0.0175 UserPurge1: 1      969   56.72%
      0     0        0.0076     2        0.0175 UserPurge1: 1      970   56.72%
      0     0        0.0076     2        0.0175 UserPurge1: 1      971   56.72%
      0     0        0.0076     2        0.0175 UserPurge1: 1      972   56.72%
      0     0        0.0076     2        0.0175 UserPurge1: 1      973   56.72%
      0     0        0.0076     2        0.0175 UserPurge1: 1      974   56.72%
      0     0        0.0076     2        0.0175 UserPurge1: 1      975   56.72%
      0     0        0.0076     2        0.0175 UserPurge1: 1      976   56.72%
      0     0        0.0076     2        0.0175 UserPurge1: 1      977   56.72%
      0     0        0.0076     2        0.0175 UserPurge1: 1      978   56.72%
      0     0        0.0076     2        0.0175 UserPurge1: 1      979   56.72%
      0     0        0.0076     2        0.0175 UserPurge1: 1      980   56.72%
      0     0        0.0076     2        0.0175 UserPurge1: 1      981   56.72%
      0     0        0.0076     2        0.0175 UserPurge1: 1      982   56.72%
      0     0        0.0076     2        0.0175 UserPurge1: 1      983   56.72%
      0     0        0.0076     2        0.0175 UserPurge1: 1      984   56.72%
      0     0        0.0076     2        0.0175 UserPurge1: 1      985   56.72%
      0     0        0.0076     2        0.0175 UserPurge1: 1      986   56.72%
      0     0        0.0076     2        0.0175 UserPurge1: 1      987   56.72%
      0     0        0.0076     2        0.0175 UserPurge1: 1      988   56.72%
      0     0        0.0076     2        0.0175 UserPurge1: 1      989   56.72%
      0     0        0.0076     2        0.0175 UserPurge1: 1      990   56.72%
      0     0        0.0076     2        0.0175 UserPurge1: 1      991   56.72%
      0     0        0.0076     2        0.0175 UserPurge1: 1      992   56.72%
      0     0        0.0076     2        0.0175 UserPurge1: 1      993   56.72%
      0     0        0.0076     2        0.0175 UserPurge1: 1      994   56.72%
      0     0        0.0076     2        0.0175 UserPurge1: 1      995   56.72%
      0     0        0.0076     2        0.0175 UserPurge1: 1      996   56.72%
      0     0        0.0076     2        0.0175 UserPurge1: 1      997   56.72%
      0     0        0.0076     2        0.0175 UserPurge1: 1      998   56.72%
      0     0        0.0076     2        0.0175 UserPurge1: 1      999   56.72%
      0     0        0.0076     2        0.0175 UserPurge1: 1     1000   56.72%
      0     0        0.0076     2        0.0175 UserPurge1: 1     1001   56.72%
      0     0        0.0076     2        0.0175 UserPurge1: 1     1002   56.72%
      0     0        0.0076     2        0.0175 UserPurge1: 1     1003   56.72%
      0     0        0.0076     2        0.0175 UserPurge1: 1     1004   56.72%
      0     0        0.0076     2        0.0175 UserPurge1: 1     1005   56.72%
      0     0        0.0076     2        0.0175 UserPurge1: 1     1006   56.72%
      0     0        0.0076     2        0.0175 UserPurge1: 1     1007   56.72%
      0     0        0.0076     2        0.0175 UserPurge1: 1     1008   56.72%
      0     0        0.0076     2        0.0175 UserPurge1: 1     1009   56.72%
      0     0        0.0076     2        0.0175 UserPurge1: 1     1010   56.72%
      0     0        0.0076     2        0.0175 UserPurge1: 1     1011   56.72%
      0     0        0.0076     2        0.0175 UserPurge1: 1     1012   56.72%
      0     0        0.0076     2        0.0175 UserPurge1: 1     1013   56.72%
      0     0        0.0076     2        0.0175 UserPurge1: 1     1014   56.72%
      0     0        0.0076     2        0.0175 UserPurge1: 1     1015   56.72%
      0     0        0.0076     2        0.0175 UserPurge1: 1     1016   56.72%
      0     0        0.0076     2        0.0175 UserPurge1: 1     1017   56.72%
      0     0        0.0076     2        0.0175 UserPurge1: 1     1018   56.72%
      0     0        0.0076     2        0.0175 UserPurge1: 1     1019   56.72%
      0     0        0.0076     2        0.0175 UserPurge1: 1     1020   56.72%
      0     0        0.0076     2        0.0175 UserPurge1: 1     1021   56.72%
      0     0        0.0076     2        0.0175 UserPurge1: 1     1022   56.72%
      0     0        0.0076     2        0.0175 UserPurge1: 1     1023   56.72%
      0     0        0.0076     2        0.0175 UserPurge1: 1     1024   56.72%
      0     0        0.0076     2        0.0175 UserPurge1: 1     1025   56.72%
      0     0        0.0076     2        0.0175 UserPurge1: 1     1026   56.72%
      0     0        0.0076     2        0.0175 UserPurge1: 1     1027   56.72%
      0     0        0.0076     2        0.0175 UserPurge1: 1     1028   56.72%
      0     0        0.0076     2        0.0175 UserPurge1: 1     1029   56.72%
      0     0        0.0076     2        0.0175 UserPurge1: 1     1030   56.72%
      0     0        0.0076     2        0.0175 UserPurge1: 1     1031   56.72%
      0     0        0.0076     2        0.0175 UserPurge1: 1     1032   56.72%
      0     0        0.0076     2        0.0175 UserPurge1: 1     1033   56.72%
      0     0        0.0076     2        0.0175 UserPurge1: 1     1034   56.72%
      0     0        0.0076     2        0.0175 UserPurge1: 1     1035   56.72%
      0     0        0.0076     2        0.0175 UserPurge1: 1     1036   56.72%
      0     0        0.0076     2        0.0175 UserPurge1: 1     1037   56.72%
      0     0        0.0076     2        0.0175 UserPurge1: 1     1038   56.72%
      0     0        0.0076     2        0.0175 UserPurge1: 1     1039   56.72%
      0     0        0.0076     2        0.0175 UserPurge1: 1     1040   56.72%
      0     0        0.0076     2        0.0175 UserPurge1: 1     1041   56.72%
      0     0        0.0076     2        0.0175 UserPurge1: 1     1042   56.72%
      0     0        0.0076     2        0.0175 UserPurge1: 1     1043   56.72%
      0     0        0.0076     2        0.0175 UserPurge1: 1     1044   56.72%
      0     0        0.0076     2        0.0175 UserPurge1: 1     1045   56.72%
      0     0        0.0076     2        0.0175 UserPurge1: 1     1046   56.72%
      0     0        0.0076     2        0.0175 UserPurge1: 1     1047   56.72%
      0     0        0.0076     2        0.0175 UserPurge1: 1     1048   56.72%
      0     0        0.0076     2        0.0175 UserPurge1: 1     1049   56.72%
      0     0        0.0076     2        0.0175 UserPurge1: 1     1050   56.72%
      0     0        0.0076     2        0.0175 UserPurge1: 1     1051   56.72%
      0     0        0.0076     2        0.0175 UserPurge1: 1     1052   56.72%
      0     0        0.0076     2        0.0175 UserPurge1: 1     1053   56.72%
      0     0        0.0076     2        0.0175 UserPurge1: 1     1054   56.72%
      0     0        0.0076     2        0.0175 UserPurge1: 1     1055   56.72%
      0     0        0.0076     2        0.0175 UserPurge1: 1     1056   56.72%
      0     0        0.0076     2        0.0175 UserPurge1: 1     1057   56.72%
      0     0        0.0076     2        0.0175 UserPurge1: 1     1058   56.72%
      0     0        0.0076     2        0.0175 UserPurge1: 1     1059   56.72%
      0     0        0.0076     2        0.0175 UserPurge1: 1     1060   56.72%
      0     0        0.0076     2        0.0175 UserPurge1: 1     1061   56.72%
      0     0        0.0076     2        0.0175 UserPurge1: 1     1062   56.72%
      0     0        0.0076     2        0.0175 UserPurge1: 1     1063   56.72%
      0     0        0.0076     2        0.0175 UserPurge1: 1     1064   56.72%
      0     0        0.0076     2        0.0175 UserPurge1: 1     1065   56.72%
      0     0        0.0076     2        0.0175 UserPurge1: 1     1066   56.72%
      0     0        0.0076     2        0.0175 UserPurge1: 1     1067   56.72%
      0     0        0.0076     2        0.0175 UserPurge1: 1     1068   56.72%
      0     0        0.0076     2        0.0175 UserPurge1: 1     1069   56.72%
      0     0        0.0076     2        0.0175 UserPurge1: 1     1070   56.72%
      0     0        0.0076     2        0.0175 UserPurge1: 1     1071   56.72%
      0     0        0.0076     2        0.0175 UserPurge1: 1     1072   56.72%
      0     0        0.0076     2        0.0175 UserPurge1: 1     1073   56.72%
      0     0        0.0076     2        0.0175 UserPurge1: 1     1074   56.72%
      0     0        0.0076     2        0.0175 UserPurge1: 1     1075   56.72%
      0     0        0.0076     2        0.0175 UserPurge1: 1     1076   56.72%
      0     0        0.0076     2        0.0175 UserPurge1: 1     1077   56.72%
      0     0        0.0076     2        0.0175 UserPurge1: 1     1078   56.72%
      0     0        0.0076     2        0.0175 UserPurge1: 1     1079   56.72%
      0     0        0.0076     2        0.0175 UserPurge1: 1     1080   56.72%
      0     0        0.0076     2        0.0175 UserPurge1: 1     1081   56.72%
      0     0        0.0076     2        0.0175 UserPurge1: 1     1082   56.72%
      0     0        0.0076     2        0.0175 UserPurge1: 1     1083   56.72%
      0     0        0.0076     2        0.0175 UserPurge1: 1     1084   56.72%
      0     0        0.0076     2        0.0175 UserPurge1: 1     1085   56.72%
      0     0        0.0076     2        0.0175 UserPurge1: 1     1086   56.72%
      0     0        0.0076     2        0.0175 UserPurge1: 1     1087   56.72%
      0     0        0.0076     2        0.0175 UserPurge1: 1     1088   56.72%
      0     0        0.0076     2        0.0175 UserPurge1: 1     1089   56.72%
      0     0        0.0076     2        0.0175 UserPurge1: 1     1090   56.72%
      0     0        0.0076     2        0.0175 UserPurge1: 1     1091   56.72%
      0     0        0.0076     2        0.0175 UserPurge1: 1     1092   56.72%
      0     0        0.0076     2        0.0175 UserPurge1: 1     1093   56.72%
      0     0        0.0076     2        0.0175 UserPurge1: 1     1094   56.72%
      0     0        0.0076     2        0.0175 UserPurge1: 1     1095   56.72%
      0     0        0.0076     2        0.0175 UserPurge1: 1     1096   56.72%
      0     0        0.0076     2        0.0175 UserPurge1: 1     1097   56.72%
      0     0        0.0076     2        0.0175 UserPurge1: 1     1098   56.72%
      0     0        0.0076     2        0.0175 UserPurge1: 1     1099   56.72%
      0     0        0.0076     2        0.0175 UserPurge1: 1     1100   56.72%
      0     0        0.0076     2        0.0175 UserPurge1: 1     1101   56.72%
      0     0        0.0076     2        0.0175 UserPurge1: 1     1102   56.72%
      0     0        0.0076     2        0.0175 UserPurge1: 1     1103   56.72%
      0     0        0.0076     2        0.0175 UserPurge1: 1     1104   56.72%
      0     0        0.0076     2        0.0175 UserPurge1: 1     1105   56.72%
      0     0        0.0076     2        0.0175 UserPurge1: 1     1106   56.72%
      0     0        0.0076     2        0.0175 UserPurge1: 1     1107   56.72%
      0     0        0.0076     2        0.0175 UserPurge1: 1     1108   56.72%
      0     0        0.0076     2        0.0175 UserPurge1: 1     1109   56.72%
      0     0        0.0076     2        0.0175 UserPurge1: 1     1110   56.72%
      0     0        0.0076     2        0.0175 UserPurge1: 1     1111   56.72%
      0     0        0.0076     2        0.0175 UserPurge1: 1     1112   56.72%
      0     0        0.0076     2        0.0175 UserPurge1: 1     1113   56.72%
      0     0        0.0076     2        0.0175 UserPurge1: 1     1114   56.72%
      0     0        0.0076     2        0.0175 UserPurge1: 1     1115   56.72%
      0     0        0.0076     2        0.0175 UserPurge1: 1     1116   56.72%
      0     0        0.0076     2        0.0175 UserPurge1: 1     1117   56.72%
      0     0        0.0076     2        0.0175 UserPurge1: 1     1118   56.72%
      0     0        0.0076     2        0.0175 UserPurge1: 1     1119   56.72%
      0     0        0.0076     2        0.0175 UserPurge1: 1     1120   56.72%
      0     0        0.0076     2        0.0175 UserPurge1: 1     1121   56.72%
      0     0        0.0076     2        0.0175 UserPurge1: 1     1122   56.72%
      0     0        0.0076     2        0.0175 UserPurge1: 1     1123   56.72%
      0     0        0.0076     2        0.0175 UserPurge1: 1     1124   56.72%
      0     0        0.0076     2        0.0175 UserPurge1: 1     1125   56.72%
      0     0        0.0076     2        0.0175 UserPurge1: 1     1126   56.72%
      0     0        0.0076     2        0.0175 UserPurge1: 1     1127   56.72%
      0     0        0.0076     2        0.0175 UserPurge1: 1     1128   56.72%
      0     0        0.0076     2        0.0175 UserPurge1: 1     1129   56.72%
      0     0        0.0076     2        0.0175 UserPurge1: 1     1130   56.72%
      0     0        0.0076     2        0.0175 UserPurge1: 1     1131   56.72%
      0     0        0.0076     2        0.0175 UserPurge1: 1     1132   56.72%
      0     0        0.0076     2        0.0175 UserPurge1: 1     1133   56.72%
      0     0        0.0076     2        0.0175 UserPurge1: 1     1134   56.72%
      0     0        0.0076     2        0.0175 UserPurge1: 1     1135   56.72%
      0     0        0.0076     2        0.0175 UserPurge1: 1     1136   56.72%
      0     0        0.0076     2        0.0175 UserPurge1: 1     1137   56.72%
      0     0        0.0076     2        0.0175 UserPurge1: 1     1138   56.72%
      0     0        0.0076     2        0.0175 UserPurge1: 1     1139   56.72%
      0     0        0.0076     2        0.0175 UserPurge1: 1     1140   56.72%
      0     0        0.0076     2        0.0175 UserPurge1: 1     1141   56.72%
      0     0        0.0076     2        0.0175 UserPurge1: 1     1142   56.72%
      0     0        0.0076     2        0.0175 UserPurge1: 1     1143   56.72%
      0     0        0.0076     2        0.0175 UserPurge1: 1     1144   56.72%
      0     0        0.0076     2        0.0175 UserPurge1: 1     1145   56.72%
      0     0        0.0076     2        0.0175 UserPurge1: 1     1146   56.72%
      0     0        0.0076     2        0.0175 UserPurge1: 1     1147   56.72%
      0     0        0.0076     2        0.0175 UserPurge1: 1     1148   56.72%
      0     0        0.0076     2        0.0175 UserPurge1: 1     1149   56.72%
      0     0        0.0076     2        0.0175 UserPurge1: 1     1150   56.72%
      0     0        0.0076     2        0.0175 UserPurge1: 1     1151   56.72%
      0     0        0.0076     2        0.0175 UserPurge1: 1     1152   56.72%
      0     0        0.0076     2        0.0175 UserPurge1: 1     1153   56.72%
      0     0        0.0076     2        0.0175 UserPurge1: 1     1154   56.72%
      0     0        0.0076     2        0.0175 UserPurge1: 1     1155   56.72%
      0     0        0.0076     2        0.0175 UserPurge1: 1     1156   56.72%
      0     0        0.0076     2        0.0175 UserPurge1: 1     1157   56.72%
      0     0        0.0076     2        0.0175 UserPurge1: 1     1158   56.72%
      0     0        0.0076     2        0.0175 UserPurge1: 1     1159   56.72%
      0     0        0.0076     2        0.0175 UserPurge1: 1     1160   56.72%
      0     0        0.0076     2        0.0175 UserPurge1: 1     1161   56.72%
      0     0        0.0076     2        0.0175 UserPurge1: 1     1162   56.72%
      0     0        0.0076     2        0.0175 UserPurge1: 1     1163   56.72%
      0     0        0.0076     2        0.0175 UserPurge1: 1     1164   56.72%
      0     0        0.0076     2        0.0175 UserPurge1: 1     1165   56.72%
      0     0        0.0076     2        0.0175 UserPurge1: 1     1166   56.72%
      0     0        0.0076     2        0.0175 UserPurge1: 1     1167   56.72%
      0     0        0.0076     2        0.0175 UserPurge1: 1     1168   56.72%
      0     0        0.0076     2        0.0175 UserPurge1: 1     1169   56.72%
      0     0        0.0076     2        0.0175 UserPurge1: 1     1170   56.72%
      0     0        0.0076     2        0.0175 UserPurge1: 1     1171   56.72%
      0     0        0.0076     2        0.0175 UserPurge1: 1     1172   56.72%
      0     0        0.0076     2        0.0175 UserPurge1: 1     1173   56.72%
      0     0        0.0076     2        0.0175 UserPurge1: 1     1174   56.72%
      0     0        0.0076     2        0.0175 UserPurge1: 1     1175   56.72%
      0     0        0.0076     2        0.0175 UserPurge1: 1     1176   56.72%
      0     0        0.0076     2        0.0175 UserPurge1: 1     1177   56.72%
      0     0        0.0076     2        0.0175 UserPurge1: 1     1178   56.72%
      0     0        0.0076     2        0.0175 UserPurge1: 1     1179   56.72%
      0     0        0.0076     2        0.0175 UserPurge1: 1     1180   56.72%
      0     0        0.0076     2        0.0175 UserPurge1: 1     1181   56.72%
      0     0        0.0076     2        0.0175 UserPurge1: 1     1182   56.72%
      0     0        0.0076     2        0.0175 UserPurge1: 1     1183   56.72%
      0     0        0.0076     2        0.0175 UserPurge1: 1     1184   56.72%
      0     0        0.0076     2        0.0175 UserPurge1: 1     1185   56.72%
      0     0        0.0076     2        0.0175 UserPurge1: 1     1186   56.72%
      0     0        0.0076     2        0.0175 UserPurge1: 1     1187   56.72%
      0     0        0.0076     2        0.0175 UserPurge1: 1     1188   56.72%
      0     0        0.0076     2        0.0175 UserPurge1: 1     1189   56.72%
      0     0        0.0076     2        0.0175 UserPurge1: 1     1190   56.72%
      0     0        0.0076     2        0.0175 UserPurge1: 1     1191   56.72%
      0     0        0.0076     2        0.0175 UserPurge1: 1     1192   56.72%
      0     0        0.0076     2        0.0175 UserPurge1: 1     1193   56.72%
      0     0        0.0076     2        0.0175 UserPurge1: 1     1194   56.72%
      0     0        0.0076     2        0.0175 UserPurge1: 1     1195   56.72%
      0     0        0.0076     2        0.0175 UserPurge1: 1     1196   56.72%
      0     0        0.0076     2        0.0175 UserPurge1: 1     1197   56.72%
      0     0        0.0076     2        0.0175 UserPurge1: 1     1198   56.72%
      0     0        0.0076     2        0.0175 UserPurge1: 1     1199   56.72%
      0     0        0.0076     2        0.0175 UserPurge1: 1     1200   56.72%
      0     0        0.0076     2        0.0175 UserPurge1: 1     1201   56.72%
      0     0        0.0076     2        0.0175 UserPurge1: 1     1202   56.72%
      0     0        0.0076     2        0.0175 UserPurge1: 1     1203   56.72%
      0     0        0.0076     2        0.0175 UserPurge1: 1     1204   56.72%
      0     0        0.0076     2        0.0175 UserPurge1: 1     1205   56.72%
      0     0        0.0076     2        0.0175 UserPurge1: 1     1206   56.72%
      0     0        0.0076     2        0.0175 UserPurge1: 1     1207   56.72%
      0     0        0.0076     2        0.0175 UserPurge1: 1     1208   56.72%
      0     0        0.0076     2        0.0175 UserPurge1: 1     1209   56.72%
      0     0        0.0076     2        0.0175 UserPurge1: 1     1210   56.72%
      0     0        0.0076     2        0.0175 UserPurge1: 1     1211   56.72%
      0     0        0.0076     2        0.0175 UserPurge1: 1     1212   56.72%
      0     0        0.0076     2        0.0175 UserPurge1: 1     1213   56.72%
      0     0        0.0076     2        0.0175 UserPurge1: 1     1214   56.72%
      0     0        0.0076     2        0.0175 UserPurge1: 1     1215   56.72%
      0     0        0.0076     2        0.0175 UserPurge1: 1     1216   56.72%
      0     0        0.0076     2        0.0175 UserPurge1: 1     1217   56.72%
      0     0        0.0076     2        0.0175 UserPurge1: 1     1218   56.72%
      0     0        0.0076     2        0.0175 UserPurge1: 1     1219   56.72%
      0     0        0.0076     2        0.0175 UserPurge1: 1     1220   56.72%
      0     0        0.0076     2        0.0175 UserPurge1: 1     1221   56.72%
      0     0        0.0076     2        0.0175 UserPurge1: 1     1222   56.72%
      0     0        0.0076     2        0.0175 UserPurge1: 1     1223   56.72%
      0     0        0.0076     2        0.0175 UserPurge1: 1     1224   56.72%
      0     0        0.0076     2        0.0175 UserPurge1: 1     1225   56.72%
      0     0        0.0076     2        0.0175 UserPurge1: 1     1226   56.72%
      0     0        0.0076     2        0.0175 UserPurge1: 1     1227   56.72%
      0     0        0.0076     2        0.0175 UserPurge1: 1     1228   56.72%
      0     0        0.0076     2        0.0175 UserPurge1: 1     1229   56.72%
      0     0        0.0076     2        0.0175 UserPurge1: 1     1230   56.72%
      0     0        0.0076     2        0.0175 UserPurge1: 1     1231   56.72%
      0     0        0.0076     2        0.0175 UserPurge1: 1     1232   56.72%
      0     0        0.0076     2        0.0175 UserPurge1: 1     1233   56.72%
      0     0        0.0076     2        0.0175 UserPurge1: 1     1234   56.72%
      0     0        0.0076     2        0.0175 UserPurge1: 1     1235   56.72%
      0     0        0.0076     2        0.0175 UserPurge1: 1     1236   56.72%
      0     0        0.0076     2        0.0175 UserPurge1: 1     1237   56.72%
      0     0        0.0076     2        0.0175 UserPurge1: 1     1238   56.72%
      0     0        0.0076     2        0.0175 UserPurge1: 1     1239   56.72%
      0     0        0.0076     2        0.0175 UserPurge1: 1     1240   56.72%
      0     0        0.0076     2        0.0175 UserPurge1: 1     1241   56.72%
      0     0        0.0076     2        0.0175 UserPurge1: 1     1242   56.72%
      0     0        0.0076     2        0.0175 UserPurge1: 1     1243   56.72%
      0     0        0.0076     2        0.0175 UserPurge1: 1     1244   56.72%
      0     0        0.0076     2        0.0175 UserPurge1: 1     1245   56.72%
      0     0        0.0076     2        0.0175 UserPurge1: 1     1246   56.72%
      0     0        0.0076     2        0.0175 UserPurge1: 1     1247   56.72%
      0     0        0.0076     2        0.0175 UserPurge1: 1     1248   56.72%
      0     0        0.0076     2        0.0175 UserPurge1: 1     1249   56.72%
      0     0        0.0076     2        0.0175 UserPurge1: 1     1250   56.72%
      0     0        0.0076     2        0.0175 UserPurge1: 1     1251   56.72%
      0     0        0.0076     2        0.0175 UserPurge1: 1     1252   56.72%
      0     0        0.0076     2        0.0175 UserPurge1: 1     1253   56.72%
      0     0        0.0076     2        0.0175 UserPurge1: 1     1254   56.72%
      0     0        0.0076     2        0.0175 UserPurge1: 1     1255   56.72%
      0     0        0.0076     2        0.0175 UserPurge1: 1     1256   56.72%
      0     0        0.0076     2        0.0175 UserPurge1: 1     1257   56.72%
      0     0        0.0076     2        0.0175 UserPurge1: 1     1258   56.72%
      0     0        0.0076     2        0.0175 UserPurge1: 1     1259   56.72%
      0     0        0.0076     2        0.0175 UserPurge1: 1     1260   56.72%
      0     0        0.0076     2        0.0175 UserPurge1: 1     1261   56.72%
      0     0        0.0076     2        0.0175 UserPurge1: 1     1262   56.72%
      0     0        0.0076     2        0.0175 UserPurge1: 1     1263   56.72%
      0     0        0.0076     2        0.0175 UserPurge1: 1     1264   56.72%
      0     0        0.0076     2        0.0175 UserPurge1: 1     1265   56.72%
      0     0        0.0076     2        0.0175 UserPurge1: 1     1266   56.72%
      0     0        0.0076     2        0.0175 UserPurge1: 1     1267   56.72%
      0     0        0.0076     2        0.0175 UserPurge1: 1     1268   56.72%
      0     0        0.0076     2        0.0175 UserPurge1: 1     1269   56.72%
      0     0        0.0076     2        0.0175 UserPurge1: 1     1270   56.72%
      0     0        0.0076     2        0.0175 UserPurge1: 1     1271   56.72%
      0     0        0.0076     2        0.0175 UserPurge1: 1     1272   56.72%
      0     0        0.0076     2        0.0175 UserPurge1: 1     1273   56.72%
      0     0        0.0076     2        0.0175 UserPurge1: 1     1274   56.72%
      0     0        0.0076     2        0.0175 UserPurge1: 1     1275   56.72%
      0     0        0.0076     2        0.0175 UserPurge1: 1     1276   56.72%
      0     0        0.0076     2        0.0175 UserPurge1: 1     1277   56.72%
      0     0        0.0076     2        0.0175 UserPurge1: 1     1278   56.72%
      0     0        0.0076     2        0.0175 UserPurge1: 1     1279   56.72%
      0     0        0.0076     2        0.0175 UserPurge1: 1     1280   56.72%
      0     0        0.0076     2        0.0175 UserPurge1: 1     1281   56.72%
      0     0        0.0076     2        0.0175 UserPurge1: 1     1282   56.72%
      0     0        0.0076     2        0.0175 UserPurge1: 1     1283   56.72%
      0     0        0.0076     2        0.0175 UserPurge1: 1     1284   56.72%
      0     0        0.0076     2        0.0175 UserPurge1: 1     1285   56.72%
      0     0        0.0076     2        0.0175 UserPurge1: 1     1286   56.72%
      0     0        0.0076     2        0.0175 UserPurge1: 1     1287   56.72%
      0     0        0.0076     2        0.0175 UserPurge1: 1     1288   56.72%
      0     0        0.0076     2        0.0175 UserPurge1: 1     1289   56.72%
      0     0        0.0076     2        0.0175 UserPurge1: 1     1290   56.72%
      0     0        0.0076     2        0.0175 UserPurge1: 1     1291   56.72%
      0     0        0.0076     2        0.0175 UserPurge1: 1     1292   56.72%
      0     0        0.0076     2        0.0175 UserPurge1: 1     1293   56.72%
      0     0        0.0076     2        0.0175 UserPurge1: 1     1294   56.72%
      0     0        0.0076     2        0.0175 UserPurge1: 1     1295   56.72%
      0     0        0.0076     2        0.0175 UserPurge1: 1     1296   56.72%
      0     0        0.0076     2        0.0175 UserPurge1: 1     1297   56.72%
      0     0        0.0076     2        0.0175 UserPurge1: 1     1298   56.72%
      0     0        0.0076     2        0.0175 UserPurge1: 1     1299   56.72%
      0     0        0.0076     2        0.0175 UserPurge1: 1     1300   56.72%
      0     0        0.0076     2        0.0175 UserPurge1: 1     1301   56.72%
      0     0        0.0076     2        0.0175 UserPurge1: 1     1302   56.72%
      0     0        0.0076     2        0.0175 UserPurge1: 1     1303   56.72%
      0     0        0.0076     2        0.0175 UserPurge1: 1     1304   56.72%
      0     0        0.0076     2        0.0175 UserPurge1: 1     1305   56.72%
      0     0        0.0076     2        0.0175 UserPurge1: 1     1306   56.72%
      0     0        0.0076     2        0.0175 UserPurge1: 1     1307   56.72%
      0     0        0.0076     2        0.0175 UserPurge1: 1     1308   56.72%
      0     0        0.0076     2        0.0175 UserPurge1: 1     1309   56.72%
      0     0        0.0076     2        0.0175 UserPurge1: 1     1310   56.72%
      0     0        0.0076     2        0.0175 UserPurge1: 1     1311   56.72%
      0     0        0.0076     2        0.0175 UserPurge1: 1     1312   56.72%
      0     0        0.0076     2        0.0175 UserPurge1: 1     1313   56.72%
      0     0        0.0076     2        0.0175 UserPurge1: 1     1314   56.72%
      0     0        0.0076     2        0.0175 UserPurge1: 1     1315   56.72%
      0     0        0.0076     2        0.0175 UserPurge1: 1     1316   56.72%
      0     0        0.0076     2        0.0175 UserPurge1: 1     1317   56.72%
      0     0        0.0076     2        0.0175 UserPurge1: 1     1318   56.72%
      0     0        0.0076     2        0.0175 UserPurge1: 1     1319   56.72%
      0     0        0.0076     2        0.0175 UserPurge1: 1     1320   56.72%
      0     0        0.0076     2        0.0175 UserPurge1: 1     1321   56.72%
      0     0        0.0076     2        0.0175 UserPurge1: 1     1322   56.72%
      0     0        0.0076     2        0.0175 UserPurge1: 1     1323   56.72%
      0     0        0.0076     2        0.0175 UserPurge1: 1     1324   56.72%
      0     0        0.0076     2        0.0175 UserPurge1: 1     1325   56.72%
      0     0        0.0076     2        0.0175 UserPurge1: 1     1326   56.72%
      0     0        0.0076     2        0.0175 UserPurge1: 1     1327   56.72%
      0     0        0.0076     2        0.0175 UserPurge1: 1     1328   56.72%
      0     0        0.0076     2        0.0175 UserPurge1: 1     1329   56.72%
      0     0        0.0076     2        0.0175 UserPurge1: 1     1330   56.72%
      0     0        0.0076     2        0.0175 UserPurge1: 1     1331   56.72%
      0     0        0.0076     2        0.0175 UserPurge1: 1     1332   56.72%
      0     0        0.0076     2        0.0175 UserPurge1: 1     1333   56.72%
      0     0        0.0076     2        0.0175 UserPurge1: 1     1334   56.72%
      0     0        0.0076     2        0.0175 UserPurge1: 1     1335   56.72%
      0     0        0.0076     2        0.0175 UserPurge1: 1     1336   56.72%
      0     0        0.0076     2        0.0175 UserPurge1: 1     1337   56.72%
      0     0        0.0076     2        0.0175 UserPurge1: 1     1338   56.72%
      0     0        0.0076     2        0.0175 UserPurge1: 1     1339   56.72%
      0     0        0.0076     2        0.0175 UserPurge1: 1     1340   56.72%
      0     0        0.0076     2        0.0175 UserPurge1: 1     1341   56.72%
      0     0        0.0076     2        0.0175 UserPurge1: 1     1342   56.72%
      0     0        0.0076     2        0.0175 UserPurge1: 1     1343   56.72%
      0     0        0.0076     2        0.0175 UserPurge1: 1     1344   56.72%
      0     0        0.0076     2        0.0175 UserPurge1: 1     1345   56.72%
      0     0        0.0076     2        0.0175 UserPurge1: 1     1346   56.72%
      0     0        0.0076     2        0.0175 UserPurge1: 1     1347   56.72%
      0     0        0.0076     2        0.0175 UserPurge1: 1     1348   56.72%
      0     0        0.0076     2        0.0175 UserPurge1: 1     1349   56.72%
      0     0        0.0076     2        0.0175 UserPurge1: 1     1350   56.72%
      0     0        0.0076     2        0.0175 UserPurge1: 1     1351   56.72%
      0     0        0.0076     2        0.0175 UserPurge1: 1     1352   56.72%
      0     0        0.0076     2        0.0175 UserPurge1: 1     1353   56.72%
      0     0        0.0076     2        0.0175 UserPurge1: 1     1354   56.72%
      0     0        0.0076     2        0.0175 UserPurge1: 1     1355   56.72%
      0     0        0.0076     2        0.0175 UserPurge1: 1     1356   56.72%
      0     0        0.0076     2        0.0175 UserPurge1: 1     1357   56.72%
      0     0        0.0076     2        0.0175 UserPurge1: 1     1358   56.72%
      0     0        0.0076     2        0.0175 UserPurge1: 1     1359   56.72%
      0     0        0.0076     2        0.0175 UserPurge1: 1     1360   56.72%
      0     0        0.0076     2        0.0175 UserPurge1: 1     1361   56.72%
      0     0        0.0076     2        0.0175 UserPurge1: 1     1362   56.72%
      0     0        0.0076     2        0.0175 UserPurge1: 1     1363   56.72%
      0     0        0.0076     2        0.0175 UserPurge1: 1     1364   56.72%
      0     0        0.0076     2        0.0175 UserPurge1: 1     1365   56.72%
      0     0        0.0076     2        0.0175 UserPurge1: 1     1366   56.72%
      0     0        0.0076     2        0.0175 UserPurge1: 1     1367   56.72%
      0     0        0.0076     2        0.0175 UserPurge1: 1     1368   56.72%
      0     0        0.0076     2        0.0175 UserPurge1: 1     1369   56.72%
      0     0        0.0076     2        0.0175 UserPurge1: 1     1370   56.72%
      0     0        0.0076     2        0.0175 UserPurge1: 1     1371   56.72%
      0     0        0.0076     2        0.0175 UserPurge1: 1     1372   56.72%
      0     0        0.0076     2        0.0175 UserPurge1: 1     1373   56.72%
      0     0        0.0076     2        0.0175 UserPurge1: 1     1374   56.72%
      0     0        0.0076     2        0.0175 UserPurge1: 1     1375   56.72%
      0     0        0.0076     2        0.0175 UserPurge1: 1     1376   56.72%
      0     0        0.0076     2        0.0175 UserPurge1: 1     1377   56.72%
      0     0        0.0076     2        0.0175 UserPurge1: 1     1378   56.72%
      0     0        0.0076     2        0.0175 UserPurge1: 1     1379   56.72%
      0     0        0.0076     2        0.0175 UserPurge1: 1     1380   56.72%
      0     0        0.0076     2        0.0175 UserPurge1: 1     1381   56.72%
      0     0        0.0076     2        0.0175 UserPurge1: 1     1382   56.72%
      0     0        0.0076     2        0.0175 UserPurge1: 1     1383   56.72%
      0     0        0.0076     2        0.0175 UserPurge1: 1     1384   56.72%
      0     0        0.0076     2        0.0175 UserPurge1: 1     1385   56.72%
      0     0        0.0076     2        0.0175 UserPurge1: 1     1386   56.72%
      0     0        0.0076     2        0.0175 UserPurge1: 1     1387   56.72%
      0     0        0.0076     2        0.0175 UserPurge1: 1     1388   56.72%
      0     0        0.0076     2        0.0175 UserPurge1: 1     1389   56.72%
      0     0        0.0076     2        0.0175 UserPurge1: 1     1390   56.72%
      0     0        0.0076     2        0.0175 UserPurge1: 1     1391   56.72%
      0     0        0.0076     2        0.0175 UserPurge1: 1     1392   56.72%
      0     0        0.0076     2        0.0175 UserPurge1: 1     1393   56.72%
      0     0        0.0076     2        0.0175 UserPurge1: 1     1394   56.72%
      0     0        0.0076     2        0.0175 UserPurge1: 1     1395   56.72%
      0     0        0.0076     2        0.0175 UserPurge1: 1     1396   56.72%
      0     0        0.0076     2        0.0175 UserPurge1: 1     1397   56.72%
      0     0        0.0076     2        0.0175 UserPurge1: 1     1398   56.72%
      0     0        0.0076     2        0.0175 UserPurge1: 1     1399   56.72%
      0     0        0.0076     2        0.0175 UserPurge1: 1     1400   56.72%
      0     0        0.0076     2        0.0175 UserPurge1: 1     1401   56.72%
      0     0        0.0076     2        0.0175 UserPurge1: 1     1402   56.72%
      0     0        0.0076     2        0.0175 UserPurge1: 1     1403   56.72%
      0     0        0.0076     2        0.0175 UserPurge1: 1     1404   56.72%
      0     0        0.0076     2        0.0175 UserPurge1: 1     1405   56.72%
      0     0        0.0076     2        0.0175 UserPurge1: 1     1406   56.72%
      0     0        0.0076     2        0.0175 UserPurge1: 1     1407   56.72%
      0     0        0.0076     2        0.0175 UserPurge1: 1     1408   56.72%
      0     0        0.0076     2        0.0175 UserPurge1: 1     1409   56.72%
      0     0        0.0076     2        0.0175 UserPurge1: 1     1410   56.72%
      0     0        0.0076     2        0.0175 UserPurge1: 1     1411   56.72%
      0     0        0.0076     2        0.0175 UserPurge1: 1     1412   56.72%
      0     0        0.0076     2        0.0175 UserPurge1: 1     1413   56.72%
      0     0        0.0076     2        0.0175 UserPurge1: 1     1414   56.72%
      0     0        0.0076     2        0.0175 UserPurge1: 1     1415   56.72%
      0     0        0.0076     2        0.0175 UserPurge1: 1     1416   56.72%
      0     0        0.0076     2        0.0175 UserPurge1: 1     1417   56.72%
      0     0        0.0076     2        0.0175 UserPurge1: 1     1418   56.72%
      0     0        0.0076     2        0.0175 UserPurge1: 1     1419   56.72%
      0     0        0.0076     2        0.0175 UserPurge1: 1     1420   56.72%
      0     0        0.0076     2        0.0175 UserPurge1: 1     1421   56.72%
      0     0        0.0076     2        0.0175 UserPurge1: 1     1422   56.72%
      0     0        0.0076     2        0.0175 UserPurge1: 1     1423   56.72%
      0     0        0.0076     2        0.0175 UserPurge1: 1     1424   56.72%
      0     0        0.0076     2        0.0175 UserPurge1: 1     1425   56.72%
      0     0        0.0076     2        0.0175 UserPurge1: 1     1426   56.72%
      0     0        0.0076     2        0.0175 UserPurge1: 1     1427   56.72%
      0     0        0.0076     2        0.0175 UserPurge1: 1     1428   56.72%
      0     0        0.0076     2        0.0175 UserPurge1: 1     1429   56.72%
      0     0        0.0076     2        0.0175 UserPurge1: 1     1430   56.72%
      0     0        0.0076     2        0.0175 UserPurge1: 1     1431   56.72%
      0     0        0.0076     2        0.0175 UserPurge1: 1     1432   56.72%
      0     0        0.0076     2        0.0175 UserPurge1: 1     1433   56.72%
      0     0        0.0076     2        0.0175 UserPurge1: 1     1434   56.72%
      0     0        0.0076     2        0.0175 UserPurge1: 1     1435   56.72%
      0     0        0.0076     2        0.0175 UserPurge1: 1     1436   56.72%
      0     0        0.0076     2        0.0175 UserPurge1: 1     1437   56.72%
      0     0        0.0076     2        0.0175 UserPurge1: 1     1438   56.72%
      0     0        0.0076     2        0.0175 UserPurge1: 1     1439   56.72%
      0     0        0.0076     2        0.0175 UserPurge1: 1     1440   56.72%
      0     0        0.0076     2        0.0175 UserPurge1: 1     1441   56.72%
      0     0        0.0076     2        0.0175 UserPurge1: 1     1442   56.72%
      0     0        0.0076     2        0.0175 UserPurge1: 1     1443   56.72%
      0     0        0.0076     2        0.0175 UserPurge1: 1     1444   56.72%
      0     0        0.0076     2        0.0175 UserPurge1: 1     1445   56.72%
      0     0        0.0076     2        0.0175 UserPurge1: 1     1446   56.72%
      0     0        0.0076     2        0.0175 UserPurge1: 1     1447   56.72%
      0     0        0.0076     2        0.0175 UserPurge1: 1     1448   56.72%
      0     0        0.0076     2        0.0175 UserPurge1: 1     1449   56.72%
      0     0        0.0076     2        0.0175 UserPurge1: 1     1450   56.72%
      0     0        0.0076     2        0.0175 UserPurge1: 1     1451   56.72%
      0     0        0.0076     2        0.0175 UserPurge1: 1     1452   56.72%
      0     0        0.0076     2        0.0175 UserPurge1: 1     1453   56.72%
      0     0        0.0076     2        0.0175 UserPurge1: 1     1454   56.72%
      0     0        0.0076     2        0.0175 UserPurge1: 1     1455   56.72%
      0     0        0.0076     2        0.0175 UserPurge1: 1     1456   56.72%
      0     0        0.0076     2        0.0175 UserPurge1: 1     1457   56.72%
      0     0        0.0076     2        0.0175 UserPurge1: 1     1458   56.72%
      0     0        0.0076     2        0.0175 UserPurge1: 1     1459   56.72%
      0     0        0.0076     2        0.0175 UserPurge1: 1     1460   56.72%
      0     0        0.0076     2        0.0175 UserPurge1: 1     1461   56.72%
      0     0        0.0076     2        0.0175 UserPurge1: 1     1462   56.72%
      0     0        0.0076     2        0.0175 UserPurge1: 1     1463   56.72%
      0     0        0.0076     2        0.0175 UserPurge1: 1     1464   56.72%
      0     0        0.0076     2        0.0175 UserPurge1: 1     1465   56.72%
      0     0        0.0076     2        0.0175 UserPurge1: 1     1466   56.72%
      0     0        0.0076     2        0.0175 UserPurge1: 1     1467   56.72%
      0     0        0.0076     2        0.0175 UserPurge1: 1     1468   56.72%
      0     0        0.0076     2        0.0175 UserPurge1: 1     1469   56.72%
      0     0        0.0076     2        0.0175 UserPurge1: 1     1470   56.72%
      0     0        0.0076     2        0.0175 UserPurge1: 1     1471   56.72%
      0     0        0.0076     2        0.0175 UserPurge1: 1     1472   56.72%
      0     0        0.0076     2        0.0175 UserPurge1: 1     1473   56.72%
      0     0        0.0076     2        0.0175 UserPurge1: 1     1474   56.72%
      0     0        0.0076     2        0.0175 UserPurge1: 1     1475   56.72%
      0     0        0.0076     2        0.0175 UserPurge1: 1     1476   56.72%
      0     0        0.0076     2        0.0175 UserPurge1: 1     1477   56.72%
      0     0        0.0076     2        0.0175 UserPurge1: 1     1478   56.72%
      0     0        0.0076     2        0.0175 UserPurge1: 1     1479   56.72%
      0     0        0.0076     2        0.0175 UserPurge1: 1     1480   56.72%
      0     0        0.0076     2        0.0175 UserPurge1: 1     1481   56.72%
      0     0        0.0076     2        0.0175 UserPurge1: 1     1482   56.72%
      0     0        0.0076     2        0.0175 UserPurge1: 1     1483   56.72%
      0     0        0.0076     2        0.0175 UserPurge1: 1     1484   56.72%
      0     0        0.0076     2        0.0175 UserPurge1: 1     1485   56.72%
      0     0        0.0076     2        0.0175 UserPurge1: 1     1486   56.72%
      0     0        0.0076     2        0.0175 UserPurge1: 1     1487   56.72%
      0     0        0.0076     2        0.0175 UserPurge1: 1     1488   56.72%
      0     0        0.0076     2        0.0175 UserPurge1: 1     1489   56.72%
      0     0        0.0076     2        0.0175 UserPurge1: 1     1490   56.72%
      0     0        0.0076     2        0.0175 UserPurge1: 1     1491   56.72%
      0     0        0.0076     2        0.0175 UserPurge1: 1     1492   56.72%
      0     0        0.0076     2        0.0175 UserPurge1: 1     1493   56.72%
      0     0        0.0076     2        0.0175 UserPurge1: 1     1494   56.72%
      0     0        0.0076     2        0.0175 UserPurge1: 1     1495   56.72%
      0     0        0.0076     2        0.0175 UserPurge1: 1     1496   56.72%
      0     0        0.0076     2        0.0175 UserPurge1: 1     1497   56.72%
      0     0        0.0076     2        0.0175 UserPurge1: 1     1498   56.72%
      0     0        0.0076     2        0.0175 UserPurge1: 1     1499   56.72%
      0     0        0.0076     2        0.0175 UserPurge1: 1     1500   56.72%
      0     0        0.0076     2        0.0175 UserPurge1: 1     1501   56.72%
      0     0        0.0076     2        0.0175 UserPurge1: 1     1502   56.72%
      0     0        0.0076     2        0.0175 UserPurge1: 1     1503   56.72%
      0     0        0.0076     2        0.0175 UserPurge1: 1     1504   56.72%
      0     0        0.0076     2        0.0175 UserPurge1: 1     1505   56.72%
      0     0        0.0076     2        0.0175 UserPurge1: 1     1506   56.72%
      0     0        0.0076     2        0.0175 UserPurge1: 1     1507   56.72%
      0     0        0.0076     2        0.0175 UserPurge1: 1     1508   56.72%
      0     0        0.0076     2        0.0175 UserPurge1: 1     1509   56.72%
      0     0        0.0076     2        0.0175 UserPurge1: 1     1510   56.72%
      0     0        0.0076     2        0.0175 UserPurge1: 1     1511   56.72%
      0     0        0.0076     2        0.0175 UserPurge1: 1     1512   56.72%
      0     0        0.0076     2        0.0175 UserPurge1: 1     1513   56.72%
      0     0        0.0076     2        0.0175 UserPurge1: 1     1514   56.72%
      0     0        0.0076     2        0.0175 UserPurge1: 1     1515   56.72%
      0     0        0.0076     2        0.0175 UserPurge1: 1     1516   56.72%
      0     0        0.0076     2        0.0175 UserPurge1: 1     1517   56.72%
      0     0        0.0076     2        0.0175 UserPurge1: 1     1518   56.72%
      0     0        0.0076     2        0.0175 UserPurge1: 1     1519   56.72%
      0     0        0.0076     2        0.0175 UserPurge1: 1     1520   56.72%
      0     0        0.0076     2        0.0175 UserPurge1: 1     1521   56.72%
      0     0        0.0076     2        0.0175 UserPurge1: 1     1522   56.72%
      0     0        0.0076     2        0.0175 UserPurge1: 1     1523   56.72%
      0     0        0.0076     2        0.0175 UserPurge1: 1     1524   56.72%
      0     0        0.0076     2        0.0175 UserPurge1: 1     1525   56.72%
      0     0        0.0076     2        0.0175 UserPurge1: 1     1526   56.72%
      0     0        0.0076     2        0.0175 UserPurge1: 1     1527   56.72%
      0     0        0.0076     2        0.0175 UserPurge1: 1     1528   56.72%
      0     0        0.0076     2        0.0175 UserPurge1: 1     1529   56.72%
      0     0        0.0076     2        0.0175 UserPurge1: 1     1530   56.72%
      0     0        0.0076     2        0.0175 UserPurge1: 1     1531   56.72%
      0     0        0.0076     2        0.0175 UserPurge1: 1     1532   56.72%
      0     0        0.0076     2        0.0175 UserPurge1: 1     1533   56.72%
      0     0        0.0076     2        0.0175 UserPurge1: 1     1534   56.72%
      0     0        0.0076     2        0.0175 UserPurge1: 1     1535   56.72%
      0     0        0.0076     2        0.0175 UserPurge1: 1     1536   56.72%
      0     0        0.0076     2        0.0175 UserPurge1: 1     1537   56.72%
      0     0        0.0076     2        0.0175 UserPurge1: 1     1538   56.72%
      0     0        0.0076     2        0.0175 UserPurge1: 1     1539   56.72%
      0     0        0.0076     2        0.0175 UserPurge1: 1     1540   56.72%
      0     0        0.0076     2        0.0175 UserPurge1: 1     1541   56.72%
      0     0        0.0076     2        0.0175 UserPurge1: 1     1542   56.72%
      0     0        0.0076     2        0.0175 UserPurge1: 1     1543   56.72%
      0     0        0.0076     2        0.0175 UserPurge1: 1     1544   56.72%
      0     0        0.0076     2        0.0175 UserPurge1: 1     1545   56.72%
      0     0        0.0076     2        0.0175 UserPurge1: 1     1546   56.72%
      0     0        0.0076     2        0.0175 UserPurge1: 1     1547   56.72%
      0     0        0.0076     2        0.0175 UserPurge1: 1     1548   56.72%
      0     0        0.0076     2        0.0175 UserPurge1: 1     1549   56.72%
      0     0        0.0076     2        0.0175 UserPurge1: 1     1550   56.72%
      0     0        0.0076     2        0.0175 UserPurge1: 1     1551   56.72%
      0     0        0.0076     2        0.0175 UserPurge1: 1     1552   56.72%
      0     0        0.0076     2        0.0175 UserPurge1: 1     1553   56.72%
      0     0        0.0076     2        0.0175 UserPurge1: 1     1554   56.72%
      0     0        0.0076     2        0.0175 UserPurge1: 1     1555   56.72%
      0     0        0.0076     2        0.0175 UserPurge1: 1     1556   56.72%
      0     0        0.0076     2        0.0175 UserPurge1: 1     1557   56.72%
      0     0        0.0076     2        0.0175 UserPurge1: 1     1558   56.72%
      0     0        0.0076     2        0.0175 UserPurge1: 1     1559   56.72%
      0     0        0.0076     2        0.0175 UserPurge1: 1     1560   56.72%
      0     0        0.0076     2        0.0175 UserPurge1: 1     1561   56.72%
      0     0        0.0076     2        0.0175 UserPurge1: 1     1562   56.72%
      0     0        0.0076     2        0.0175 UserPurge1: 1     1563   56.72%
      0     0        0.0076     2        0.0175 UserPurge1: 1     1564   56.72%
      0     0        0.0076     2        0.0175 UserPurge1: 1     1565   56.72%
      0     0        0.0076     2        0.0175 UserPurge1: 1     1566   56.72%
      0     0        0.0076     2        0.0175 UserPurge1: 1     1567   56.72%
      0     0        0.0076     2        0.0175 UserPurge1: 1     1568   56.72%
      0     0        0.0076     2        0.0175 UserPurge1: 1     1569   56.72%
      0     0        0.0076     2        0.0175 UserPurge1: 1     1570   56.72%
      0     0        0.0076     2        0.0175 UserPurge1: 1     1571   56.72%
      0     0        0.0076     2        0.0175 UserPurge1: 1     1572   56.72%
      0     0        0.0076     2        0.0175 UserPurge1: 1     1573   56.72%
      0     0        0.0076     2        0.0175 UserPurge1: 1     1574   56.72%
      0     0        0.0076     2        0.0175 UserPurge1: 1     1575   56.72%
      0     0        0.0076     2        0.0175 UserPurge1: 1     1576   56.72%
      0     0        0.0076     2        0.0175 UserPurge1: 1     1577   56.72%
      0     0        0.0076     2        0.0175 UserPurge1: 1     1578   56.72%
      0     0        0.0076     2        0.0175 UserPurge1: 1     1579   56.72%
      0     0        0.0076     2        0.0175 UserPurge1: 1     1580   56.72%
      0     0        0.0076     2        0.0175 UserPurge1: 1     1581   56.72%
      0     0        0.0076     2        0.0175 UserPurge1: 1     1582   56.72%
      0     0        0.0076     2        0.0175 UserPurge1: 1     1583   56.72%
      0     0        0.0076     2        0.0175 UserPurge1: 1     1584   56.72%
      0     0        0.0076     2        0.0175 UserPurge1: 1     1585   56.72%
      0     0        0.0076     2        0.0175 UserPurge1: 1     1586   56.72%
      0     0        0.0076     2        0.0175 UserPurge1: 1     1587   56.72%
      0     0        0.0076     2        0.0175 UserPurge1: 1     1588   56.72%
      0     0        0.0076     2        0.0175 UserPurge1: 1     1589   56.72%
      0     0        0.0076     2        0.0175 UserPurge1: 1     1590   56.72%
      0     0        0.0076     2        0.0175 UserPurge1: 1     1591   56.72%
      0     0        0.0076     2        0.0175 UserPurge1: 1     1592   56.72%
      0     0        0.0076     2        0.0175 UserPurge1: 1     1593   56.72%
      0     0        0.0076     2        0.0175 UserPurge1: 1     1594   56.72%
      0     0        0.0076     2        0.0175 UserPurge1: 1     1595   56.72%
      0     0        0.0076     2        0.0175 UserPurge1: 1     1596   56.72%
      0     0        0.0076     2        0.0175 UserPurge1: 1     1597   56.72%
      0     0        0.0076     2        0.0175 UserPurge1: 1     1598   56.72%
      0     0        0.0076     2        0.0175 UserPurge1: 1     1599   56.72%
      0     0        0.0076     2        0.0175 UserPurge1: 1     1600   56.72%
      0     0        0.0076     2        0.0175 UserPurge1: 1     1601   56.72%
      0     0        0.0076     2        0.0175 UserPurge1: 1     1602   56.72%
      0     0        0.0076     2        0.0175 UserPurge1: 1     1603   56.72%
      0     0        0.0076     2        0.0175 UserPurge1: 1     1604   56.72%
      0     0        0.0076     2        0.0175 UserPurge1: 1     1605   56.72%
      0     0        0.0076     2        0.0175 UserPurge1: 1     1606   56.72%
      0     0        0.0076     2        0.0175 UserPurge1: 1     1607   56.72%
      0     0        0.0076     2        0.0175 UserPurge1: 1     1608   56.72%
      0     0        0.0076     2        0.0175 UserPurge1: 1     1609   56.72%
      0     0        0.0076     2        0.0175 UserPurge1: 1     1610   56.72%
      0     0        0.0076     2        0.0175 UserPurge1: 1     1611   56.72%
      0     0        0.0076     2        0.0175 UserPurge1: 1     1612   56.72%
      0     0        0.0076     2        0.0175 UserPurge1: 1     1613   56.72%
      0     0        0.0076     2        0.0175 UserPurge1: 1     1614   56.72%
      0     0        0.0076     2        0.0175 UserPurge1: 1     1615   56.72%
      0     0        0.0076     2        0.0175 UserPurge1: 1     1616   56.72%
      0     0        0.0076     2        0.0175 UserPurge1: 1     1617   56.72%
      0     0        0.0076     2        0.0175 UserPurge1: 1     1618   56.72%
      0     0        0.0076     2        0.0175 UserPurge1: 1     1619   56.72%
      0     0        0.0076     2        0.0175 UserPurge1: 1     1620   56.72%
      0     0        0.0076     2        0.0175 UserPurge1: 1     1621   56.72%
      0     0        0.0076     2        0.0175 UserPurge1: 1     1622   56.72%
      0     0        0.0076     2        0.0175 UserPurge1: 1     1623   56.72%
      0     0        0.0076     2        0.0175 UserPurge1: 1     1624   56.72%
      0     0        0.0076     2        0.0175 UserPurge1: 1     1625   56.72%
      0     0        0.0076     2        0.0175 UserPurge1: 1     1626   56.72%
      0     0        0.0076     2        0.0175 UserPurge1: 1     1627   56.72%
      0     0        0.0076     2        0.0175 UserPurge1: 1     1628   56.72%
      0     0        0.0076     2        0.0175 UserPurge1: 1     1629   56.72%
      0     0        0.0076     2        0.0175 UserPurge1: 1     1630   56.72%
      0     0        0.0076     2        0.0175 UserPurge1: 1     1631   56.72%
      0     0        0.0076     2        0.0175 UserPurge1: 1     1632   56.72%
      0     0        0.0076     2        0.0175 UserPurge1: 1     1633   56.72%
      0     0        0.0076     2        0.0175 UserPurge1: 1     1634   56.72%
      0     0        0.0076     2        0.0175 UserPurge1: 1     1635   56.72%
      0     0        0.0076     2        0.0175 UserPurge1: 1     1636   56.72%
      0     0        0.0076     2        0.0175 UserPurge1: 1     1637   56.72%
      0     0        0.0076     2        0.0175 UserPurge1: 1     1638   56.72%
      0     0        0.0076     2        0.0175 UserPurge1: 1     1639   56.72%
      0     0        0.0076     2        0.0175 UserPurge1: 1     1640   56.72%
      0     0        0.0076     2        0.0175 UserPurge1: 1     1641   56.72%
      0     0        0.0076     2        0.0175 UserPurge1: 1     1642   56.72%
      0     0        0.0076     2        0.0175 UserPurge1: 1     1643   56.72%
      0     0        0.0076     2        0.0175 UserPurge1: 1     1644   56.72%
      0     0        0.0076     2        0.0175 UserPurge1: 1     1645   56.72%
      0     0        0.0076     2        0.0175 UserPurge1: 1     1646   56.72%
      0     0        0.0076     2        0.0175 UserPurge1: 1     1647   56.72%
      0     0        0.0076     2        0.0175 UserPurge1: 1     1648   56.72%
      0     0        0.0076     2        0.0175 UserPurge1: 1     1649   56.72%
      0     0        0.0076     2        0.0175 UserPurge1: 1     1650   56.72%
      0     0        0.0076     2        0.0175 UserPurge1: 1     1651   56.72%
      0     0        0.0076     2        0.0175 UserPurge1: 1     1652   56.72%
      0     0        0.0076     2        0.0175 UserPurge1: 1     1653   56.72%
      0     0        0.0076     2        0.0175 UserPurge1: 1     1654   56.72%
      0     0        0.0076     2        0.0175 UserPurge1: 1     1655   56.72%
      0     0        0.0076     2        0.0175 UserPurge1: 1     1656   56.72%
      0     0        0.0076     2        0.0175 UserPurge1: 1     1657   56.72%
      0     0        0.0076     2        0.0175 UserPurge1: 1     1658   56.72%
      0     0        0.0076     2        0.0175 UserPurge1: 1     1659   56.72%
      0     0        0.0076     2        0.0175 UserPurge1: 1     1660   56.72%
      0     0        0.0076     2        0.0175 UserPurge1: 1     1661   56.72%
      0     0        0.0076     2        0.0175 UserPurge1: 1     1662   56.72%
      0     0        0.0076     2        0.0175 UserPurge1: 1     1663   56.72%
      0     0        0.0076     2        0.0175 UserPurge1: 1     1664   56.72%
      0     0        0.0076     2        0.0175 UserPurge1: 1     1665   56.72%
      0     0        0.0076     2        0.0175 UserPurge1: 1     1666   56.72%
      0     0        0.0076     2        0.0175 UserPurge1: 1     1667   56.72%
      0     0        0.0076     2        0.0175 UserPurge1: 1     1668   56.72%
      0     0        0.0076     2        0.0175 UserPurge1: 1     1669   56.72%
      0     0        0.0076     2        0.0175 UserPurge1: 1     1670   56.72%
      0     0        0.0076     2        0.0175 UserPurge1: 1     1671   56.72%
      0     0        0.0076     2        0.0175 UserPurge1: 1     1672   56.72%
      0     0        0.0076     2        0.0175 UserPurge1: 1     1673   56.72%
      0     0        0.0076     2        0.0175 UserPurge1: 1     1674   56.72%
      0     0        0.0076     2        0.0175 UserPurge1: 1     1675   56.72%
      0     0        0.0076     2        0.0175 UserPurge1: 1     1676   56.72%
      0     0        0.0076     2        0.0175 UserPurge1: 1     1677   56.72%
      0     0        0.0076     2        0.0175 UserPurge1: 1     1678   56.72%
      0     0        0.0076     2        0.0175 UserPurge1: 1     1679   56.72%
      0     0        0.0076     2        0.0175 UserPurge1: 1     1680   56.72%
      0     0        0.0076     2        0.0175 UserPurge1: 1     1681   56.72%
      0     0        0.0076     2        0.0175 UserPurge1: 1     1682   56.72%
      0     0        0.0076     2        0.0175 UserPurge1: 1     1683   56.72%
      0     0        0.0076     2        0.0175 UserPurge1: 1     1684   56.72%
      0     0        0.0076     2        0.0175 UserPurge1: 1     1685   56.72%
      0     0        0.0076     2        0.0175 UserPurge1: 1     1686   56.72%
      0     0        0.0076     2        0.0175 UserPurge1: 1     1687   56.72%
      0     0        0.0076     2        0.0175 UserPurge1: 1     1688   56.72%
      0     0        0.0076     2        0.0175 UserPurge1: 1     1689   56.72%
      0     0        0.0076     2        0.0175 UserPurge1: 1     1690   56.72%
      0     0        0.0076     2        0.0175 UserPurge1: 1     1691   56.72%
      0     0        0.0076     2        0.0175 UserPurge1: 1     1692   56.72%
      0     0        0.0076     2        0.0175 UserPurge1: 1     1693   56.72%
      0     0        0.0076     2        0.0175 UserPurge1: 1     1694   56.72%
      0     0        0.0076     2        0.0175 UserPurge1: 1     1695   56.72%
      0     0        0.0076     2        0.0175 UserPurge1: 1     1696   56.72%
      0     0        0.0076     2        0.0175 UserPurge1: 1     1697   56.72%
      0     0        0.0076     2        0.0175 UserPurge1: 1     1698   56.72%
      0     0        0.0076     2        0.0175 UserPurge1: 1     1699   56.72%
      0     0        0.0076     2        0.0175 UserPurge1: 1     1700   56.72%
      0     0        0.0076     2        0.0175 UserPurge1: 1     1701   56.72%
      0     0        0.0076     2        0.0175 UserPurge1: 1     1702   56.72%
      0     0        0.0076     2        0.0175 UserPurge1: 1     1703   56.72%
      0     0        0.0076     2        0.0175 UserPurge1: 1     1704   56.72%
      0     0        0.0076     2        0.0175 UserPurge1: 1     1705   56.72%
      0     0        0.0076     2        0.0175 UserPurge1: 1     1706   56.72%
      0     0        0.0076     2        0.0175 UserPurge1: 1     1707   56.72%
      0     0        0.0076     2        0.0175 UserPurge1: 1     1708   56.72%
      0     0        0.0076     2        0.0175 UserPurge1: 1     1709   56.72%
      0     0        0.0076     2        0.0175 UserPurge1: 1     1710   56.72%
      0     0        0.0076     2        0.0175 UserPurge1: 1     1711   56.72%
      0     0        0.0076     2        0.0175 UserPurge1: 1     1712   56.72%
      0     0        0.0076     2        0.0175 UserPurge1: 1     1713   56.72%
      0     0        0.0076     2        0.0175 UserPurge1: 1     1714   56.72%
      0     0        0.0076     2        0.0175 UserPurge1: 1     1715   56.72%
      0     0        0.0076     2        0.0175 UserPurge1: 1     1716   56.72%
      0     0        0.0076     2        0.0175 UserPurge1: 1     1717   56.72%
      0     0        0.0076     2        0.0175 UserPurge1: 1     1718   56.72%
      0     0        0.0076     2        0.0175 UserPurge1: 1     1719   56.72%
      0     0        0.0076     2        0.0175 UserPurge1: 1     1720   56.72%
      0     0        0.0076     2        0.0175 UserPurge1: 1     1721   56.72%
      0     0        0.0076     2        0.0175 UserPurge1: 1     1722   56.72%
      0     0        0.0076     2        0.0175 UserPurge1: 1     1723   56.72%
      0     0        0.0076     2        0.0175 UserPurge1: 1     1724   56.72%
      0     0        0.0076     2        0.0175 UserPurge1: 1     1725   56.72%
      0     0        0.0076     2        0.0175 UserPurge1: 1     1726   56.72%
      0     0        0.0076     2        0.0175 UserPurge1: 1     1727   56.72%
      0     0        0.0076     2        0.0175 UserPurge1: 1     1728   56.72%
      0     0        0.0076     2        0.0175 UserPurge1: 1     1729   56.72%
      0     0        0.0076     2        0.0175 UserPurge1: 1     1730   56.72%
      0     0        0.0076     2        0.0175 UserPurge1: 1     1731   56.72%
      0     0        0.0076     2        0.0175 UserPurge1: 1     1732   56.72%
      0     0        0.0076     2        0.0175 UserPurge1: 1     1733   56.72%
      0     0        0.0076     2        0.0175 UserPurge1: 1     1734   56.72%
      0     0        0.0076     2        0.0175 UserPurge1: 1     1735   56.72%
      0     0        0.0076     2        0.0175 UserPurge1: 1     1736   56.72%
      0     0        0.0076     2        0.0175 UserPurge1: 1     1737   56.72%
      0     0        0.0076     2        0.0175 UserPurge1: 1     1738   56.72%
      0     0        0.0076     2        0.0175 UserPurge1: 1     1739   56.72%
      0     0        0.0076     2        0.0175 UserPurge1: 1     1740   56.72%
      0     0        0.0076     2        0.0175 UserPurge1: 1     1741   56.72%
      0     0        0.0076     2        0.0175 UserPurge1: 1     1742   56.72%
      0     0        0.0076     2        0.0175 UserPurge1: 1     1743   56.72%
      0     0        0.0076     2        0.0175 UserPurge1: 1     1744   56.72%
      0     0        0.0076     2        0.0175 UserPurge1: 1     1745   56.72%
      0     0        0.0076     2        0.0175 UserPurge1: 1     1746   56.72%
      0     0        0.0076     2        0.0175 UserPurge1: 1     1747   56.72%
      0     0        0.0076     2        0.0175 UserPurge1: 1     1748   56.72%
      0     0        0.0076     2        0.0175 UserPurge1: 1     1749   56.72%
      0     0        0.0076     2        0.0175 UserPurge1: 1     1750   56.72%
      0     0        0.0076     2        0.0175 UserPurge1: 1     1751   56.72%
      0     0        0.0076     2        0.0175 UserPurge1: 1     1752   56.72%
      0     0        0.0076     2        0.0175 UserPurge1: 1     1753   56.72%
      0     0        0.0076     2        0.0175 UserPurge1: 1     1754   56.72%
      0     0        0.0076     2        0.0175 UserPurge1: 1     1755   56.72%
      0     0        0.0076     2        0.0175 UserPurge1: 1     1756   56.72%
      0     0        0.0076     2        0.0175 UserPurge1: 1     1757   56.72%
      0     0        0.0076     2        0.0175 UserPurge1: 1     1758   56.72%
      0     0        0.0076     2        0.0175 UserPurge1: 1     1759   56.72%
      0     0        0.0076     2        0.0175 UserPurge1: 1     1760   56.72%
      0     0        0.0076     2        0.0175 UserPurge1: 1     1761   56.72%
      0     0        0.0076     2        0.0175 UserPurge1: 1     1762   56.72%
      0     0        0.0076     2        0.0175 UserPurge1: 1     1763   56.72%
      0     0        0.0076     2        0.0175 UserPurge1: 1     1764   56.72%
      0     0        0.0076     2        0.0175 UserPurge1: 1     1765   56.72%
      0     0        0.0076     2        0.0175 UserPurge1: 1     1766   56.72%
      0     0        0.0076     2        0.0175 UserPurge1: 1     1767   56.72%
      0     0        0.0076     2        0.0175 UserPurge1: 1     1768   56.72%
      0     0        0.0076     2        0.0175 UserPurge1: 1     1769   56.72%
      0     0        0.0076     2        0.0175 UserPurge1: 1     1770   56.72%
      0     0        0.0076     2        0.0175 UserPurge1: 1     1771   56.72%
      0     0        0.0076     2        0.0175 UserPurge1: 1     1772   56.72%
      0     0        0.0076     2        0.0175 UserPurge1: 1     1773   56.72%
      0     0        0.0076     2        0.0175 UserPurge1: 1     1774   56.72%
      0     0        0.0076     2        0.0175 UserPurge1: 1     1775   56.72%
      0     0        0.0076     2        0.0175 UserPurge1: 1     1776   56.72%
      0     0        0.0076     2        0.0175 UserPurge1: 1     1777   56.72%
      0     0        0.0076     2        0.0175 UserPurge1: 1     1778   56.72%
      0     0        0.0076     2        0.0175 UserPurge1: 1     1779   56.72%
      0     0        0.0076     2        0.0175 UserPurge1: 1     1780   56.72%
      0     0        0.0076     2        0.0175 UserPurge1: 1     1781   56.72%
      0     0        0.0076     2        0.0175 UserPurge1: 1     1782   56.72%
      0     0        0.0076     2        0.0175 UserPurge1: 1     1783   56.72%
      0     0        0.0076     2        0.0175 UserPurge1: 1     1784   56.72%
      0     0        0.0076     2        0.0175 UserPurge1: 1     1785   56.72%
      0     0        0.0076     2        0.0175 UserPurge1: 1     1786   56.72%
      0     0        0.0076     2        0.0175 UserPurge1: 1     1787   56.72%
      0     0        0.0076     2        0.0175 UserPurge1: 1     1788   56.72%
      0     0        0.0076     2        0.0175 UserPurge1: 1     1789   56.72%
      0     0        0.0076     2        0.0175 UserPurge1: 1     1790   56.72%
      0     0        0.0076     2        0.0175 UserPurge1: 1     1791   56.72%
      0     0        0.0076     2        0.0175 UserPurge1: 1     1792   56.72%
      0     0        0.0076     2        0.0175 UserPurge1: 1     1793   56.72%
      0     0        0.0076     2        0.0175 UserPurge1: 1     1794   56.72%
      0     0        0.0076     2        0.0175 UserPurge1: 1     1795   56.72%
      0     0        0.0076     2        0.0175 UserPurge1: 1     1796   56.72%
      0     0        0.0076     2        0.0175 UserPurge1: 1     1797   56.72%
      0     0        0.0076     2        0.0175 UserPurge1: 1     1798   56.72%
      0     0        0.0076     2        0.0175 UserPurge1: 1     1799   56.72%
      0     0        0.0076     2        0.0175 UserPurge1: 1     1800   56.72%
      0     0        0.0076     2        0.0175 UserPurge1: 1     1801   56.72%
      0     0        0.0076     2        0.0175 UserPurge1: 1     1802   56.72%
      0     0        0.0076     2        0.0175 UserPurge1: 1     1803   56.72%
      0     0        0.0076     2        0.0175 UserPurge1: 1     1804   56.72%
      0     0        0.0076     2        0.0175 UserPurge1: 1     1805   56.72%
      0     0        0.0076     2        0.0175 UserPurge1: 1     1806   56.72%
      0     0        0.0076     2        0.0175 UserPurge1: 1     1807   56.72%
      0     0        0.0076     2        0.0175 UserPurge1: 1     1808   56.72%
      0     0        0.0076     2        0.0175 UserPurge1: 1     1809   56.72%
      0     0        0.0076     2        0.0175 UserPurge1: 1     1810   56.72%
      0     0        0.0076     2        0.0175 UserPurge1: 1     1811   56.72%
      0     0        0.0076     2        0.0175 UserPurge1: 1     1812   56.72%
      0     0        0.0076     2        0.0175 UserPurge1: 1     1813   56.72%
      0     0        0.0076     2        0.0175 UserPurge1: 1     1814   56.72%
      0     0        0.0076     2        0.0175 UserPurge1: 1     1815   56.72%
      0     0        0.0076     2        0.0175 UserPurge1: 1     1816   56.72%
      0     0        0.0076     2        0.0175 UserPurge1: 1     1817   56.72%
      0     0        0.0076     2        0.0175 UserPurge1: 1     1818   56.72%
      0     0        0.0076     2        0.0175 UserPurge1: 1     1819   56.72%
      0     0        0.0076     2        0.0175 UserPurge1: 1     1820   56.72%
      0     0        0.0076     2        0.0175 UserPurge1: 1     1821   56.72%
      0     0        0.0076     2        0.0175 UserPurge1: 1     1822   56.72%
      0     0        0.0076     2        0.0175 UserPurge1: 1     1823   56.72%
      0     0        0.0076     2        0.0175 UserPurge1: 1     1824   56.72%
      0     0        0.0076     2        0.0175 UserPurge1: 1     1825   56.72%
      0     0        0.0076     2        0.0175 UserPurge1: 1     1826   56.72%
      0     0        0.0076     2        0.0175 UserPurge1: 1     1827   56.72%
      0     0        0.0076     2        0.0175 UserPurge1: 1     1828   56.72%
      0     0        0.0076     2        0.0175 UserPurge1: 1     1829   56.72%
      0     0        0.0076     2        0.0175 UserPurge1: 1     1830   56.72%
      0     0        0.0076     2        0.0175 UserPurge1: 1     1831   56.72%
      0     0        0.0076     2        0.0175 UserPurge1: 1     1832   56.72%
      0     0        0.0076     2        0.0175 UserPurge1: 1     1833   56.72%
      0     0        0.0076     2        0.0175 UserPurge1: 1     1834   56.72%
      0     0        0.0076     2        0.0175 UserPurge1: 1     1835   56.72%
      0     0        0.0076     2        0.0175 UserPurge1: 1     1836   56.72%
      0     0        0.0076     2        0.0175 UserPurge1: 1     1837   56.72%
      0     0        0.0076     2        0.0175 UserPurge1: 1     1838   56.72%
      0     0        0.0076     2        0.0175 UserPurge1: 1     1839   56.72%
      0     0        0.0076     2        0.0175 UserPurge1: 1     1840   56.72%
      0     0        0.0076     2        0.0175 UserPurge1: 1     1841   56.72%
      0     0        0.0076     2        0.0175 UserPurge1: 1     1842   56.72%
      0     0        0.0076     2        0.0175 UserPurge1: 1     1843   56.72%
      0     0        0.0076     2        0.0175 UserPurge1: 1     1844   56.72%
      0     0        0.0076     2        0.0175 UserPurge1: 1     1845   56.72%
      0     0        0.0076     2        0.0175 UserPurge1: 1     1846   56.72%
      0     0        0.0076     2        0.0175 UserPurge1: 1     1847   56.72%
      0     0        0.0076     2        0.0175 UserPurge1: 1     1848   56.72%
      0     0        0.0076     2        0.0175 UserPurge1: 1     1849   56.72%
      0     0        0.0076     2        0.0175 UserPurge1: 1     1850   56.72%
      0     0        0.0076     2        0.0175 UserPurge1: 1     1851   56.72%
      0     0        0.0076     2        0.0175 UserPurge1: 1     1852   56.72%
      0     0        0.0076     2        0.0175 UserPurge1: 1     1853   56.72%
      0     0        0.0076     2        0.0175 UserPurge1: 1     1854   56.72%
      0     0        0.0076     2        0.0175 UserPurge1: 1     1855   56.72%
      0     0        0.0076     2        0.0175 UserPurge1: 1     1856   56.72%
      0     0        0.0076     2        0.0175 UserPurge1: 1     1857   56.72%
      0     0        0.0076     2        0.0175 UserPurge1: 1     1858   56.72%
      0     0        0.0076     2        0.0175 UserPurge1: 1     1859   56.72%
      0     0        0.0076     2        0.0175 UserPurge1: 1     1860   56.72%
      0     0        0.0076     2        0.0175 UserPurge1: 1     1861   56.72%
      0     0        0.0076     2        0.0175 UserPurge1: 1     1862   56.72%
      0     0        0.0076     2        0.0175 UserPurge1: 1     1863   56.72%
      0     0        0.0076     2        0.0175 UserPurge1: 1     1864   56.72%
      0     0        0.0076     2        0.0175 UserPurge1: 1     1865   56.72%
      0     0        0.0076     2        0.0175 UserPurge1: 1     1866   56.72%
      0     0        0.0076     2        0.0175 UserPurge1: 1     1867   56.72%
      0     0        0.0076     2        0.0175 UserPurge1: 1     1868   56.72%
      0     0        0.0076     2        0.0175 UserPurge1: 1     1869   56.72%
      0     0        0.0076     2        0.0175 UserPurge1: 1     1870   56.72%
      0     0        0.0076     2        0.0175 UserPurge1: 1     1871   56.72%
      0     0        0.0076     2        0.0175 UserPurge1: 1     1872   56.72%
      0     0        0.0076     2        0.0175 UserPurge1: 1     1873   56.72%
      0     0        0.0076     2        0.0175 UserPurge1: 1     1874   56.72%
      0     0        0.0076     2        0.0175 UserPurge1: 1     1875   56.72%
      0     0        0.0076     2        0.0175 UserPurge1: 1     1876   56.72%
      0     0        0.0076     2        0.0175 UserPurge1: 1     1877   56.72%
      0     0        0.0076     2        0.0175 UserPurge1: 1     1878   56.72%
      0     0        0.0076     2        0.0175 UserPurge1: 1     1879   56.72%
      0     0        0.0076     2        0.0175 UserPurge1: 1     1880   56.72%
      0     0        0.0076     2        0.0175 UserPurge1: 1     1881   56.72%
      0     0        0.0076     2        0.0175 UserPurge1: 1     1882   56.72%
      0     0        0.0076     2        0.0175 UserPurge1: 1     1883   56.72%
      0     0        0.0076     2        0.0175 UserPurge1: 1     1884   56.72%
      0     0        0.0076     2        0.0175 UserPurge1: 1     1885   56.72%
      0     0        0.0076     2        0.0175 UserPurge1: 1     1886   56.72%
      0     0        0.0076     2        0.0175 UserPurge1: 1     1887   56.72%
      0     0        0.0076     2        0.0175 UserPurge1: 1     1888   56.72%
      0     0        0.0076     2        0.0175 UserPurge1: 1     1889   56.72%
      0     0        0.0076     2        0.0175 UserPurge1: 1     1890   56.72%
      0     0        0.0076     2        0.0175 UserPurge1: 1     1891   56.72%
      0     0        0.0076     2        0.0175 UserPurge1: 1     1892   56.72%
      0     0        0.0076     2        0.0175 UserPurge1: 1     1893   56.72%
      0     0        0.0076     2        0.0175 UserPurge1: 1     1894   56.72%
      0     0        0.0076     2        0.0175 UserPurge1: 1     1895   56.72%
      0     0        0.0076     2        0.0175 UserPurge1: 1     1896   56.72%
      0     0        0.0076     2        0.0175 UserPurge1: 1     1897   56.72%
      0     0        0.0076     2        0.0175 UserPurge1: 1     1898   56.72%
      0     0        0.0076     2        0.0175 UserPurge1: 1     1899   56.72%
      0     0        0.0076     2        0.0175 UserPurge1: 1     1900   56.72%
      0     0        0.0076     2        0.0175 UserPurge1: 1     1901   56.72%
      0     0        0.0076     2        0.0175 UserPurge1: 1     1902   56.72%
      0     0        0.0076     2        0.0175 UserPurge1: 1     1903   56.72%
      0     0        0.0076     2        0.0175 UserPurge1: 1     1904   56.72%
      0     0        0.0076     2        0.0175 UserPurge1: 1     1905   56.72%
      0     0        0.0076     2        0.0175 UserPurge1: 1     1906   56.72%
      0     0        0.0076     2        0.0175 UserPurge1: 1     1907   56.72%
      0     0        0.0076     2        0.0175 UserPurge1: 1     1908   56.72%
      0     0        0.0076     2        0.0175 UserPurge1: 1     1909   56.72%
      0     0        0.0076     2        0.0175 UserPurge1: 1     1910   56.72%
      0     0        0.0076     2        0.0175 UserPurge1: 1     1911   56.72%
      0     0        0.0076     2        0.0175 UserPurge1: 1     1912   56.72%
      0     0        0.0076     2        0.0175 UserPurge1: 1     1913   56.72%
      0     0        0.0076     2        0.0175 UserPurge1: 1     1914   56.72%
      0     0        0.0076     2        0.0175 UserPurge1: 1     1915   56.72%
      0     0        0.0076     2        0.0175 UserPurge1: 1     1916   56.72%
      0     0        0.0076     2        0.0175 UserPurge1: 1     1917   56.72%
      0     0        0.0076     2        0.0175 UserPurge1: 1     1918   56.72%
      0     0        0.0076     2        0.0175 UserPurge1: 1     1919   56.72%
      0     0        0.0076     2        0.0175 UserPurge1: 1     1920   56.72%
      0     0        0.0076     2        0.0175 UserPurge1: 1     1921   56.72%
      0     0        0.0076     2        0.0175 UserPurge1: 1     1922   56.72%
      0     0        0.0076     2        0.0175 UserPurge1: 1     1923   56.72%
      0     0        0.0076     2        0.0175 UserPurge1: 1     1924   56.72%
      0     0        0.0076     2        0.0175 UserPurge1: 1     1925   56.72%
      0     0        0.0076     2        0.0175 UserPurge1: 1     1926   56.72%
      0     0        0.0076     2        0.0175 UserPurge1: 1     1927   56.72%
      0     0        0.0076     2        0.0175 UserPurge1: 1     1928   56.72%
      0     0        0.0076     2        0.0175 UserPurge1: 1     1929   56.72%
      0     0        0.0076     2        0.0175 UserPurge1: 1     1930   56.72%
      0     0        0.0076     2        0.0175 UserPurge1: 1     1931   56.72%
      0     0        0.0076     2        0.0175 UserPurge1: 1     1932   56.72%
      0     0        0.0076     2        0.0175 UserPurge1: 1     1933   56.72%
      0     0        0.0076     2        0.0175 UserPurge1: 1     1934   56.72%
      0     0        0.0076     2        0.0175 UserPurge1: 1     1935   56.72%
      0     0        0.0076     2        0.0175 UserPurge1: 1     1936   56.72%
      0     0        0.0076     2        0.0175 UserPurge1: 1     1937   56.72%
      0     0        0.0076     2        0.0175 UserPurge1: 1     1938   56.72%
      0     0        0.0076     2        0.0175 UserPurge1: 1     1939   56.72%
      0     0        0.0076     2        0.0175 UserPurge1: 1     1940   56.72%
      0     0        0.0076     2        0.0175 UserPurge1: 1     1941   56.72%
      0     0        0.0076     2        0.0175 UserPurge1: 1     1942   56.72%
      0     0        0.0076     2        0.0175 UserPurge1: 1     1943   56.72%
      0     0        0.0076     2        0.0175 UserPurge1: 1     1944   56.72%
      0     0        0.0076     2        0.0175 UserPurge1: 1     1945   56.72%
      0     0        0.0076     2        0.0175 UserPurge1: 1     1946   56.72%
      0     0        0.0076     2        0.0175 UserPurge1: 1     1947   56.72%
      0     0        0.0076     2        0.0175 UserPurge1: 1     1948   56.72%
      0     0        0.0076     2        0.0175 UserPurge1: 1     1949   56.72%
      0     0        0.0076     2        0.0175 UserPurge1: 1     1950   56.72%
      0     0        0.0076     2        0.0175 UserPurge1: 1     1951   56.72%
      0     0        0.0076     2        0.0175 UserPurge1: 1     1952   56.72%
      0     0        0.0076     2        0.0175 UserPurge1: 1     1953   56.72%
      0     0        0.0076     2        0.0175 UserPurge1: 1     1954   56.72%
      0     0        0.0076     2        0.0175 UserPurge1: 1     1955   56.72%
      0     0        0.0076     2        0.0175 UserPurge1: 1     1956   56.72%
      0     0        0.0076     2        0.0175 UserPurge1: 1     1957   56.72%
      0     0        0.0076     2        0.0175 UserPurge1: 1     1958   56.72%
      0     0        0.0076     2        0.0175 UserPurge1: 1     1959   56.72%
      0     0        0.0076     2        0.0175 UserPurge1: 1     1960   56.72%
      0     0        0.0076     2        0.0175 UserPurge1: 1     1961   56.72%
      0     0        0.0076     2        0.0175 UserPurge1: 1     1962   56.72%
      0     0        0.0076     2        0.0175 UserPurge1: 1     1963   56.72%
      0     0        0.0076     2        0.0175 UserPurge1: 1     1964   56.72%
      0     0        0.0076     2        0.0175 UserPurge1: 1     1965   56.72%
      0     0        0.0076     2        0.0175 UserPurge1: 1     1966   56.72%
      0     0        0.0076     2        0.0175 UserPurge1: 1     1967   56.72%
      0     0        0.0076     2        0.0175 UserPurge1: 1     1968   56.72%
      0     0        0.0076     2        0.0175 UserPurge1: 1     1969   56.72%
      0     0        0.0076     2        0.0175 UserPurge1: 1     1970   56.72%
      0     0        0.0076     2        0.0175 UserPurge1: 1     1971   56.72%
      0     0        0.0076     2        0.0175 UserPurge1: 1     1972   56.72%
      0     0        0.0076     2        0.0175 UserPurge1: 1     1973   56.72%
      0     0        0.0076     2        0.0175 UserPurge1: 1     1974   56.72%
      0     0        0.0076     2        0.0175 UserPurge1: 1     1975   56.72%
      0     0        0.0076     2        0.0175 UserPurge1: 1     1976   56.72%
      0     0        0.0076     2        0.0175 UserPurge1: 1     1977   56.72%
      0     0        0.0076     2        0.0175 UserPurge1: 1     1978   56.72%
      0     0        0.0076     2        0.0175 UserPurge1: 1     1979   56.72%
      0     0        0.0076     2        0.0175 UserPurge1: 1     1980   56.72%
      0     0        0.0076     2        0.0175 UserPurge1: 1     1981   56.72%
      0     0        0.0076     2        0.0175 UserPurge1: 1     1982   56.72%
      0     0        0.0076     2        0.0175 UserPurge1: 1     1983   56.72%
      0     0        0.0076     2        0.0175 UserPurge1: 1     1984   56.72%
      0     0        0.0076     2        0.0175 UserPurge1: 1     1985   56.72%
      0     0        0.0076     2        0.0175 UserPurge1: 1     1986   56.72%
      0     0        0.0076     2        0.0175 UserPurge1: 1     1987   56.72%
      0     0        0.0076     2        0.0175 UserPurge1: 1     1988   56.72%
      0     0        0.0076     2        0.0175 UserPurge1: 1     1989   56.72%
      0     0        0.0076     2        0.0175 UserPurge1: 1     1990   56.72%
      0     0        0.0076     2        0.0175 UserPurge1: 1     1991   56.72%
      0     0        0.0076     2        0.0175 UserPurge1: 1     1992   56.72%
      0     0        0.0076     2        0.0175 UserPurge1: 1     1993   56.72%
      0     0        0.0076     2        0.0175 UserPurge1: 1     1994   56.72%
      0     0        0.0076     2        0.0175 UserPurge1: 1     1995   56.72%
      0     0        0.0076     2        0.0175 UserPurge1: 1     1996   56.72%
      0     0        0.0076     2        0.0175 UserPurge1: 1     1997   56.72%
      0     0        0.0076     2        0.0175 UserPurge1: 1     1998   56.72%
      0     0        0.0076     2        0.0175 UserPurge1: 1     1999   56.72%
      0     0        0.0076     2        0.0175 UserPurge1: 1     2000   56.72%
      0     0        0.0076     2        0.0175 UserPurge1: 1     2001   56.72%
      0     0        0.0076     2        0.0175 UserPurge1: 1     2002   56.72%
      0     0        0.0076     2        0.0175 UserPurge1: 1     2003   56.72%
      0     0        0.0076     2        0.0175 UserPurge1: 1     2004   56.72%
      0     0        0.0076     2        0.0175 UserPurge1: 1     2005   56.72%
      0     0        0.0076     2        0.0175 UserPurge1: 1     2006   56.72%
      0     0        0.0076     2        0.0175 UserPurge1: 1     2007   56.72%
      0     0        0.0076     2        0.0175 UserPurge1: 1     2008   56.72%
      0     0        0.0076     2        0.0175 UserPurge1: 1     2009   56.72%
      0     0        0.0076     2        0.0175 UserPurge1: 1     2010   56.72%
      0     0        0.0076     2        0.0175 UserPurge1: 1     2011   56.72%
      0     0        0.0076     2        0.0175 UserPurge1: 1     2012   56.72%
      0     0        0.0076     2        0.0175 UserPurge1: 1     2013   56.72%
      0     0        0.0076     2        0.0175 UserPurge1: 1     2014   56.72%
      0     0        0.0076     2        0.0175 UserPurge1: 1     2015   56.72%
      0     0        0.0076     2        0.0175 UserPurge1: 1     2016   56.72%
      0     0        0.0076     2        0.0175 UserPurge1: 1     2017   56.72%
      0     0        0.0076     2        0.0175 UserPurge1: 1     2018   56.72%
      0     0        0.0076     2        0.0175 UserPurge1: 1     2019   56.72%
      0     0        0.0076     2        0.0175 UserPurge1: 1     2020   56.72%
      0     0        0.0076     2        0.0175 UserPurge1: 1     2021   56.72%
      0     0        0.0076     2        0.0175 UserPurge1: 1     2022   56.72%
      0     0        0.0076     2        0.0175 UserPurge1: 1     2023   56.72%
      0     0        0.0076     2        0.0175 UserPurge1: 1     2024   56.72%
      0     0        0.0076     2        0.0175 UserPurge1: 1     2025   56.72%
      0     0        0.0076     2        0.0175 UserPurge1: 1     2026   56.72%
      0     0        0.0076     2        0.0175 UserPurge1: 1     2027   56.72%
      0     0        0.0076     2        0.0175 UserPurge1: 1     2028   56.72%
      0     0        0.0076     2        0.0175 UserPurge1: 1     2029   56.72%
      0     0        0.0076     2        0.0175 UserPurge1: 1     2030   56.72%
      0     0        0.0076     2        0.0175 UserPurge1: 1     2031   56.72%
      0     0        0.0076     2        0.0175 UserPurge1: 1     2032   56.72%
      0     0        0.0076     2        0.0175 UserPurge1: 1     2033   56.72%
      0     0        0.0076     2        0.0175 UserPurge1: 1     2034   56.72%
      0     0        0.0076     2        0.0175 UserPurge1: 1     2035   56.72%
      0     0        0.0076     2        0.0175 UserPurge1: 1     2036   56.72%
      0     0        0.0076     2        0.0175 UserPurge1: 1     2037   56.72%
      0     0        0.0076     2        0.0175 UserPurge1: 1     2038   56.72%
      0     0        0.0076     2        0.0175 UserPurge1: 1     2039   56.72%
      0     0        0.0076     2        0.0175 UserPurge1: 1     2040   56.72%
      0     0        0.0076     2        0.0175 UserPurge1: 1     2041   56.72%
      0     0        0.0076     2        0.0175 UserPurge1: 1     2042   56.72%
      0     0        0.0076     2        0.0175 UserPurge1: 1     2043   56.72%
      0     0        0.0076     2        0.0175 UserPurge1: 1     2044   56.72%
      0     0        0.0076     2        0.0175 UserPurge1: 1     2045   56.72%
      0     0        0.0076     2        0.0175 UserPurge1: 1     2046   56.72%
      0     0        0.0076     2        0.0175 UserPurge1: 1     2047   56.72%
      0     0        0.0076     2        0.0175 UserPurge1: 1     2048   56.72%
      0     0        0.0076     2        0.0175 UserPurge1: 1     2049   56.72%
      0     0        0.0076     2        0.0175 UserPurge1: 1     2050   56.72%
      0     0        0.0076     2        0.0175 UserPurge1: 1     2051   56.72%
      0     0        0.0076     2        0.0175 UserPurge1: 1     2052   56.72%
      0     0        0.0076     2        0.0175 UserPurge1: 1     2053   56.72%
      0     0        0.0076     2        0.0175 UserPurge1: 1     2054   56.72%
      0     0        0.0076     2        0.0175 UserPurge1: 1     2055   56.72%
      0     0        0.0076     2        0.0175 UserPurge1: 1     2056   56.72%
      0     0        0.0076     2        0.0175 UserPurge1: 1     2057   56.72%
      0     0        0.0076     2        0.0175 UserPurge1: 1     2058   56.72%
      0     0        0.0076     2        0.0175 UserPurge1: 1     2059   56.72%
      0     0        0.0076     2        0.0175 UserPurge1: 1     2060   56.72%
      0     0        0.0076     2        0.0175 UserPurge1: 1     2061   56.72%
      0     0        0.0076     2        0.0175 UserPurge1: 1     2062   56.72%
      0     0        0.0076     2        0.0175 UserPurge1: 1     2063   56.72%
      0     0        0.0076     2        0.0175 UserPurge1: 1     2064   56.72%
      0     0        0.0076     2        0.0175 UserPurge1: 1     2065   56.72%
      0     0        0.0076     2        0.0175 UserPurge1: 1     2066   56.72%
      0     0        0.0076     2        0.0175 UserPurge1: 1     2067   56.72%
      0     0        0.0076     2        0.0175 UserPurge1: 1     2068   56.72%
      0     0        0.0076     2        0.0175 UserPurge1: 1     2069   56.72%
      0     0        0.0076     2        0.0175 UserPurge1: 1     2070   56.72%
      0     0        0.0076     2        0.0175 UserPurge1: 1     2071   56.72%
      0     0        0.0076     2        0.0175 UserPurge1: 1     2072   56.72%
      0     0        0.0076     2        0.0175 UserPurge1: 1     2073   56.72%
      0     0        0.0076     2        0.0175 UserPurge1: 1     2074   56.72%
      0     0        0.0076     2        0.0175 UserPurge1: 1     2075   56.72%
      0     0        0.0076     2        0.0175 UserPurge1: 1     2076   56.72%
      0     0        0.0076     2        0.0175 UserPurge1: 1     2077   56.72%
      0     0        0.0076     2        0.0175 UserPurge1: 1     2078   56.72%
      0     0        0.0076     2        0.0175 UserPurge1: 1     2079   56.72%
      0     0        0.0076     2        0.0175 UserPurge1: 1     2080   56.72%
      0     0        0.0076     2        0.0175 UserPurge1: 1     2081   56.72%
      0     0        0.0076     2        0.0175 UserPurge1: 1     2082   56.72%
      0     0        0.0076     2        0.0175 UserPurge1: 1     2083   56.72%
      0     0        0.0076     2        0.0175 UserPurge1: 1     2084   56.72%
      0     0        0.0076     2        0.0175 UserPurge1: 1     2085   56.72%
      0     0        0.0076     2        0.0175 UserPurge1: 1     2086   56.72%
      0     0        0.0076     2        0.0175 UserPurge1: 1     2087   56.72%
      0     0        0.0076     2        0.0175 UserPurge1: 1     2088   56.72%
      0     0        0.0076     2        0.0175 UserPurge1: 1     2089   56.72%
      0     0        0.0076     2        0.0175 UserPurge1: 1     2090   56.72%
      0     0        0.0076     2        0.0175 UserPurge1: 1     2091   56.72%
      0     0        0.0076     2        0.0175 UserPurge1: 1     2092   56.72%
      0     0        0.0076     2        0.0175 UserPurge1: 1     2093   56.72%
      0     0        0.0076     2        0.0175 UserPurge1: 1     2094   56.72%
      0     0        0.0076     2        0.0175 UserPurge1: 1     2095   56.72%
      0     0        0.0076     2        0.0175 UserPurge1: 1     2096   56.72%
      0     0        0.0076     2        0.0175 UserPurge1: 1     2097   56.72%
      0     0        0.0076     2        0.0175 UserPurge1: 1     2098   56.72%
      0     0        0.0076     2        0.0175 UserPurge1: 1     2099   56.72%
      0     0        0.0076     2        0.0175 UserPurge1: 1     2100   56.72%
      0     0        0.0076     2        0.0175 UserPurge1: 1     2101   56.72%
      0     0        0.0076     2        0.0175 UserPurge1: 1     2102   56.72%
      0     0        0.0076     2        0.0175 UserPurge1: 1     2103   56.72%
      0     0        0.0076     2        0.0175 UserPurge1: 1     2104   56.72%
      0     0        0.0076     2        0.0175 UserPurge1: 1     2105   56.72%
      0     0        0.0076     2        0.0175 UserPurge1: 1     2106   56.72%
      0     0        0.0076     2        0.0175 UserPurge1: 1     2107   56.72%
      0     0        0.0076     2        0.0175 UserPurge1: 1     2108   56.72%
      0     0        0.0076     2        0.0175 UserPurge1: 1     2109   56.72%
      0     0        0.0076     2        0.0175 UserPurge1: 1     2110   56.72%
      0     0        0.0076     2        0.0175 UserPurge1: 1     2111   56.72%
      0     0        0.0076     2        0.0175 UserPurge1: 1     2112   56.72%
      0     0        0.0076     2        0.0175 UserPurge1: 1     2113   56.72%
      0     0        0.0076     2        0.0175 UserPurge1: 1     2114   56.72%
      0     0        0.0076     2        0.0175 UserPurge1: 1     2115   56.72%
      0     0        0.0076     2        0.0175 UserPurge1: 1     2116   56.72%
      0     0        0.0076     2        0.0175 UserPurge1: 1     2117   56.72%
      0     0        0.0076     2        0.0175 UserPurge1: 1     2118   56.72%
      0     0        0.0076     2        0.0175 UserPurge1: 1     2119   56.72%
      0     0        0.0076     2        0.0175 UserPurge1: 1     2120   56.72%
      0     0        0.0076     2        0.0175 UserPurge1: 1     2121   56.72%
      0     0        0.0076     2        0.0175 UserPurge1: 1     2122   56.72%
      0     0        0.0076     2        0.0175 UserPurge1: 1     2123   56.72%
      0     0        0.0076     2        0.0175 UserPurge1: 1     2124   56.72%
      0     0        0.0076     2        0.0175 UserPurge1: 1     2125   56.72%
      0     0        0.0076     2        0.0175 UserPurge1: 1     2126   56.72%
      0     0        0.0076     2        0.0175 UserPurge1: 1     2127   56.72%
      0     0        0.0076     2        0.0175 UserPurge1: 1     2128   56.72%
      0     0        0.0076     2        0.0175 UserPurge1: 1     2129   56.72%
      0     0        0.0076     2        0.0175 UserPurge1: 1     2130   56.72%
      0     0        0.0076     2        0.0175 UserPurge1: 1     2131   56.72%
      0     0        0.0076     2        0.0175 UserPurge1: 1     2132   56.72%
      0     0        0.0076     2        0.0175 UserPurge1: 1     2133   56.72%
      0     0        0.0076     2        0.0175 UserPurge1: 1     2134   56.72%
      0     0        0.0076     2        0.0175 UserPurge1: 1     2135   56.72%
      0     0        0.0076     2        0.0175 UserPurge1: 1     2136   56.72%
      0     0        0.0076     2        0.0175 UserPurge1: 1     2137   56.72%
      0     0        0.0076     2        0.0175 UserPurge1: 1     2138   56.72%
      0     0        0.0076     2        0.0175 UserPurge1: 1     2139   56.72%
      0     0        0.0076     2        0.0175 UserPurge1: 1     2140   56.72%
      0     0        0.0076     2        0.0175 UserPurge1: 1     2141   56.72%
      0     0        0.0076     2        0.0175 UserPurge1: 1     2142   56.72%
      0     0        0.0076     2        0.0175 UserPurge1: 1     2143   56.72%
      0     0        0.0076     2        0.0175 UserPurge1: 1     2144   56.72%
      0     0        0.0076     2        0.0175 UserPurge1: 1     2145   56.72%
      0     0        0.0076     2        0.0175 UserPurge1: 1     2146   56.72%
      0     0        0.0076     2        0.0175 UserPurge1: 1     2147   56.72%
      0     0        0.0076     2        0.0175 UserPurge1: 1     2148   56.72%
      0     0        0.0076     2        0.0175 UserPurge1: 1     2149   56.72%
      0     0        0.0076     2        0.0175 UserPurge1: 1     2150   56.72%
      0     0        0.0076     2        0.0175 UserPurge1: 1     2151   56.72%
      0     0        0.0076     2        0.0175 UserPurge1: 1     2152   56.72%
      0     0        0.0076     2        0.0175 UserPurge1: 1     2153   56.72%
      0     0        0.0076     2        0.0175 UserPurge1: 1     2154   56.72%
      0     0        0.0076     2        0.0175 UserPurge1: 1     2155   56.72%
      0     0        0.0076     2        0.0175 UserPurge1: 1     2156   56.72%
      0     0        0.0076     2        0.0175 UserPurge1: 1     2157   56.72%
      0     0        0.0076     2        0.0175 UserPurge1: 1     2158   56.72%
      0     0        0.0076     2        0.0175 UserPurge1: 1     2159   56.72%
      0     0        0.0076     2        0.0175 UserPurge1: 1     2160   56.72%
      0     0        0.0076     2        0.0175 UserPurge1: 1     2161   56.72%
      0     0        0.0076     2        0.0175 UserPurge1: 1     2162   56.72%
      0     0        0.0076     2        0.0175 UserPurge1: 1     2163   56.72%
      0     0        0.0076     2        0.0175 UserPurge1: 1     2164   56.72%
      0     0        0.0076     2        0.0175 UserPurge1: 1     2165   56.72%
      0     0        0.0076     2        0.0175 UserPurge1: 1     2166   56.72%
      0     0        0.0076     2        0.0175 UserPurge1: 1     2167   56.72%
      0     0        0.0076     2        0.0175 UserPurge1: 1     2168   56.72%
      0     0        0.0076     2        0.0175 UserPurge1: 1     2169   56.72%
      0     0        0.0076     2        0.0175 UserPurge1: 1     2170   56.72%
      0     0        0.0076     2        0.0175 UserPurge1: 1     2171   56.72%
      0     0        0.0076     2        0.0175 UserPurge1: 1     2172   56.72%
      0     0        0.0076     2        0.0175 UserPurge1: 1     2173   56.72%
      0     0        0.0076     2        0.0175 UserPurge1: 1     2174   56.72%
      0     0        0.0076     2        0.0175 UserPurge1: 1     2175   56.72%
      0     0        0.0076     2        0.0175 UserPurge1: 1     2176   56.72%
      0     0        0.0076     2        0.0175 UserPurge1: 1     2177   56.72%
      0     0        0.0076     2        0.0175 UserPurge1: 1     2178   56.72%
      0     0        0.0076     2        0.0175 UserPurge1: 1     2179   56.72%
      0     0        0.0076     2        0.0175 UserPurge1: 1     2180   56.72%
      0     0        0.0076     2        0.0175 UserPurge1: 1     2181   56.72%
      0     0        0.0076     2        0.0175 UserPurge1: 1     2182   56.72%
      0     0        0.0076     2        0.0175 UserPurge1: 1     2183   56.72%
      0     0        0.0076     2        0.0175 UserPurge1: 1     2184   56.72%
      0     0        0.0076     2        0.0175 UserPurge1: 1     2185   56.72%
      0     0        0.0076     2        0.0175 UserPurge1: 1     2186   56.72%
      0     0        0.0076     2        0.0175 UserPurge1: 1     2187   56.72%
      0     0        0.0076     2        0.0175 UserPurge1: 1     2188   56.72%
      0     0        0.0076     2        0.0175 UserPurge1: 1     2189   56.72%
      0     0        0.0076     2        0.0175 UserPurge1: 1     2190   56.72%
      0     0        0.0076     2        0.0175 UserPurge1: 1     2191   56.72%
      0     0        0.0076     2        0.0175 UserPurge1: 1     2192   56.72%
      0     0        0.0076     2        0.0175 UserPurge1: 1     2193   56.72%
      0     0        0.0076     2        0.0175 UserPurge1: 1     2194   56.72%
      0     0        0.0076     2        0.0175 UserPurge1: 1     2195   56.72%
      0     0        0.0076     2        0.0175 UserPurge1: 1     2196   56.72%
      0     0        0.0076     2        0.0175 UserPurge1: 1     2197   56.72%
      0     0        0.0076     2        0.0175 UserPurge1: 1     2198   56.72%
      0     0        0.0076     2        0.0175 UserPurge1: 1     2199   56.72%
      0     0        0.0076     2        0.0175 UserPurge1: 1     2200   56.72%
      0     0        0.0076     2        0.0175 UserPurge1: 1     2201   56.72%
      0     0        0.0076     2        0.0175 UserPurge1: 1     2202   56.72%
      0     0        0.0076     2        0.0175 UserPurge1: 1     2203   56.72%
      0     0        0.0076     2        0.0175 UserPurge1: 1     2204   56.72%
      0     0        0.0076     2        0.0175 UserPurge1: 1     2205   56.72%
      0     0        0.0076     2        0.0175 UserPurge1: 1     2206   56.72%
      0     0        0.0076     2        0.0175 UserPurge1: 1     2207   56.72%
      0     0        0.0076     2        0.0175 UserPurge1: 1     2208   56.72%
      0     0        0.0076     2        0.0175 UserPurge1: 1     2209   56.72%
      0     0        0.0076     2        0.0175 UserPurge1: 1     2210   56.72%
      0     0        0.0076     2        0.0175 UserPurge1: 1     2211   56.72%
      0     0        0.0076     2        0.0175 UserPurge1: 1     2212   56.72%
      0     0        0.0076     2        0.0175 UserPurge1: 1     2213   56.72%
      0     0        0.0076     2        0.0175 UserPurge1: 1     2214   56.72%
      0     0        0.0076     2        0.0175 UserPurge1: 1     2215   56.72%
      0     0        0.0076     2        0.0175 UserPurge1: 1     2216   56.72%
      0     0        0.0076     2        0.0175 UserPurge1: 1     2217   56.72%
      0     0        0.0076     2        0.0175 UserPurge1: 1     2218   56.72%
      0     0        0.0076     2        0.0175 UserPurge1: 1     2219   56.72%
      0     0        0.0076     2        0.0175 UserPurge1: 1     2220   56.72%
      0     0        0.0076     2        0.0175 UserPurge1: 1     2221   56.72%
      0     0        0.0076     2        0.0175 UserPurge1: 1     2222   56.72%
      0     0        0.0076     2        0.0175 UserPurge1: 1     2223   56.72%
      0     0        0.0076     2        0.0175 UserPurge1: 1     2224   56.72%
      0     0        0.0076     2        0.0175 UserPurge1: 1     2225   56.72%
      0     0        0.0076     2        0.0175 UserPurge1: 1     2226   56.72%
      0     0        0.0076     2        0.0175 UserPurge1: 1     2227   56.72%
      0     0        0.0076     2        0.0175 UserPurge1: 1     2228   56.72%
      0     0        0.0076     2        0.0175 UserPurge1: 1     2229   56.72%
      0     0        0.0076     2        0.0175 UserPurge1: 1     2230   56.72%
      0     0        0.0076     2        0.0175 UserPurge1: 1     2231   56.72%
      0     0        0.0076     2        0.0175 UserPurge1: 1     2232   56.72%
      0     0        0.0076     2        0.0175 UserPurge1: 1     2233   56.72%
      0     0        0.0076     2        0.0175 UserPurge1: 1     2234   56.72%
      0     0        0.0076     2        0.0175 UserPurge1: 1     2235   56.72%
      0     0        0.0076     2        0.0175 UserPurge1: 1     2236   56.72%
      0     0        0.0076     2        0.0175 UserPurge1: 1     2237   56.72%
      0     0        0.0076     2        0.0175 UserPurge1: 1     2238   56.72%
      0     0        0.0076     2        0.0175 UserPurge1: 1     2239   56.72%
      0     0        0.0076     2        0.0175 UserPurge1: 1     2240   56.72%
      0     0        0.0076     2        0.0175 UserPurge1: 1     2241   56.72%
      0     0        0.0076     2        0.0175 UserPurge1: 1     2242   56.72%
      0     0        0.0076     2        0.0175 UserPurge1: 1     2243   56.72%
      0     0        0.0076     2        0.0175 UserPurge1: 1     2244   56.72%
      0     0        0.0076     2        0.0175 UserPurge1: 1     2245   56.72%
      0     0        0.0076     2        0.0175 UserPurge1: 1     2246   56.72%
      0     0        0.0076     2        0.0175 UserPurge1: 1     2247   56.72%
      0     0        0.0076     2        0.0175 UserPurge1: 1     2248   56.72%
      0     0        0.0076     2        0.0175 UserPurge1: 1     2249   56.72%
      0     0        0.0076     2        0.0175 UserPurge1: 1     2250   56.72%
      0     0        0.0076     2        0.0175 UserPurge1: 1     2251   56.72%
      0     0        0.0076     2        0.0175 UserPurge1: 1     2252   56.72%
      0     0        0.0076     2        0.0175 UserPurge1: 1     2253   56.72%
      0     0        0.0076     2        0.0175 UserPurge1: 1     2254   56.72%
      0     0        0.0076     2        0.0175 UserPurge1: 1     2255   56.72%
      0     0        0.0076     2        0.0175 UserPurge1: 1     2256   56.72%
      0     0        0.0076     2        0.0175 UserPurge1: 1     2257   56.72%
      0     0        0.0076     2        0.0175 UserPurge1: 1     2258   56.72%
      0     0        0.0076     2        0.0175 UserPurge1: 1     2259   56.72%
      0     0        0.0076     2        0.0175 UserPurge1: 1     2260   56.72%
      0     0        0.0076     2        0.0175 UserPurge1: 1     2261   56.72%
      0     0        0.0076     2        0.0175 UserPurge1: 1     2262   56.72%
      0     0        0.0076     2        0.0175 UserPurge1: 1     2263   56.72%
      0     0        0.0076     2        0.0175 UserPurge1: 1     2264   56.72%
      0     0        0.0076     2        0.0175 UserPurge1: 1     2265   56.72%
      0     0        0.0076     2        0.0175 UserPurge1: 1     2266   56.72%
      0     0        0.0076     2        0.0175 UserPurge1: 1     2267   56.72%
      0     0        0.0076     2        0.0175 UserPurge1: 1     2268   56.72%
      0     0        0.0076     2        0.0175 UserPurge1: 1     2269   56.72%
      0     0        0.0076     2        0.0175 UserPurge1: 1     2270   56.72%
      0     0        0.0076     2        0.0175 UserPurge1: 1     2271   56.72%
      0     0        0.0076     2        0.0175 UserPurge1: 1     2272   56.72%
      0     0        0.0076     2        0.0175 UserPurge1: 1     2273   56.72%
      0     0        0.0076     2        0.0175 UserPurge1: 1     2274   56.72%
      0     0        0.0076     2        0.0175 UserPurge1: 1     2275   56.72%
      0     0        0.0076     2        0.0175 UserPurge1: 1     2276   56.72%
      0     0        0.0076     2        0.0175 UserPurge1: 1     2277   56.72%
      0     0        0.0076     2        0.0175 UserPurge1: 1     2278   56.72%
      0     0        0.0076     2        0.0175 UserPurge1: 1     2279   56.72%
      0     0        0.0076     2        0.0175 UserPurge1: 1     2280   56.72%
      0     0        0.0076     2        0.0175 UserPurge1: 1     2281   56.72%
      0     0        0.0076     2        0.0175 UserPurge1: 1     2282   56.72%
      0     0        0.0076     2        0.0175 UserPurge1: 1     2283   56.72%
      0     0        0.0076     2        0.0175 UserPurge1: 1     2284   56.72%
      0     0        0.0076     2        0.0175 UserPurge1: 1     2285   56.72%
      0     0        0.0076     2        0.0175 UserPurge1: 1     2286   56.72%
      0     0        0.0076     2        0.0175 UserPurge1: 1     2287   56.72%
      0     0        0.0076     2        0.0175 UserPurge1: 1     2288   56.72%
      0     0        0.0076     2        0.0175 UserPurge1: 1     2289   56.72%
      0     0        0.0076     2        0.0175 UserPurge1: 1     2290   56.72%
      0     0        0.0076     2        0.0175 UserPurge1: 1     2291   56.72%
      0     0        0.0076     2        0.0175 UserPurge1: 1     2292   56.72%
      0     0        0.0076     2        0.0175 UserPurge1: 1     2293   56.72%
      0     0        0.0076     2        0.0175 UserPurge1: 1     2294   56.72%
      0     0        0.0076     2        0.0175 UserPurge1: 1     2295   56.72%
      0     0        0.0076     2        0.0175 UserPurge1: 1     2296   56.72%
      0     0        0.0076     2        0.0175 UserPurge1: 1     2297   56.72%
      0     0        0.0076     2        0.0175 UserPurge1: 1     2298   56.72%
      0     0        0.0076     2        0.0175 UserPurge1: 1     2299   56.72%
      0     0        0.0076     2        0.0175 UserPurge1: 1     2300   56.72%
      0     0        0.0076     2        0.0175 UserPurge1: 1     2301   56.72%
      0     0        0.0076     2        0.0175 UserPurge1: 1     2302   56.72%
      0     0        0.0076     2        0.0175 UserPurge1: 1     2303   56.72%
      0     0        0.0076     2        0.0175 UserPurge1: 1     2304   56.72%
      0     0        0.0076     2        0.0175 UserPurge1: 1     2305   56.72%
      0     0        0.0076     2        0.0175 UserPurge1: 1     2306   56.72%
      0     0        0.0076     2        0.0175 UserPurge1: 1     2307   56.72%
      0     0        0.0076     2        0.0175 UserPurge1: 1     2308   56.72%
      0     0        0.0076     2        0.0175 UserPurge1: 1     2309   56.72%
      0     0        0.0076     2        0.0175 UserPurge1: 1     2310   56.72%
      0     0        0.0076     2        0.0175 UserPurge1: 1     2311   56.72%
      0     0        0.0076     2        0.0175 UserPurge1: 1     2312   56.72%
      0     0        0.0076     2        0.0175 UserPurge1: 1     2313   56.72%
      0     0        0.0076     2        0.0175 UserPurge1: 1     2314   56.72%
      0     0        0.0076     2        0.0175 UserPurge1: 1     2315   56.72%
      0     0        0.0076     2        0.0175 UserPurge1: 1     2316   56.72%
      0     0        0.0076     2        0.0175 UserPurge1: 1     2317   56.72%
      0     0        0.0076     2        0.0175 UserPurge1: 1     2318   56.72%
      0     0        0.0076     2        0.0175 UserPurge1: 1     2319   56.72%
      0     0        0.0076     2        0.0175 UserPurge1: 1     2320   56.72%
      0     0        0.0076     2        0.0175 UserPurge1: 1     2321   56.72%
      0     0        0.0076     2        0.0175 UserPurge1: 1     2322   56.72%
      0     0        0.0076     2        0.0175 UserPurge1: 1     2323   56.72%
      0     0        0.0076     2        0.0175 UserPurge1: 1     2324   56.72%
      0     0        0.0076     2        0.0175 UserPurge1: 1     2325   56.72%
      0     0        0.0076     2        0.0175 UserPurge1: 1     2326   56.72%
      0     0        0.0076     2        0.0175 UserPurge1: 1     2327   56.72%
      0     0        0.0076     2        0.0175 UserPurge1: 1     2328   56.72%
      0     0        0.0076     2        0.0175 UserPurge1: 1     2329   56.72%
      0     0        0.0076     2        0.0175 UserPurge1: 1     2330   56.72%
      0     0        0.0076     2        0.0175 UserPurge1: 1     2331   56.72%
      0     0        0.0076     2        0.0175 UserPurge1: 1     2332   56.72%
      0     0        0.0076     2        0.0175 UserPurge1: 1     2333   56.72%
      0     0        0.0076     2        0.0175 UserPurge1: 1     2334   56.72%
      0     0        0.0076     2        0.0175 UserPurge1: 1     2335   56.72%
      0     0        0.0076     2        0.0175 UserPurge1: 1     2336   56.72%
      0     0        0.0076     2        0.0175 UserPurge1: 1     2337   56.72%
      0     0        0.0076     2        0.0175 UserPurge1: 1     2338   56.72%
      0     0        0.0076     2        0.0175 UserPurge1: 1     2339   56.72%
      0     0        0.0076     2        0.0175 UserPurge1: 1     2340   56.72%
      0     0        0.0076     2        0.0175 UserPurge1: 1     2341   56.72%
      0     0        0.0076     2        0.0175 UserPurge1: 1     2342   56.72%
      0     0        0.0076     2        0.0175 UserPurge1: 1     2343   56.72%
      0     0        0.0076     2        0.0175 UserPurge1: 1     2344   56.72%
      0     0        0.0076     2        0.0175 UserPurge1: 1     2345   56.72%
      0     0        0.0076     2        0.0175 UserPurge1: 1     2346   56.72%
      0     0        0.0076     2        0.0175 UserPurge1: 1     2347   56.72%
      0     0        0.0076     2        0.0175 UserPurge1: 1     2348   56.72%
      0     0        0.0076     2        0.0175 UserPurge1: 1     2349   56.72%
      0     0        0.0076     2        0.0175 UserPurge1: 1     2350   56.72%
      0     0        0.0076     2        0.0175 UserPurge1: 1     2351   56.72%
      0     0        0.0076     2        0.0175 UserPurge1: 1     2352   56.72%
      0     0        0.0076     2        0.0175 UserPurge1: 1     2353   56.72%
      0     0        0.0076     2        0.0175 UserPurge1: 1     2354   56.72%
      0     0        0.0076     2        0.0175 UserPurge1: 1     2355   56.72%
      0     0        0.0076     2        0.0175 UserPurge1: 1     2356   56.72%
      0     0        0.0076     2        0.0175 UserPurge1: 1     2357   56.72%
      0     0        0.0076     2        0.0175 UserPurge1: 1     2358   56.72%
      0     0        0.0076     2        0.0175 UserPurge1: 1     2359   56.72%
      0     0        0.0076     2        0.0175 UserPurge1: 1     2360   56.72%
      0     0        0.0076     2        0.0175 UserPurge1: 1     2361   56.72%
      0     0        0.0076     2        0.0175 UserPurge1: 1     2362   56.72%
      0     0        0.0076     2        0.0175 UserPurge1: 1     2363   56.72%
      0     0        0.0076     2        0.0175 UserPurge1: 1     2364   56.72%
      0     0        0.0076     2        0.0175 UserPurge1: 1     2365   56.72%
      0     0        0.0076     2        0.0175 UserPurge1: 1     2366   56.72%
      0     0        0.0076     2        0.0175 UserPurge1: 1     2367   56.72%
      0     0        0.0076     2        0.0175 UserPurge1: 1     2368   56.72%
      0     0        0.0076     2        0.0175 UserPurge1: 1     2369   56.72%
      0     0        0.0076     2        0.0175 UserPurge1: 1     2370   56.72%
      0     0        0.0076     2        0.0175 UserPurge1: 1     2371   56.72%
      0     0        0.0076     2        0.0175 UserPurge1: 1     2372   56.72%
      0     0        0.0076     2        0.0175 UserPurge1: 1     2373   56.72%
      0     0        0.0076     2        0.0175 UserPurge1: 1     2374   56.72%
      0     0        0.0076     2        0.0175 UserPurge1: 1     2375   56.72%
      0     0        0.0076     2        0.0175 UserPurge1: 1     2376   56.72%
      0     0        0.0076     2        0.0175 UserPurge1: 1     2377   56.72%
      0     0        0.0076     2        0.0175 UserPurge1: 1     2378   56.72%
      0     0        0.0076     2        0.0175 UserPurge1: 1     2379   56.72%
      0     0        0.0076     2        0.0175 UserPurge1: 1     2380   56.72%
      0     0        0.0076     2        0.0175 UserPurge1: 1     2381   56.72%
      0     0        0.0076     2        0.0175 UserPurge1: 1     2382   56.72%
      0     0        0.0076     2        0.0175 UserPurge1: 1     2383   56.72%
      0     0        0.0076     2        0.0175 UserPurge1: 1     2384   56.72%
      0     0        0.0076     2        0.0175 UserPurge1: 1     2385   56.72%
      0     0        0.0076     2        0.0175 UserPurge1: 1     2386   56.72%
      0     0        0.0076     2        0.0175 UserPurge1: 1     2387   56.72%
      0     0        0.0076     2        0.0175 UserPurge1: 1     2388   56.72%
      0     0        0.0076     2        0.0175 UserPurge1: 1     2389   56.72%
      0     0        0.0076     2        0.0175 UserPurge1: 1     2390   56.72%
      0     0        0.0076     2        0.0175 UserPurge1: 1     2391   56.72%
      0     0        0.0076     2        0.0175 UserPurge1: 1     2392   56.72%
      0     0        0.0076     2        0.0175 UserPurge1: 1     2393   56.72%
      0     0        0.0076     2        0.0175 UserPurge1: 1     2394   56.72%
      0     0        0.0076     2        0.0175 UserPurge1: 1     2395   56.72%
      0     0        0.0076     2        0.0175 UserPurge1: 1     2396   56.72%
      0     0        0.0076     2        0.0175 UserPurge1: 1     2397   56.72%
      0     0        0.0076     2        0.0175 UserPurge1: 1     2398   56.72%
      0     0        0.0076     2        0.0175 UserPurge1: 1     2399   56.72%
      0     0        0.0076     2        0.0175 UserPurge1: 1     2400   56.72%
      0     0        0.0076     2        0.0175 UserPurge1: 1     2401   56.72%
      0     0        0.0076     2        0.0175 UserPurge1: 1     2402   56.72%
      0     0        0.0076     2        0.0175 UserPurge1: 1     2403   56.72%
      0     0        0.0076     2        0.0175 UserPurge1: 1     2404   56.72%
      0     0        0.0076     2        0.0175 UserPurge1: 1     2405   56.72%
      0     0        0.0076     2        0.0175 UserPurge1: 1     2406   56.72%
      0     0        0.0076     2        0.0175 UserPurge1: 1     2407   56.72%
      0     0        0.0076     2        0.0175 UserPurge1: 1     2408   56.72%
      0     0        0.0076     2        0.0175 UserPurge1: 1     2409   56.72%
      0     0        0.0076     2        0.0175 UserPurge1: 1     2410   56.72%
      0     0        0.0076     2        0.0175 UserPurge1: 1     2411   56.72%
      0     0        0.0076     2        0.0175 UserPurge1: 1     2412   56.72%
      0     0        0.0076     2        0.0175 UserPurge1: 1     2413   56.72%
      0     0        0.0076     2        0.0175 UserPurge1: 1     2414   56.72%
      0     0        0.0076     2        0.0175 UserPurge1: 1     2415   56.72%
      0     0        0.0076     2        0.0175 UserPurge1: 1     2416   56.72%
      0     0        0.0076     2        0.0175 UserPurge1: 1     2417   56.72%
      0     0        0.0076     2        0.0175 UserPurge1: 1     2418   56.72%
      0     0        0.0076     2        0.0175 UserPurge1: 1     2419   56.72%
      0     0        0.0076     2        0.0175 UserPurge1: 1     2420   56.72%
      0     0        0.0076     2        0.0175 UserPurge1: 1     2421   56.72%
      0     0        0.0076     2        0.0175 UserPurge1: 1     2422   56.72%
      0     0        0.0076     2        0.0175 UserPurge1: 1     2423   56.72%
      0     0        0.0076     2        0.0175 UserPurge1: 1     2424   56.72%
      0     0        0.0076     2        0.0175 UserPurge1: 1     2425   56.72%
      0     0        0.0076     2        0.0175 UserPurge1: 1     2426   56.72%
      0     0        0.0076     2        0.0175 UserPurge1: 1     2427   56.72%
      0     0        0.0076     2        0.0175 UserPurge1: 1     2428   56.72%
      0     0        0.0076     2        0.0175 UserPurge1: 1     2429   56.72%
      0     0        0.0076     2        0.0175 UserPurge1: 1     2430   56.72%
      0     0        0.0076     2        0.0175 UserPurge1: 1     2431   56.72%
      0     0        0.0076     2        0.0175 UserPurge1: 1     2432   56.72%
      0     0        0.0076     2        0.0175 UserPurge1: 1     2433   56.72%
      0     0        0.0076     2        0.0175 UserPurge1: 1     2434   56.72%
      0     0        0.0076     2        0.0175 UserPurge1: 1     2435   56.72%
      0     0        0.0076     2        0.0175 UserPurge1: 1     2436   56.72%
      0     0        0.0076     2        0.0175 UserPurge1: 1     2437   56.72%
      0     0        0.0076     2        0.0175 UserPurge1: 1     2438   56.72%
      0     0        0.0076     2        0.0175 UserPurge1: 1     2439   56.72%
      0     0        0.0076     2        0.0175 UserPurge1: 1     2440   56.72%
      0     0        0.0076     2        0.0175 UserPurge1: 1     2441   56.72%
      0     0        0.0076     2        0.0175 UserPurge1: 1     2442   56.72%
      0     0        0.0076     2        0.0175 UserPurge1: 1     2443   56.72%
      0     0        0.0076     2        0.0175 UserPurge1: 1     2444   56.72%
      0     0        0.0076     2        0.0175 UserPurge1: 1     2445   56.72%
      0     0        0.0076     2        0.0175 UserPurge1: 1     2446   56.72%
      0     0        0.0076     2        0.0175 UserPurge1: 1     2447   56.72%
      0     0        0.0076     2        0.0175 UserPurge1: 1     2448   56.72%
      0     0        0.0076     2        0.0175 UserPurge1: 1     2449   56.72%
      0     0        0.0076     2        0.0175 UserPurge1: 1     2450   56.72%
      0     0        0.0076     2        0.0175 UserPurge1: 1     2451   56.72%
      0     0        0.0076     2        0.0175 UserPurge1: 1     2452   56.72%
      0     0        0.0076     2        0.0175 UserPurge1: 1     2453   56.72%
      0     0        0.0076     2        0.0175 UserPurge1: 1     2454   56.72%
      0     0        0.0076     2        0.0175 UserPurge1: 1     2455   56.72%
      0     0        0.0076     2        0.0175 UserPurge1: 1     2456   56.72%
      0     0        0.0076     2        0.0175 UserPurge1: 1     2457   56.72%
      0     0        0.0076     2        0.0175 UserPurge1: 1     2458   56.72%
      0     0        0.0076     2        0.0175 UserPurge1: 1     2459   56.72%
      0     0        0.0076     2        0.0175 UserPurge1: 1     2460   56.72%
      0     0        0.0076     2        0.0175 UserPurge1: 1     2461   56.72%
      0     0        0.0076     2        0.0175 UserPurge1: 1     2462   56.72%
      0     0        0.0076     2        0.0175 UserPurge1: 1     2463   56.72%
      0     0        0.0076     2        0.0175 UserPurge1: 1     2464   56.72%
      0     0        0.0076     2        0.0175 UserPurge1: 1     2465   56.72%
      0     0        0.0076     2        0.0175 UserPurge1: 1     2466   56.72%
      0     0        0.0076     2        0.0175 UserPurge1: 1     2467   56.72%
      0     0        0.0076     2        0.0175 UserPurge1: 1     2468   56.72%
      0     0        0.0076     2        0.0175 UserPurge1: 1     2469   56.72%
      0     0        0.0076     2        0.0175 UserPurge1: 1     2470   56.72%
      0     0        0.0076     2        0.0175 UserPurge1: 1     2471   56.72%
      0     0        0.0076     2        0.0175 UserPurge1: 1     2472   56.72%
      0     0        0.0076     2        0.0175 UserPurge1: 1     2473   56.72%
      0     0        0.0076     2        0.0175 UserPurge1: 1     2474   56.72%
      0     0        0.0076     2        0.0175 UserPurge1: 1     2475   56.72%
      0     0        0.0076     2        0.0175 UserPurge1: 1     2476   56.72%
      0     0        0.0076     2        0.0175 UserPurge1: 1     2477   56.72%
      0     0        0.0076     2        0.0175 UserPurge1: 1     2478   56.72%
      0     0        0.0076     2        0.0175 UserPurge1: 1     2479   56.72%
      0     0        0.0076     2        0.0175 UserPurge1: 1     2480   56.72%
      0     0        0.0076     2        0.0175 UserPurge1: 1     2481   56.72%
      0     0        0.0076     2        0.0175 UserPurge1: 1     2482   56.72%
      0     0        0.0076     2        0.0175 UserPurge1: 1     2483   56.72%
      0     0        0.0076     2        0.0175 UserPurge1: 1     2484   56.72%
      0     0        0.0076     2        0.0175 UserPurge1: 1     2485   56.72%
      0     0        0.0076     2        0.0175 UserPurge1: 1     2486   56.72%
      0     0        0.0076     2        0.0175 UserPurge1: 1     2487   56.72%
      0     0        0.0076     2        0.0175 UserPurge1: 1     2488   56.72%
      0     0        0.0076     2        0.0175 UserPurge1: 1     2489   56.72%
      0     0        0.0076     2        0.0175 UserPurge1: 1     2490   56.72%
      0     0        0.0076     2        0.0175 UserPurge1: 1     2491   56.72%
      0     0        0.0076     2        0.0175 UserPurge1: 1     2492   56.72%
      0     0        0.0076     2        0.0175 UserPurge1: 1     2493   56.72%
      0     0        0.0076     2        0.0175 UserPurge1: 1     2494   56.72%
      0     0        0.0076     2        0.0175 UserPurge1: 1     2495   56.72%
      0     0        0.0076     2        0.0175 UserPurge1: 1     2496   56.72%
      0     0        0.0076     2        0.0175 UserPurge1: 1     2497   56.72%
      0     0        0.0076     2        0.0175 UserPurge1: 1     2498   56.72%
      0     0        0.0076     2        0.0175 UserPurge1: 1     2499   56.72%
      0     0        0.0076     2        0.0175 UserPurge1: 1     2500   56.72%
      0     0        0.0076     2        0.0175 UserPurge1: 1     2501   56.72%
      0     0        0.0076     2        0.0175 UserPurge1: 1     2502   56.72%
      0     0        0.0076     2        0.0175 UserPurge1: 1     2503   56.72%
      0     0        0.0076     2        0.0175 UserPurge1: 1     2504   56.72%
      0     0        0.0076     2        0.0175 UserPurge1: 1     2505   56.72%
      0     0        0.0076     2        0.0175 UserPurge1: 1     2506   56.72%
      0     0        0.0076     2        0.0175 UserPurge1: 1     2507   56.72%
      0     0        0.0076     2        0.0175 UserPurge1: 1     2508   56.72%
      0     0        0.0076     2        0.0175 UserPurge1: 1     2509   56.72%
      0     0        0.0076     2        0.0175 UserPurge1: 1     2510   56.72%
      0     0        0.0076     2        0.0175 UserPurge1: 1     2511   56.72%
      0     0        0.0076     2        0.0175 UserPurge1: 1     2512   56.72%
      0     0        0.0076     2        0.0175 UserPurge1: 1     2513   56.72%
      0     0        0.0076     2        0.0175 UserPurge1: 1     2514   56.72%
      0     0        0.0076     2        0.0175 UserPurge1: 1     2515   56.72%
      0     0        0.0076     2        0.0175 UserPurge1: 1     2516   56.72%
      0     0        0.0076     2        0.0175 UserPurge1: 1     2517   56.72%
      0     0        0.0076     2        0.0175 UserPurge1: 1     2518   56.72%
      0     0        0.0076     2        0.0175 UserPurge1: 1     2519   56.72%
      0     0        0.0076     2        0.0175 UserPurge1: 1     2520   56.72%
      0     0        0.0076     2        0.0175 UserPurge1: 1     2521   56.72%
      0     0        0.0076     2        0.0175 UserPurge1: 1     2522   56.72%
      0     0        0.0076     2        0.0175 UserPurge1: 1     2523   56.72%
      0     0        0.0076     2        0.0175 UserPurge1: 1     2524   56.72%
      0     0        0.0076     2        0.0175 UserPurge1: 1     2525   56.72%
      0     0        0.0076     2        0.0175 UserPurge1: 1     2526   56.72%
      0     0        0.0076     2        0.0175 UserPurge1: 1     2527   56.72%
      0     0        0.0076     2        0.0175 UserPurge1: 1     2528   56.72%
      0     0        0.0076     2        0.0175 UserPurge1: 1     2529   56.72%
      0     0        0.0076     2        0.0175 UserPurge1: 1     2530   56.72%
      0     0        0.0076     2        0.0175 UserPurge1: 1     2531   56.72%
      0     0        0.0076     2        0.0175 UserPurge1: 1     2532   56.72%
      0     0        0.0076     2        0.0175 UserPurge1: 1     2533   56.72%
      0     0        0.0076     2        0.0175 UserPurge1: 1     2534   56.72%
      0     0        0.0076     2        0.0175 UserPurge1: 1     2535   56.72%
      0     0        0.0076     2        0.0175 UserPurge1: 1     2536   56.72%
      0     0        0.0076     2        0.0175 UserPurge1: 1     2537   56.72%
      0     0        0.0076     2        0.0175 UserPurge1: 1     2538   56.72%
      0     0        0.0076     2        0.0175 UserPurge1: 1     2539   56.72%
      0     0        0.0076     2        0.0175 UserPurge1: 1     2540   56.72%
      0     0        0.0076     2        0.0175 UserPurge1: 1     2541   56.72%
      0     0        0.0076     2        0.0175 UserPurge1: 1     2542   56.72%
      0     0        0.0076     2        0.0175 UserPurge1: 1     2543   56.72%
      0     0        0.0076     2        0.0175 UserPurge1: 1     2544   56.72%
      0     0        0.0076     2        0.0175 UserPurge1: 1     2545   56.72%
      0     0        0.0076     2        0.0175 UserPurge1: 1     2546   56.72%
      0     0        0.0076     2        0.0175 UserPurge1: 1     2547   56.72%
      0     0        0.0076     2        0.0175 UserPurge1: 1     2548   56.72%
      0     0        0.0076     2        0.0175 UserPurge1: 1     2549   56.72%
      0     0        0.0076     2        0.0175 UserPurge1: 1     2550   56.72%
      0     0        0.0076     2        0.0175 UserPurge1: 1     2551   56.72%
      0     0        0.0076     2        0.0175 UserPurge1: 1     2552   56.72%
      0     0        0.0076     2        0.0175 UserPurge1: 1     2553   56.72%
      0     0        0.0076     2        0.0175 UserPurge1: 1     2554   56.72%
      0     0        0.0076     2        0.0175 UserPurge1: 1     2555   56.72%
      0     0        0.0076     2        0.0175 UserPurge1: 1     2556   56.72%
      0     0        0.0076     2        0.0175 UserPurge1: 1     2557   56.72%
      0     0        0.0076     2        0.0175 UserPurge1: 1     2558   56.72%
      0     0        0.0076     2        0.0175 UserPurge1: 1     2559   56.72%
      0     0        0.0076     2        0.0175 UserPurge1: 1     2560   56.72%
      0     0        0.0076     2        0.0175 UserPurge1: 1     2561   56.72%
      0     0        0.0076     2        0.0175 UserPurge1: 1     2562   56.72%
      0     0        0.0076     2        0.0175 UserPurge1: 1     2563   56.72%
      0     0        0.0076     2        0.0175 UserPurge1: 1     2564   56.72%
      0     0        0.0076     2        0.0175 UserPurge1: 1     2565   56.72%
      0     0        0.0076     2        0.0175 UserPurge1: 1     2566   56.72%
      0     0        0.0076     2        0.0175 UserPurge1: 1     2567   56.72%
      0     0        0.0076     2        0.0175 UserPurge1: 1     2568   56.72%
      0     0        0.0076     2        0.0175 UserPurge1: 1     2569   56.72%
      0     0        0.0076     2        0.0175 UserPurge1: 1     2570   56.72%
      0     0        0.0076     2        0.0175 UserPurge1: 1     2571   56.72%
      0     0        0.0076     2        0.0175 UserPurge1: 1     2572   56.72%
      0     0        0.0076     2        0.0175 UserPurge1: 1     2573   56.72%
      0     0        0.0076     2        0.0175 UserPurge1: 1     2574   56.72%
      0     0        0.0076     2        0.0175 UserPurge1: 1     2575   56.72%
      0     0        0.0076     2        0.0175 UserPurge1: 1     2576   56.72%
      0     0        0.0076     2        0.0175 UserPurge1: 1     2577   56.72%
      0     0        0.0076     2        0.0175 UserPurge1: 1     2578   56.72%
      0     0        0.0076     2        0.0175 UserPurge1: 1     2579   56.72%
      0     0        0.0076     2        0.0175 UserPurge1: 1     2580   56.72%
      0     0        0.0076     2        0.0175 UserPurge1: 1     2581   56.72%
      0     0        0.0076     2        0.0175 UserPurge1: 1     2582   56.72%
      0     0        0.0076     2        0.0175 UserPurge1: 1     2583   56.72%
      0     0        0.0076     2        0.0175 UserPurge1: 1     2584   56.72%
      0     0        0.0076     2        0.0175 UserPurge1: 1     2585   56.72%
      0     0        0.0076     2        0.0175 UserPurge1: 1     2586   56.72%
      0     0        0.0076     2        0.0175 UserPurge1: 1     2587   56.72%
      0     0        0.0076     2        0.0175 UserPurge1: 1     2588   56.72%
      0     0        0.0076     2        0.0175 UserPurge1: 1     2589   56.72%
      0     0        0.0076     2        0.0175 UserPurge1: 1     2590   56.72%
      0     0        0.0076     2        0.0175 UserPurge1: 1     2591   56.72%
      0     0        0.0076     2        0.0175 UserPurge1: 1     2592   56.72%
      0     0        0.0076     2        0.0175 UserPurge1: 1     2593   56.72%
      0     0        0.0076     2        0.0175 UserPurge1: 1     2594   56.72%
      0     0        0.0076     2        0.0175 UserPurge1: 1     2595   56.72%
      0     0        0.0076     2        0.0175 UserPurge1: 1     2596   56.72%
      0     0        0.0076     2        0.0175 UserPurge1: 1     2597   56.72%
      0     0        0.0076     2        0.0175 UserPurge1: 1     2598   56.72%
      0     0        0.0076     2        0.0175 UserPurge1: 1     2599   56.72%
      0     0        0.0076     2        0.0175 UserPurge1: 1     2600   56.72%
      0     0        0.0076     2        0.0175 UserPurge1: 1     2601   56.72%
      0     0        0.0076     2        0.0175 UserPurge1: 1     2602   56.72%
      0     0        0.0076     2        0.0175 UserPurge1: 1     2603   56.72%
      0     0        0.0076     2        0.0175 UserPurge1: 1     2604   56.72%
      0     0        0.0076     2        0.0175 UserPurge1: 1     2605   56.72%
      0     0        0.0076     2        0.0175 UserPurge1: 1     2606   56.72%
      0     0        0.0076     2        0.0175 UserPurge1: 1     2607   56.72%
      0     0        0.0076     2        0.0175 UserPurge1: 1     2608   56.72%
      0     0        0.0076     2        0.0175 UserPurge1: 1     2609   56.72%
      0     0        0.0076     2        0.0175 UserPurge1: 1     2610   56.72%
      0     0        0.0076     2        0.0175 UserPurge1: 1     2611   56.72%
      0     0        0.0076     2        0.0175 UserPurge1: 1     2612   56.72%
      0     0        0.0076     2        0.0175 UserPurge1: 1     2613   56.72%
      0     0        0.0076     2        0.0175 UserPurge1: 1     2614   56.72%
      0     0        0.0076     2        0.0175 UserPurge1: 1     2615   56.72%
      0     0        0.0076     2        0.0175 UserPurge1: 1     2616   56.72%
      0     0        0.0076     2        0.0175 UserPurge1: 1     2617   56.72%
      0     0        0.0076     2        0.0175 UserPurge1: 1     2618   56.72%
      0     0        0.0076     2        0.0175 UserPurge1: 1     2619   56.72%
      0     0        0.0076     2        0.0175 UserPurge1: 1     2620   56.72%
      0     0        0.0076     2        0.0175 UserPurge1: 1     2621   56.72%
      0     0        0.0076     2        0.0175 UserPurge1: 1     2622   56.72%
      0     0        0.0076     2        0.0175 UserPurge1: 1     2623   56.72%
      0     0        0.0076     2        0.0175 UserPurge1: 1     2624   56.72%
      0     0        0.0076     2        0.0175 UserPurge1: 1     2625   56.72%
      0     0        0.0076     2        0.0175 UserPurge1: 1     2626   56.72%
      0     0        0.0076     2        0.0175 UserPurge1: 1     2627   56.72%
      0     0        0.0076     2        0.0175 UserPurge1: 1     2628   56.72%
      0     0        0.0076     2        0.0175 UserPurge1: 1     2629   56.72%
      0     0        0.0076     2        0.0175 UserPurge1: 1     2630   56.72%
      0     0        0.0076     2        0.0175 UserPurge1: 1     2631   56.72%
      0     0        0.0076     2        0.0175 UserPurge1: 1     2632   56.72%
      0     0        0.0076     2        0.0175 UserPurge1: 1     2633   56.72%
      0     0        0.0076     2        0.0175 UserPurge1: 1     2634   56.72%
      0     0        0.0076     2        0.0175 UserPurge1: 1     2635   56.72%
      0     0        0.0076     2        0.0175 UserPurge1: 1     2636   56.72%
      0     0        0.0076     2        0.0175 UserPurge1: 1     2637   56.72%
      0     0        0.0076     2        0.0175 UserPurge1: 1     2638   56.72%
      0     0        0.0076     2        0.0175 UserPurge1: 1     2639   56.72%
      0     0        0.0076     2        0.0175 UserPurge1: 1     2640   56.72%
      0     0        0.0076     2        0.0175 UserPurge1: 1     2641   56.72%
      0     0        0.0076     2        0.0175 UserPurge1: 1     2642   56.72%
      0     0        0.0076     2        0.0175 UserPurge1: 1     2643   56.72%
      0     0        0.0076     2        0.0175 UserPurge1: 1     2644   56.72%
      0     0        0.0076     2        0.0175 UserPurge1: 1     2645   56.72%
      0     0        0.0076     2        0.0175 UserPurge1: 1     2646   56.72%
      0     0        0.0076     2        0.0175 UserPurge1: 1     2647   56.72%
      0     0        0.0076     2        0.0175 UserPurge1: 1     2648   56.72%
      0     0        0.0076     2        0.0175 UserPurge1: 1     2649   56.72%
      0     0        0.0076     2        0.0175 UserPurge1: 1     2650   56.72%
      0     0        0.0076     2        0.0175 UserPurge1: 1     2651   56.72%
      0     0        0.0076     2        0.0175 UserPurge1: 1     2652   56.72%
      0     0        0.0076     2        0.0175 UserPurge1: 1     2653   56.72%
      0     0        0.0076     2        0.0175 UserPurge1: 1     2654   56.72%
      0     0        0.0076     2        0.0175 UserPurge1: 1     2655   56.72%
      0     0        0.0076     2        0.0175 UserPurge1: 1     2656   56.72%
      0     0        0.0076     2        0.0175 UserPurge1: 1     2657   56.72%
      0     0        0.0076     2        0.0175 UserPurge1: 1     2658   56.72%
      0     0        0.0076     2        0.0175 UserPurge1: 1     2659   56.72%
      0     0        0.0076     2        0.0175 UserPurge1: 1     2660   56.72%
      0     0        0.0076     2        0.0175 UserPurge1: 1     2661   56.72%
      0     0        0.0076     2        0.0175 UserPurge1: 1     2662   56.72%
      0     0        0.0076     2        0.0175 UserPurge1: 1     2663   56.72%
      0     0        0.0076     2        0.0175 UserPurge1: 1     2664   56.72%
      0     0        0.0076     2        0.0175 UserPurge1: 1     2665   56.72%
      0     0        0.0076     2        0.0175 UserPurge1: 1     2666   56.72%
      0     0        0.0076     2        0.0175 UserPurge1: 1     2667   56.72%
      0     0        0.0076     2        0.0175 UserPurge1: 1     2668   56.72%
      0     0        0.0076     2        0.0175 UserPurge1: 1     2669   56.72%
      0     0        0.0076     2        0.0175 UserPurge1: 1     2670   56.72%
      0     0        0.0076     2        0.0175 UserPurge1: 1     2671   56.72%
      0     0        0.0076     2        0.0175 UserPurge1: 1     2672   56.72%
      0     0        0.0076     2        0.0175 UserPurge1: 1     2673   56.72%
      0     0        0.0076     2        0.0175 UserPurge1: 1     2674   56.72%
      0     0        0.0076     2        0.0175 UserPurge1: 1     2675   56.72%
      0     0        0.0076     2        0.0175 UserPurge1: 1     2676   56.72%
      0     0        0.0076     2        0.0175 UserPurge1: 1     2677   56.72%
      0     0        0.0076     2        0.0175 UserPurge1: 1     2678   56.72%
      0     0        0.0076     2        0.0175 UserPurge1: 1     2679   56.72%
      0     0        0.0076     2        0.0175 UserPurge1: 1     2680   56.72%
      0     0        0.0076     2        0.0175 UserPurge1: 1     2681   56.72%
      0     0        0.0076     2        0.0175 UserPurge1: 1     2682   56.72%
      0     0        0.0076     2        0.0175 UserPurge1: 1     2683   56.72%
      0     0        0.0076     2        0.0175 UserPurge1: 1     2684   56.72%
      0     0        0.0076     2        0.0175 UserPurge1: 1     2685   56.72%
      0     0        0.0076     2        0.0175 UserPurge1: 1     2686   56.72%
      0     0        0.0076     2        0.0175 UserPurge1: 1     2687   56.72%
      0     0        0.0076     2        0.0175 UserPurge1: 1     2688   56.72%
      0     0        0.0076     2        0.0175 UserPurge1: 1     2689   56.72%
      0     0        0.0076     2        0.0175 UserPurge1: 1     2690   56.72%
      0     0        0.0076     2        0.0175 UserPurge1: 1     2691   56.72%
      0     0        0.0076     2        0.0175 UserPurge1: 1     2692   56.72%
      0     0        0.0076     2        0.0175 UserPurge1: 1     2693   56.72%
      0     0        0.0076     2        0.0175 UserPurge1: 1     2694   56.72%
      0     0        0.0076     2        0.0175 UserPurge1: 1     2695   56.72%
      0     0        0.0076     2        0.0175 UserPurge1: 1     2696   56.72%
      0     0        0.0076     2        0.0175 UserPurge1: 1     2697   56.72%
      0     0        0.0076     2        0.0175 UserPurge1: 1     2698   56.72%
      0     0        0.0076     2        0.0175 UserPurge1: 1     2699   56.72%
      0     0        0.0076     2        0.0175 UserPurge1: 1     2700   56.72%
      0     0        0.0076     2        0.0175 UserPurge1: 1     2701   56.72%
      0     0        0.0076     2        0.0175 UserPurge1: 1     2702   56.72%
      0     0        0.0076     2        0.0175 UserPurge1: 1     2703   56.72%
      0     0        0.0076     2        0.0175 UserPurge1: 1     2704   56.72%
      0     0        0.0076     2        0.0175 UserPurge1: 1     2705   56.72%
      0     0        0.0076     2        0.0175 UserPurge1: 1     2706   56.72%
      0     0        0.0076     2        0.0175 UserPurge1: 1     2707   56.72%
      0     0        0.0076     2        0.0175 UserPurge1: 1     2708   56.72%
      0     0        0.0076     2        0.0175 UserPurge1: 1     2709   56.72%
      0     0        0.0076     2        0.0175 UserPurge1: 1     2710   56.72%
      0     0        0.0076     2        0.0175 UserPurge1: 1     2711   56.72%
      0     0        0.0076     2        0.0175 UserPurge1: 1     2712   56.72%
      0     0        0.0076     2        0.0175 UserPurge1: 1     2713   56.72%
      0     0        0.0076     2        0.0175 UserPurge1: 1     2714   56.72%
      0     0        0.0076     2        0.0175 UserPurge1: 1     2715   56.72%
      0     0        0.0076     2        0.0175 UserPurge1: 1     2716   56.72%
      0     0        0.0076     2        0.0175 UserPurge1: 1     2717   56.72%
      0     0        0.0076     2        0.0175 UserPurge1: 1     2718   56.72%
      0     0        0.0076     2        0.0175 UserPurge1: 1     2719   56.72%
      0     0        0.0076     2        0.0175 UserPurge1: 1     2720   56.72%
      0     0        0.0076     2        0.0175 UserPurge1: 1     2721   56.72%
      0     0        0.0076     2        0.0175 UserPurge1: 1     2722   56.72%
      0     0        0.0076     2        0.0175 UserPurge1: 1     2723   56.72%
      0     0        0.0076     2        0.0175 UserPurge1: 1     2724   56.72%
      0     0        0.0076     2        0.0175 UserPurge1: 1     2725   56.72%
      0     0        0.0076     2        0.0175 UserPurge1: 1     2726   56.72%
      0     0        0.0076     2        0.0175 UserPurge1: 1     2727   56.72%
      0     0        0.0076     2        0.0175 UserPurge1: 1     2728   56.72%
      0     0        0.0076     2        0.0175 UserPurge1: 1     2729   56.72%
      0     0        0.0076     2        0.0175 UserPurge1: 1     2730   56.72%
      0     0        0.0076     2        0.0175 UserPurge1: 1     2731   56.72%
      0     0        0.0076     2        0.0175 UserPurge1: 1     2732   56.72%
      0     0        0.0076     2        0.0175 UserPurge1: 1     2733   56.72%
      0     0        0.0076     2        0.0175 UserPurge1: 1     2734   56.72%
      0     0        0.0076     2        0.0175 UserPurge1: 1     2735   56.72%
      0     0        0.0076     2        0.0175 UserPurge1: 1     2736   56.72%
      0     0        0.0076     2        0.0175 UserPurge1: 1     2737   56.72%
      0     0        0.0076     2        0.0175 UserPurge1: 1     2738   56.72%
      0     0        0.0076     2        0.0175 UserPurge1: 1     2739   56.72%
      0     0        0.0076     2        0.0175 UserPurge1: 1     2740   56.72%
      0     0        0.0076     2        0.0175 UserPurge1: 1     2741   56.72%
      0     0        0.0076     2        0.0175 UserPurge1: 1     2742   56.72%
      0     0        0.0076     2        0.0175 UserPurge1: 1     2743   56.72%
      0     0        0.0076     2        0.0175 UserPurge1: 1     2744   56.72%
      0     0        0.0076     2        0.0175 UserPurge1: 1     2745   56.72%
      0     0        0.0076     2        0.0175 UserPurge1: 1     2746   56.72%
      0     0        0.0076     2        0.0175 UserPurge1: 1     2747   56.72%
      0     0        0.0076     2        0.0175 UserPurge1: 1     2748   56.72%
      0     0        0.0076     2        0.0175 UserPurge1: 1     2749   56.72%
      0     0        0.0076     2        0.0175 UserPurge1: 1     2750   56.72%
      0     0        0.0076     2        0.0175 UserPurge1: 1     2751   56.72%
      0     0        0.0076     2        0.0175 UserPurge1: 1     2752   56.72%
      0     0        0.0076     2        0.0175 UserPurge1: 1     2753   56.72%
      0     0        0.0076     2        0.0175 UserPurge1: 1     2754   56.72%
      0     0        0.0076     2        0.0175 UserPurge1: 1     2755   56.72%
      0     0        0.0076     2        0.0175 UserPurge1: 1     2756   56.72%
      0     0        0.0076     2        0.0175 UserPurge1: 1     2757   56.72%
      0     0        0.0076     2        0.0175 UserPurge1: 1     2758   56.72%
      0     0        0.0076     2        0.0175 UserPurge1: 1     2759   56.72%
      0     0        0.0076     2        0.0175 UserPurge1: 1     2760   56.72%
      0     0        0.0076     2        0.0175 UserPurge1: 1     2761   56.72%
      0     0        0.0076     2        0.0175 UserPurge1: 1     2762   56.72%
      0     0        0.0076     2        0.0175 UserPurge1: 1     2763   56.72%
      0     0        0.0076     2        0.0175 UserPurge1: 1     2764   56.72%
      0     0        0.0076     2        0.0175 UserPurge1: 1     2765   56.72%
      0     0        0.0076     2        0.0175 UserPurge1: 1     2766   56.72%
      0     0        0.0076     2        0.0175 UserPurge1: 1     2767   56.72%
      0     0        0.0076     2        0.0175 UserPurge1: 1     2768   56.72%
      0     0        0.0076     2        0.0175 UserPurge1: 1     2769   56.72%
      0     0        0.0076     2        0.0175 UserPurge1: 1     2770   56.72%
      0     0        0.0076     2        0.0175 UserPurge1: 1     2771   56.72%
      0     0        0.0076     2        0.0175 UserPurge1: 1     2772   56.72%
      0     0        0.0076     2        0.0175 UserPurge1: 1     2773   56.72%
      0     0        0.0076     2        0.0175 UserPurge1: 1     2774   56.72%
      0     0        0.0076     2        0.0175 UserPurge1: 1     2775   56.72%
      0     0        0.0076     2        0.0175 UserPurge1: 1     2776   56.72%
      0     0        0.0076     2        0.0175 UserPurge1: 1     2777   56.72%
      0     0        0.0076     2        0.0175 UserPurge1: 1     2778   56.72%
      0     0        0.0076     2        0.0175 UserPurge1: 1     2779   56.72%
      0     0        0.0076     2        0.0175 UserPurge1: 1     2780   56.72%
      0     0        0.0076     2        0.0175 UserPurge1: 1     2781   56.72%
      0     0        0.0076     2        0.0175 UserPurge1: 1     2782   56.72%
      0     0        0.0076     2        0.0175 UserPurge1: 1     2783   56.72%
      0     0        0.0076     2        0.0175 UserPurge1: 1     2784   56.72%
      0     0        0.0076     2        0.0175 UserPurge1: 1     2785   56.72%
      0     0        0.0076     2        0.0175 UserPurge1: 1     2786   56.72%
      0     0        0.0076     2        0.0175 UserPurge1: 1     2787   56.72%
      0     0        0.0076     2        0.0175 UserPurge1: 1     2788   56.72%
      0     0        0.0076     2        0.0175 UserPurge1: 1     2789   56.72%
      0     0        0.0076     2        0.0175 UserPurge1: 1     2790   56.72%
      0     0        0.0076     2        0.0175 UserPurge1: 1     2791   56.72%
      0     0        0.0076     2        0.0175 UserPurge1: 1     2792   56.72%
      0     0        0.0076     2        0.0175 UserPurge1: 1     2793   56.72%
      0     0        0.0076     2        0.0175 UserPurge1: 1     2794   56.72%
      0     0        0.0076     2        0.0175 UserPurge1: 1     2795   56.72%
      0     0        0.0076     2        0.0175 UserPurge1: 1     2796   56.72%
      0     0        0.0076     2        0.0175 UserPurge1: 1     2797   56.72%
      0     0        0.0076     2        0.0175 UserPurge1: 1     2798   56.72%
      0     0        0.0076     2        0.0175 UserPurge1: 1     2799   56.72%
      0     0        0.0076     2        0.0175 UserPurge1: 1     2800   56.72%
      0     0        0.0076     2        0.0175 UserPurge1: 1     2801   56.72%
      0     0        0.0076     2        0.0175 UserPurge1: 1     2802   56.72%
      0     0        0.0076     2        0.0175 UserPurge1: 1     2803   56.72%
      0     0        0.0076     2        0.0175 UserPurge1: 1     2804   56.72%
      0     0        0.0076     2        0.0175 UserPurge1: 1     2805   56.72%
      0     0        0.0076     2        0.0175 UserPurge1: 1     2806   56.72%
      0     0        0.0076     2        0.0175 UserPurge1: 1     2807   56.72%
      0     0        0.0076     2        0.0175 UserPurge1: 1     2808   56.72%
      0     0        0.0076     2        0.0175 UserPurge1: 1     2809   56.72%
      0     0        0.0076     2        0.0175 UserPurge1: 1     2810   56.72%
      0     0        0.0076     2        0.0175 UserPurge1: 1     2811   56.72%
      0     0        0.0076     2        0.0175 UserPurge1: 1     2812   56.72%
      0     0        0.0076     2        0.0175 UserPurge1: 1     2813   56.72%
      0     0        0.0076     2        0.0175 UserPurge1: 1     2814   56.72%
      0     0        0.0076     2        0.0175 UserPurge1: 1     2815   56.72%
      0     0        0.0076     2        0.0175 UserPurge1: 1     2816   56.72%
      0     0        0.0076     2        0.0175 UserPurge1: 1     2817   56.72%
      0     0        0.0076     2        0.0175 UserPurge1: 1     2818   56.72%
      0     0        0.0076     2        0.0175 UserPurge1: 1     2819   56.72%
      0     0        0.0076     2        0.0175 UserPurge1: 1     2820   56.72%
      0     0        0.0076     2        0.0175 UserPurge1: 1     2821   56.72%
      0     0        0.0076     2        0.0175 UserPurge1: 1     2822   56.72%
      0     0        0.0076     2        0.0175 UserPurge1: 1     2823   56.72%
      0     0        0.0076     2        0.0175 UserPurge1: 1     2824   56.72%
      0     0        0.0076     2        0.0175 UserPurge1: 1     2825   56.72%
      0     0        0.0076     2        0.0175 UserPurge1: 1     2826   56.72%
      0     0        0.0076     2        0.0175 UserPurge1: 1     2827   56.72%
      0     0        0.0076     2        0.0175 UserPurge1: 1     2828   56.72%
      0     0        0.0076     2        0.0175 UserPurge1: 1     2829   56.72%
      0     0        0.0076     2        0.0175 UserPurge1: 1     2830   56.72%
      0     0        0.0076     2        0.0175 UserPurge1: 1     2831   56.72%
      0     0        0.0076     2        0.0175 UserPurge1: 1     2832   56.72%
      0     0        0.0076     2        0.0175 UserPurge1: 1     2833   56.72%
      0     0        0.0076     2        0.0175 UserPurge1: 1     2834   56.72%
      0     0        0.0076     2        0.0175 UserPurge1: 1     2835   56.72%
      0     0        0.0076     2        0.0175 UserPurge1: 1     2836   56.72%
      0     0        0.0076     2        0.0175 UserPurge1: 1     2837   56.72%
      0     0        0.0076     2        0.0175 UserPurge1: 1     2838   56.72%
      0     0        0.0076     2        0.0175 UserPurge1: 1     2839   56.72%
      0     0        0.0076     2        0.0175 UserPurge1: 1     2840   56.72%
      0     0        0.0076     2        0.0175 UserPurge1: 1     2841   56.72%
      0     0        0.0076     2        0.0175 UserPurge1: 1     2842   56.72%
      0     0        0.0076     2        0.0175 UserPurge1: 1     2843   56.72%
      0     0        0.0076     2        0.0175 UserPurge1: 1     2844   56.72%
      0     0        0.0076     2        0.0175 UserPurge1: 1     2845   56.72%
      0     0        0.0076     2        0.0175 UserPurge1: 1     2846   56.72%
      0     0        0.0076     2        0.0175 UserPurge1: 1     2847   56.72%
      0     0        0.0076     2        0.0175 UserPurge1: 1     2848   56.72%
      0     0        0.0076     2        0.0175 UserPurge1: 1     2849   56.72%
      0     0        0.0076     2        0.0175 UserPurge1: 1     2850   56.72%
      0     0        0.0076     2        0.0175 UserPurge1: 1     2851   56.72%
      0     0        0.0076     2        0.0175 UserPurge1: 1     2852   56.72%
      0     0        0.0076     2        0.0175 UserPurge1: 1     2853   56.72%
      0     0        0.0076     2        0.0175 UserPurge1: 1     2854   56.72%
      0     0        0.0076     2        0.0175 UserPurge1: 1     2855   56.72%
      0     0        0.0076     2        0.0175 UserPurge1: 1     2856   56.72%
      0     0        0.0076     2        0.0175 UserPurge1: 1     2857   56.72%
      0     0        0.0076     2        0.0175 UserPurge1: 1     2858   56.72%
      0     0        0.0076     2        0.0175 UserPurge1: 1     2859   56.72%
      0     0        0.0076     2        0.0175 UserPurge1: 1     2860   56.72%
      0     0        0.0076     2        0.0175 UserPurge1: 1     2861   56.72%
      0     0        0.0076     2        0.0175 UserPurge1: 1     2862   56.72%
      0     0        0.0076     2        0.0175 UserPurge1: 1     2863   56.72%
      0     0        0.0076     2        0.0175 UserPurge1: 1     2864   56.72%
      0     0        0.0076     2        0.0175 UserPurge1: 1     2865   56.72%
      0     0        0.0076     2        0.0175 UserPurge1: 1     2866   56.72%
      0     0        0.0076     2        0.0175 UserPurge1: 1     2867   56.72%
      0     0        0.0076     2        0.0175 UserPurge1: 1     2868   56.72%
      0     0        0.0076     2        0.0175 UserPurge1: 1     2869   56.72%
      0     0        0.0076     2        0.0175 UserPurge1: 1     2870   56.72%
      0     0        0.0076     2        0.0175 UserPurge1: 1     2871   56.72%
      0     0        0.0076     2        0.0175 UserPurge1: 1     2872   56.72%
      0     0        0.0076     2        0.0175 UserPurge1: 1     2873   56.72%
      0     0        0.0076     2        0.0175 UserPurge1: 1     2874   56.72%
      0     0        0.0076     2        0.0175 UserPurge1: 1     2875   56.72%
      0     0        0.0076     2        0.0175 UserPurge1: 1     2876   56.72%
      0     0        0.0076     2        0.0175 UserPurge1: 1     2877   56.72%
      0     0        0.0076     2        0.0175 UserPurge1: 1     2878   56.72%
      0     0        0.0076     2        0.0175 UserPurge1: 1     2879   56.72%
      0     0        0.0076     2        0.0175 UserPurge1: 1     2880   56.72%
      0     0        0.0076     2        0.0175 UserPurge1: 1     2881   56.72%
      0     0        0.0076     2        0.0175 UserPurge1: 1     2882   56.72%
      0     0        0.0076     2        0.0175 UserPurge1: 1     2883   56.72%
      0     0        0.0076     2        0.0175 UserPurge1: 1     2884   56.72%
      0     0        0.0076     2        0.0175 UserPurge1: 1     2885   56.72%
      0     0        0.0076     2        0.0175 UserPurge1: 1     2886   56.72%
      0     0        0.0076     2        0.0175 UserPurge1: 1     2887   56.72%
      0     0        0.0076     2        0.0175 UserPurge1: 1     2888   56.72%
      0     0        0.0076     2        0.0175 UserPurge1: 1     2889   56.72%
      0     0        0.0076     2        0.0175 UserPurge1: 1     2890   56.72%
      0     0        0.0076     2        0.0175 UserPurge1: 1     2891   56.72%
      0     0        0.0076     2        0.0175 UserPurge1: 1     2892   56.72%
      0     0        0.0076     2        0.0175 UserPurge1: 1     2893   56.72%
      0     0        0.0076     2        0.0175 UserPurge1: 1     2894   56.72%
      0     0        0.0076     2        0.0175 UserPurge1: 1     2895   56.72%
      0     0        0.0076     2        0.0175 UserPurge1: 1     2896   56.72%
      0     0        0.0076     2        0.0175 UserPurge1: 1     2897   56.72%
      0     0        0.0076     2        0.0175 UserPurge1: 1     2898   56.72%
      0     0        0.0076     2        0.0175 UserPurge1: 1     2899   56.72%
      0     0        0.0076     2        0.0175 UserPurge1: 1     2900   56.72%
      0     0        0.0076     2        0.0175 UserPurge1: 1     2901   56.72%
      0     0        0.0076     2        0.0175 UserPurge1: 1     2902   56.72%
      0     0        0.0076     2        0.0175 UserPurge1: 1     2903   56.72%
      0     0        0.0076     2        0.0175 UserPurge1: 1     2904   56.72%
      0     0        0.0076     2        0.0175 UserPurge1: 1     2905   56.72%
      0     0        0.0076     2        0.0175 UserPurge1: 1     2906   56.72%
      0     0        0.0076     2        0.0175 UserPurge1: 1     2907   56.72%
      0     0        0.0076     2        0.0175 UserPurge1: 1     2908   56.72%
      0     0        0.0076     2        0.0175 UserPurge1: 1     2909   56.72%
      0     0        0.0076     2        0.0175 UserPurge1: 1     2910   56.72%
      0     0        0.0076     2        0.0175 UserPurge1: 1     2911   56.72%
      0     0        0.0076     2        0.0175 UserPurge1: 1     2912   56.72%
      0     0        0.0076     2        0.0175 UserPurge1: 1     2913   56.72%
      0     0        0.0076     2        0.0175 UserPurge1: 1     2914   56.72%
      0     0        0.0076     2        0.0175 UserPurge1: 1     2915   56.72%
      0     0        0.0076     2        0.0175 UserPurge1: 1     2916   56.72%
      0     0        0.0076     2        0.0175 UserPurge1: 1     2917   56.72%
      0     0        0.0076     2        0.0175 UserPurge1: 1     2918   56.72%
      0     0        0.0076     2        0.0175 UserPurge1: 1     2919   56.72%
      0     0        0.0076     2        0.0175 UserPurge1: 1     2920   56.72%
      0     0        0.0076     2        0.0175 UserPurge1: 1     2921   56.72%
      0     0        0.0076     2        0.0175 UserPurge1: 1     2922   56.72%
      0     0        0.0076     2        0.0175 UserPurge1: 1     2923   56.72%
      0     0        0.0076     2        0.0175 UserPurge1: 1     2924   56.72%
      0     0        0.0076     2        0.0175 UserPurge1: 1     2925   56.72%
      0     0        0.0076     2        0.0175 UserPurge1: 1     2926   56.72%
      0     0        0.0076     2        0.0175 UserPurge1: 1     2927   56.72%
      0     0        0.0076     2        0.0175 UserPurge1: 1     2928   56.72%
      0     0        0.0076     2        0.0175 UserPurge1: 1     2929   56.72%
      0     0        0.0076     2        0.0175 UserPurge1: 1     2930   56.72%
      0     0        0.0076     2        0.0175 UserPurge1: 1     2931   56.72%
      0     0        0.0076     2        0.0175 UserPurge1: 1     2932   56.72%
      0     0        0.0076     2        0.0175 UserPurge1: 1     2933   56.72%
      0     0        0.0076     2        0.0175 UserPurge1: 1     2934   56.72%
      0     0        0.0076     2        0.0175 UserPurge1: 1     2935   56.72%
      0     0        0.0076     2        0.0175 UserPurge1: 1     2936   56.72%
      0     0        0.0076     2        0.0175 UserPurge1: 1     2937   56.72%
      0     0        0.0076     2        0.0175 UserPurge1: 1     2938   56.72%
      0     0        0.0076     2        0.0175 UserPurge1: 1     2939   56.72%
      0     0        0.0076     2        0.0175 UserPurge1: 1     2940   56.72%
      0     0        0.0076     2        0.0175 UserPurge1: 1     2941   56.72%
      0     0        0.0076     2        0.0175 UserPurge1: 1     2942   56.72%
      0     0        0.0076     2        0.0175 UserPurge1: 1     2943   56.72%
      0     0        0.0076     2        0.0175 UserPurge1: 1     2944   56.72%
      0     0        0.0076     2        0.0175 UserPurge1: 1     2945   56.72%
      0     0        0.0076     2        0.0175 UserPurge1: 1     2946   56.72%
      0     0        0.0076     2        0.0175 UserPurge1: 1     2947   56.72%
      0     0        0.0076     2        0.0175 UserPurge1: 1     2948   56.72%
      0     0        0.0076     2        0.0175 UserPurge1: 1     2949   56.72%
      0     0        0.0076     2        0.0175 UserPurge1: 1     2950   56.72%
      0     0        0.0076     2        0.0175 UserPurge1: 1     2951   56.72%
      0     0        0.0076     2        0.0175 UserPurge1: 1     2952   56.72%
      0     0        0.0076     2        0.0175 UserPurge1: 1     2953   56.72%
      0     0        0.0076     2        0.0175 UserPurge1: 1     2954   56.72%
      0     0        0.0076     2        0.0175 UserPurge1: 1     2955   56.72%
      0     0        0.0076     2        0.0175 UserPurge1: 1     2956   56.72%
      0     0        0.0076     2        0.0175 UserPurge1: 1     2957   56.72%
      0     0        0.0076     2        0.0175 UserPurge1: 1     2958   56.72%
      0     0        0.0076     2        0.0175 UserPurge1: 1     2959   56.72%
      0     0        0.0076     2        0.0175 UserPurge1: 1     2960   56.72%
      0     0        0.0076     2        0.0175 UserPurge1: 1     2961   56.72%
      0     0        0.0076     2        0.0175 UserPurge1: 1     2962   56.72%
      0     0        0.0076     2        0.0175 UserPurge1: 1     2963   56.72%
      0     0        0.0076     2        0.0175 UserPurge1: 1     2964   56.72%
      0     0        0.0076     2        0.0175 UserPurge1: 1     2965   56.72%
      0     0        0.0076     2        0.0175 UserPurge1: 1     2966   56.72%
      0     0        0.0076     2        0.0175 UserPurge1: 1     2967   56.72%
      0     0        0.0076     2        0.0175 UserPurge1: 1     2968   56.72%
      0     0        0.0076     2        0.0175 UserPurge1: 1     2969   56.72%
      0     0        0.0076     2        0.0175 UserPurge1: 1     2970   56.72%
      0     0        0.0076     2        0.0175 UserPurge1: 1     2971   56.72%
      0     0        0.0076     2        0.0175 UserPurge1: 1     2972   56.72%
      0     0        0.0076     2        0.0175 UserPurge1: 1     2973   56.72%
      0     0        0.0076     2        0.0175 UserPurge1: 1     2974   56.72%
      0     0        0.0076     2        0.0175 UserPurge1: 1     2975   56.72%
      0     0        0.0076     2        0.0175 UserPurge1: 1     2976   56.72%
      0     0        0.0076     2        0.0175 UserPurge1: 1     2977   56.72%
      0     0        0.0076     2        0.0175 UserPurge1: 1     2978   56.72%
      0     0        0.0076     2        0.0175 UserPurge1: 1     2979   56.72%
      0     0        0.0076     2        0.0175 UserPurge1: 1     2980   56.72%
      0     0        0.0076     2        0.0175 UserPurge1: 1     2981   56.72%
      0     0        0.0076     2        0.0175 UserPurge1: 1     2982   56.72%
      0     0        0.0076     2        0.0175 UserPurge1: 1     2983   56.72%
      0     0        0.0076     2        0.0175 UserPurge1: 1     2984   56.72%
      0     0        0.0076     2        0.0175 UserPurge1: 1     2985   56.72%
      0     0        0.0076     2        0.0175 UserPurge1: 1     2986   56.72%
      0     0        0.0076     2        0.0175 UserPurge1: 1     2987   56.72%
      0     0        0.0076     2        0.0175 UserPurge1: 1     2988   56.72%
      0     0        0.0076     2        0.0175 UserPurge1: 1     2989   56.72%
      0     0        0.0076     2        0.0175 UserPurge1: 1     2990   56.72%
      0     0        0.0076     2        0.0175 UserPurge1: 1     2991   56.72%
      0     0        0.0076     2        0.0175 UserPurge1: 1     2992   56.72%
      0     0        0.0076     2        0.0175 UserPurge1: 1     2993   56.72%
      0     0        0.0076     2        0.0175 UserPurge1: 1     2994   56.72%
      0     0        0.0076     2        0.0175 UserPurge1: 1     2995   56.72%
      0     0        0.0076     2        0.0175 UserPurge1: 1     2996   56.72%
      0     0        0.0076     2        0.0175 UserPurge1: 1     2997   56.72%
      0     0        0.0076     2        0.0175 UserPurge1: 1     2998   56.72%
      0     0        0.0076     2        0.0175 UserPurge1: 1     2999   56.72%
      0     0        0.0076     2        0.0175 UserPurge1: 1     3000   56.72%
      0     0        0.0076     2        0.0175 UserPurge1: 1     3001   56.72%
      0     0        0.0076     2        0.0175 UserPurge1: 1     3002   56.72%
      0     0        0.0076     2        0.0175 UserPurge1: 1     3003   56.72%
      0     0        0.0076     2        0.0175 UserPurge1: 1     3004   56.72%
      0     0        0.0076     2        0.0175 UserPurge1: 1     3005   56.72%
      0     0        0.0076     2        0.0175 UserPurge1: 1     3006   56.72%
      0     0        0.0076     2        0.0175 UserPurge1: 1     3007   56.72%
      0     0        0.0076     2        0.0175 UserPurge1: 1     3008   56.72%
      0     0        0.0076     2        0.0175 UserPurge1: 1     3009   56.72%
      0     0        0.0076     2        0.0175 UserPurge1: 1     3010   56.72%
      0     0        0.0076     2        0.0175 UserPurge1: 1     3011   56.72%
      0     0        0.0076     2        0.0175 UserPurge1: 1     3012   56.72%
      0     0        0.0076     2        0.0175 UserPurge1: 1     3013   56.72%
      0     0        0.0076     2        0.0175 UserPurge1: 1     3014   56.72%
      0     0        0.0076     2        0.0175 UserPurge1: 1     3015   56.72%
      0     0        0.0076     2        0.0175 UserPurge1: 1     3016   56.72%
      0     0        0.0076     2        0.0175 UserPurge1: 1     3017   56.72%
      0     0        0.0076     2        0.0175 UserPurge1: 1     3018   56.72%
      0     0        0.0076     2        0.0175 UserPurge1: 1     3019   56.72%
      0     0        0.0076     2        0.0175 UserPurge1: 1     3020   56.72%
      0     0        0.0076     2        0.0175 UserPurge1: 1     3021   56.72%
      0     0        0.0076     2        0.0175 UserPurge1: 1     3022   56.72%
      0     0        0.0076     2        0.0175 UserPurge1: 1     3023   56.72%
      0     0        0.0076     2        0.0175 UserPurge1: 1     3024   56.72%
      0     0        0.0076     2        0.0175 UserPurge1: 1     3025   56.72%
      0     0        0.0076     2        0.0175 UserPurge1: 1     3026   56.72%
      0     0        0.0076     2        0.0175 UserPurge1: 1     3027   56.72%
      0     0        0.0076     2        0.0175 UserPurge1: 1     3028   56.72%
      0     0        0.0076     2        0.0175 UserPurge1: 1     3029   56.72%
      0     0        0.0076     2        0.0175 UserPurge1: 1     3030   56.72%
      0     0        0.0076     2        0.0175 UserPurge1: 1     3031   56.72%
      0     0        0.0076     2        0.0175 UserPurge1: 1     3032   56.72%
      0     0        0.0076     2        0.0175 UserPurge1: 1     3033   56.72%
      0     0        0.0076     2        0.0175 UserPurge1: 1     3034   56.72%
      0     0        0.0076     2        0.0175 UserPurge1: 1     3035   56.72%
      0     0        0.0076     2        0.0175 UserPurge1: 1     3036   56.72%
      0     0        0.0076     2        0.0175 UserPurge1: 1     3037   56.72%
      0     0        0.0076     2        0.0175 UserPurge1: 1     3038   56.72%
      0     0        0.0076     2        0.0175 UserPurge1: 1     3039   56.72%
      0     0        0.0076     2        0.0175 UserPurge1: 1     3040   56.72%
      0     0        0.0076     2        0.0175 UserPurge1: 1     3041   56.72%
      0     0        0.0076     2        0.0175 UserPurge1: 1     3042   56.72%
      0     0        0.0076     2        0.0175 UserPurge1: 1     3043   56.72%
      0     0        0.0076     2        0.0175 UserPurge1: 1     3044   56.72%
      0     0        0.0076     2        0.0175 UserPurge1: 1     3045   56.72%
      0     0        0.0076     2        0.0175 UserPurge1: 1     3046   56.72%
      0     0        0.0076     2        0.0175 UserPurge1: 1     3047   56.72%
      0     0        0.0076     2        0.0175 UserPurge1: 1     3048   56.72%
      0     0        0.0076     2        0.0175 UserPurge1: 1     3049   56.72%
      0     0        0.0076     2        0.0175 UserPurge1: 1     3050   56.72%
      0     0        0.0076     2        0.0175 UserPurge1: 1     3051   56.72%
      0     0        0.0076     2        0.0175 UserPurge1: 1     3052   56.72%
      0     0        0.0076     2        0.0175 UserPurge1: 1     3053   56.72%
      0     0        0.0076     2        0.0175 UserPurge1: 1     3054   56.72%
      0     0        0.0076     2        0.0175 UserPurge1: 1     3055   56.72%
      0     0        0.0076     2        0.0175 UserPurge1: 1     3056   56.72%
      0     0        0.0076     2        0.0175 UserPurge1: 1     3057   56.72%
      0     0        0.0076     2        0.0175 UserPurge1: 1     3058   56.72%
      0     0        0.0076     2        0.0175 UserPurge1: 1     3059   56.72%
      0     0        0.0076     2        0.0175 UserPurge1: 1     3060   56.72%
      0     0        0.0076     2        0.0175 UserPurge1: 1     3061   56.72%
      0     0        0.0076     2        0.0175 UserPurge1: 1     3062   56.72%
      0     0        0.0076     2        0.0175 UserPurge1: 1     3063   56.72%
      0     0        0.0076     2        0.0175 UserPurge1: 1     3064   56.72%
      0     0        0.0076     2        0.0175 UserPurge1: 1     3065   56.72%
      0     0        0.0076     2        0.0175 UserPurge1: 1     3066   56.72%
      0     0        0.0076     2        0.0175 UserPurge1: 1     3067   56.72%
      0     0        0.0076     2        0.0175 UserPurge1: 1     3068   56.72%
      0     0        0.0076     2        0.0175 UserPurge1: 1     3069   56.72%
      0     0        0.0076     2        0.0175 UserPurge1: 1     3070   56.72%
      0     0        0.0076     2        0.0175 UserPurge1: 1     3071   56.72%
      0     0        0.0076     2        0.0175 UserPurge1: 1     3072   56.72%
      0     0        0.0076     2        0.0175 UserPurge1: 1     3073   56.72%
      0     0        0.0076     2        0.0175 UserPurge1: 1     3074   56.72%
      0     0        0.0076     2        0.0175 UserPurge1: 1     3075   56.72%
      0     0        0.0076     2        0.0175 UserPurge1: 1     3076   56.72%
      0     0        0.0076     2        0.0175 UserPurge1: 1     3077   56.72%
      0     0        0.0076     2        0.0175 UserPurge1: 1     3078   56.72%
      0     0        0.0076     2        0.0175 UserPurge1: 1     3079   56.72%
      0     0        0.0076     2        0.0175 UserPurge1: 1     3080   56.72%
      0     0        0.0076     2        0.0175 UserPurge1: 1     3081   56.72%
      0     0        0.0076     2        0.0175 UserPurge1: 1     3082   56.72%
      0     0        0.0076     2        0.0175 UserPurge1: 1     3083   56.72%
      0     0        0.0076     2        0.0175 UserPurge1: 1     3084   56.72%
      0     0        0.0076     2        0.0175 UserPurge1: 1     3085   56.72%
      0     0        0.0076     2        0.0175 UserPurge1: 1     3086   56.72%
      0     0        0.0076     2        0.0175 UserPurge1: 1     3087   56.72%
      0     0        0.0076     2        0.0175 UserPurge1: 1     3088   56.72%
      0     0        0.0076     2        0.0175 UserPurge1: 1     3089   56.72%
      0     0        0.0076     2        0.0175 UserPurge1: 1     3090   56.72%
      0     0        0.0076     2        0.0175 UserPurge1: 1     3091   56.72%
      0     0        0.0076     2        0.0175 UserPurge1: 1     3092   56.72%
      0     0        0.0076     2        0.0175 UserPurge1: 1     3093   56.72%
      0     0        0.0076     2        0.0175 UserPurge1: 1     3094   56.72%
      0     0        0.0076     2        0.0175 UserPurge1: 1     3095   56.72%
      0     0        0.0076     2        0.0175 UserPurge1: 1     3096   56.72%
      0     0        0.0076     2        0.0175 UserPurge1: 1     3097   56.72%
      0     0        0.0076     2        0.0175 UserPurge1: 1     3098   56.72%
      0     0        0.0076     2        0.0175 UserPurge1: 1     3099   56.72%
      0     0        0.0076     2        0.0175 UserPurge1: 1     3100   56.72%
      0     0        0.0076     2        0.0175 UserPurge1: 1     3101   56.72%
      0     0        0.0076     2        0.0175 UserPurge1: 1     3102   56.72%
      0     0        0.0076     2        0.0175 UserPurge1: 1     3103   56.72%
      0     0        0.0076     2        0.0175 UserPurge1: 1     3104   56.72%
      0     0        0.0076     2        0.0175 UserPurge1: 1     3105   56.72%
      0     0        0.0076     2        0.0175 UserPurge1: 1     3106   56.72%
      0     0        0.0076     2        0.0175 UserPurge1: 1     3107   56.72%
      0     0        0.0076     2        0.0175 UserPurge1: 1     3108   56.72%
      0     0        0.0076     2        0.0175 UserPurge1: 1     3109   56.72%
      0     0        0.0076     2        0.0175 UserPurge1: 1     3110   56.72%
      0     0        0.0076     2        0.0175 UserPurge1: 1     3111   56.72%
      0     0        0.0076     2        0.0175 UserPurge1: 1     3112   56.72%
      0     0        0.0076     2        0.0175 UserPurge1: 1     3113   56.72%
      0     0        0.0076     2        0.0175 UserPurge1: 1     3114   56.72%
      0     0        0.0076     2        0.0175 UserPurge1: 1     3115   56.72%
      0     0        0.0076     2        0.0175 UserPurge1: 1     3116   56.72%
      0     0        0.0076     2        0.0175 UserPurge1: 1     3117   56.72%
      0     0        0.0076     2        0.0175 UserPurge1: 1     3118   56.72%
      0     0        0.0076     2        0.0175 UserPurge1: 1     3119   56.72%
      0     0        0.0076     2        0.0175 UserPurge1: 1     3120   56.72%
      0     0        0.0076     2        0.0175 UserPurge1: 1     3121   56.72%
      0     0        0.0076     2        0.0175 UserPurge1: 1     3122   56.72%
      0     0        0.0076     2        0.0175 UserPurge1: 1     3123   56.72%
      0     0        0.0076     2        0.0175 UserPurge1: 1     3124   56.72%
      0     0        0.0076     2        0.0175 UserPurge1: 1     3125   56.72%
      0     0        0.0076     2        0.0175 UserPurge1: 1     3126   56.72%
      0     0        0.0076     2        0.0175 UserPurge1: 1     3127   56.72%
      0     0        0.0076     2        0.0175 UserPurge1: 1     3128   56.72%
      0     0        0.0076     2        0.0175 UserPurge1: 1     3129   56.72%
      0     0        0.0076     2        0.0175 UserPurge1: 1     3130   56.72%
      0     0        0.0076     2        0.0175 UserPurge1: 1     3131   56.72%
      0     0        0.0076     2        0.0175 UserPurge1: 1     3132   56.72%
      0     0        0.0076     2        0.0175 UserPurge1: 1     3133   56.72%
      0     0        0.0076     2        0.0175 UserPurge1: 1     3134   56.72%
      0     0        0.0076     2        0.0175 UserPurge1: 1     3135   56.72%
      0     0        0.0076     2        0.0175 UserPurge1: 1     3136   56.72%
      0     0        0.0076     2        0.0175 UserPurge1: 1     3137   56.72%
      0     0        0.0076     2        0.0175 UserPurge1: 1     3138   56.72%
      0     0        0.0076     2        0.0175 UserPurge1: 1     3139   56.72%
      0     0        0.0076     2        0.0175 UserPurge1: 1     3140   56.72%
      0     0        0.0076     2        0.0175 UserPurge1: 1     3141   56.72%
      0     0        0.0076     2        0.0175 UserPurge1: 1     3142   56.72%
      0     0        0.0076     2        0.0175 UserPurge1: 1     3143   56.72%
      0     0        0.0076     2        0.0175 UserPurge1: 1     3144   56.72%
      0     0        0.0076     2        0.0175 UserPurge1: 1     3145   56.72%
      0     0        0.0076     2        0.0175 UserPurge1: 1     3146   56.72%
      0     0        0.0076     2        0.0175 UserPurge1: 1     3147   56.72%
      0     0        0.0076     2        0.0175 UserPurge1: 1     3148   56.72%
      0     0        0.0076     2        0.0175 UserPurge1: 1     3149   56.72%
      0     0        0.0076     2        0.0175 UserPurge1: 1     3150   56.72%
      0     0        0.0076     2        0.0175 UserPurge1: 1     3151   56.72%
      0     0        0.0076     2        0.0175 UserPurge1: 1     3152   56.72%
      0     0        0.0076     2        0.0175 UserPurge1: 1     3153   56.72%
      0     0        0.0076     2        0.0175 UserPurge1: 1     3154   56.72%
      0     0        0.0076     2        0.0175 UserPurge1: 1     3155   56.72%
      0     0        0.0076     2        0.0175 UserPurge1: 1     3156   56.72%
      0     0        0.0076     2        0.0175 UserPurge1: 1     3157   56.72%
      0     0        0.0076     2        0.0175 UserPurge1: 1     3158   56.72%
      0     0        0.0076     2        0.0175 UserPurge1: 1     3159   56.72%
      0     0        0.0076     2        0.0175 UserPurge1: 1     3160   56.72%
      0     0        0.0076     2        0.0175 UserPurge1: 1     3161   56.72%
      0     0        0.0076     2        0.0175 UserPurge1: 1     3162   56.72%
      0     0        0.0076     2        0.0175 UserPurge1: 1     3163   56.72%
      0     0        0.0076     2        0.0175 UserPurge1: 1     3164   56.72%
      0     0        0.0076     2        0.0175 UserPurge1: 1     3165   56.72%
      0     0        0.0076     2        0.0175 UserPurge1: 1     3166   56.72%
      0     0        0.0076     2        0.0175 UserPurge1: 1     3167   56.72%
      0     0        0.0076     2        0.0175 UserPurge1: 1     3168   56.72%
      0     0        0.0076     2        0.0175 UserPurge1: 1     3169   56.72%
      0     0        0.0076     2        0.0175 UserPurge1: 1     3170   56.72%
      0     0        0.0076     2        0.0175 UserPurge1: 1     3171   56.72%
      0     0        0.0076     2        0.0175 UserPurge1: 1     3172   56.72%
      0     0        0.0076     2        0.0175 UserPurge1: 1     3173   56.72%
      0     0        0.0076     2        0.0175 UserPurge1: 1     3174   56.72%
      0     0        0.0076     2        0.0175 UserPurge1: 1     3175   56.72%
      0     0        0.0076     2        0.0175 UserPurge1: 1     3176   56.72%
      0     0        0.0076     2        0.0175 UserPurge1: 1     3177   56.72%
      0     0        0.0076     2        0.0175 UserPurge1: 1     3178   56.72%
      0     0        0.0076     2        0.0175 UserPurge1: 1     3179   56.72%
      0     0        0.0076     2        0.0175 UserPurge1: 1     3180   56.72%
      0     0        0.0076     2        0.0175 UserPurge1: 1     3181   56.72%
      0     0        0.0076     2        0.0175 UserPurge1: 1     3182   56.72%
      0     0        0.0076     2        0.0175 UserPurge1: 1     3183   56.72%
      0     0        0.0076     2        0.0175 UserPurge1: 1     3184   56.72%
      0     0        0.0076     2        0.0175 UserPurge1: 1     3185   56.72%
      0     0        0.0076     2        0.0175 UserPurge1: 1     3186   56.72%
      0     0        0.0076     2        0.0175 UserPurge1: 1     3187   56.72%
      0     0        0.0076     2        0.0175 UserPurge1: 1     3188   56.72%
      0     0        0.0076     2        0.0175 UserPurge1: 1     3189   56.72%
      0     0        0.0076     2        0.0175 UserPurge1: 1     3190   56.72%
      0     0        0.0076     2        0.0175 UserPurge1: 1     3191   56.72%
      0     0        0.0076     2        0.0175 UserPurge1: 1     3192   56.72%
      0     0        0.0076     2        0.0175 UserPurge1: 1     3193   56.72%
      0     0        0.0076     2        0.0175 UserPurge1: 1     3194   56.72%
      0     0        0.0076     2        0.0175 UserPurge1: 1     3195   56.72%
      0     0        0.0076     2        0.0175 UserPurge1: 1     3196   56.72%
      0     0        0.0076     2        0.0175 UserPurge1: 1     3197   56.72%
      0     0        0.0076     2        0.0175 UserPurge1: 1     3198   56.72%
      0     0        0.0076     2        0.0175 UserPurge1: 1     3199   56.72%
      0     0        0.0076     2        0.0175 UserPurge1: 1     3200   56.72%
      0     0        0.0076     2        0.0175 UserPurge1: 1     3201   56.72%
      0     0        0.0076     2        0.0175 UserPurge1: 1     3202   56.72%
      0     0        0.0076     2        0.0175 UserPurge1: 1     3203   56.72%
      0     0        0.0076     2        0.0175 UserPurge1: 1     3204   56.72%
      0     0        0.0076     2        0.0175 UserPurge1: 1     3205   56.72%
      0     0        0.0076     2        0.0175 UserPurge1: 1     3206   56.72%
      0     0        0.0076     2        0.0175 UserPurge1: 1     3207   56.72%
      0     0        0.0076     2        0.0175 UserPurge1: 1     3208   56.72%
      0     0        0.0076     2        0.0175 UserPurge1: 1     3209   56.72%
      0     0        0.0076     2        0.0175 UserPurge1: 1     3210   56.72%
      0     0        0.0076     2        0.0175 UserPurge1: 1     3211   56.72%
      0     0        0.0076     2        0.0175 UserPurge1: 1     3212   56.72%
      0     0        0.0076     2        0.0175 UserPurge1: 1     3213   56.72%
      0     0        0.0076     2        0.0175 UserPurge1: 1     3214   56.72%
      0     0        0.0076     2        0.0175 UserPurge1: 1     3215   56.72%
      0     0        0.0076     2        0.0175 UserPurge1: 1     3216   56.72%
      0     0        0.0076     2        0.0175 UserPurge1: 1     3217   56.72%
      0     0        0.0076     2        0.0175 UserPurge1: 1     3218   56.72%
      0     0        0.0076     2        0.0175 UserPurge1: 1     3219   56.72%
      0     0        0.0076     2        0.0175 UserPurge1: 1     3220   56.72%
      0     0        0.0076     2        0.0175 UserPurge1: 1     3221   56.72%
      0     0        0.0076     2        0.0175 UserPurge1: 1     3222   56.72%
      0     0        0.0076     2        0.0175 UserPurge1: 1     3223   56.72%
      0     0        0.0076     2        0.0175 UserPurge1: 1     3224   56.72%
      0     0        0.0076     2        0.0175 UserPurge1: 1     3225   56.72%
      0     0        0.0076     2        0.0175 UserPurge1: 1     3226   56.72%
      0     0        0.0076     2        0.0175 UserPurge1: 1     3227   56.72%
      0     0        0.0076     2        0.0175 UserPurge1: 1     3228   56.72%
      0     0        0.0076     2        0.0175 UserPurge1: 1     3229   56.72%
      0     0        0.0076     2        0.0175 UserPurge1: 1     3230   56.72%
      0     0        0.0076     2        0.0175 UserPurge1: 1     3231   56.72%
      0     0        0.0076     2        0.0175 UserPurge1: 1     3232   56.72%
      0     0        0.0076     2        0.0175 UserPurge1: 1     3233   56.72%
      0     0        0.0076     2        0.0175 UserPurge1: 1     3234   56.72%
      0     0        0.0076     2        0.0175 UserPurge1: 1     3235   56.72%
      0     0        0.0076     2        0.0175 UserPurge1: 1     3236   56.72%
      0     0        0.0076     2        0.0175 UserPurge1: 1     3237   56.72%
      0     0        0.0076     2        0.0175 UserPurge1: 1     3238   56.72%
      0     0        0.0076     2        0.0175 UserPurge1: 1     3239   56.72%
      0     0        0.0076     2        0.0175 UserPurge1: 1     3240   56.72%
      0     0        0.0076     2        0.0175 UserPurge1: 1     3241   56.72%
      0     0        0.0076     2        0.0175 UserPurge1: 1     3242   56.72%
      0     0        0.0076     2        0.0175 UserPurge1: 1     3243   56.72%
      0     0        0.0076     2        0.0175 UserPurge1: 1     3244   56.72%
      0     0        0.0076     2        0.0175 UserPurge1: 1     3245   56.72%
      0     0        0.0076     2        0.0175 UserPurge1: 1     3246   56.72%
      0     0        0.0076     2        0.0175 UserPurge1: 1     3247   56.72%
      0     0        0.0076     2        0.0175 UserPurge1: 1     3248   56.72%
      0     0        0.0076     2        0.0175 UserPurge1: 1     3249   56.72%
      0     0        0.0076     2        0.0175 UserPurge1: 1     3250   56.72%
      0     0        0.0076     2        0.0175 UserPurge1: 1     3251   56.72%
      0     0        0.0076     2        0.0175 UserPurge1: 1     3252   56.72%
      0     0        0.0076     2        0.0175 UserPurge1: 1     3253   56.72%
      0     0        0.0076     2        0.0175 UserPurge1: 1     3254   56.72%
      0     0        0.0076     2        0.0175 UserPurge1: 1     3255   56.72%
      0     0        0.0076     2        0.0175 UserPurge1: 1     3256   56.72%
      0     0        0.0076     2        0.0175 UserPurge1: 1     3257   56.72%
      0     0        0.0076     2        0.0175 UserPurge1: 1     3258   56.72%
      0     0        0.0076     2        0.0175 UserPurge1: 1     3259   56.72%
      0     0        0.0076     2        0.0175 UserPurge1: 1     3260   56.72%
      0     0        0.0076     2        0.0175 UserPurge1: 1     3261   56.72%
      0     0        0.0076     2        0.0175 UserPurge1: 1     3262   56.72%
      0     0        0.0076     2        0.0175 UserPurge1: 1     3263   56.72%
      0     0        0.0076     2        0.0175 UserPurge1: 1     3264   56.72%
      0     0        0.0076     2        0.0175 UserPurge1: 1     3265   56.72%
      0     0        0.0076     2        0.0175 UserPurge1: 1     3266   56.72%
      0     0        0.0076     2        0.0175 UserPurge1: 1     3267   56.72%
      0     0        0.0076     2        0.0175 UserPurge1: 1     3268   56.72%
      0     0        0.0076     2        0.0175 UserPurge1: 1     3269   56.72%
      0     0        0.0076     2        0.0175 UserPurge1: 1     3270   56.72%
      0     0        0.0076     2        0.0175 UserPurge1: 1     3271   56.72%
      0     0        0.0076     2        0.0175 UserPurge1: 1     3272   56.72%
      0     0        0.0076     2        0.0175 UserPurge1: 1     3273   56.72%
      0     0        0.0076     2        0.0175 UserPurge1: 1     3274   56.72%
      0     0        0.0076     2        0.0175 UserPurge1: 1     3275   56.72%
      0     0        0.0076     2        0.0175 UserPurge1: 1     3276   56.72%
      0     0        0.0076     2        0.0175 UserPurge1: 1     3277   56.72%
      0     0        0.0076     2        0.0175 UserPurge1: 1     3278   56.72%
      0     0        0.0076     2        0.0175 UserPurge1: 1     3279   56.72%
      0     0        0.0076     2        0.0175 UserPurge1: 1     3280   56.72%
      0     0        0.0076     2        0.0175 UserPurge1: 1     3281   56.72%
      0     0        0.0076     2        0.0175 UserPurge1: 1     3282   56.72%
      0     0        0.0076     2        0.0175 UserPurge1: 1     3283   56.72%
      0     0        0.0076     2        0.0175 UserPurge1: 1     3284   56.72%
      0     0        0.0076     2        0.0175 UserPurge1: 1     3285   56.72%
      0     0        0.0076     2        0.0175 UserPurge1: 1     3286   56.72%
      0     0        0.0076     2        0.0175 UserPurge1: 1     3287   56.72%
      0     0        0.0076     2        0.0175 UserPurge1: 1     3288   56.72%
      0     0        0.0076     2        0.0175 UserPurge1: 1     3289   56.72%
      0     0        0.0076     2        0.0175 UserPurge1: 1     3290   56.72%
      0     0        0.0076     2        0.0175 UserPurge1: 1     3291   56.72%
      0     0        0.0076     2        0.0175 UserPurge1: 1     3292   56.72%
      0     0        0.0076     2        0.0175 UserPurge1: 1     3293   56.72%
      0     0        0.0076     2        0.0175 UserPurge1: 1     3294   56.72%
      0     0        0.0076     2        0.0175 UserPurge1: 1     3295   56.72%
      0     0        0.0076     2        0.0175 UserPurge1: 1     3296   56.72%
      0     0        0.0076     2        0.0175 UserPurge1: 1     3297   56.72%
      0     0        0.0076     2        0.0175 UserPurge1: 1     3298   56.72%
      0     0        0.0076     2        0.0175 UserPurge1: 1     3299   56.72%
      0     0        0.0076     2        0.0175 UserPurge1: 1     3300   56.72%
      0     0        0.0076     2        0.0175 UserPurge1: 1     3301   56.72%
      0     0        0.0076     2        0.0175 UserPurge1: 1     3302   56.72%
      0     0        0.0076     2        0.0175 UserPurge1: 1     3303   56.72%
      0     0        0.0076     2        0.0175 UserPurge1: 1     3304   56.72%
      0     0        0.0076     2        0.0175 UserPurge1: 1     3305   56.72%
      0     0        0.0076     2        0.0175 UserPurge1: 1     3306   56.72%
      0     0        0.0076     2        0.0175 UserPurge1: 1     3307   56.72%
      0     0        0.0076     2        0.0175 UserPurge1: 1     3308   56.72%
      0     0        0.0076     2        0.0175 UserPurge1: 1     3309   56.72%
      0     0        0.0076     2        0.0175 UserPurge1: 1     3310   56.72%
      0     0        0.0076     2        0.0175 UserPurge1: 1     3311   56.72%
      0     0        0.0076     2        0.0175 UserPurge1: 1     3312   56.72%
      0     0        0.0076     2        0.0175 UserPurge1: 1     3313   56.72%
      0     0        0.0076     2        0.0175 UserPurge1: 1     3314   56.72%
      0     0        0.0076     2        0.0175 UserPurge1: 1     3315   56.72%
      0     0        0.0076     2        0.0175 UserPurge1: 1     3316   56.72%
      0     0        0.0076     2        0.0175 UserPurge1: 1     3317   56.72%
      0     0        0.0076     2        0.0175 UserPurge1: 1     3318   56.72%
      0     0        0.0076     2        0.0175 UserPurge1: 1     3319   56.72%
      0     0        0.0076     2        0.0175 UserPurge1: 1     3320   56.72%
      0     0        0.0076     2        0.0175 UserPurge1: 1     3321   56.72%
      0     0        0.0076     2        0.0175 UserPurge1: 1     3322   56.72%
      0     0        0.0076     2        0.0175 UserPurge1: 1     3323   56.72%
      0     0        0.0076     2        0.0175 UserPurge1: 1     3324   56.72%
      0     0        0.0076     2        0.0175 UserPurge1: 1     3325   56.72%
      0     0        0.0076     2        0.0175 UserPurge1: 1     3326   56.72%
      0     0        0.0076     2        0.0175 UserPurge1: 1     3327   56.72%
      0     0        0.0076     2        0.0175 UserPurge1: 1     3328   56.72%
      0     0        0.0076     2        0.0175 UserPurge1: 1     3329   56.72%
      0     0        0.0076     2        0.0175 UserPurge1: 1     3330   56.72%
      0     0        0.0076     2        0.0175 UserPurge1: 1     3331   56.72%
      0     0        0.0076     2        0.0175 UserPurge1: 1     3332   56.72%
      0     0        0.0076     2        0.0175 UserPurge1: 1     3333   56.72%
      0     0        0.0076     2        0.0175 UserPurge1: 1     3334   56.72%
      0     0        0.0076     2        0.0175 UserPurge1: 1     3335   56.72%
      0     0        0.0076     2        0.0175 UserPurge1: 1     3336   56.72%
      0     0        0.0076     2        0.0175 UserPurge1: 1     3337   56.72%
      0     0        0.0076     2        0.0175 UserPurge1: 1     3338   56.72%
      0     0        0.0076     2        0.0175 UserPurge1: 1     3339   56.72%
      0     0        0.0076     2        0.0175 UserPurge1: 1     3340   56.72%
      0     0        0.0076     2        0.0175 UserPurge1: 1     3341   56.72%
      0     0        0.0076     2        0.0175 UserPurge1: 1     3342   56.72%
      0     0        0.0076     2        0.0175 UserPurge1: 1     3343   56.72%
      0     0        0.0076     2        0.0175 UserPurge1: 1     3344   56.72%
      0     0        0.0076     2        0.0175 UserPurge1: 1     3345   56.72%
      0     0        0.0076     2        0.0175 UserPurge1: 1     3346   56.72%
      0     0        0.0076     2        0.0175 UserPurge1: 1     3347   56.72%
      0     0        0.0076     2        0.0175 UserPurge1: 1     3348   56.72%
      0     0        0.0076     2        0.0175 UserPurge1: 1     3349   56.72%
      0     0        0.0076     2        0.0175 UserPurge1: 1     3350   56.72%
      0     0        0.0076     2        0.0175 UserPurge1: 1     3351   56.72%
      0     0        0.0076     2        0.0175 UserPurge1: 1     3352   56.72%
      0     0        0.0076     2        0.0175 UserPurge1: 1     3353   56.72%
      0     0        0.0076     2        0.0175 UserPurge1: 1     3354   56.72%
      0     0        0.0076     2        0.0175 UserPurge1: 1     3355   56.72%
      0     0        0.0076     2        0.0175 UserPurge1: 1     3356   56.72%
      0     0        0.0076     2        0.0175 UserPurge1: 1     3357   56.72%
      0     0        0.0076     2        0.0175 UserPurge1: 1     3358   56.72%
      0     0        0.0076     2        0.0175 UserPurge1: 1     3359   56.72%
      0     0        0.0076     2        0.0175 UserPurge1: 1     3360   56.72%
      0     0        0.0076     2        0.0175 UserPurge1: 1     3361   56.72%
      0     0        0.0076     2        0.0175 UserPurge1: 1     3362   56.72%
      0     0        0.0076     2        0.0175 UserPurge1: 1     3363   56.72%
      0     0        0.0076     2        0.0175 UserPurge1: 1     3364   56.72%
      0     0        0.0076     2        0.0175 UserPurge1: 1     3365   56.72%
      0     0        0.0076     2        0.0175 UserPurge1: 1     3366   56.72%
      0     0        0.0076     2        0.0175 UserPurge1: 1     3367   56.72%
      0     0        0.0076     2        0.0175 UserPurge1: 1     3368   56.72%
      0     0        0.0076     2        0.0175 UserPurge1: 1     3369   56.72%
      0     0        0.0076     2        0.0175 UserPurge1: 1     3370   56.72%
      0     0        0.0076     2        0.0175 UserPurge1: 1     3371   56.72%
      0     0        0.0076     2        0.0175 UserPurge1: 1     3372   56.72%
      0     0        0.0076     2        0.0175 UserPurge1: 1     3373   56.72%
      0     0        0.0076     2        0.0175 UserPurge1: 1     3374   56.72%
      0     0        0.0076     2        0.0175 UserPurge1: 1     3375   56.72%
      0     0        0.0076     2        0.0175 UserPurge1: 1     3376   56.72%
      0     0        0.0076     2        0.0175 UserPurge1: 1     3377   56.72%
      0     0        0.0076     2        0.0175 UserPurge1: 1     3378   56.72%
      0     0        0.0076     2        0.0175 UserPurge1: 1     3379   56.72%
      0     0        0.0076     2        0.0175 UserPurge1: 1     3380   56.72%
      0     0        0.0076     2        0.0175 UserPurge1: 1     3381   56.72%
      0     0        0.0076     2        0.0175 UserPurge1: 1     3382   56.72%
      0     0        0.0076     2        0.0175 UserPurge1: 1     3383   56.72%
      0     0        0.0076     2        0.0175 UserPurge1: 1     3384   56.72%
      0     0        0.0076     2        0.0175 UserPurge1: 1     3385   56.72%
      0     0        0.0076     2        0.0175 UserPurge1: 1     3386   56.72%
      0     0        0.0076     2        0.0175 UserPurge1: 1     3387   56.72%
      0     0        0.0076     2        0.0175 UserPurge1: 1     3388   56.72%
      0     0        0.0076     2        0.0175 UserPurge1: 1     3389   56.72%
      0     0        0.0076     2        0.0175 UserPurge1: 1     3390   56.72%
      0     0        0.0076     2        0.0175 UserPurge1: 1     3391   56.72%
      0     0        0.0076     2        0.0175 UserPurge1: 1     3392   56.72%
      0     0        0.0076     2        0.0175 UserPurge1: 1     3393   56.72%
      0     0        0.0076     2        0.0175 UserPurge1: 1     3394   56.72%
      0     0        0.0076     2        0.0175 UserPurge1: 1     3395   56.72%
      0     0        0.0076     2        0.0175 UserPurge1: 1     3396   56.72%
      0     0        0.0076     2        0.0175 UserPurge1: 1     3397   56.72%
      0     0        0.0076     2        0.0175 UserPurge1: 1     3398   56.72%
      0     0        0.0076     2        0.0175 UserPurge1: 1     3399   56.72%
      0     0        0.0076     2        0.0175 UserPurge1: 1     3400   56.72%
      0     0        0.0076     2        0.0175 UserPurge1: 1     3401   56.72%
      0     0        0.0076     2        0.0175 UserPurge1: 1     3402   56.72%
      0     0        0.0076     2        0.0175 UserPurge1: 1     3403   56.72%
      0     0        0.0076     2        0.0175 UserPurge1: 1     3404   56.72%
      0     0        0.0076     2        0.0175 UserPurge1: 1     3405   56.72%
      0     0        0.0076     2        0.0175 UserPurge1: 1     3406   56.72%
      0     0        0.0076     2        0.0175 UserPurge1: 1     3407   56.72%
      0     0        0.0076     2        0.0175 UserPurge1: 1     3408   56.72%
      0     0        0.0076     2        0.0175 UserPurge1: 1     3409   56.72%
      0     0        0.0076     2        0.0175 UserPurge1: 1     3410   56.72%
      0     0        0.0076     2        0.0175 UserPurge1: 1     3411   56.72%
      0     0        0.0076     2        0.0175 UserPurge1: 1     3412   56.72%
      0     0        0.0076     2        0.0175 UserPurge1: 1     3413   56.72%
      0     0        0.0076     2        0.0175 UserPurge1: 1     3414   56.72%
      0     0        0.0076     2        0.0175 UserPurge1: 1     3415   56.72%
      0     0        0.0076     2        0.0175 UserPurge1: 1     3416   56.72%
      0     0        0.0076     2        0.0175 UserPurge1: 1     3417   56.72%
      0     0        0.0076     2        0.0175 UserPurge1: 1     3418   56.72%
      0     0        0.0076     2        0.0175 UserPurge1: 1     3419   56.72%
      0     0        0.0076     2        0.0175 UserPurge1: 1     3420   56.72%
      0     0        0.0076     2        0.0175 UserPurge1: 1     3421   56.72%
      0     0        0.0076     2        0.0175 UserPurge1: 1     3422   56.72%
      0     0        0.0076     2        0.0175 UserPurge1: 1     3423   56.72%
      0     0        0.0076     2        0.0175 UserPurge1: 1     3424   56.72%
      0     0        0.0076     2        0.0175 UserPurge1: 1     3425   56.72%
      0     0        0.0076     2        0.0175 UserPurge1: 1     3426   56.72%
      0     0        0.0076     2        0.0175 UserPurge1: 1     3427   56.72%
      0     0        0.0076     2        0.0175 UserPurge1: 1     3428   56.72%
      0     0        0.0076     2        0.0175 UserPurge1: 1     3429   56.72%
      0     0        0.0076     2        0.0175 UserPurge1: 1     3430   56.72%
      0     0        0.0076     2        0.0175 UserPurge1: 1     3431   56.72%
      0     0        0.0076     2        0.0175 UserPurge1: 1     3432   56.72%
      0     0        0.0076     2        0.0175 UserPurge1: 1     3433   56.72%
      0     0        0.0076     2        0.0175 UserPurge1: 1     3434   56.72%
      0     0        0.0076     2        0.0175 UserPurge1: 1     3435   56.72%
      0     0        0.0076     2        0.0175 UserPurge1: 1     3436   56.72%
      0     0        0.0076     2        0.0175 UserPurge1: 1     3437   56.72%
      0     0        0.0076     2        0.0175 UserPurge1: 1     3438   56.72%
      0     0        0.0076     2        0.0175 UserPurge1: 1     3439   56.72%
      0     0        0.0076     2        0.0175 UserPurge1: 1     3440   56.72%
      0     0        0.0076     2        0.0175 UserPurge1: 1     3441   56.72%
      0     0        0.0076     2        0.0175 UserPurge1: 1     3442   56.72%
      0     0        0.0076     2        0.0175 UserPurge1: 1     3443   56.72%
      0     0        0.0076     2        0.0175 UserPurge1: 1     3444   56.72%
      0     0        0.0076     2        0.0175 UserPurge1: 1     3445   56.72%
      0     0        0.0076     2        0.0175 UserPurge1: 1     3446   56.72%
      0     0        0.0076     2        0.0175 UserPurge1: 1     3447   56.72%
      0     0        0.0076     2        0.0175 UserPurge1: 1     3448   56.72%
      0     0        0.0076     2        0.0175 UserPurge1: 1     3449   56.72%
      0     0        0.0076     2        0.0175 UserPurge1: 1     3450   56.72%
      0     0        0.0076     2        0.0175 UserPurge1: 1     3451   56.72%
      0     0        0.0076     2        0.0175 UserPurge1: 1     3452   56.72%
      0     0        0.0076     2        0.0175 UserPurge1: 1     3453   56.72%
      0     0        0.0076     2        0.0175 UserPurge1: 1     3454   56.72%
      0     0        0.0076     2        0.0175 UserPurge1: 1     3455   56.72%
      0     0        0.0076     2        0.0175 UserPurge1: 1     3456   56.72%
      0     0        0.0076     2        0.0175 UserPurge1: 1     3457   56.72%
      0     0        0.0076     2        0.0175 UserPurge1: 1     3458   56.72%
      0     0        0.0076     2        0.0175 UserPurge1: 1     3459   56.72%
      0     0        0.0076     2        0.0175 UserPurge1: 1     3460   56.72%
      0     0        0.0076     2        0.0175 UserPurge1: 1     3461   56.72%
      0     0        0.0076     2        0.0175 UserPurge1: 1     3462   56.72%
      0     0        0.0076     2        0.0175 UserPurge1: 1     3463   56.72%
      0     0        0.0076     2        0.0175 UserPurge1: 1     3464   56.72%
      0     0        0.0076     2        0.0175 UserPurge1: 1     3465   56.72%
      0     0        0.0076     2        0.0175 UserPurge1: 1     3466   56.72%
      0     0        0.0076     2        0.0175 UserPurge1: 1     3467   56.72%
      0     0        0.0076     2        0.0175 UserPurge1: 1     3468   56.72%
      0     0        0.0076     2        0.0175 UserPurge1: 1     3469   56.72%
      0     0        0.0076     2        0.0175 UserPurge1: 1     3470   56.72%
      0     0        0.0076     2        0.0175 UserPurge1: 1     3471   56.72%
      0     0        0.0076     2        0.0175 UserPurge1: 1     3472   56.72%
      0     0        0.0076     2        0.0175 UserPurge1: 1     3473   56.72%
      0     0        0.0076     2        0.0175 UserPurge1: 1     3474   56.72%
      0     0        0.0076     2        0.0175 UserPurge1: 1     3475   56.72%
      0     0        0.0076     2        0.0175 UserPurge1: 1     3476   56.72%
      0     0        0.0076     2        0.0175 UserPurge1: 1     3477   56.72%
      0     0        0.0076     2        0.0175 UserPurge1: 1     3478   56.72%
      0     0        0.0076     2        0.0175 UserPurge1: 1     3479   56.72%
      0     0        0.0076     2        0.0175 UserPurge1: 1     3480   56.72%
      0     0        0.0076     2        0.0175 UserPurge1: 1     3481   56.72%
      0     0        0.0076     2        0.0175 UserPurge1: 1     3482   56.72%
      0     0        0.0076     2        0.0175 UserPurge1: 1     3483   56.72%
      0     0        0.0076     2        0.0175 UserPurge1: 1     3484   56.72%
      0     0        0.0076     2        0.0175 UserPurge1: 1     3485   56.72%
      0     0        0.0076     2        0.0175 UserPurge1: 1     3486   56.72%
      0     0        0.0076     2        0.0175 UserPurge1: 1     3487   56.72%
      0     0        0.0076     2        0.0175 UserPurge1: 1     3488   56.72%
      0     0        0.0076     2        0.0175 UserPurge1: 1     3489   56.72%
      0     0        0.0076     2        0.0175 UserPurge1: 1     3490   56.72%
      0     0        0.0076     2        0.0175 UserPurge1: 1     3491   56.72%
      0     0        0.0076     2        0.0175 UserPurge1: 1     3492   56.72%
      0     0        0.0076     2        0.0175 UserPurge1: 1     3493   56.72%
      0     0        0.0076     2        0.0175 UserPurge1: 1     3494   56.72%
      0     0        0.0076     2        0.0175 UserPurge1: 1     3495   56.72%
      0     0        0.0076     2        0.0175 UserPurge1: 1     3496   56.72%
      0     0        0.0076     2        0.0175 UserPurge1: 1     3497   56.72%
      0     0        0.0076     2        0.0175 UserPurge1: 1     3498   56.72%
      0     0        0.0076     2        0.0175 UserPurge1: 1     3499   56.72%
      0     0        0.0076     2        0.0175 UserPurge1: 1     3500   56.72%
      0     0        0.0076     2        0.0175 UserPurge1: 1     3501   56.72%
      0     0        0.0076     2        0.0175 UserPurge1: 1     3502   56.72%
      0     0        0.0076     2        0.0175 UserPurge1: 1     3503   56.72%
      0     0        0.0076     2        0.0175 UserPurge1: 1     3504   56.72%
      0     0        0.0076     2        0.0175 UserPurge1: 1     3505   56.72%
      0     0        0.0076     2        0.0175 UserPurge1: 1     3506   56.72%
      0     0        0.0076     2        0.0175 UserPurge1: 1     3507   56.72%
      0     0        0.0076     2        0.0175 UserPurge1: 1     3508   56.72%
      0     0        0.0076     2        0.0175 UserPurge1: 1     3509   56.72%
      0     0        0.0076     2        0.0175 UserPurge1: 1     3510   56.72%
      0     0        0.0076     2        0.0175 UserPurge1: 1     3511   56.72%
      0     0        0.0076     2        0.0175 UserPurge1: 1     3512   56.72%
      0     0        0.0076     2        0.0175 UserPurge1: 1     3513   56.72%
      0     0        0.0076     2        0.0175 UserPurge1: 1     3514   56.72%
      0     0        0.0076     2        0.0175 UserPurge1: 1     3515   56.72%
      0     0        0.0076     2        0.0175 UserPurge1: 1     3516   56.72%
      0     0        0.0076     2        0.0175 UserPurge1: 1     3517   56.72%
      0     0        0.0076     2        0.0175 UserPurge1: 1     3518   56.72%
      0     0        0.0076     2        0.0175 UserPurge1: 1     3519   56.72%
      0     0        0.0076     2        0.0175 UserPurge1: 1     3520   56.72%
      0     0        0.0076     2        0.0175 UserPurge1: 1     3521   56.72%
      0     0        0.0076     2        0.0175 UserPurge1: 1     3522   56.72%
      0     0        0.0076     2        0.0175 UserPurge1: 1     3523   56.72%
      0     0        0.0076     2        0.0175 UserPurge1: 1     3524   56.72%
      0     0        0.0076     2        0.0175 UserPurge1: 1     3525   56.72%
      0     0        0.0076     2        0.0175 UserPurge1: 1     3526   56.72%
      0     0        0.0076     2        0.0175 UserPurge1: 1     3527   56.72%
      0     0        0.0076     2        0.0175 UserPurge1: 1     3528   56.72%
      0     0        0.0076     2        0.0175 UserPurge1: 1     3529   56.72%
      0     0        0.0076     2        0.0175 UserPurge1: 1     3530   56.72%
      0     0        0.0076     2        0.0175 UserPurge1: 1     3531   56.72%
      0     0        0.0076     2        0.0175 UserPurge1: 1     3532   56.72%
      0     0        0.0076     2        0.0175 UserPurge1: 1     3533   56.72%
      0     0        0.0076     2        0.0175 UserPurge1: 1     3534   56.72%
      0     0        0.0076     2        0.0175 UserPurge1: 1     3535   56.72%
      0     0        0.0076     2        0.0175 UserPurge1: 1     3536   56.72%
      0     0        0.0076     2        0.0175 UserPurge1: 1     3537   56.72%
      0     0        0.0076     2        0.0175 UserPurge1: 1     3538   56.72%
      0     0        0.0076     2        0.0175 UserPurge1: 1     3539   56.72%
      0     0        0.0076     2        0.0175 UserPurge1: 1     3540   56.72%
      0     0        0.0076     2        0.0175 UserPurge1: 1     3541   56.72%
      0     0        0.0076     2        0.0175 UserPurge1: 1     3542   56.72%
      0     0        0.0076     2        0.0175 UserPurge1: 1     3543   56.72%
      0     0        0.0076     2        0.0175 UserPurge1: 1     3544   56.72%
      0     0        0.0076     2        0.0175 UserPurge1: 1     3545   56.72%
      0     0        0.0076     2        0.0175 UserPurge1: 1     3546   56.72%
      0     0        0.0076     2        0.0175 UserPurge1: 1     3547   56.72%
      0     0        0.0076     2        0.0175 UserPurge1: 1     3548   56.72%
      0     0        0.0076     2        0.0175 UserPurge1: 1     3549   56.72%
      0     0        0.0076     2        0.0175 UserPurge1: 1     3550   56.72%
      0     0        0.0076     2        0.0175 UserPurge1: 1     3551   56.72%
      0     0        0.0076     2        0.0175 UserPurge1: 1     3552   56.72%
      0     0        0.0076     2        0.0175 UserPurge1: 1     3553   56.72%
      0     0        0.0076     2        0.0175 UserPurge1: 1     3554   56.72%
      0     0        0.0076     2        0.0175 UserPurge1: 1     3555   56.72%
      0     0        0.0076     2        0.0175 UserPurge1: 1     3556   56.72%
      0     0        0.0076     2        0.0175 UserPurge1: 1     3557   56.72%
      0     0        0.0076     2        0.0175 UserPurge1: 1     3558   56.72%
      0     0        0.0076     2        0.0175 UserPurge1: 1     3559   56.72%
      0     0        0.0076     2        0.0175 UserPurge1: 1     3560   56.72%
      0     0        0.0076     2        0.0175 UserPurge1: 1     3561   56.72%
      0     0        0.0076     2        0.0175 UserPurge1: 1     3562   56.72%
      0     0        0.0076     2        0.0175 UserPurge1: 1     3563   56.72%
      0     0        0.0076     2        0.0175 UserPurge1: 1     3564   56.72%
      0     0        0.0076     2        0.0175 UserPurge1: 1     3565   56.72%
      0     0        0.0076     2        0.0175 UserPurge1: 1     3566   56.72%
      0     0        0.0076     2        0.0175 UserPurge1: 1     3567   56.72%
      0     0        0.0076     2        0.0175 UserPurge1: 1     3568   56.72%
      0     0        0.0076     2        0.0175 UserPurge1: 1     3569   56.72%
      0     0        0.0076     2        0.0175 UserPurge1: 1     3570   56.72%
      0     0        0.0076     2        0.0175 UserPurge1: 1     3571   56.72%
      0     0        0.0076     2        0.0175 UserPurge1: 1     3572   56.72%
      0     0        0.0076     2        0.0175 UserPurge1: 1     3573   56.72%
      0     0        0.0076     2        0.0175 UserPurge1: 1     3574   56.72%
      0     0        0.0076     2        0.0175 UserPurge1: 1     3575   56.72%
      0     0        0.0076     2        0.0175 UserPurge1: 1     3576   56.72%
      0     0        0.0076     2        0.0175 UserPurge1: 1     3577   56.72%
      0     0        0.0076     2        0.0175 UserPurge1: 1     3578   56.72%
      0     0        0.0076     2        0.0175 UserPurge1: 1     3579   56.72%
      0     0        0.0076     2        0.0175 UserPurge1: 1     3580   56.72%
      0     0        0.0076     2        0.0175 UserPurge1: 1     3581   56.72%
      0     0        0.0076     2        0.0175 UserPurge1: 1     3582   56.72%
      0     0        0.0076     2        0.0175 UserPurge1: 1     3583   56.72%
      0     0        0.0076     2        0.0175 UserPurge1: 1     3584   56.72%
      0     0        0.0076     2        0.0175 UserPurge1: 1     3585   56.72%
      0     0        0.0076     2        0.0175 UserPurge1: 1     3586   56.72%
      0     0        0.0076     2        0.0175 UserPurge1: 1     3587   56.72%
      0     0        0.0076     2        0.0175 UserPurge1: 1     3588   56.72%
      0     0        0.0076     2        0.0175 UserPurge1: 1     3589   56.72%
      0     0        0.0076     2        0.0175 UserPurge1: 1     3590   56.72%
      0     0        0.0076     2        0.0175 UserPurge1: 1     3591   56.72%
      0     0        0.0076     2        0.0175 UserPurge1: 1     3592   56.72%
      0     0        0.0076     2        0.0175 UserPurge1: 1     3593   56.72%
      0     0        0.0076     2        0.0175 UserPurge1: 1     3594   56.72%
      0     0        0.0076     2        0.0175 UserPurge1: 1     3595   56.72%
      0     0        0.0076     2        0.0175 UserPurge1: 1     3596   56.72%
      0     0        0.0076     2        0.0175 UserPurge1: 1     3597   56.72%
      0     0        0.0076     2        0.0175 UserPurge1: 1     3598   56.72%
      0     0        0.0076     2        0.0175 UserPurge1: 1     3599   56.72%
      0     0        0.0076     2        0.0175 UserPurge1: 1     3600   56.72%
      0     0        0.0076     2        0.0175 UserPurge1: 1     3601   56.72%
      0     0        0.0076     2        0.0175 UserPurge1: 1     3602   56.72%
      0     0        0.0076     2        0.0175 UserPurge1: 1     3603   56.72%
      0     0        0.0076     2        0.0175 UserPurge1: 1     3604   56.72%
      0     0        0.0076     2        0.0175 UserPurge1: 1     3605   56.72%
      0     0        0.0076     2        0.0175 UserPurge1: 1     3606   56.72%
      0     0        0.0076     2        0.0175 UserPurge1: 1     3607   56.72%
      0     0        0.0076     2        0.0175 UserPurge1: 1     3608   56.72%
      0     0        0.0076     2        0.0175 UserPurge1: 1     3609   56.72%
      0     0        0.0076     2        0.0175 UserPurge1: 1     3610   56.72%
      0     0        0.0076     2        0.0175 UserPurge1: 1     3611   56.72%
      0     0        0.0076     2        0.0175 UserPurge1: 1     3612   56.72%
      0     0        0.0076     2        0.0175 UserPurge1: 1     3613   56.72%
      0     0        0.0076     2        0.0175 UserPurge1: 1     3614   56.72%
      0     0        0.0076     2        0.0175 UserPurge1: 1     3615   56.72%
      0     0        0.0076     2        0.0175 UserPurge1: 1     3616   56.72%
      0     0        0.0076     2        0.0175 UserPurge1: 1     3617   56.72%
      0     0        0.0076     2        0.0175 UserPurge1: 1     3618   56.72%
      0     0        0.0076     2        0.0175 UserPurge1: 1     3619   56.72%
      0     0        0.0076     2        0.0175 UserPurge1: 1     3620   56.72%
      0     0        0.0076     2        0.0175 UserPurge1: 1     3621   56.72%
      0     0        0.0076     2        0.0175 UserPurge1: 1     3622   56.72%
      0     0        0.0076     2        0.0175 UserPurge1: 1     3623   56.72%
      0     0        0.0076     2        0.0175 UserPurge1: 1     3624   56.72%
      0     0        0.0076     2        0.0175 UserPurge1: 1     3625   56.72%
      0     0        0.0076     2        0.0175 UserPurge1: 1     3626   56.72%
      0     0        0.0076     2        0.0175 UserPurge1: 1     3627   56.72%
      0     0        0.0076     2        0.0175 UserPurge1: 1     3628   56.72%
      0     0        0.0076     2        0.0175 UserPurge1: 1     3629   56.72%
      0     0        0.0076     2        0.0175 UserPurge1: 1     3630   56.72%
      0     0        0.0076     2        0.0175 UserPurge1: 1     3631   56.72%
      0     0        0.0076     2        0.0175 UserPurge1: 1     3632   56.72%
      0     0        0.0076     2        0.0175 UserPurge1: 1     3633   56.72%
      0     0        0.0076     2        0.0175 UserPurge1: 1     3634   56.72%
      0     0        0.0076     2        0.0175 UserPurge1: 1     3635   56.72%
      0     0        0.0076     2        0.0175 UserPurge1: 1     3636   56.72%
      0     0        0.0076     2        0.0175 UserPurge1: 1     3637   56.72%
      0     0        0.0076     2        0.0175 UserPurge1: 1     3638   56.72%
      0     0        0.0076     2        0.0175 UserPurge1: 1     3639   56.72%
      0     0        0.0076     2        0.0175 UserPurge1: 1     3640   56.72%
      0     0        0.0076     2        0.0175 UserPurge1: 1     3641   56.72%
      0     0        0.0076     2        0.0175 UserPurge1: 1     3642   56.72%
      0     0        0.0076     2        0.0175 UserPurge1: 1     3643   56.72%
      0     0        0.0076     2        0.0175 UserPurge1: 1     3644   56.72%
      0     0        0.0076     2        0.0175 UserPurge1: 1     3645   56.72%
      0     0        0.0076     2        0.0175 UserPurge1: 1     3646   56.72%
      0     0        0.0076     2        0.0175 UserPurge1: 1     3647   56.72%
      0     0        0.0076     2        0.0175 UserPurge1: 1     3648   56.72%
      0     0        0.0076     2        0.0175 UserPurge1: 1     3649   56.72%
      0     0        0.0076     2        0.0175 UserPurge1: 1     3650   56.72%
      0     0        0.0076     2        0.0175 UserPurge1: 1     3651   56.72%
      0     0        0.0076     2        0.0175 UserPurge1: 1     3652   56.72%
      0     0        0.0076     2        0.0175 UserPurge1: 1     3653   56.72%
      0     0        0.0076     2        0.0175 UserPurge1: 1     3654   56.72%
      0     0        0.0076     2        0.0175 UserPurge1: 1     3655   56.72%
      0     0        0.0076     2        0.0175 UserPurge1: 1     3656   56.72%
      0     0        0.0076     2        0.0175 UserPurge1: 1     3657   56.72%
      0     0        0.0076     2        0.0175 UserPurge1: 1     3658   56.72%
      0     0        0.0076     2        0.0175 UserPurge1: 1     3659   56.72%
      0     0        0.0076     2        0.0175 UserPurge1: 1     3660   56.72%
      0     0        0.0076     2        0.0175 UserPurge1: 1     3661   56.72%
      0     0        0.0076     2        0.0175 UserPurge1: 1     3662   56.72%
      0     0        0.0076     2        0.0175 UserPurge1: 1     3663   56.72%
      0     0        0.0076     2        0.0175 UserPurge1: 1     3664   56.72%
      0     0        0.0076     2        0.0175 UserPurge1: 1     3665   56.72%
      0     0        0.0076     2        0.0175 UserPurge1: 1     3666   56.72%
      0     0        0.0076     2        0.0175 UserPurge1: 1     3667   56.72%
      0     0        0.0076     2        0.0175 UserPurge1: 1     3668   56.72%
      0     0        0.0076     2        0.0175 UserPurge1: 1     3669   56.72%
      0     0        0.0076     2        0.0175 UserPurge1: 1     3670   56.72%
      0     0        0.0076     2        0.0175 UserPurge1: 1     3671   56.72%
      0     0        0.0076     2        0.0175 UserPurge1: 1     3672   56.72%
      0     0        0.0076     2        0.0175 UserPurge1: 1     3673   56.72%
      0     0        0.0076     2        0.0175 UserPurge1: 1     3674   56.72%
      0     0        0.0076     2        0.0175 UserPurge1: 1     3675   56.72%
      0     0        0.0076     2        0.0175 UserPurge1: 1     3676   56.72%
      0     0        0.0076     2        0.0175 UserPurge1: 1     3677   56.72%
      0     0        0.0076     2        0.0175 UserPurge1: 1     3678   56.72%
      0     0        0.0076     2        0.0175 UserPurge1: 1     3679   56.72%
      0     0        0.0076     2        0.0175 UserPurge1: 1     3680   56.72%
      0     0        0.0076     2        0.0175 UserPurge1: 1     3681   56.72%
      0     0        0.0076     2        0.0175 UserPurge1: 1     3682   56.72%
      0     0        0.0076     2        0.0175 UserPurge1: 1     3683   56.72%
      0     0        0.0076     2        0.0175 UserPurge1: 1     3684   56.72%
      0     0        0.0076     2        0.0175 UserPurge1: 1     3685   56.72%
      0     0        0.0076     2        0.0175 UserPurge1: 1     3686   56.72%
      0     0        0.0076     2        0.0175 UserPurge1: 1     3687   56.72%
      0     0        0.0076     2        0.0175 UserPurge1: 1     3688   56.72%
      0     0        0.0076     2        0.0175 UserPurge1: 1     3689   56.72%
      0     0        0.0076     2        0.0175 UserPurge1: 1     3690   56.72%
      0     0        0.0076     2        0.0175 UserPurge1: 1     3691   56.72%
      0     0        0.0076     2        0.0175 UserPurge1: 1     3692   56.72%
      0     0        0.0076     2        0.0175 UserPurge1: 1     3693   56.72%
      0     0        0.0076     2        0.0175 UserPurge1: 1     3694   56.72%
      0     0        0.0076     2        0.0175 UserPurge1: 1     3695   56.72%
      0     0        0.0076     2        0.0175 UserPurge1: 1     3696   56.72%
      0     0        0.0076     2        0.0175 UserPurge1: 1     3697   56.72%
      0     0        0.0076     2        0.0175 UserPurge1: 1     3698   56.72%
      0     0        0.0076     2        0.0175 UserPurge1: 1     3699   56.72%
      0     0        0.0076     2        0.0175 UserPurge1: 1     3700   56.72%
      0     0        0.0076     2        0.0175 UserPurge1: 1     3701   56.72%
      0     0        0.0076     2        0.0175 UserPurge1: 1     3702   56.72%
      0     0        0.0076     2        0.0175 UserPurge1: 1     3703   56.72%
      0     0        0.0076     2        0.0175 UserPurge1: 1     3704   56.72%
      0     0        0.0076     2        0.0175 UserPurge1: 1     3705   56.72%
      0     0        0.0076     2        0.0175 UserPurge1: 1     3706   56.72%
      0     0        0.0076     2        0.0175 UserPurge1: 1     3707   56.72%
      0     0        0.0076     2        0.0175 UserPurge1: 1     3708   56.72%
      0     0        0.0076     2        0.0175 UserPurge1: 1     3709   56.72%
      0     0        0.0076     2        0.0175 UserPurge1: 1     3710   56.72%
      0     0        0.0076     2        0.0175 UserPurge1: 1     3711   56.72%
      0     0        0.0076     2        0.0175 UserPurge1: 1     3712   56.72%
      0     0        0.0076     2        0.0175 UserPurge1: 1     3713   56.72%
      0     0        0.0076     2        0.0175 UserPurge1: 1     3714   56.72%
      0     0        0.0076     2        0.0175 UserPurge1: 1     3715   56.72%
      0     0        0.0076     2        0.0175 UserPurge1: 1     3716   56.72%
      0     0        0.0076     2        0.0175 UserPurge1: 1     3717   56.72%
      0     0        0.0076     2        0.0175 UserPurge1: 1     3718   56.72%
      0     0        0.0076     2        0.0175 UserPurge1: 1     3719   56.72%
      0     0        0.0076     2        0.0175 UserPurge1: 1     3720   56.72%
      0     0        0.0076     2        0.0175 UserPurge1: 1     3721   56.72%
      0     0        0.0076     2        0.0175 UserPurge1: 1     3722   56.72%
      0     0        0.0076     2        0.0175 UserPurge1: 1     3723   56.72%
      0     0        0.0076     2        0.0175 UserPurge1: 1     3724   56.72%
      0     0        0.0076     2        0.0175 UserPurge1: 1     3725   56.72%
      0     0        0.0076     2        0.0175 UserPurge1: 1     3726   56.72%
      0     0        0.0076     2        0.0175 UserPurge1: 1     3727   56.72%
      0     0        0.0076     2        0.0175 UserPurge1: 1     3728   56.72%
      0     0        0.0076     2        0.0175 UserPurge1: 1     3729   56.72%
      0     0        0.0076     2        0.0175 UserPurge1: 1     3730   56.72%
      0     0        0.0076     2        0.0175 UserPurge1: 1     3731   56.72%
      0     0        0.0076     2        0.0175 UserPurge1: 1     3732   56.72%
      0     0        0.0076     2        0.0175 UserPurge1: 1     3733   56.72%
      0     0        0.0076     2        0.0175 UserPurge1: 1     3734   56.72%
      0     0        0.0076     2        0.0175 UserPurge1: 1     3735   56.72%
      0     0        0.0076     2        0.0175 UserPurge1: 1     3736   56.72%
      0     0        0.0076     2        0.0175 UserPurge1: 1     3737   56.72%
      0     0        0.0076     2        0.0175 UserPurge1: 1     3738   56.72%
      0     0        0.0076     2        0.0175 UserPurge1: 1     3739   56.72%
      0     0        0.0076     2        0.0175 UserPurge1: 1     3740   56.72%
      0     0        0.0076     2        0.0175 UserPurge1: 1     3741   56.72%
      0     0        0.0076     2        0.0175 UserPurge1: 1     3742   56.72%
      0     0        0.0076     2        0.0175 UserPurge1: 1     3743   56.72%
      0     0        0.0076     2        0.0175 UserPurge1: 1     3744   56.72%
      0     0        0.0076     2        0.0175 UserPurge1: 1     3745   56.72%
      0     0        0.0076     2        0.0175 UserPurge1: 1     3746   56.72%
      0     0        0.0076     2        0.0175 UserPurge1: 1     3747   56.72%
      0     0        0.0076     2        0.0175 UserPurge1: 1     3748   56.72%
      0     0        0.0076     2        0.0175 UserPurge1: 1     3749   56.72%
      0     0        0.0076     2        0.0175 UserPurge1: 1     3750   56.72%
      0     0        0.0076     2        0.0175 UserPurge1: 1     3751   56.72%
      0     0        0.0076     2        0.0175 UserPurge1: 1     3752   56.72%
      0     0        0.0076     2        0.0175 UserPurge1: 1     3753   56.72%
      0     0        0.0076     2        0.0175 UserPurge1: 1     3754   56.72%
      0     0        0.0076     2        0.0175 UserPurge1: 1     3755   56.72%
      0     0        0.0076     2        0.0175 UserPurge1: 1     3756   56.72%
      0     0        0.0076     2        0.0175 UserPurge1: 1     3757   56.72%
      0     0        0.0076     2        0.0175 UserPurge1: 1     3758   56.72%
      0     0        0.0076     2        0.0175 UserPurge1: 1     3759   56.72%
      0     0        0.0076     2        0.0175 UserPurge1: 1     3760   56.72%
      0     0        0.0076     2        0.0175 UserPurge1: 1     3761   56.72%
      0     0        0.0076     2        0.0175 UserPurge1: 1     3762   56.72%
      0     0        0.0076     2        0.0175 UserPurge1: 1     3763   56.72%
      0     0        0.0076     2        0.0175 UserPurge1: 1     3764   56.72%
      0     0        0.0076     2        0.0175 UserPurge1: 1     3765   56.72%
      0     0        0.0076     2        0.0175 UserPurge1: 1     3766   56.72%
      0     0        0.0076     2        0.0175 UserPurge1: 1     3767   56.72%
      0     0        0.0076     2        0.0175 UserPurge1: 1     3768   56.72%
      0     0        0.0076     2        0.0175 UserPurge1: 1     3769   56.72%
      0     0        0.0076     2        0.0175 UserPurge1: 1     3770   56.72%
      0     0        0.0076     2        0.0175 UserPurge1: 1     3771   56.72%
      0     0        0.0076     2        0.0175 UserPurge1: 1     3772   56.72%
      0     0        0.0076     2        0.0175 UserPurge1: 1     3773   56.72%
      0     0        0.0076     2        0.0175 UserPurge1: 1     3774   56.72%
      0     0        0.0076     2        0.0175 UserPurge1: 1     3775   56.72%
      0     0        0.0076     2        0.0175 UserPurge1: 1     3776   56.72%
      0     0        0.0076     2        0.0175 UserPurge1: 1     3777   56.72%
      0     0        0.0076     2        0.0175 UserPurge1: 1     3778   56.72%
      0     0        0.0076     2        0.0175 UserPurge1: 1     3779   56.72%
      0     0        0.0076     2        0.0175 UserPurge1: 1     3780   56.72%
      0     0        0.0076     2        0.0175 UserPurge1: 1     3781   56.72%
      0     0        0.0076     2        0.0175 UserPurge1: 1     3782   56.72%
      0     0        0.0076     2        0.0175 UserPurge1: 1     3783   56.72%
      0     0        0.0076     2        0.0175 UserPurge1: 1     3784   56.72%
      0     0        0.0076     2        0.0175 UserPurge1: 1     3785   56.72%
      0     0        0.0076     2        0.0175 UserPurge1: 1     3786   56.72%
      0     0        0.0076     2        0.0175 UserPurge1: 1     3787   56.72%
      0     0        0.0076     2        0.0175 UserPurge1: 1     3788   56.72%
      0     0        0.0076     2        0.0175 UserPurge1: 1     3789   56.72%
      0     0        0.0076     2        0.0175 UserPurge1: 1     3790   56.72%
      0     0        0.0076     2        0.0175 UserPurge1: 1     3791   56.72%
      0     0        0.0076     2        0.0175 UserPurge1: 1     3792   56.72%
      0     0        0.0076     2        0.0175 UserPurge1: 1     3793   56.72%
      0     0        0.0076     2        0.0175 UserPurge1: 1     3794   56.72%
      0     0        0.0076     2        0.0175 UserPurge1: 1     3795   56.72%
      0     0        0.0076     2        0.0175 UserPurge1: 1     3796   56.72%
      0     0        0.0076     2        0.0175 UserPurge1: 1     3797   56.72%
      0     0        0.0076     2        0.0175 UserPurge1: 1     3798   56.72%
      0     0        0.0076     2        0.0175 UserPurge1: 1     3799   56.72%
      0     0        0.0076     2        0.0175 UserPurge1: 1     3800   56.72%
      0     0        0.0076     2        0.0175 UserPurge1: 1     3801   56.72%
      0     0        0.0076     2        0.0175 UserPurge1: 1     3802   56.72%
      0     0        0.0076     2        0.0175 UserPurge1: 1     3803   56.72%
      0     0        0.0076     2        0.0175 UserPurge1: 1     3804   56.72%
      0     0        0.0076     2        0.0175 UserPurge1: 1     3805   56.72%
      0     0        0.0076     2        0.0175 UserPurge1: 1     3806   56.72%
      0     0        0.0076     2        0.0175 UserPurge1: 1     3807   56.72%
      0     0        0.0076     2        0.0175 UserPurge1: 1     3808   56.72%
      0     0        0.0076     2        0.0175 UserPurge1: 1     3809   56.72%
      0     0        0.0076     2        0.0175 UserPurge1: 1     3810   56.72%
      0     0        0.0076     2        0.0175 UserPurge1: 1     3811   56.72%
      0     0        0.0076     2        0.0175 UserPurge1: 1     3812   56.72%
      0     0        0.0076     2        0.0175 UserPurge1: 1     3813   56.72%
      0     0        0.0076     2        0.0175 UserPurge1: 1     3814   56.72%
      0     0        0.0076     2        0.0175 UserPurge1: 1     3815   56.72%
      0     0        0.0076     2        0.0175 UserPurge1: 1     3816   56.72%
      0     0        0.0076     2        0.0175 UserPurge1: 1     3817   56.72%
      0     0        0.0076     2        0.0175 UserPurge1: 1     3818   56.72%
      0     0        0.0076     2        0.0175 UserPurge1: 1     3819   56.72%
      0     0        0.0076     2        0.0175 UserPurge1: 1     3820   56.72%
      0     0        0.0076     2        0.0175 UserPurge1: 1     3821   56.72%
      0     0        0.0076     2        0.0175 UserPurge1: 1     3822   56.72%
      0     0        0.0076     2        0.0175 UserPurge1: 1     3823   56.72%
      0     0        0.0076     2        0.0175 UserPurge1: 1     3824   56.72%
      0     0        0.0076     2        0.0175 UserPurge1: 1     3825   56.72%
      0     0        0.0076     2        0.0175 UserPurge1: 1     3826   56.72%
      0     0        0.0076     2        0.0175 UserPurge1: 1     3827   56.72%
      0     0        0.0076     2        0.0175 UserPurge1: 1     3828   56.72%
      0     0        0.0076     2        0.0175 UserPurge1: 1     3829   56.72%
      0     0        0.0076     2        0.0175 UserPurge1: 1     3830   56.72%
      0     0        0.0076     2        0.0175 UserPurge1: 1     3831   56.72%
      0     0        0.0076     2        0.0175 UserPurge1: 1     3832   56.72%
      0     0        0.0076     2        0.0175 UserPurge1: 1     3833   56.72%
      0     0        0.0076     2        0.0175 UserPurge1: 1     3834   56.72%
      0     0        0.0076     2        0.0175 UserPurge1: 1     3835   56.72%
      0     0        0.0076     2        0.0175 UserPurge1: 1     3836   56.72%
      0     0        0.0076     2        0.0175 UserPurge1: 1     3837   56.72%
      0     0        0.0076     2        0.0175 UserPurge1: 1     3838   56.72%
      0     0        0.0076     2        0.0175 UserPurge1: 1     3839   56.72%
      0     0        0.0076     2        0.0175 UserPurge1: 1     3840   56.72%
      0     0        0.0076     2        0.0175 UserPurge1: 1     3841   56.72%
      0     0        0.0076     2        0.0175 UserPurge1: 1     3842   56.72%
      0     0        0.0076     2        0.0175 UserPurge1: 1     3843   56.72%
      0     0        0.0076     2        0.0175 UserPurge1: 1     3844   56.72%
      0     0        0.0076     2        0.0175 UserPurge1: 1     3845   56.72%
      0     0        0.0076     2        0.0175 UserPurge1: 1     3846   56.72%
      0     0        0.0076     2        0.0175 UserPurge1: 1     3847   56.72%
      0     0        0.0076     2        0.0175 UserPurge1: 1     3848   56.72%
      0     0        0.0076     2        0.0175 UserPurge1: 1     3849   56.72%
      0     0        0.0076     2        0.0175 UserPurge1: 1     3850   56.72%
      0     0        0.0076     2        0.0175 UserPurge1: 1     3851   56.72%
      0     0        0.0076     2        0.0175 UserPurge1: 1     3852   56.72%
      0     0        0.0076     2        0.0175 UserPurge1: 1     3853   56.72%
      0     0        0.0076     2        0.0175 UserPurge1: 1     3854   56.72%
      0     0        0.0076     2        0.0175 UserPurge1: 1     3855   56.72%
      0     0        0.0076     2        0.0175 UserPurge1: 1     3856   56.72%
      0     0        0.0076     2        0.0175 UserPurge1: 1     3857   56.72%
      0     0        0.0076     2        0.0175 UserPurge1: 1     3858   56.72%
      0     0        0.0076     2        0.0175 UserPurge1: 1     3859   56.72%
      0     0        0.0076     2        0.0175 UserPurge1: 1     3860   56.72%
      0     0        0.0076     2        0.0175 UserPurge1: 1     3861   56.72%
      0     0        0.0076     2        0.0175 UserPurge1: 1     3862   56.72%
      0     0        0.0076     2        0.0175 UserPurge1: 1     3863   56.72%
      0     0        0.0076     2        0.0175 UserPurge1: 1     3864   56.72%
      0     0        0.0076     2        0.0175 UserPurge1: 1     3865   56.72%
      0     0        0.0076     2        0.0175 UserPurge1: 1     3866   56.72%
      0     0        0.0076     2        0.0175 UserPurge1: 1     3867   56.72%
      0     0        0.0076     2        0.0175 UserPurge1: 1     3868   56.72%
      0     0        0.0076     2        0.0175 UserPurge1: 1     3869   56.72%
      0     0        0.0076     2        0.0175 UserPurge1: 1     3870   56.72%
      0     0        0.0076     2        0.0175 UserPurge1: 1     3871   56.72%
      0     0        0.0076     2        0.0175 UserPurge1: 1     3872   56.72%
      0     0        0.0076     2        0.0175 UserPurge1: 1     3873   56.72%
      0     0        0.0076     2        0.0175 UserPurge1: 1     3874   56.72%
      0     0        0.0076     2        0.0175 UserPurge1: 1     3875   56.72%
      0     0        0.0076     2        0.0175 UserPurge1: 1     3876   56.72%
      0     0        0.0076     2        0.0175 UserPurge1: 1     3877   56.72%
      0     0        0.0076     2        0.0175 UserPurge1: 1     3878   56.72%
      0     0        0.0076     2        0.0175 UserPurge1: 1     3879   56.72%
      0     0        0.0076     2        0.0175 UserPurge1: 1     3880   56.72%
      0     0        0.0076     2        0.0175 UserPurge1: 1     3881   56.72%
      0     0        0.0076     2        0.0175 UserPurge1: 1     3882   56.72%
      0     0        0.0076     2        0.0175 UserPurge1: 1     3883   56.72%
      0     0        0.0076     2        0.0175 UserPurge1: 1     3884   56.72%
      0     0        0.0076     2        0.0175 UserPurge1: 1     3885   56.72%
      0     0        0.0076     2        0.0175 UserPurge1: 1     3886   56.72%
      0     0        0.0076     2        0.0175 UserPurge1: 1     3887   56.72%
      0     0        0.0076     2        0.0175 UserPurge1: 1     3888   56.72%
      0     0        0.0076     2        0.0175 UserPurge1: 1     3889   56.72%
      0     0        0.0076     2        0.0175 UserPurge1: 1     3890   56.72%
      0     0        0.0076     2        0.0175 UserPurge1: 1     3891   56.72%
      0     0        0.0076     2        0.0175 UserPurge1: 1     3892   56.72%
      0     0        0.0076     2        0.0175 UserPurge1: 1     3893   56.72%
      0     0        0.0076     2        0.0175 UserPurge1: 1     3894   56.72%
      0     0        0.0076     2        0.0175 UserPurge1: 1     3895   56.72%
      0     0        0.0076     2        0.0175 UserPurge1: 1     3896   56.72%
      0     0        0.0076     2        0.0175 UserPurge1: 1     3897   56.72%
      0     0        0.0076     2        0.0175 UserPurge1: 1     3898   56.72%
      0     0        0.0076     2        0.0175 UserPurge1: 1     3899   56.72%
      0     0        0.0076     2        0.0175 UserPurge1: 1     3900   56.72%
      0     0        0.0076     2        0.0175 UserPurge1: 1     3901   56.72%
      0     0        0.0076     2        0.0175 UserPurge1: 1     3902   56.72%
      0     0        0.0076     2        0.0175 UserPurge1: 1     3903   56.72%
      0     0        0.0076     2        0.0175 UserPurge1: 1     3904   56.72%
      0     0        0.0076     2        0.0175 UserPurge1: 1     3905   56.72%
      0     0        0.0076     2        0.0175 UserPurge1: 1     3906   56.72%
      0     0        0.0076     2        0.0175 UserPurge1: 1     3907   56.72%
      0     0        0.0076     2        0.0175 UserPurge1: 1     3908   56.72%
      0     0        0.0076     2        0.0175 UserPurge1: 1     3909   56.72%
      0     0        0.0076     2        0.0175 UserPurge1: 1     3910   56.72%
      0     0        0.0076     2        0.0175 UserPurge1: 1     3911   56.72%
      0     0        0.0076     2        0.0175 UserPurge1: 1     3912   56.72%
      0     0        0.0076     2        0.0175 UserPurge1: 1     3913   56.72%
      0     0        0.0076     2        0.0175 UserPurge1: 1     3914   56.72%
      0     0        0.0076     2        0.0175 UserPurge1: 1     3915   56.72%
      0     0        0.0076     2        0.0175 UserPurge1: 1     3916   56.72%
      0     0        0.0076     2        0.0175 UserPurge1: 1     3917   56.72%
      0     0        0.0076     2        0.0175 UserPurge1: 1     3918   56.72%
      0     0        0.0076     2        0.0175 UserPurge1: 1     3919   56.72%
      0     0        0.0076     2        0.0175 UserPurge1: 1     3920   56.72%
      0     0        0.0076     2        0.0175 UserPurge1: 1     3921   56.72%
      0     0        0.0076     2        0.0175 UserPurge1: 1     3922   56.72%
      0     0        0.0076     2        0.0175 UserPurge1: 1     3923   56.72%
      0     0        0.0076     2        0.0175 UserPurge1: 1     3924   56.72%
      0     0        0.0076     2        0.0175 UserPurge1: 1     3925   56.72%
      0     0        0.0076     2        0.0175 UserPurge1: 1     3926   56.72%
      0     0        0.0076     2        0.0175 UserPurge1: 1     3927   56.72%
      0     0        0.0076     2        0.0175 UserPurge1: 1     3928   56.72%
      0     0        0.0076     2        0.0175 UserPurge1: 1     3929   56.72%
      0     0        0.0076     2        0.0175 UserPurge1: 1     3930   56.72%
      0     0        0.0076     2        0.0175 UserPurge1: 1     3931   56.72%
      0     0        0.0076     2        0.0175 UserPurge1: 1     3932   56.72%
      0     0        0.0076     2        0.0175 UserPurge1: 1     3933   56.72%
      0     0        0.0076     2        0.0175 UserPurge1: 1     3934   56.72%
      0     0        0.0076     2        0.0175 UserPurge1: 1     3935   56.72%
      0     0        0.0076     2        0.0175 UserPurge1: 1     3936   56.72%
      0     0        0.0076     2        0.0175 UserPurge1: 1     3937   56.72%
      0     0        0.0076     2        0.0175 UserPurge1: 1     3938   56.72%
      0     0        0.0076     2        0.0175 UserPurge1: 1     3939   56.72%
      0     0        0.0076     2        0.0175 UserPurge1: 1     3940   56.72%
      0     0        0.0076     2        0.0175 UserPurge1: 1     3941   56.72%
      0     0        0.0076     2        0.0175 UserPurge1: 1     3942   56.72%
      0     0        0.0076     2        0.0175 UserPurge1: 1     3943   56.72%
      0     0        0.0076     2        0.0175 UserPurge1: 1     3944   56.72%
      0     0        0.0076     2        0.0175 UserPurge1: 1     3945   56.72%
      0     0        0.0076     2        0.0175 UserPurge1: 1     3946   56.72%
      0     0        0.0076     2        0.0175 UserPurge1: 1     3947   56.72%
      0     0        0.0076     2        0.0175 UserPurge1: 1     3948   56.72%
      0     0        0.0076     2        0.0175 UserPurge1: 1     3949   56.72%
      0     0        0.0076     2        0.0175 UserPurge1: 1     3950   56.72%
      0     0        0.0076     2        0.0175 UserPurge1: 1     3951   56.72%
      0     0        0.0076     2        0.0175 UserPurge1: 1     3952   56.72%
      0     0        0.0076     2        0.0175 UserPurge1: 1     3953   56.72%
      0     0        0.0076     2        0.0175 UserPurge1: 1     3954   56.72%
      0     0        0.0076     2        0.0175 UserPurge1: 1     3955   56.72%
      0     0        0.0076     2        0.0175 UserPurge1: 1     3956   56.72%
      0     0        0.0076     2        0.0175 UserPurge1: 1     3957   56.72%
      0     0        0.0076     2        0.0175 UserPurge1: 1     3958   56.72%
      0     0        0.0076     2        0.0175 UserPurge1: 1     3959   56.72%
      0     0        0.0076     2        0.0175 UserPurge1: 1     3960   56.72%
      0     0        0.0076     2        0.0175 UserPurge1: 1     3961   56.72%
      0     0        0.0076     2        0.0175 UserPurge1: 1     3962   56.72%
      0     0        0.0076     2        0.0175 UserPurge1: 1     3963   56.72%
      0     0        0.0076     2        0.0175 UserPurge1: 1     3964   56.72%
      0     0        0.0076     2        0.0175 UserPurge1: 1     3965   56.72%
      0     0        0.0076     2        0.0175 UserPurge1: 1     3966   56.72%
      0     0        0.0076     2        0.0175 UserPurge1: 1     3967   56.72%
      0     0        0.0076     2        0.0175 UserPurge1: 1     3968   56.72%
      0     0        0.0076     2        0.0175 UserPurge1: 1     3969   56.72%
      0     0        0.0076     2        0.0175 UserPurge1: 1     3970   56.72%
      0     0        0.0076     2        0.0175 UserPurge1: 1     3971   56.72%
      0     0        0.0076     2        0.0175 UserPurge1: 1     3972   56.72%
      0     0        0.0076     2        0.0175 UserPurge1: 1     3973   56.72%
      0     0        0.0076     2        0.0175 UserPurge1: 1     3974   56.72%
      0     0        0.0076     2        0.0175 UserPurge1: 1     3975   56.72%
      0     0        0.0076     2        0.0175 UserPurge1: 1     3976   56.72%
      0     0        0.0076     2        0.0175 UserPurge1: 1     3977   56.72%
      0     0        0.0076     2        0.0175 UserPurge1: 1     3978   56.72%
      0     0        0.0076     2        0.0175 UserPurge1: 1     3979   56.72%
      0     0        0.0076     2        0.0175 UserPurge1: 1     3980   56.72%
      0     0        0.0076     2        0.0175 UserPurge1: 1     3981   56.72%
      0     0        0.0076     2        0.0175 UserPurge1: 1     3982   56.72%
      0     0        0.0076     2        0.0175 UserPurge1: 1     3983   56.72%
      0     0        0.0076     2        0.0175 UserPurge1: 1     3984   56.72%
      0     0        0.0076     2        0.0175 UserPurge1: 1     3985   56.72%
      0     0        0.0076     2        0.0175 UserPurge1: 1     3986   56.72%
      0     0        0.0076     2        0.0175 UserPurge1: 1     3987   56.72%
      0     0        0.0076     2        0.0175 UserPurge1: 1     3988   56.72%
      0     0        0.0076     2        0.0175 UserPurge1: 1     3989   56.72%
      0     0        0.0076     2        0.0175 UserPurge1: 1     3990   56.72%
      0     0        0.0076     2        0.0175 UserPurge1: 1     3991   56.72%
      0     0        0.0076     2        0.0175 UserPurge1: 1     3992   56.72%
      0     0        0.0076     2        0.0175 UserPurge1: 1     3993   56.72%
      0     0        0.0076     2        0.0175 UserPurge1: 1     3994   56.72%
      0     0        0.0076     2        0.0175 UserPurge1: 1     3995   56.72%
      0     0        0.0076     2        0.0175 UserPurge1: 1     3996   56.72%
      0     0        0.0076     2        0.0175 UserPurge1: 1     3997   56.72%
      0     0        0.0076     2        0.0175 UserPurge1: 1     3998   56.72%
      0     0        0.0076     2        0.0175 UserPurge1: 1     3999   56.72%
      0     0        0.0076     2        0.0175 UserPurge1: 1     4000   56.72%
      0     0        0.0076     2        0.0175 UserPurge1: 1     4001   56.72%
      0     0        0.0076     2        0.0175 UserPurge1: 1     4002   56.72%
      0     0        0.0076     2        0.0175 UserPurge1: 1     4003   56.72%
      0     0        0.0076     2        0.0175 UserPurge1: 1     4004   56.72%
      0     0        0.0076     2        0.0175 UserPurge1: 1     4005   56.72%
      0     0        0.0076     2        0.0175 UserPurge1: 1     4006   56.72%
      0     0        0.0076     2        0.0175 UserPurge1: 1     4007   56.72%
      0     0        0.0076     2        0.0175 UserPurge1: 1     4008   56.72%
      0     0        0.0076     2        0.0175 UserPurge1: 1     4009   56.72%
      0     0        0.0076     2        0.0175 UserPurge1: 1     4010   56.72%
      0     0        0.0076     2        0.0175 UserPurge1: 1     4011   56.72%
      0     0        0.0076     2        0.0175 UserPurge1: 1     4012   56.72%
      0     0        0.0076     2        0.0175 UserPurge1: 1     4013   56.72%
      0     0        0.0076     2        0.0175 UserPurge1: 1     4014   56.72%
      0     0        0.0076     2        0.0175 UserPurge1: 1     4015   56.72%
      0     0        0.0076     2        0.0175 UserPurge1: 1     4016   56.72%
      0     0        0.0076     2        0.0175 UserPurge1: 1     4017   56.72%
      0     0        0.0076     2        0.0175 UserPurge1: 1     4018   56.72%
      0     0        0.0076     2        0.0175 UserPurge1: 1     4019   56.72%
      0     0        0.0076     2        0.0175 UserPurge1: 1     4020   56.72%
      0     0        0.0076     2        0.0175 UserPurge1: 1     4021   56.72%
      0     0        0.0076     2        0.0175 UserPurge1: 1     4022   56.72%
      0     0        0.0076     2        0.0175 UserPurge1: 1     4023   56.72%
      0     0        0.0076     2        0.0175 UserPurge1: 1     4024   56.72%
      0     0        0.0076     2        0.0175 UserPurge1: 1     4025   56.72%
      0     0        0.0076     2        0.0175 UserPurge1: 1     4026   56.72%
      0     0        0.0076     2        0.0175 UserPurge1: 1     4027   56.72%
      0     0        0.0076     2        0.0175 UserPurge1: 1     4028   56.72%
      0     0        0.0076     2        0.0175 UserPurge1: 1     4029   56.72%
      0     0        0.0076     2        0.0175 UserPurge1: 1     4030   56.72%
      0     0        0.0076     2        0.0175 UserPurge1: 1     4031   56.72%
      0     0        0.0076     2        0.0175 UserPurge1: 1     4032   56.72%
      0     0        0.0076     2        0.0175 UserPurge1: 1     4033   56.72%
      0     0        0.0076     2        0.0175 UserPurge1: 1     4034   56.72%
      0     0        0.0076     2        0.0175 UserPurge1: 1     4035   56.72%
      0     0        0.0076     2        0.0175 UserPurge1: 1     4036   56.72%
      0     0        0.0076     2        0.0175 UserPurge1: 1     4037   56.72%
      0     0        0.0076     2        0.0175 UserPurge1: 1     4038   56.72%
      0     0        0.0076     2        0.0175 UserPurge1: 1     4039   56.72%
      0     0        0.0076     2        0.0175 UserPurge1: 1     4040   56.72%
      0     0        0.0076     2        0.0175 UserPurge1: 1     4041   56.72%
      0     0        0.0076     2        0.0175 UserPurge1: 1     4042   56.72%
      0     0        0.0076     2        0.0175 UserPurge1: 1     4043   56.72%
      0     0        0.0076     2        0.0175 UserPurge1: 1     4044   56.72%
      0     0        0.0076     2        0.0175 UserPurge1: 1     4045   56.72%
      0     0        0.0076     2        0.0175 UserPurge1: 1     4046   56.72%
      0     0        0.0076     2        0.0175 UserPurge1: 1     4047   56.72%
      0     0        0.0076     2        0.0175 UserPurge1: 1     4048   56.72%
      0     0        0.0076     2        0.0175 UserPurge1: 1     4049   56.72%
      0     0        0.0076     2        0.0175 UserPurge1: 1     4050   56.72%
      0     0        0.0076     2        0.0175 UserPurge1: 1     4051   56.72%
      0     0        0.0076     2        0.0175 UserPurge1: 1     4052   56.72%
      0     0        0.0076     2        0.0175 UserPurge1: 1     4053   56.72%
      0     0        0.0076     2        0.0175 UserPurge1: 1     4054   56.72%
      0     0        0.0076     2        0.0175 UserPurge1: 1     4055   56.72%
      0     0        0.0076     2        0.0175 UserPurge1: 1     4056   56.72%
      0     0        0.0076     2        0.0175 UserPurge1: 1     4057   56.72%
      0     0        0.0076     2        0.0175 UserPurge1: 1     4058   56.72%
      0     0        0.0076     2        0.0175 UserPurge1: 1     4059   56.72%
      0     0        0.0076     2        0.0175 UserPurge1: 1     4060   56.72%
      0     0        0.0076     2        0.0175 UserPurge1: 1     4061   56.72%
      0     0        0.0076     2        0.0175 UserPurge1: 1     4062   56.72%
      0     0        0.0076     2        0.0175 UserPurge1: 1     4063   56.72%
      0     0        0.0076     2        0.0175 UserPurge1: 1     4064   56.72%
      0     0        0.0076     2        0.0175 UserPurge1: 1     4065   56.72%
      0     0        0.0076     2        0.0175 UserPurge1: 1     4066   56.72%
      0     0        0.0076     2        0.0175 UserPurge1: 1     4067   56.72%
      0     0        0.0076     2        0.0175 UserPurge1: 1     4068   56.72%
      0     0        0.0076     2        0.0175 UserPurge1: 1     4069   56.72%
      0     0        0.0076     2        0.0175 UserPurge1: 1     4070   56.72%
      0     0        0.0076     2        0.0175 UserPurge1: 1     4071   56.72%
      0     0        0.0076     2        0.0175 UserPurge1: 1     4072   56.72%
      0     0        0.0076     2        0.0175 UserPurge1: 1     4073   56.72%
      0     0        0.0076     2        0.0175 UserPurge1: 1     4074   56.72%
      0     0        0.0076     2        0.0175 UserPurge1: 1     4075   56.72%
      0     0        0.0076     2        0.0175 UserPurge1: 1     4076   56.72%
      0     0        0.0076     2        0.0175 UserPurge1: 1     4077   56.72%
      0     0        0.0076     2        0.0175 UserPurge1: 1     4078   56.72%
      0     0        0.0076     2        0.0175 UserPurge1: 1     4079   56.72%
      0     0        0.0076     2        0.0175 UserPurge1: 1     4080   56.72%
      0     0        0.0076     2        0.0175 UserPurge1: 1     4081   56.72%
      0     0        0.0076     2        0.0175 UserPurge1: 1     4082   56.72%
      0     0        0.0076     2        0.0175 UserPurge1: 1     4083   56.72%
      0     0        0.0076     2        0.0175 UserPurge1: 1     4084   56.72%
      0     0        0.0076     2        0.0175 UserPurge1: 1     4085   56.72%
      0     0        0.0076     2        0.0175 UserPurge1: 1     4086   56.72%
      0     0        0.0076     2        0.0175 UserPurge1: 1     4087   56.72%
      0     0        0.0076     2        0.0175 UserPurge1: 1     4088   56.72%
      0     0        0.0076     2        0.0175 UserPurge1: 1     4089   56.72%
      0     0        0.0076     2        0.0175 UserPurge1: 1     4090   56.72%
      0     0        0.0076     2        0.0175 UserPurge1: 1     4091   56.72%
      0     0        0.0076     2        0.0175 UserPurge1: 1     4092   56.72%
      0     0        0.0076     2        0.0175 UserPurge1: 1     4093   56.72%
      0     0        0.0076     2        0.0175 UserPurge1: 1     4094   56.72%
      0     0        0.0076     2        0.0175 UserPurge1: 1     4095   56.72%
      0     0        0.0076     2        0.0175 UserPurge1: 1     4096   56.72%
      0     0        0.0076     2        0.0175 UserPurge1: 1     4097   56.72%
      0     0        0.0076     2        0.0175 UserPurge1: 1     4098   56.72%
      0     0        0.0076     2        0.0175 UserPurge1: 1     4099   56.72%
      0     0        0.0076     2        0.0175 UserPurge1: 1     4100   56.72%
      0     0        0.0076     2        0.0175 UserPurge1: 1     4101   56.72%
      0     0        0.0076     2        0.0175 UserPurge1: 1     4102   56.72%
      0     0        0.0076     2        0.0175 UserPurge1: 1     4103   56.72%
      0     0        0.0076     2        0.0175 UserPurge1: 1     4104   56.72%
      0     0        0.0076     2        0.0175 UserPurge1: 1     4105   56.72%
      0     0        0.0076     2        0.0175 UserPurge1: 1     4106   56.72%
      0     0        0.0076     2        0.0175 UserPurge1: 1     4107   56.72%
      0     0        0.0076     2        0.0175 UserPurge1: 1     4108   56.72%
      0     0        0.0076     2        0.0175 UserPurge1: 1     4109   56.72%
      0     0        0.0076     2        0.0175 UserPurge1: 1     4110   56.72%
      0     0        0.0076     2        0.0175 UserPurge1: 1     4111   56.72%
      0     0        0.0076     2        0.0175 UserPurge1: 1     4112   56.72%
      0     0        0.0076     2        0.0175 UserPurge1: 1     4113   56.72%
      0     0        0.0076     2        0.0175 UserPurge1: 1     4114   56.72%
      0     0        0.0076     2        0.0175 UserPurge1: 1     4115   56.72%
      0     0        0.0076     2        0.0175 UserPurge1: 1     4116   56.72%
      0     0        0.0076     2        0.0175 UserPurge1: 1     4117   56.72%
      0     0        0.0076     2        0.0175 UserPurge1: 1     4118   56.72%
      0     0        0.0076     2        0.0175 UserPurge1: 1     4119   56.72%
      0     0        0.0076     2        0.0175 UserPurge1: 1     4120   56.72%
      0     0        0.0076     2        0.0175 UserPurge1: 1     4121   56.72%
      0     0        0.0076     2        0.0175 UserPurge1: 1     4122   56.72%
      0     0        0.0076     2        0.0175 UserPurge1: 1     4123   56.72%
      0     0        0.0076     2        0.0175 UserPurge1: 1     4124   56.72%
      0     0        0.0076     2        0.0175 UserPurge1: 1     4125   56.72%
      0     0        0.0076     2        0.0175 UserPurge1: 1     4126   56.72%
      0     0        0.0076     2        0.0175 UserPurge1: 1     4127   56.72%
      0     0        0.0076     2        0.0175 UserPurge1: 1     4128   56.72%
      0     0        0.0076     2        0.0175 UserPurge1: 1     4129   56.72%
      0     0        0.0076     2        0.0175 UserPurge1: 1     4130   56.72%
      0     0        0.0076     2        0.0175 UserPurge1: 1     4131   56.72%
      0     0        0.0076     2        0.0175 UserPurge1: 1     4132   56.72%
      0     0        0.0076     2        0.0175 UserPurge1: 1     4133   56.72%
      0     0        0.0076     2        0.0175 UserPurge1: 1     4134   56.72%
      0     0        0.0076     2        0.0175 UserPurge1: 1     4135   56.72%
      0     0        0.0076     2        0.0175 UserPurge1: 1     4136   56.72%
      0     0        0.0076     2        0.0175 UserPurge1: 1     4137   56.72%
      0     0        0.0076     2        0.0175 UserPurge1: 1     4138   56.72%
      0     0        0.0076     2        0.0175 UserPurge1: 1     4139   56.72%
      0     0        0.0076     2        0.0175 UserPurge1: 1     4140   56.72%
      0     0        0.0076     2        0.0175 UserPurge1: 1     4141   56.72%
      0     0        0.0076     2        0.0175 UserPurge1: 1     4142   56.72%
      0     0        0.0076     2        0.0175 UserPurge1: 1     4143   56.72%
      0     0        0.0076     2        0.0175 UserPurge1: 1     4144   56.72%
      0     0        0.0076     2        0.0175 UserPurge1: 1     4145   56.72%
      0     0        0.0076     2        0.0175 UserPurge1: 1     4146   56.72%
      0     0        0.0076     2        0.0175 UserPurge1: 1     4147   56.72%
      0     0        0.0076     2        0.0175 UserPurge1: 1     4148   56.72%
      0     0        0.0076     2        0.0175 UserPurge1: 1     4149   56.72%
      0     0        0.0076     2        0.0175 UserPurge1: 1     4150   56.72%
      0     0        0.0076     2        0.0175 UserPurge1: 1     4151   56.72%
      0     0        0.0076     2        0.0175 UserPurge1: 1     4152   56.72%
      0     0        0.0076     2        0.0175 UserPurge1: 1     4153   56.72%
      0     0        0.0076     2        0.0175 UserPurge1: 1     4154   56.72%
      0     0        0.0076     2        0.0175 UserPurge1: 1     4155   56.72%
      0     0        0.0076     2        0.0175 UserPurge1: 1     4156   56.72%
      0     0        0.0076     2        0.0175 UserPurge1: 1     4157   56.72%
      0     0        0.0076     2        0.0175 UserPurge1: 1     4158   56.72%
      0     0        0.0076     2        0.0175 UserPurge1: 1     4159   56.72%
      0     0        0.0076     2        0.0175 UserPurge1: 1     4160   56.72%
      0     0        0.0076     2        0.0175 UserPurge1: 1     4161   56.72%
      0     0        0.0076     2        0.0175 UserPurge1: 1     4162   56.72%
      0     0        0.0076     2        0.0175 UserPurge1: 1     4163   56.72%
      0     0        0.0076     2        0.0175 UserPurge1: 1     4164   56.72%
      0     0        0.0076     2        0.0175 UserPurge1: 1     4165   56.72%
      0     0        0.0076     2        0.0175 UserPurge1: 1     4166   56.72%
      0     0        0.0076     2        0.0175 UserPurge1: 1     4167   56.72%
      0     0        0.0076     2        0.0175 UserPurge1: 1     4168   56.72%
      0     0        0.0076     2        0.0175 UserPurge1: 1     4169   56.72%
      0     0        0.0076     2        0.0175 UserPurge1: 1     4170   56.72%
      0     0        0.0076     2        0.0175 UserPurge1: 1     4171   56.72%
      0     0        0.0076     2        0.0175 UserPurge1: 1     4172   56.72%
      0     0        0.0076     2        0.0175 UserPurge1: 1     4173   56.72%
      0     0        0.0076     2        0.0175 UserPurge1: 1     4174   56.72%
      0     0        0.0076     2        0.0175 UserPurge1: 1     4175   56.72%
      0     0        0.0076     2        0.0175 UserPurge1: 1     4176   56.72%
      0     0        0.0076     2        0.0175 UserPurge1: 1     4177   56.72%
      0     0        0.0076     2        0.0175 UserPurge1: 1     4178   56.72%
      0     0        0.0076     2        0.0175 UserPurge1: 1     4179   56.72%
      0     0        0.0076     2        0.0175 UserPurge1: 1     4180   56.72%
      0     0        0.0076     2        0.0175 UserPurge1: 1     4181   56.72%
      0     0        0.0076     2        0.0175 UserPurge1: 1     4182   56.72%
      0     0        0.0076     2        0.0175 UserPurge1: 1     4183   56.72%
      0     0        0.0076     2        0.0175 UserPurge1: 1     4184   56.72%
      0     0        0.0076     2        0.0175 UserPurge1: 1     4185   56.72%
      0     0        0.0076     2        0.0175 UserPurge1: 1     4186   56.72%
      0     0        0.0076     2        0.0175 UserPurge1: 1     4187   56.72%
      0     0        0.0076     2        0.0175 UserPurge1: 1     4188   56.72%
      0     0        0.0076     2        0.0175 UserPurge1: 1     4189   56.72%
      0     0        0.0076     2        0.0175 UserPurge1: 1     4190   56.72%
      0     0        0.0076     2        0.0175 UserPurge1: 1     4191   56.72%
      0     0        0.0076     2        0.0175 UserPurge1: 1     4192   56.72%
      0     0        0.0076     2        0.0175 UserPurge1: 1     4193   56.72%
      0     0        0.0076     2        0.0175 UserPurge1: 1     4194   56.72%
      0     0        0.0076     2        0.0175 UserPurge1: 1     4195   56.72%
      0     0        0.0076     2        0.0175 UserPurge1: 1     4196   56.72%
      0     0        0.0076     2        0.0175 UserPurge1: 1     4197   56.72%
      0     0        0.0076     2        0.0175 UserPurge1: 1     4198   56.72%
      0     0        0.0076     2        0.0175 UserPurge1: 1     4199   56.72%
      0     0        0.0076     2        0.0175 UserPurge1: 1     4200   56.72%
      0     0        0.0076     2        0.0175 UserPurge1: 1     4201   56.72%
      0     0        0.0076     2        0.0175 UserPurge1: 1     4202   56.72%
      0     0        0.0076     2        0.0175 UserPurge1: 1     4203   56.72%
      0     0        0.0076     2        0.0175 UserPurge1: 1     4204   56.72%
      0     0        0.0076     2        0.0175 UserPurge1: 1     4205   56.72%
      0     0        0.0076     2        0.0175 UserPurge1: 1     4206   56.72%
      0     0        0.0076     2        0.0175 UserPurge1: 1     4207   56.72%
      0     0        0.0076     2        0.0175 UserPurge1: 1     4208   56.72%
      0     0        0.0076     2        0.0175 UserPurge1: 1     4209   56.72%
      0     0        0.0076     2        0.0175 UserPurge1: 1     4210   56.72%
      0     0        0.0076     2        0.0175 UserPurge1: 1     4211   56.72%
      0     0        0.0076     2        0.0175 UserPurge1: 1     4212   56.72%
      0     0        0.0076     2        0.0175 UserPurge1: 1     4213   56.72%
      0     0        0.0076     2        0.0175 UserPurge1: 1     4214   56.72%
      0     0        0.0076     2        0.0175 UserPurge1: 1     4215   56.72%
      0     0        0.0076     2        0.0175 UserPurge1: 1     4216   56.72%
      0     0        0.0076     2        0.0175 UserPurge1: 1     4217   56.72%
      0     0        0.0076     2        0.0175 UserPurge1: 1     4218   56.72%
      0     0        0.0076     2        0.0175 UserPurge1: 1     4219   56.72%
      0     0        0.0076     2        0.0175 UserPurge1: 1     4220   56.72%
      0     0        0.0076     2        0.0175 UserPurge1: 1     4221   56.72%
      0     0        0.0076     2        0.0175 UserPurge1: 1     4222   56.72%
      0     0        0.0076     2        0.0175 UserPurge1: 1     4223   56.72%
      0     0        0.0076     2        0.0175 UserPurge1: 1     4224   56.72%
      0     0        0.0076     2        0.0175 UserPurge1: 1     4225   56.72%
      0     0        0.0076     2        0.0175 UserPurge1: 1     4226   56.72%
      0     0        0.0076     2        0.0175 UserPurge1: 1     4227   56.72%
      0     0        0.0076     2        0.0175 UserPurge1: 1     4228   56.72%
      0     0        0.0076     2        0.0175 UserPurge1: 1     4229   56.72%
      0     0        0.0076     2        0.0175 UserPurge1: 1     4230   56.72%
      0     0        0.0076     2        0.0175 UserPurge1: 1     4231   56.72%
      0     0        0.0076     2        0.0175 UserPurge1: 1     4232   56.72%
      0     0        0.0076     2        0.0175 UserPurge1: 1     4233   56.72%
      0     0        0.0076     2        0.0175 UserPurge1: 1     4234   56.72%
      0     0        0.0076     2        0.0175 UserPurge1: 1     4235   56.72%
      0     0        0.0076     2        0.0175 UserPurge1: 1     4236   56.72%
      0     0        0.0076     2        0.0175 UserPurge1: 1     4237   56.72%
      0     0        0.0076     2        0.0175 UserPurge1: 1     4238   56.72%
      0     0        0.0076     2        0.0175 UserPurge1: 1     4239   56.72%
      0     0        0.0076     2        0.0175 UserPurge1: 1     4240   56.72%
      0     0        0.0076     2        0.0175 UserPurge1: 1     4241   56.72%
      0     0        0.0076     2        0.0175 UserPurge1: 1     4242   56.72%
      0     0        0.0076     2        0.0175 UserPurge1: 1     4243   56.72%
      0     0        0.0076     2        0.0175 UserPurge1: 1     4244   56.72%
      0     0        0.0076     2        0.0175 UserPurge1: 1     4245   56.72%
      0     0        0.0076     2        0.0175 UserPurge1: 1     4246   56.72%
      0     0        0.0076     2        0.0175 UserPurge1: 1     4247   56.72%
      0     0        0.0076     2        0.0175 UserPurge1: 1     4248   56.72%
      0     0        0.0076     2        0.0175 UserPurge1: 1     4249   56.72%
      0     0        0.0076     2        0.0175 UserPurge1: 1     4250   56.72%
      0     0        0.0076     2        0.0175 UserPurge1: 1     4251   56.72%
      0     0        0.0076     2        0.0175 UserPurge1: 1     4252   56.72%
      0     0        0.0076     2        0.0175 UserPurge1: 1     4253   56.72%
      0     0        0.0076     2        0.0175 UserPurge1: 1     4254   56.72%
      0     0        0.0076     2        0.0175 UserPurge1: 1     4255   56.72%
      0     0        0.0076     2        0.0175 UserPurge1: 1     4256   56.72%
      0     0        0.0076     2        0.0175 UserPurge1: 1     4257   56.72%
      0     0        0.0076     2        0.0175 UserPurge1: 1     4258   56.72%
      0     0        0.0076     2        0.0175 UserPurge1: 1     4259   56.72%
      0     0        0.0076     2        0.0175 UserPurge1: 1     4260   56.72%
      0     0        0.0076     2        0.0175 UserPurge1: 1     4261   56.72%
      0     0        0.0076     2        0.0175 UserPurge1: 1     4262   56.72%
      0     0        0.0076     2        0.0175 UserPurge1: 1     4263   56.72%
      0     0        0.0076     2        0.0175 UserPurge1: 1     4264   56.72%
      0     0        0.0076     2        0.0175 UserPurge1: 1     4265   56.72%
      0     0        0.0076     2        0.0175 UserPurge1: 1     4266   56.72%
      0     0        0.0076     2        0.0175 UserPurge1: 1     4267   56.72%
      0     0        0.0076     2        0.0175 UserPurge1: 1     4268   56.72%
      0     0        0.0076     2        0.0175 UserPurge1: 1     4269   56.72%
      0     0        0.0076     2        0.0175 UserPurge1: 1     4270   56.72%
      0     0        0.0076     2        0.0175 UserPurge1: 1     4271   56.72%
      0     0        0.0076     2        0.0175 UserPurge1: 1     4272   56.72%
      0     0        0.0076     2        0.0175 UserPurge1: 1     4273   56.72%
      0     0        0.0076     2        0.0175 UserPurge1: 1     4274   56.72%
      0     0        0.0076     2        0.0175 UserPurge1: 1     4275   56.72%
      0     0        0.0076     2        0.0175 UserPurge1: 1     4276   56.72%
      0     0        0.0076     2        0.0175 UserPurge1: 1     4277   56.72%
      0     0        0.0076     2        0.0175 UserPurge1: 1     4278   56.72%
      0     0        0.0076     2        0.0175 UserPurge1: 1     4279   56.72%
      0     0        0.0076     2        0.0175 UserPurge1: 1     4280   56.72%
      0     0        0.0076     2        0.0175 UserPurge1: 1     4281   56.72%
      0     0        0.0076     2        0.0175 UserPurge1: 1     4282   56.72%
      0     0        0.0076     2        0.0175 UserPurge1: 1     4283   56.72%
      0     0        0.0076     2        0.0175 UserPurge1: 1     4284   56.72%
      0     0        0.0076     2        0.0175 UserPurge1: 1     4285   56.72%
      0     0        0.0076     2        0.0175 UserPurge1: 1     4286   56.72%
      0     0        0.0076     2        0.0175 UserPurge1: 1     4287   56.72%
      0     0        0.0076     2        0.0175 UserPurge1: 1     4288   56.72%
      0     0        0.0076     2        0.0175 UserPurge1: 1     4289   56.72%
      0     0        0.0076     2        0.0175 UserPurge1: 1     4290   56.72%
      0     0        0.0076     2        0.0175 UserPurge1: 1     4291   56.72%
      0     0        0.0076     2        0.0175 UserPurge1: 1     4292   56.72%
      0     0        0.0076     2        0.0175 UserPurge1: 1     4293   56.72%
      0     0        0.0076     2        0.0175 UserPurge1: 1     4294   56.72%
      0     0        0.0076     2        0.0175 UserPurge1: 1     4295   56.72%
      0     0        0.0076     2        0.0175 UserPurge1: 1     4296   56.72%
      0     0        0.0076     2        0.0175 UserPurge1: 1     4297   56.72%
      0     0        0.0076     2        0.0175 UserPurge1: 1     4298   56.72%
      0     0        0.0076     2        0.0175 UserPurge1: 1     4299   56.72%
      0     0        0.0076     2        0.0175 UserPurge1: 1     4300   56.72%
      0     0        0.0076     2        0.0175 UserPurge1: 1     4301   56.72%
      0     0        0.0076     2        0.0175 UserPurge1: 1     4302   56.72%
      0     0        0.0076     2        0.0175 UserPurge1: 1     4303   56.72%
      0     0        0.0076     2        0.0175 UserPurge1: 1     4304   56.72%
      0     0        0.0076     2        0.0175 UserPurge1: 1     4305   56.72%
      0     0        0.0076     2        0.0175 UserPurge1: 1     4306   56.72%
      0     0        0.0076     2        0.0175 UserPurge1: 1     4307   56.72%
      0     0        0.0076     2        0.0175 UserPurge1: 1     4308   56.72%
      0     0        0.0076     2        0.0175 UserPurge1: 1     4309   56.72%
      0     0        0.0076     2        0.0175 UserPurge1: 1     4310   56.72%
      0     0        0.0076     2        0.0175 UserPurge1: 1     4311   56.72%
      0     0        0.0076     2        0.0175 UserPurge1: 1     4312   56.72%
      0     0        0.0076     2        0.0175 UserPurge1: 1     4313   56.72%
      0     0        0.0076     2        0.0175 UserPurge1: 1     4314   56.72%
      0     0        0.0076     2        0.0175 UserPurge1: 1     4315   56.72%
      0     0        0.0076     2        0.0175 UserPurge1: 1     4316   56.72%
      0     0        0.0076     2        0.0175 UserPurge1: 1     4317   56.72%
      0     0        0.0076     2        0.0175 UserPurge1: 1     4318   56.72%
      0     0        0.0076     2        0.0175 UserPurge1: 1     4319   56.72%
      0     0        0.0076     2        0.0175 UserPurge1: 1     4320   56.72%
      0     0        0.0076     2        0.0175 UserPurge1: 1     4321   56.72%
      0     0        0.0076     2        0.0175 UserPurge1: 1     4322   56.72%
      0     0        0.0076     2        0.0175 UserPurge1: 1     4323   56.72%
      0     0        0.0076     2        0.0175 UserPurge1: 1     4324   56.72%
      0     0        0.0076     2        0.0175 UserPurge1: 1     4325   56.72%
      0     0        0.0076     2        0.0175 UserPurge1: 1     4326   56.72%
      0     0        0.0076     2        0.0175 UserPurge1: 1     4327   56.72%
      0     0        0.0076     2        0.0175 UserPurge1: 1     4328   56.72%
      0     0        0.0076     2        0.0175 UserPurge1: 1     4329   56.72%
      0     0        0.0076     2        0.0175 UserPurge1: 1     4330   56.72%
      0     0        0.0076     2        0.0175 UserPurge1: 1     4331   56.72%
      0     0        0.0076     2        0.0175 UserPurge1: 1     4332   56.72%
      0     0        0.0076     2        0.0175 UserPurge1: 1     4333   56.72%
      0     0        0.0076     2        0.0175 UserPurge1: 1     4334   56.72%
      0     0        0.0076     2        0.0175 UserPurge1: 1     4335   56.72%
      0     0        0.0076     2        0.0175 UserPurge1: 1     4336   56.72%
      0     0        0.0076     2        0.0175 UserPurge1: 1     4337   56.72%
      0     0        0.0076     2        0.0175 UserPurge1: 1     4338   56.72%
      0     0        0.0076     2        0.0175 UserPurge1: 1     4339   56.72%
      0     0        0.0076     2        0.0175 UserPurge1: 1     4340   56.72%
      0     0        0.0076     2        0.0175 UserPurge1: 1     4341   56.72%
      0     0        0.0076     2        0.0175 UserPurge1: 1     4342   56.72%
      0     0        0.0076     2        0.0175 UserPurge1: 1     4343   56.72%
      0     0        0.0076     2        0.0175 UserPurge1: 1     4344   56.72%
      0     0        0.0076     2        0.0175 UserPurge1: 1     4345   56.72%
      0     0        0.0076     2        0.0175 UserPurge1: 1     4346   56.72%
      0     0        0.0076     2        0.0175 UserPurge1: 1     4347   56.72%
      0     0        0.0076     2        0.0175 UserPurge1: 1     4348   56.72%
      0     0        0.0076     2        0.0175 UserPurge1: 1     4349   56.72%
      0     0        0.0076     2        0.0175 UserPurge1: 1     4350   56.72%
      0     0        0.0076     2        0.0175 UserPurge1: 1     4351   56.72%
      0     0        0.0076     2        0.0175 UserPurge1: 1     4352   56.72%
      0     0        0.0076     2        0.0175 UserPurge1: 1     4353   56.72%
      0     0        0.0076     2        0.0175 UserPurge1: 1     4354   56.72%
      0     0        0.0076     2        0.0175 UserPurge1: 1     4355   56.72%
      0     0        0.0076     2        0.0175 UserPurge1: 1     4356   56.72%
      0     0        0.0076     2        0.0175 UserPurge1: 1     4357   56.72%
      0     0        0.0076     2        0.0175 UserPurge1: 1     4358   56.72%
      0     0        0.0076     2        0.0175 UserPurge1: 1     4359   56.72%
      0     0        0.0076     2        0.0175 UserPurge1: 1     4360   56.72%
      0     0        0.0076     2        0.0175 UserPurge1: 1     4361   56.72%
      0     0        0.0076     2        0.0175 UserPurge1: 1     4362   56.72%
      0     0        0.0076     2        0.0175 UserPurge1: 1     4363   56.72%
      0     0        0.0076     2        0.0175 UserPurge1: 1     4364   56.72%
      0     0        0.0076     2        0.0175 UserPurge1: 1     4365   56.72%
      0     0        0.0076     2        0.0175 UserPurge1: 1     4366   56.72%
      0     0        0.0076     2        0.0175 UserPurge1: 1     4367   56.72%
      0     0        0.0076     2        0.0175 UserPurge1: 1     4368   56.72%
      0     0        0.0076     2        0.0175 UserPurge1: 1     4369   56.72%
      0     0        0.0076     2        0.0175 UserPurge1: 1     4370   56.72%
      0     0        0.0076     2        0.0175 UserPurge1: 1     4371   56.72%
      0     0        0.0076     2        0.0175 UserPurge1: 1     4372   56.72%
      0     0        0.0076     2        0.0175 UserPurge1: 1     4373   56.72%
      0     0        0.0076     2        0.0175 UserPurge1: 1     4374   56.72%
      0     0        0.0076     2        0.0175 UserPurge1: 1     4375   56.72%
      0     0        0.0076     2        0.0175 UserPurge1: 1     4376   56.72%
      0     0        0.0076     2        0.0175 UserPurge1: 1     4377   56.72%
      0     0        0.0076     2        0.0175 UserPurge1: 1     4378   56.72%
      0     0        0.0076     2        0.0175 UserPurge1: 1     4379   56.72%
      0     0        0.0076     2        0.0175 UserPurge1: 1     4380   56.72%
      0     0        0.0076     2        0.0175 UserPurge1: 1     4381   56.72%
      0     0        0.0076     2        0.0175 UserPurge1: 1     4382   56.72%
      0     0        0.0076     2        0.0175 UserPurge1: 1     4383   56.72%
      0     0        0.0076     2        0.0175 UserPurge1: 1     4384   56.72%
      0     0        0.0076     2        0.0175 UserPurge1: 1     4385   56.72%
      0     0        0.0076     2        0.0175 UserPurge1: 1     4386   56.72%
      0     0        0.0076     2        0.0175 UserPurge1: 1     4387   56.72%
      0     0        0.0076     2        0.0175 UserPurge1: 1     4388   56.72%
      0     0        0.0076     2        0.0175 UserPurge1: 1     4389   56.72%
      0     0        0.0076     2        0.0175 UserPurge1: 1     4390   56.72%
      0     0        0.0076     2        0.0175 UserPurge1: 1     4391   56.72%
      0     0        0.0076     2        0.0175 UserPurge1: 1     4392   56.72%
      0     0        0.0076     2        0.0175 UserPurge1: 1     4393   56.72%
      0     0        0.0076     2        0.0175 UserPurge1: 1     4394   56.72%
      0     0        0.0076     2        0.0175 UserPurge1: 1     4395   56.72%
      0     0        0.0076     2        0.0175 UserPurge1: 1     4396   56.72%
      0     0        0.0076     2        0.0175 UserPurge1: 1     4397   56.72%
      0     0        0.0076     2        0.0175 UserPurge1: 1     4398   56.72%
      0     0        0.0076     2        0.0175 UserPurge1: 1     4399   56.72%
      0     0        0.0076     2        0.0175 UserPurge1: 1     4400   56.72%
      0     0        0.0076     2        0.0175 UserPurge1: 1     4401   56.72%
      0     0        0.0076     2        0.0175 UserPurge1: 1     4402   56.72%
      0     0        0.0076     2        0.0175 UserPurge1: 1     4403   56.72%
      0     0        0.0076     2        0.0175 UserPurge1: 1     4404   56.72%
      0     0        0.0076     2        0.0175 UserPurge1: 1     4405   56.72%
      0     0        0.0076     2        0.0175 UserPurge1: 1     4406   56.72%
      0     0        0.0076     2        0.0175 UserPurge1: 1     4407   56.72%
      0     0        0.0076     2        0.0175 UserPurge1: 1     4408   56.72%
      0     0        0.0076     2        0.0175 UserPurge1: 1     4409   56.72%
      0     0        0.0076     2        0.0175 UserPurge1: 1     4410   56.72%
      0     0        0.0076     2        0.0175 UserPurge1: 1     4411   56.72%
      0     0        0.0076     2        0.0175 UserPurge1: 1     4412   56.72%
      0     0        0.0076     2        0.0175 UserPurge1: 1     4413   56.72%
      0     0        0.0076     2        0.0175 UserPurge1: 1     4414   56.72%
      0     0        0.0076     2        0.0175 UserPurge1: 1     4415   56.72%
      0     0        0.0076     2        0.0175 UserPurge1: 1     4416   56.72%
      0     0        0.0076     2        0.0175 UserPurge1: 1     4417   56.72%
      0     0        0.0076     2        0.0175 UserPurge1: 1     4418   56.72%
      0     0        0.0076     2        0.0175 UserPurge1: 1     4419   56.72%
      0     0        0.0076     2        0.0175 UserPurge1: 1     4420   56.72%
      0     0        0.0076     2        0.0175 UserPurge1: 1     4421   56.72%
      0     0        0.0076     2        0.0175 UserPurge1: 1     4422   56.72%
      0     0        0.0076     2        0.0175 UserPurge1: 1     4423   56.72%
      0     0        0.0076     2        0.0175 UserPurge1: 1     4424   56.72%
      0     0        0.0076     2        0.0175 UserPurge1: 1     4425   56.72%
      0     0        0.0076     2        0.0175 UserPurge1: 1     4426   56.72%
      0     0        0.0076     2        0.0175 UserPurge1: 1     4427   56.72%
      0     0        0.0076     2        0.0175 UserPurge1: 1     4428   56.72%
      0     0        0.0076     2        0.0175 UserPurge1: 1     4429   56.72%
      0     0        0.0076     2        0.0175 UserPurge1: 1     4430   56.72%
      0     0        0.0076     2        0.0175 UserPurge1: 1     4431   56.72%
      0     0        0.0076     2        0.0175 UserPurge1: 1     4432   56.72%
      0     0        0.0076     2        0.0175 UserPurge1: 1     4433   56.72%
      0     0        0.0076     2        0.0175 UserPurge1: 1     4434   56.72%
      0     0        0.0076     2        0.0175 UserPurge1: 1     4435   56.72%
      0     0        0.0076     2        0.0175 UserPurge1: 1     4436   56.72%
      0     0        0.0076     2        0.0175 UserPurge1: 1     4437   56.72%
      0     0        0.0076     2        0.0175 UserPurge1: 1     4438   56.72%
      0     0        0.0076     2        0.0175 UserPurge1: 1     4439   56.72%
      0     0        0.0076     2        0.0175 UserPurge1: 1     4440   56.72%
      0     0        0.0076     2        0.0175 UserPurge1: 1     4441   56.72%
      0     0        0.0076     2        0.0175 UserPurge1: 1     4442   56.72%
      0     0        0.0076     2        0.0175 UserPurge1: 1     4443   56.72%
      0     0        0.0076     2        0.0175 UserPurge1: 1     4444   56.72%
      0     0        0.0076     2        0.0175 UserPurge1: 1     4445   56.72%
      0     0        0.0076     2        0.0175 UserPurge1: 1     4446   56.72%
      0     0        0.0076     2        0.0175 UserPurge1: 1     4447   56.72%
      0     0        0.0076     2        0.0175 UserPurge1: 1     4448   56.72%
      0     0        0.0076     2        0.0175 UserPurge1: 1     4449   56.72%
      0     0        0.0076     2        0.0175 UserPurge1: 1     4450   56.72%
      0     0        0.0076     2        0.0175 UserPurge1: 1     4451   56.72%
      0     0        0.0076     2        0.0175 UserPurge1: 1     4452   56.72%
      0     0        0.0076     2        0.0175 UserPurge1: 1     4453   56.72%
      0     0        0.0076     2        0.0175 UserPurge1: 1     4454   56.72%
      0     0        0.0076     2        0.0175 UserPurge1: 1     4455   56.72%
      0     0        0.0076     2        0.0175 UserPurge1: 1     4456   56.72%
      0     0        0.0076     2        0.0175 UserPurge1: 1     4457   56.72%
      0     0        0.0076     2        0.0175 UserPurge1: 1     4458   56.72%
      0     0        0.0076     2        0.0175 UserPurge1: 1     4459   56.72%
      0     0        0.0076     2        0.0175 UserPurge1: 1     4460   56.72%
      0     0        0.0076     2        0.0175 UserPurge1: 1     4461   56.72%
      0     0        0.0076     2        0.0175 UserPurge1: 1     4462   56.72%
      0     0        0.0076     2        0.0175 UserPurge1: 1     4463   56.72%
      0     0        0.0076     2        0.0175 UserPurge1: 1     4464   56.72%
      0     0        0.0076     2        0.0175 UserPurge1: 1     4465   56.72%
      0     0        0.0076     2        0.0175 UserPurge1: 1     4466   56.72%
      0     0        0.0076     2        0.0175 UserPurge1: 1     4467   56.72%
      0     0        0.0076     2        0.0175 UserPurge1: 1     4468   56.72%
      0     0        0.0076     2        0.0175 UserPurge1: 1     4469   56.72%
      0     0        0.0076     2        0.0175 UserPurge1: 1     4470   56.72%
      0     0        0.0076     2        0.0175 UserPurge1: 1     4471   56.72%
      0     0        0.0076     2        0.0175 UserPurge1: 1     4472   56.72%
      0     0        0.0076     2        0.0175 UserPurge1: 1     4473   56.72%
      0     0        0.0076     2        0.0175 UserPurge1: 1     4474   56.72%
      0     0        0.0076     2        0.0175 UserPurge1: 1     4475   56.72%
      0     0        0.0076     2        0.0175 UserPurge1: 1     4476   56.72%
      0     0        0.0076     2        0.0175 UserPurge1: 1     4477   56.72%
      0     0        0.0076     2        0.0175 UserPurge1: 1     4478   56.72%
      0     0        0.0076     2        0.0175 UserPurge1: 1     4479   56.72%
      0     0        0.0076     2        0.0175 UserPurge1: 1     4480   56.72%
      0     0        0.0076     2        0.0175 UserPurge1: 1     4481   56.72%
      0     0        0.0076     2        0.0175 UserPurge1: 1     4482   56.72%
      0     0        0.0076     2        0.0175 UserPurge1: 1     4483   56.72%
      0     0        0.0076     2        0.0175 UserPurge1: 1     4484   56.72%
      0     0        0.0076     2        0.0175 UserPurge1: 1     4485   56.72%
      0     0        0.0076     2        0.0175 UserPurge1: 1     4486   56.72%
      0     0        0.0076     2        0.0175 UserPurge1: 1     4487   56.72%
      0     0        0.0076     2        0.0175 UserPurge1: 1     4488   56.72%
      0     0        0.0076     2        0.0175 UserPurge1: 1     4489   56.72%
      0     0        0.0076     2        0.0175 UserPurge1: 1     4490   56.72%
      0     0        0.0076     2        0.0175 UserPurge1: 1     4491   56.72%
      0     0        0.0076     2        0.0175 UserPurge1: 1     4492   56.72%
      0     0        0.0076     2        0.0175 UserPurge1: 1     4493   56.72%
      0     0        0.0076     2        0.0175 UserPurge1: 1     4494   56.72%
      0     0        0.0076     2        0.0175 UserPurge1: 1     4495   56.72%
      0     0        0.0076     2        0.0175 UserPurge1: 1     4496   56.72%
      0     0        0.0076     2        0.0175 UserPurge1: 1     4497   56.72%
      0     0        0.0076     2        0.0175 UserPurge1: 1     4498   56.72%
      0     0        0.0076     2        0.0175 UserPurge1: 1     4499   56.72%
      0     0        0.0076     2        0.0175 UserPurge1: 1     4500   56.72%
      0     0        0.0076     2        0.0175 UserPurge1: 1     4501   56.72%
      0     0        0.0076     2        0.0175 UserPurge1: 1     4502   56.72%
      0     0        0.0076     2        0.0175 UserPurge1: 1     4503   56.72%
      0     0        0.0076     2        0.0175 UserPurge1: 1     4504   56.72%
      0     0        0.0076     2        0.0175 UserPurge1: 1     4505   56.72%
      0     0        0.0076     2        0.0175 UserPurge1: 1     4506   56.72%
      0     0        0.0076     2        0.0175 UserPurge1: 1     4507   56.72%
      0     0        0.0076     2        0.0175 UserPurge1: 1     4508   56.72%
      0     0        0.0076     2        0.0175 UserPurge1: 1     4509   56.72%
      0     0        0.0076     2        0.0175 UserPurge1: 1     4510   56.72%
      0     0        0.0076     2        0.0175 UserPurge1: 1     4511   56.72%
      0     0        0.0076     2        0.0175 UserPurge1: 1     4512   56.72%
      0     0        0.0076     2        0.0175 UserPurge1: 1     4513   56.72%
      0     0        0.0076     2        0.0175 UserPurge1: 1     4514   56.72%
      0     0        0.0076     2        0.0175 UserPurge1: 1     4515   56.72%
      0     0        0.0076     2        0.0175 UserPurge1: 1     4516   56.72%
      0     0        0.0076     2        0.0175 UserPurge1: 1     4517   56.72%
      0     0        0.0076     2        0.0175 UserPurge1: 1     4518   56.72%
      0     0        0.0076     2        0.0175 UserPurge1: 1     4519   56.72%
      0     0        0.0076     2        0.0175 UserPurge1: 1     4520   56.72%
      0     0        0.0076     2        0.0175 UserPurge1: 1     4521   56.72%
      0     0        0.0076     2        0.0175 UserPurge1: 1     4522   56.72%
      0     0        0.0076     2        0.0175 UserPurge1: 1     4523   56.72%
      0     0        0.0076     2        0.0175 UserPurge1: 1     4524   56.72%
      0     0        0.0076     2        0.0175 UserPurge1: 1     4525   56.72%
      0     0        0.0076     2        0.0175 UserPurge1: 1     4526   56.72%
      0     0        0.0076     2        0.0175 UserPurge1: 1     4527   56.72%
      0     0        0.0076     2        0.0175 UserPurge1: 1     4528   56.72%
      0     0        0.0076     2        0.0175 UserPurge1: 1     4529   56.72%
      0     0        0.0076     2        0.0175 UserPurge1: 1     4530   56.72%
      0     0        0.0076     2        0.0175 UserPurge1: 1     4531   56.72%
      0     0        0.0076     2        0.0175 UserPurge1: 1     4532   56.72%
      0     0        0.0076     2        0.0175 UserPurge1: 1     4533   56.72%
      0     0        0.0076     2        0.0175 UserPurge1: 1     4534   56.72%
      0     0        0.0076     2        0.0175 UserPurge1: 1     4535   56.72%
      0     0        0.0076     2        0.0175 UserPurge1: 1     4536   56.72%
      0     0        0.0076     2        0.0175 UserPurge1: 1     4537   56.72%
      0     0        0.0076     2        0.0175 UserPurge1: 1     4538   56.72%
      0     0        0.0076     2        0.0175 UserPurge1: 1     4539   56.72%
      0     0        0.0076     2        0.0175 UserPurge1: 1     4540   56.72%
      0     0        0.0076     2        0.0175 UserPurge1: 1     4541   56.72%
      0     0        0.0076     2        0.0175 UserPurge1: 1     4542   56.72%
      0     0        0.0076     2        0.0175 UserPurge1: 1     4543   56.72%
      0     0        0.0076     2        0.0175 UserPurge1: 1     4544   56.72%
      0     0        0.0076     2        0.0175 UserPurge1: 1     4545   56.72%
      0     0        0.0076     2        0.0175 UserPurge1: 1     4546   56.72%
      0     0        0.0076     2        0.0175 UserPurge1: 1     4547   56.72%
      0     0        0.0076     2        0.0175 UserPurge1: 1     4548   56.72%
      0     0        0.0076     2        0.0175 UserPurge1: 1     4549   56.72%
      0     0        0.0076     2        0.0175 UserPurge1: 1     4550   56.72%
      0     0        0.0076     2        0.0175 UserPurge1: 1     4551   56.72%
      0     0        0.0076     2        0.0175 UserPurge1: 1     4552   56.72%
      0     0        0.0076     2        0.0175 UserPurge1: 1     4553   56.72%
      0     0        0.0076     2        0.0175 UserPurge1: 1     4554   56.72%
      0     0        0.0076     2        0.0175 UserPurge1: 1     4555   56.72%
      0     0        0.0076     2        0.0175 UserPurge1: 1     4556   56.72%
      0     0        0.0076     2        0.0175 UserPurge1: 1     4557   56.72%
      0     0        0.0076     2        0.0175 UserPurge1: 1     4558   56.72%
      0     0        0.0076     2        0.0175 UserPurge1: 1     4559   56.72%
      0     0        0.0076     2        0.0175 UserPurge1: 1     4560   56.72%
      0     0        0.0076     2        0.0175 UserPurge1: 1     4561   56.72%
      0     0        0.0076     2        0.0175 UserPurge1: 1     4562   56.72%
      0     0        0.0076     2        0.0175 UserPurge1: 1     4563   56.72%
      0     0        0.0076     2        0.0175 UserPurge1: 1     4564   56.72%
      0     0        0.0076     2        0.0175 UserPurge1: 1     4565   56.72%
      0     0        0.0076     2        0.0175 UserPurge1: 1     4566   56.72%
      0     0        0.0076     2        0.0175 UserPurge1: 1     4567   56.72%
      0     0        0.0076     2        0.0175 UserPurge1: 1     4568   56.72%
      0     0        0.0076     2        0.0175 UserPurge1: 1     4569   56.72%
      0     0        0.0076     2        0.0175 UserPurge1: 1     4570   56.72%
      0     0        0.0076     2        0.0175 UserPurge1: 1     4571   56.72%
      0     0        0.0076     2        0.0175 UserPurge1: 1     4572   56.72%
      0     0        0.0076     2        0.0175 UserPurge1: 1     4573   56.72%
      0     0        0.0076     2        0.0175 UserPurge1: 1     4574   56.72%
      0     0        0.0076     2        0.0175 UserPurge1: 1     4575   56.72%
      0     0        0.0076     2        0.0175 UserPurge1: 1     4576   56.72%
      0     0        0.0076     2        0.0175 UserPurge1: 1     4577   56.72%
      0     0        0.0076     2        0.0175 UserPurge1: 1     4578   56.72%
      0     0        0.0076     2        0.0175 UserPurge1: 1     4579   56.72%
      0     0        0.0076     2        0.0175 UserPurge1: 1     4580   56.72%
      0     0        0.0076     2        0.0175 UserPurge1: 1     4581   56.72%
      0     0        0.0076     2        0.0175 UserPurge1: 1     4582   56.72%
      0     0        0.0076     2        0.0175 UserPurge1: 1     4583   56.72%
      0     0        0.0076     2        0.0175 UserPurge1: 1     4584   56.72%
      0     0        0.0076     2        0.0175 UserPurge1: 1     4585   56.72%
      0     0        0.0076     2        0.0175 UserPurge1: 1     4586   56.72%
      0     0        0.0076     2        0.0175 UserPurge1: 1     4587   56.72%
      0     0        0.0076     2        0.0175 UserPurge1: 1     4588   56.72%
      0     0        0.0076     2        0.0175 UserPurge1: 1     4589   56.72%
      0     0        0.0076     2        0.0175 UserPurge1: 1     4590   56.72%
      0     0        0.0076     2        0.0175 UserPurge1: 1     4591   56.72%
      0     0        0.0076     2        0.0175 UserPurge1: 1     4592   56.72%
      0     0        0.0076     2        0.0175 UserPurge1: 1     4593   56.72%
      0     0        0.0076     2        0.0175 UserPurge1: 1     4594   56.72%
      0     0        0.0076     2        0.0175 UserPurge1: 1     4595   56.72%
      0     0        0.0076     2        0.0175 UserPurge1: 1     4596   56.72%
      0     0        0.0076     2        0.0175 UserPurge1: 1     4597   56.72%
      0     0        0.0076     2        0.0175 UserPurge1: 1     4598   56.72%
      0     0        0.0076     2        0.0175 UserPurge1: 1     4599   56.72%
      0     0        0.0076     2        0.0175 UserPurge1: 1     4600   56.72%
      0     0        0.0076     2        0.0175 UserPurge1: 1     4601   56.72%
      0     0        0.0076     2        0.0175 UserPurge1: 1     4602   56.72%
      0     0        0.0076     2        0.0175 UserPurge1: 1     4603   56.72%
      0     0        0.0076     2        0.0175 UserPurge1: 1     4604   56.72%
      0     0        0.0076     2        0.0175 UserPurge1: 1     4605   56.72%
      0     0        0.0076     2        0.0175 UserPurge1: 1     4606   56.72%
      0     0        0.0076     2        0.0175 UserPurge1: 1     4607   56.72%
      0     0        0.0076     2        0.0175 UserPurge1: 1     4608   56.72%
      0     0        0.0076     2        0.0175 UserPurge1: 1     4609   56.72%
      0     0        0.0076     2        0.0175 UserPurge1: 1     4610   56.72%
      0     0        0.0076     2        0.0175 UserPurge1: 1     4611   56.72%
      0     0        0.0076     2        0.0175 UserPurge1: 1     4612   56.72%
      0     0        0.0076     2        0.0175 UserPurge1: 1     4613   56.72%
      0     0        0.0076     2        0.0175 UserPurge1: 1     4614   56.72%
      0     0        0.0076     2        0.0175 UserPurge1: 1     4615   56.72%
      0     0        0.0076     2        0.0175 UserPurge1: 1     4616   56.72%
      0     0        0.0076     2        0.0175 UserPurge1: 1     4617   56.72%
      0     0        0.0076     2        0.0175 UserPurge1: 1     4618   56.72%
      0     0        0.0076     2        0.0175 UserPurge1: 1     4619   56.72%
      0     0        0.0076     2        0.0175 UserPurge1: 1     4620   56.72%
      0     0        0.0076     2        0.0175 UserPurge1: 1     4621   56.72%
      0     0        0.0076     2        0.0175 UserPurge1: 1     4622   56.72%
      0     0        0.0076     2        0.0175 UserPurge1: 1     4623   56.72%
      0     0        0.0076     2        0.0175 UserPurge1: 1     4624   56.72%
      0     0        0.0076     2        0.0175 UserPurge1: 1     4625   56.72%
      0     0        0.0076     2        0.0175 UserPurge1: 1     4626   56.72%
      0     0        0.0076     2        0.0175 UserPurge1: 1     4627   56.72%
      0     0        0.0076     2        0.0175 UserPurge1: 1     4628   56.72%
      0     0        0.0076     2        0.0175 UserPurge1: 1     4629   56.72%
      0     0        0.0076     2        0.0175 UserPurge1: 1     4630   56.72%
      0     0        0.0076     2        0.0175 UserPurge1: 1     4631   56.72%
      0     0        0.0076     2        0.0175 UserPurge1: 1     4632   56.72%
      0     0        0.0076     2        0.0175 UserPurge1: 1     4633   56.72%
      0     0        0.0076     2        0.0175 UserPurge1: 1     4634   56.72%
      0     0        0.0076     2        0.0175 UserPurge1: 1     4635   56.72%
      0     0        0.0076     2        0.0175 UserPurge1: 1     4636   56.72%
      0     0        0.0076     2        0.0175 UserPurge1: 1     4637   56.72%
      0     0        0.0076     2        0.0175 UserPurge1: 1     4638   56.72%
      0     0        0.0076     2        0.0175 UserPurge1: 1     4639   56.72%
      0     0        0.0076     2        0.0175 UserPurge1: 1     4640   56.72%
      0     0        0.0076     2        0.0175 UserPurge1: 1     4641   56.72%
      0     0        0.0076     2        0.0175 UserPurge1: 1     4642   56.72%
      0     0        0.0076     2        0.0175 UserPurge1: 1     4643   56.72%
      0     0        0.0076     2        0.0175 UserPurge1: 1     4644   56.72%
      0     0        0.0076     2        0.0175 UserPurge1: 1     4645   56.72%
      0     0        0.0076     2        0.0175 UserPurge1: 1     4646   56.72%
      0     0        0.0076     2        0.0175 UserPurge1: 1     4647   56.72%
      0     0        0.0076     2        0.0175 UserPurge1: 1     4648   56.72%
      0     0        0.0076     2        0.0175 UserPurge1: 1     4649   56.72%
      0     0        0.0076     2        0.0175 UserPurge1: 1     4650   56.72%
      0     0        0.0076     2        0.0175 UserPurge1: 1     4651   56.72%
      0     0        0.0076     2        0.0175 UserPurge1: 1     4652   56.72%
      0     0        0.0076     2        0.0175 UserPurge1: 1     4653   56.72%
      0     0        0.0076     2        0.0175 UserPurge1: 1     4654   56.72%
      0     0        0.0076     2        0.0175 UserPurge1: 1     4655   56.72%
      0     0        0.0076     2        0.0175 UserPurge1: 1     4656   56.72%
      0     0        0.0076     2        0.0175 UserPurge1: 1     4657   56.72%
      0     0        0.0076     2        0.0175 UserPurge1: 1     4658   56.72%
      0     0        0.0076     2        0.0175 UserPurge1: 1     4659   56.72%
      0     0        0.0076     2        0.0175 UserPurge1: 1     4660   56.72%
      0     0        0.0076     2        0.0175 UserPurge1: 1     4661   56.72%
      0     0        0.0076     2        0.0175 UserPurge1: 1     4662   56.72%
      0     0        0.0076     2        0.0175 UserPurge1: 1     4663   56.72%
      0     0        0.0076     2        0.0175 UserPurge1: 1     4664   56.72%
      0     0        0.0076     2        0.0175 UserPurge1: 1     4665   56.72%
      0     0        0.0076     2        0.0175 UserPurge1: 1     4666   56.72%
      0     0        0.0076     2        0.0175 UserPurge1: 1     4667   56.72%
      0     0        0.0076     2        0.0175 UserPurge1: 1     4668   56.72%
      0     0        0.0076     2        0.0175 UserPurge1: 1     4669   56.72%
      0     0        0.0076     2        0.0175 UserPurge1: 1     4670   56.72%
      0     0        0.0076     2        0.0175 UserPurge1: 1     4671   56.72%
      0     0        0.0076     2        0.0175 UserPurge1: 1     4672   56.72%
      0     0        0.0076     2        0.0175 UserPurge1: 1     4673   56.72%
      0     0        0.0076     2        0.0175 UserPurge1: 1     4674   56.72%
      0     0        0.0076     2        0.0175 UserPurge1: 1     4675   56.72%
      0     0        0.0076     2        0.0175 UserPurge1: 1     4676   56.72%
      0     0        0.0076     2        0.0175 UserPurge1: 1     4677   56.72%
      0     0        0.0076     2        0.0175 UserPurge1: 1     4678   56.72%
      0     0        0.0076     2        0.0175 UserPurge1: 1     4679   56.72%
      0     0        0.0076     2        0.0175 UserPurge1: 1     4680   56.72%
      0     0        0.0076     2        0.0175 UserPurge1: 1     4681   56.72%
      0     0        0.0076     2        0.0175 UserPurge1: 1     4682   56.72%
      0     0        0.0076     2        0.0175 UserPurge1: 1     4683   56.72%
      0     0        0.0076     2        0.0175 UserPurge1: 1     4684   56.72%
      0     0        0.0076     2        0.0175 UserPurge1: 1     4685   56.72%
      0     0        0.0076     2        0.0175 UserPurge1: 1     4686   56.72%
      0     0        0.0076     2        0.0175 UserPurge1: 1     4687   56.72%
      0     0        0.0076     2        0.0175 UserPurge1: 1     4688   56.72%
      0     0        0.0076     2        0.0175 UserPurge1: 1     4689   56.72%
      0     0        0.0076     2        0.0175 UserPurge1: 1     4690   56.72%
      0     0        0.0076     2        0.0175 UserPurge1: 1     4691   56.72%
      0     0        0.0076     2        0.0175 UserPurge1: 1     4692   56.72%
      0     0        0.0076     2        0.0175 UserPurge1: 1     4693   56.72%
      0     0        0.0076     2        0.0175 UserPurge1: 1     4694   56.72%
      0     0        0.0076     2        0.0175 UserPurge1: 1     4695   56.72%
      0     0        0.0076     2        0.0175 UserPurge1: 1     4696   56.72%
      0     0        0.0076     2        0.0175 UserPurge1: 1     4697   56.72%
      0     0        0.0076     2        0.0175 UserPurge1: 1     4698   56.72%
      0     0        0.0076     2        0.0175 UserPurge1: 1     4699   56.72%
      0     0        0.0076     2        0.0175 UserPurge1: 1     4700   56.72%
      0     0        0.0076     2        0.0175 UserPurge1: 1     4701   56.72%
      0     0        0.0076     2        0.0175 UserPurge1: 1     4702   56.72%
      0     0        0.0076     2        0.0175 UserPurge1: 1     4703   56.72%
      0     0        0.0076     2        0.0175 UserPurge1: 1     4704   56.72%
      0     0        0.0076     2        0.0175 UserPurge1: 1     4705   56.72%
      0     0        0.0076     2        0.0175 UserPurge1: 1     4706   56.72%
      0     0        0.0076     2        0.0175 UserPurge1: 1     4707   56.72%
      0     0        0.0076     2        0.0175 UserPurge1: 1     4708   56.72%
      0     0        0.0076     2        0.0175 UserPurge1: 1     4709   56.72%
      0     0        0.0076     2        0.0175 UserPurge1: 1     4710   56.72%
      0     0        0.0076     2        0.0175 UserPurge1: 1     4711   56.72%
      0     0        0.0076     2        0.0175 UserPurge1: 1     4712   56.72%
      0     0        0.0076     2        0.0175 UserPurge1: 1     4713   56.72%
      0     0        0.0076     2        0.0175 UserPurge1: 1     4714   56.72%
      0     0        0.0076     2        0.0175 UserPurge1: 1     4715   56.72%
      0     0        0.0076     2        0.0175 UserPurge1: 1     4716   56.72%
      0     0        0.0076     2        0.0175 UserPurge1: 1     4717   56.72%
      0     0        0.0076     2        0.0175 UserPurge1: 1     4718   56.72%
      0     0        0.0076     2        0.0175 UserPurge1: 1     4719   56.72%
      0     0        0.0076     2        0.0175 UserPurge1: 1     4720   56.72%
      0     0        0.0076     2        0.0175 UserPurge1: 1     4721   56.72%
      0     0        0.0076     2        0.0175 UserPurge1: 1     4722   56.72%
      0     0        0.0076     2        0.0175 UserPurge1: 1     4723   56.72%
      0     0        0.0076     2        0.0175 UserPurge1: 1     4724   56.72%
      0     0        0.0076     2        0.0175 UserPurge1: 1     4725   56.72%
      0     0        0.0076     2        0.0175 UserPurge1: 1     4726   56.72%
      0     0        0.0076     2        0.0175 UserPurge1: 1     4727   56.72%
      0     0        0.0076     2        0.0175 UserPurge1: 1     4728   56.72%
      0     0        0.0076     2        0.0175 UserPurge1: 1     4729   56.72%
      0     0        0.0076     2        0.0175 UserPurge1: 1     4730   56.72%
      0     0        0.0076     2        0.0175 UserPurge1: 1     4731   56.72%
      0     0        0.0076     2        0.0175 UserPurge1: 1     4732   56.72%
      0     0        0.0076     2        0.0175 UserPurge1: 1     4733   56.72%
      0     0        0.0076     2        0.0175 UserPurge1: 1     4734   56.72%
      0     0        0.0076     2        0.0175 UserPurge1: 1     4735   56.72%
      0     0        0.0076     2        0.0175 UserPurge1: 1     4736   56.72%
      0     0        0.0076     2        0.0175 UserPurge1: 1     4737   56.72%
      0     0        0.0076     2        0.0175 UserPurge1: 1     4738   56.72%
      0     0        0.0076     2        0.0175 UserPurge1: 1     4739   56.72%
      0     0        0.0076     2        0.0175 UserPurge1: 1     4740   56.72%
      0     0        0.0076     2        0.0175 UserPurge1: 1     4741   56.72%
      0     0        0.0076     2        0.0175 UserPurge1: 1     4742   56.72%
      0     0        0.0076     2        0.0175 UserPurge1: 1     4743   56.72%
      0     0        0.0076     2        0.0175 UserPurge1: 1     4744   56.72%
      0     0        0.0076     2        0.0175 UserPurge1: 1     4745   56.72%
      0     0        0.0076     2        0.0175 UserPurge1: 1     4746   56.72%
      0     0        0.0076     2        0.0175 UserPurge1: 1     4747   56.72%
      0     0        0.0076     2        0.0175 UserPurge1: 1     4748   56.72%
      0     0        0.0076     2        0.0175 UserPurge1: 1     4749   56.72%
      0     0        0.0076     2        0.0175 UserPurge1: 1     4750   56.72%
      0     0        0.0076     2        0.0175 UserPurge1: 1     4751   56.72%
      0     0        0.0076     2        0.0175 UserPurge1: 1     4752   56.72%
      0     0        0.0076     2        0.0175 UserPurge1: 1     4753   56.72%
      0     0        0.0076     2        0.0175 UserPurge1: 1     4754   56.72%
      0     0        0.0076     2        0.0175 UserPurge1: 1     4755   56.72%
      0     0        0.0076     2        0.0175 UserPurge1: 1     4756   56.72%
      0     0        0.0076     2        0.0175 UserPurge1: 1     4757   56.72%
      0     0        0.0076     2        0.0175 UserPurge1: 1     4758   56.72%
      0     0        0.0076     2        0.0175 UserPurge1: 1     4759   56.72%
      0     0        0.0076     2        0.0175 UserPurge1: 1     4760   56.72%
      0     0        0.0076     2        0.0175 UserPurge1: 1     4761   56.72%
      0     0        0.0076     2        0.0175 UserPurge1: 1     4762   56.72%
      0     0        0.0076     2        0.0175 UserPurge1: 1     4763   56.72%
      0     0        0.0076     2        0.0175 UserPurge1: 1     4764   56.72%
      0     0        0.0076     2        0.0175 UserPurge1: 1     4765   56.72%
      0     0        0.0076     2        0.0175 UserPurge1: 1     4766   56.72%
      0     0        0.0076     2        0.0175 UserPurge1: 1     4767   56.72%
      0     0        0.0076     2        0.0175 UserPurge1: 1     4768   56.72%
      0     0        0.0076     2        0.0175 UserPurge1: 1     4769   56.72%
      0     0        0.0076     2        0.0175 UserPurge1: 1     4770   56.72%
      0     0        0.0076     2        0.0175 UserPurge1: 1     4771   56.72%
      0     0        0.0076     2        0.0175 UserPurge1: 1     4772   56.72%
      0     0        0.0076     2        0.0175 UserPurge1: 1     4773   56.72%
      0     0        0.0076     2        0.0175 UserPurge1: 1     4774   56.72%
      0     0        0.0076     2        0.0175 UserPurge1: 1     4775   56.72%
      0     0        0.0076     2        0.0175 UserPurge1: 1     4776   56.72%
      0     0        0.0076     2        0.0175 UserPurge1: 1     4777   56.72%
      0     0        0.0076     2        0.0175 UserPurge1: 1     4778   56.72%
      0     0        0.0076     2        0.0175 UserPurge1: 1     4779   56.72%
      0     0        0.0076     2        0.0175 UserPurge1: 1     4780   56.72%
      0     0        0.0076     2        0.0175 UserPurge1: 1     4781   56.72%
      0     0        0.0076     2        0.0175 UserPurge1: 1     4782   56.72%
      0     0        0.0076     2        0.0175 UserPurge1: 1     4783   56.72%
      0     0        0.0076     2        0.0175 UserPurge1: 1     4784   56.72%
      0     0        0.0076     2        0.0175 UserPurge1: 1     4785   56.72%
      0     0        0.0076     2        0.0175 UserPurge1: 1     4786   56.72%
      0     0        0.0076     2        0.0175 UserPurge1: 1     4787   56.72%
      0     0        0.0076     2        0.0175 UserPurge1: 1     4788   56.72%
      0     0        0.0076     2        0.0175 UserPurge1: 1     4789   56.72%
      0     0        0.0076     2        0.0175 UserPurge1: 1     4790   56.72%
      0     0        0.0076     2        0.0175 UserPurge1: 1     4791   56.72%
      0     0        0.0076     2        0.0175 UserPurge1: 1     4792   56.72%
      0     0        0.0076     2        0.0175 UserPurge1: 1     4793   56.72%
      0     0        0.0076     2        0.0175 UserPurge1: 1     4794   56.72%
      0     0        0.0076     2        0.0175 UserPurge1: 1     4795   56.72%
      0     0        0.0076     2        0.0175 UserPurge1: 1     4796   56.72%
      0     0        0.0076     2        0.0175 UserPurge1: 1     4797   56.72%
      0     0        0.0076     2        0.0175 UserPurge1: 1     4798   56.72%
      0     0        0.0076     2        0.0175 UserPurge1: 1     4799   56.72%
      0     0        0.0076     2        0.0175 UserPurge1: 1     4800   56.72%
      0     0        0.0076     2        0.0175 UserPurge1: 1     4801   56.72%
      0     0        0.0076     2        0.0175 UserPurge1: 1     4802   56.72%
      0     0        0.0076     2        0.0175 UserPurge1: 1     4803   56.72%
      0     0        0.0076     2        0.0175 UserPurge1: 1     4804   56.72%
      0     0        0.0076     2        0.0175 UserPurge1: 1     4805   56.72%
      0     0        0.0076     2        0.0175 UserPurge1: 1     4806   56.72%
      0     0        0.0076     2        0.0175 UserPurge1: 1     4807   56.72%
      0     0        0.0076     2        0.0175 UserPurge1: 1     4808   56.72%
      0     0        0.0076     2        0.0175 UserPurge1: 1     4809   56.72%
      0     0        0.0076     2        0.0175 UserPurge1: 1     4810   56.72%
      0     0        0.0076     2        0.0175 UserPurge1: 1     4811   56.72%
      0     0        0.0076     2        0.0175 UserPurge1: 1     4812   56.72%
      0     0        0.0076     2        0.0175 UserPurge1: 1     4813   56.72%
      0     0        0.0076     2        0.0175 UserPurge1: 1     4814   56.72%
      0     0        0.0076     2        0.0175 UserPurge1: 1     4815   56.72%
      0     0        0.0076     2        0.0175 UserPurge1: 1     4816   56.72%
      0     0        0.0076     2        0.0175 UserPurge1: 1     4817   56.72%
      0     0        0.0076     2        0.0175 UserPurge1: 1     4818   56.72%
      0     0        0.0076     2        0.0175 UserPurge1: 1     4819   56.72%
      0     0        0.0076     2        0.0175 UserPurge1: 1     4820   56.72%
      0     0        0.0076     2        0.0175 UserPurge1: 1     4821   56.72%
      0     0        0.0076     2        0.0175 UserPurge1: 1     4822   56.72%
      0     0        0.0076     2        0.0175 UserPurge1: 1     4823   56.72%
      0     0        0.0076     2        0.0175 UserPurge1: 1     4824   56.72%
      0     0        0.0076     2        0.0175 UserPurge1: 1     4825   56.72%
      0     0        0.0076     2        0.0175 UserPurge1: 1     4826   56.72%
      0     0        0.0076     2        0.0175 UserPurge1: 1     4827   56.72%
      0     0        0.0076     2        0.0175 UserPurge1: 1     4828   56.72%
      0     0        0.0076     2        0.0175 UserPurge1: 1     4829   56.72%
      0     0        0.0076     2        0.0175 UserPurge1: 1     4830   56.72%
      0     0        0.0076     2        0.0175 UserPurge1: 1     4831   56.72%
      0     0        0.0076     2        0.0175 UserPurge1: 1     4832   56.72%
      0     0        0.0076     2        0.0175 UserPurge1: 1     4833   56.72%
      0     0        0.0076     2        0.0175 UserPurge1: 1     4834   56.72%
      0     0        0.0076     2        0.0175 UserPurge1: 1     4835   56.72%
      0     0        0.0076     2        0.0175 UserPurge1: 1     4836   56.72%
      0     0        0.0076     2        0.0175 UserPurge1: 1     4837   56.72%
      0     0        0.0076     2        0.0175 UserPurge1: 1     4838   56.72%
      0     0        0.0076     2        0.0175 UserPurge1: 1     4839   56.72%
      0     0        0.0076     2        0.0175 UserPurge1: 1     4840   56.72%
      0     0        0.0076     2        0.0175 UserPurge1: 1     4841   56.72%
      0     0        0.0076     2        0.0175 UserPurge1: 1     4842   56.72%
      0     0        0.0076     2        0.0175 UserPurge1: 1     4843   56.72%
      0     0        0.0076     2        0.0175 UserPurge1: 1     4844   56.72%
      0     0        0.0076     2        0.0175 UserPurge1: 1     4845   56.72%
      0     0        0.0076     2        0.0175 UserPurge1: 1     4846   56.72%
      0     0        0.0076     2        0.0175 UserPurge1: 1     4847   56.72%
      0     0        0.0076     2        0.0175 UserPurge1: 1     4848   56.72%
      0     0        0.0076     2        0.0175 UserPurge1: 1     4849   56.72%
      0     0        0.0076     2        0.0175 UserPurge1: 1     4850   56.72%
      0     0        0.0076     2        0.0175 UserPurge1: 1     4851   56.72%
      0     0        0.0076     2        0.0175 UserPurge1: 1     4852   56.72%
      0     0        0.0076     2        0.0175 UserPurge1: 1     4853   56.72%
      0     0        0.0076     2        0.0175 UserPurge1: 1     4854   56.72%
      0     0        0.0076     2        0.0175 UserPurge1: 1     4855   56.72%
      0     0        0.0076     2        0.0175 UserPurge1: 1     4856   56.72%
      0     0        0.0076     2        0.0175 UserPurge1: 1     4857   56.72%
      0     0        0.0076     2        0.0175 UserPurge1: 1     4858   56.72%
      0     0        0.0076     2        0.0175 UserPurge1: 1     4859   56.72%
      0     0        0.0076     2        0.0175 UserPurge1: 1     4860   56.72%
      0     0        0.0076     2        0.0175 UserPurge1: 1     4861   56.72%
      0     0        0.0076     2        0.0175 UserPurge1: 1     4862   56.72%
      0     0        0.0076     2        0.0175 UserPurge1: 1     4863   56.72%
      0     0        0.0076     2        0.0175 UserPurge1: 1     4864   56.72%
      0     0        0.0076     2        0.0175 UserPurge1: 1     4865   56.72%
      0     0        0.0076     2        0.0175 UserPurge1: 1     4866   56.72%
      0     0        0.0076     2        0.0175 UserPurge1: 1     4867   56.72%
      0     0        0.0076     2        0.0175 UserPurge1: 1     4868   56.72%
      0     0        0.0076     2        0.0175 UserPurge1: 1     4869   56.72%
      0     0        0.0076     2        0.0175 UserPurge1: 1     4870   56.72%
      0     0        0.0076     2        0.0175 UserPurge1: 1     4871   56.72%
      0     0        0.0076     2        0.0175 UserPurge1: 1     4872   56.72%
      0     0        0.0076     2        0.0175 UserPurge1: 1     4873   56.72%
      0     0        0.0076     2        0.0175 UserPurge1: 1     4874   56.72%
      0     0        0.0076     2        0.0175 UserPurge1: 1     4875   56.72%
      0     0        0.0076     2        0.0175 UserPurge1: 1     4876   56.72%
      0     0        0.0076     2        0.0175 UserPurge1: 1     4877   56.72%
      0     0        0.0076     2        0.0175 UserPurge1: 1     4878   56.72%
      0     0        0.0076     2        0.0175 UserPurge1: 1     4879   56.72%
      0     0        0.0076     2        0.0175 UserPurge1: 1     4880   56.72%
      0     0        0.0076     2        0.0175 UserPurge1: 1     4881   56.72%
      0     0        0.0076     2        0.0175 UserPurge1: 1     4882   56.72%
      0     0        0.0076     2        0.0175 UserPurge1: 1     4883   56.72%
      0     0        0.0076     2        0.0175 UserPurge1: 1     4884   56.72%
      0     0        0.0076     2        0.0175 UserPurge1: 1     4885   56.72%
      0     0        0.0076     2        0.0175 UserPurge1: 1     4886   56.72%
      0     0        0.0076     2        0.0175 UserPurge1: 1     4887   56.72%
      0     0        0.0076     2        0.0175 UserPurge1: 1     4888   56.72%
      0     0        0.0076     2        0.0175 UserPurge1: 1     4889   56.72%
      0     0        0.0076     2        0.0175 UserPurge1: 1     4890   56.72%
      0     0        0.0076     2        0.0175 UserPurge1: 1     4891   56.72%
      0     0        0.0076     2        0.0175 UserPurge1: 1     4892   56.72%
      0     0        0.0076     2        0.0175 UserPurge1: 1     4893   56.72%
      0     0        0.0076     2        0.0175 UserPurge1: 1     4894   56.72%
      0     0        0.0076     2        0.0175 UserPurge1: 1     4895   56.72%
      0     0        0.0076     2        0.0175 UserPurge1: 1     4896   56.72%
      0     0        0.0076     2        0.0175 UserPurge1: 1     4897   56.72%
      0     0        0.0076     2        0.0175 UserPurge1: 1     4898   56.72%
      0     0        0.0076     2        0.0175 UserPurge1: 1     4899   56.72%
      0     0        0.0076     2        0.0175 UserPurge1: 1     4900   56.72%
      0     0        0.0076     2        0.0175 UserPurge1: 1     4901   56.72%
      0     0        0.0076     2        0.0175 UserPurge1: 1     4902   56.72%
      0     0        0.0076     2        0.0175 UserPurge1: 1     4903   56.72%
      0     0        0.0076     2        0.0175 UserPurge1: 1     4904   56.72%
      0     0        0.0076     2        0.0175 UserPurge1: 1     4905   56.72%
      0     0        0.0076     2        0.0175 UserPurge1: 1     4906   56.72%
      0     0        0.0076     2        0.0175 UserPurge1: 1     4907   56.72%
      0     0        0.0076     2        0.0175 UserPurge1: 1     4908   56.72%
      0     0        0.0076     2        0.0175 UserPurge1: 1     4909   56.72%
      0     0        0.0076     2        0.0175 UserPurge1: 1     4910   56.72%
      0     0        0.0076     2        0.0175 UserPurge1: 1     4911   56.72%
      0     0        0.0076     2        0.0175 UserPurge1: 1     4912   56.72%
      0     0        0.0076     2        0.0175 UserPurge1: 1     4913   56.72%
      0     0        0.0076     2        0.0175 UserPurge1: 1     4914   56.72%
      0     0        0.0076     2        0.0175 UserPurge1: 1     4915   56.72%
      0     0        0.0076     2        0.0175 UserPurge1: 1     4916   56.72%
      0     0        0.0076     2        0.0175 UserPurge1: 1     4917   56.72%
      0     0        0.0076     2        0.0175 UserPurge1: 1     4918   56.72%
      0     0        0.0076     2        0.0175 UserPurge1: 1     4919   56.72%
      0     0        0.0076     2        0.0175 UserPurge1: 1     4920   56.72%
      0     0        0.0076     2        0.0175 UserPurge1: 1     4921   56.72%
      0     0        0.0076     2        0.0175 UserPurge1: 1     4922   56.72%
      0     0        0.0076     2        0.0175 UserPurge1: 1     4923   56.72%
      0     0        0.0076     2        0.0175 UserPurge1: 1     4924   56.72%
      0     0        0.0076     2        0.0175 UserPurge1: 1     4925   56.72%
      0     0        0.0076     2        0.0175 UserPurge1: 1     4926   56.72%
      0     0        0.0076     2        0.0175 UserPurge1: 1     4927   56.72%
      0     0        0.0076     2        0.0175 UserPurge1: 1     4928   56.72%
      0     0        0.0076     2        0.0175 UserPurge1: 1     4929   56.72%
      0     0        0.0076     2        0.0175 UserPurge1: 1     4930   56.72%
      0     0        0.0076     2        0.0175 UserPurge1: 1     4931   56.72%
      0     0        0.0076     2        0.0175 UserPurge1: 1     4932   56.72%
      0     0        0.0076     2        0.0175 UserPurge1: 1     4933   56.72%
      0     0        0.0076     2        0.0175 UserPurge1: 1     4934   56.72%
      0     0        0.0076     2        0.0175 UserPurge1: 1     4935   56.72%
      0     0        0.0076     2        0.0175 UserPurge1: 1     4936   56.72%
      0     0        0.0076     2        0.0175 UserPurge1: 1     4937   56.72%
      0     0        0.0076     2        0.0175 UserPurge1: 1     4938   56.72%
      0     0        0.0076     2        0.0175 UserPurge1: 1     4939   56.72%
      0     0        0.0076     2        0.0175 UserPurge1: 1     4940   56.72%
      0     0        0.0076     2        0.0175 UserPurge1: 1     4941   56.72%
      0     0        0.0076     2        0.0175 UserPurge1: 1     4942   56.72%
      0     0        0.0076     2        0.0175 UserPurge1: 1     4943   56.72%
      0     0        0.0076     2        0.0175 UserPurge1: 1     4944   56.72%
      0     0        0.0076     2        0.0175 UserPurge1: 1     4945   56.72%
      0     0        0.0076     2        0.0175 UserPurge1: 1     4946   56.72%
      0     0        0.0076     2        0.0175 UserPurge1: 1     4947   56.72%
      0     0        0.0076     2        0.0175 UserPurge1: 1     4948   56.72%
      0     0        0.0076     2        0.0175 UserPurge1: 1     4949   56.72%
      0     0        0.0076     2        0.0175 UserPurge1: 1     4950   56.72%
      0     0        0.0076     2        0.0175 UserPurge1: 1     4951   56.72%
      0     0        0.0076     2        0.0175 UserPurge1: 1     4952   56.72%
      0     0        0.0076     2        0.0175 UserPurge1: 1     4953   56.72%
      0     0        0.0076     2        0.0175 UserPurge1: 1     4954   56.72%
      0     0        0.0076     2        0.0175 UserPurge1: 1     4955   56.72%
      0     0        0.0076     2        0.0175 UserPurge1: 1     4956   56.72%
      0     0        0.0076     2        0.0175 UserPurge1: 1     4957   56.72%
      0     0        0.0076     2        0.0175 UserPurge1: 1     4958   56.72%
      0     0        0.0076     2        0.0175 UserPurge1: 1     4959   56.72%
      0     0        0.0076     2        0.0175 UserPurge1: 1     4960   56.72%
      0     0        0.0076     2        0.0175 UserPurge1: 1     4961   56.72%
      0     0        0.0076     2        0.0175 UserPurge1: 1     4962   56.72%
      0     0        0.0076     2        0.0175 UserPurge1: 1     4963   56.72%
      0     0        0.0076     2        0.0175 UserPurge1: 1     4964   56.72%
      0     0        0.0076     2        0.0175 UserPurge1: 1     4965   56.72%
      0     0        0.0076     2        0.0175 UserPurge1: 1     4966   56.72%
      0     0        0.0076     2        0.0175 UserPurge1: 1     4967   56.72%
      0     0        0.0076     2        0.0175 UserPurge1: 1     4968   56.72%
      0     0        0.0076     2        0.0175 UserPurge1: 1     4969   56.72%
      0     0        0.0076     2        0.0175 UserPurge1: 1     4970   56.72%
      0     0        0.0076     2        0.0175 UserPurge1: 1     4971   56.72%
      0     0        0.0076     2        0.0175 UserPurge1: 1     4972   56.72%
      0     0        0.0076     2        0.0175 UserPurge1: 1     4973   56.72%
      0     0        0.0076     2        0.0175 UserPurge1: 1     4974   56.72%
      0     0        0.0076     2        0.0175 UserPurge1: 1     4975   56.72%
      0     0        0.0076     2        0.0175 UserPurge1: 1     4976   56.72%
      0     0        0.0076     2        0.0175 UserPurge1: 1     4977   56.72%
      0     0        0.0076     2        0.0175 UserPurge1: 1     4978   56.72%
      0     0        0.0076     2        0.0175 UserPurge1: 1     4979   56.72%
      0     0        0.0076     2        0.0175 UserPurge1: 1     4980   56.72%
      0     0        0.0076     2        0.0175 UserPurge1: 1     4981   56.72%
      0     0        0.0076     2        0.0175 UserPurge1: 1     4982   56.72%
      0     0        0.0076     2        0.0175 UserPurge1: 1     4983   56.72%
      0     0        0.0076     2        0.0175 UserPurge1: 1     4984   56.72%
      0     0        0.0076     2        0.0175 UserPurge1: 1     4985   56.72%
      0     0        0.0076     2        0.0175 UserPurge1: 1     4986   56.72%
      0     0        0.0076     2        0.0175 UserPurge1: 1     4987   56.72%
      0     0        0.0076     2        0.0175 UserPurge1: 1     4988   56.72%
      0     0        0.0076     2        0.0175 UserPurge1: 1     4989   56.72%
      0     0        0.0076     2        0.0175 UserPurge1: 1     4990   56.72%
      0     0        0.0076     2        0.0175 UserPurge1: 1     4991   56.72%
      0     0        0.0076     2        0.0175 UserPurge1: 1     4992   56.72%
      0     0        0.0076     2        0.0175 UserPurge1: 1     4993   56.72%
      0     0        0.0076     2        0.0175 UserPurge1: 1     4994   56.72%
      0     0        0.0076     2        0.0175 UserPurge1: 1     4995   56.72%
      0     0        0.0076     2        0.0175 UserPurge1: 1     4996   56.72%
      0     0        0.0076     2        0.0175 UserPurge1: 1     4997   56.72%
      0     0        0.0076     2        0.0175 UserPurge1: 1     4998   56.72%
      0     0        0.0076     2        0.0175 UserPurge1: 1     4999   56.72%
      0     0        0.0076     2        0.0175 UserPurge1: 1     5000   56.72%
      0     0        0.0076     2        0.0175 UserPurge1: 1     5001   56.72%
      0     0        0.0076     2        0.0175 UserPurge1: 1     5002   56.72%
      0     0        0.0076     2        0.0175 UserPurge1: 1     5003   56.72%
      0     0        0.0076     2        0.0175 UserPurge1: 1     5004   56.72%
      0     0        0.0076     2        0.0175 UserPurge1: 1     5005   56.72%
      0     0        0.0076     2        0.0175 UserPurge1: 1     5006   56.72%
      0     0        0.0076     2        0.0175 UserPurge1: 1     5007   56.72%
      0     0        0.0076     2        0.0175 UserPurge1: 1     5008   56.72%
      0     0        0.0076     2        0.0175 UserPurge1: 1     5009   56.72%
      0     0        0.0076     2        0.0175 UserPurge1: 1     5010   56.72%
      0     0        0.0076     2        0.0175 UserPurge1: 1     5011   56.72%
      0     0        0.0076     2        0.0175 UserPurge1: 1     5012   56.72%
      0     0        0.0076     2        0.0175 UserPurge1: 1     5013   56.72%
      0     0        0.0076     2        0.0175 UserPurge1: 1     5014   56.72%
      0     0        0.0076     2        0.0175 UserPurge1: 1     5015   56.72%
      0     0        0.0076     2        0.0175 UserPurge1: 1     5016   56.72%
      0     0        0.0076     2        0.0175 UserPurge1: 1     5017   56.72%
      0     0        0.0076     2        0.0175 UserPurge1: 1     5018   56.72%
      0     0        0.0076     2        0.0175 UserPurge1: 1     5019   56.72%
      0     0        0.0076     2        0.0175 UserPurge1: 1     5020   56.72%
      0     0        0.0076     2        0.0175 UserPurge1: 1     5021   56.72%
      0     0        0.0076     2        0.0175 UserPurge1: 1     5022   56.72%
      0     0        0.0076     2        0.0175 UserPurge1: 1     5023   56.72%
      0     0        0.0076     2        0.0175 UserPurge1: 1     5024   56.72%
      0     0        0.0076     2        0.0175 UserPurge1: 1     5025   56.72%
      0     0        0.0076     2        0.0175 UserPurge1: 1     5026   56.72%
      0     0        0.0076     2        0.0175 UserPurge1: 1     5027   56.72%
      0     0        0.0076     2        0.0175 UserPurge1: 1     5028   56.72%
      0     0        0.0076     2        0.0175 UserPurge1: 1     5029   56.72%
      0     0        0.0076     2        0.0175 UserPurge1: 1     5030   56.72%
      0     0        0.0076     2        0.0175 UserPurge1: 1     5031   56.72%
      0     0        0.0076     2        0.0175 UserPurge1: 1     5032   56.72%
      0     0        0.0076     2        0.0175 UserPurge1: 1     5033   56.72%
      0     0        0.0076     2        0.0175 UserPurge1: 1     5034   56.72%
      0     0        0.0076     2        0.0175 UserPurge1: 1     5035   56.72%
      0     0        0.0076     2        0.0175 UserPurge1: 1     5036   56.72%
      0     0        0.0076     2        0.0175 UserPurge1: 1     5037   56.72%
      0     0        0.0076     2        0.0175 UserPurge1: 1     5038   56.72%
      0     0        0.0076     2        0.0175 UserPurge1: 1     5039   56.72%
      0     0        0.0076     2        0.0175 UserPurge1: 1     5040   56.72%
      0     0        0.0076     2        0.0175 UserPurge1: 1     5041   56.72%
      0     0        0.0076     2        0.0175 UserPurge1: 1     5042   56.72%
      0     0        0.0076     2        0.0175 UserPurge1: 1     5043   56.72%
      0     0        0.0076     2        0.0175 UserPurge1: 1     5044   56.72%
      0     0        0.0076     2        0.0175 UserPurge1: 1     5045   56.72%
      0     0        0.0076     2        0.0175 UserPurge1: 1     5046   56.72%
      0     0        0.0076     2        0.0175 UserPurge1: 1     5047   56.72%
      0     0        0.0076     2        0.0175 UserPurge1: 1     5048   56.72%
      0     0        0.0076     2        0.0175 UserPurge1: 1     5049   56.72%
      0     0        0.0076     2        0.0175 UserPurge1: 1     5050   56.72%
      0     0        0.0076     2        0.0175 UserPurge1: 1     5051   56.72%
      0     0        0.0076     2        0.0175 UserPurge1: 1     5052   56.72%
      0     0        0.0076     2        0.0175 UserPurge1: 1     5053   56.72%
      0     0        0.0076     2        0.0175 UserPurge1: 1     5054   56.72%
      0     0        0.0076     2        0.0175 UserPurge1: 1     5055   56.72%
      0     0        0.0076     2        0.0175 UserPurge1: 1     5056   56.72%
      0     0        0.0076     2        0.0175 UserPurge1: 1     5057   56.72%
      0     0        0.0076     2        0.0175 UserPurge1: 1     5058   56.72%
      0     0        0.0076     2        0.0175 UserPurge1: 1     5059   56.72%
      0     0        0.0076     2        0.0175 UserPurge1: 1     5060   56.72%
      0     0        0.0076     2        0.0175 UserPurge1: 1     5061   56.72%
      0     0        0.0076     2        0.0175 UserPurge1: 1     5062   56.72%
      0     0        0.0076     2        0.0175 UserPurge1: 1     5063   56.72%
      0     0        0.0076     2        0.0175 UserPurge1: 1     5064   56.72%
      0     0        0.0076     2        0.0175 UserPurge1: 1     5065   56.72%
      0     0        0.0076     2        0.0175 UserPurge1: 1     5066   56.72%
      0     0        0.0076     2        0.0175 UserPurge1: 1     5067   56.72%
      0     0        0.0076     2        0.0175 UserPurge1: 1     5068   56.72%
      0     0        0.0076     2        0.0175 UserPurge1: 1     5069   56.72%
      0     0        0.0076     2        0.0175 UserPurge1: 1     5070   56.72%
      0     0        0.0076     2        0.0175 UserPurge1: 1     5071   56.72%
      0     0        0.0076     2        0.0175 UserPurge1: 1     5072   56.72%
      0     0        0.0076     2        0.0175 UserPurge1: 1     5073   56.72%
      0     0        0.0076     2        0.0175 UserPurge1: 1     5074   56.72%
      0     0        0.0076     2        0.0175 UserPurge1: 1     5075   56.72%
      0     0        0.0076     2        0.0175 UserPurge1: 1     5076   56.72%
      0     0        0.0076     2        0.0175 UserPurge1: 1     5077   56.72%
      0     0        0.0076     2        0.0175 UserPurge1: 1     5078   56.72%
      0     0        0.0076     2        0.0175 UserPurge1: 1     5079   56.72%
      0     0        0.0076     2        0.0175 UserPurge1: 1     5080   56.72%
      0     0        0.0076     2        0.0175 UserPurge1: 1     5081   56.72%
      0     0        0.0076     2        0.0175 UserPurge1: 1     5082   56.72%
      0     0        0.0076     2        0.0175 UserPurge1: 1     5083   56.72%
      0     0        0.0076     2        0.0175 UserPurge1: 1     5084   56.72%
      0     0        0.0076     2        0.0175 UserPurge1: 1     5085   56.72%
      0     0        0.0076     2        0.0175 UserPurge1: 1     5086   56.72%
      0     0        0.0076     2        0.0175 UserPurge1: 1     5087   56.72%
      0     0        0.0076     2        0.0175 UserPurge1: 1     5088   56.72%
      0     0        0.0076     2        0.0175 UserPurge1: 1     5089   56.72%
      0     0        0.0076     2        0.0175 UserPurge1: 1     5090   56.72%
      0     0        0.0076     2        0.0175 UserPurge1: 1     5091   56.72%
      0     0        0.0076     2        0.0175 UserPurge1: 1     5092   56.72%
      0     0        0.0076     2        0.0175 UserPurge1: 1     5093   56.72%
      0     0        0.0076     2        0.0175 UserPurge1: 1     5094   56.72%
      0     0        0.0076     2        0.0175 UserPurge1: 1     5095   56.72%
      0     0        0.0076     2        0.0175 UserPurge1: 1     5096   56.72%
      0     0        0.0076     2        0.0175 UserPurge1: 1     5097   56.72%
      0     0        0.0076     2        0.0175 UserPurge1: 1     5098   56.72%
      0     0        0.0076     2        0.0175 UserPurge1: 1     5099   56.72%
      0     0        0.0076     2        0.0175 UserPurge1: 1     5100   56.72%
      0     0        0.0076     2        0.0175 UserPurge1: 1     5101   56.72%
      0     0        0.0076     2        0.0175 UserPurge1: 1     5102   56.72%
      0     0        0.0076     2        0.0175 UserPurge1: 1     5103   56.72%
      0     0        0.0076     2        0.0175 UserPurge1: 1     5104   56.72%
      0     0        0.0076     2        0.0175 UserPurge1: 1     5105   56.72%
      0     0        0.0076     2        0.0175 UserPurge1: 1     5106   56.72%
      0     0        0.0076     2        0.0175 UserPurge1: 1     5107   56.72%
      0     0        0.0076     2        0.0175 UserPurge1: 1     5108   56.72%
      0     0        0.0076     2        0.0175 UserPurge1: 1     5109   56.72%
      0     0        0.0076     2        0.0175 UserPurge1: 1     5110   56.72%
      0     0        0.0076     2        0.0175 UserPurge1: 1     5111   56.72%
      0     0        0.0076     2        0.0175 UserPurge1: 1     5112   56.72%
      0     0        0.0076     2        0.0175 UserPurge1: 1     5113   56.72%
      0     0        0.0076     2        0.0175 UserPurge1: 1     5114   56.72%
      0     0        0.0076     2        0.0175 UserPurge1: 1     5115   56.72%
      0     0        0.0076     2        0.0175 UserPurge1: 1     5116   56.72%
      0     0        0.0076     2        0.0175 UserPurge1: 1     5117   56.72%
      0     0        0.0076     2        0.0175 UserPurge1: 1     5118   56.72%
      0     0        0.0076     2        0.0175 UserPurge1: 1     5119   56.72%
      0     0        0.0076     2        0.0175 UserPurge1: 1     5120   56.72%
      0     0        0.0076     2        0.0175 UserPurge1: 1     5121   56.72%
      0     0        0.0076     2        0.0175 UserPurge1: 1     5122   56.72%
      0     0        0.0076     2        0.0175 UserPurge1: 1     5123   56.72%
      0     0        0.0076     2        0.0175 UserPurge1: 1     5124   56.72%
      0     0        0.0076     2        0.0175 UserPurge1: 1     5125   56.72%
      0     0        0.0076     2        0.0175 UserPurge1: 1     5126   56.72%
      0     0        0.0076     2        0.0175 UserPurge1: 1     5127   56.72%
      0     0        0.0076     2        0.0175 UserPurge1: 1     5128   56.72%
      0     0        0.0076     2        0.0175 UserPurge1: 1     5129   56.72%
      0     0        0.0076     2        0.0175 UserPurge1: 1     5130   56.72%
      0     0        0.0076     2        0.0175 UserPurge1: 1     5131   56.72%
      0     0        0.0076     2        0.0175 UserPurge1: 1     5132   56.72%
      0     0        0.0076     2        0.0175 UserPurge1: 1     5133   56.72%
      0     0        0.0076     2        0.0175 UserPurge1: 1     5134   56.72%
      0     0        0.0076     2        0.0175 UserPurge1: 1     5135   56.72%
      0     0        0.0076     2        0.0175 UserPurge1: 1     5136   56.72%
      0     0        0.0076     2        0.0175 UserPurge1: 1     5137   56.72%
      0     0        0.0076     2        0.0175 UserPurge1: 1     5138   56.72%
      0     0        0.0076     2        0.0175 UserPurge1: 1     5139   56.72%
      0     0        0.0076     2        0.0175 UserPurge1: 1     5140   56.72%
      0     0        0.0076     2        0.0175 UserPurge1: 1     5141   56.72%
      0     0        0.0076     2        0.0175 UserPurge1: 1     5142   56.72%
      0     0        0.0076     2        0.0175 UserPurge1: 1     5143   56.72%
      0     0        0.0076     2        0.0175 UserPurge1: 1     5144   56.72%
      0     0        0.0076     2        0.0175 UserPurge1: 1     5145   56.72%
      0     0        0.0076     2        0.0175 UserPurge1: 1     5146   56.72%
      0     0        0.0076     2        0.0175 UserPurge1: 1     5147   56.72%
      0     0        0.0076     2        0.0175 UserPurge1: 1     5148   56.72%
      0     0        0.0076     2        0.0175 UserPurge1: 1     5149   56.72%
      0     0        0.0076     2        0.0175 UserPurge1: 1     5150   56.72%
      0     0        0.0076     2        0.0175 UserPurge1: 1     5151   56.72%
      0     0        0.0076     2        0.0175 UserPurge1: 1     5152   56.72%
      0     0        0.0076     2        0.0175 UserPurge1: 1     5153   56.72%
      0     0        0.0076     2        0.0175 UserPurge1: 1     5154   56.72%
      0     0        0.0076     2        0.0175 UserPurge1: 1     5155   56.72%
      0     0        0.0076     2        0.0175 UserPurge1: 1     5156   56.72%
      0     0        0.0076     2        0.0175 UserPurge1: 1     5157   56.72%
      0     0        0.0076     2        0.0175 UserPurge1: 1     5158   56.72%
      0     0        0.0076     2        0.0175 UserPurge1: 1     5159   56.72%
      0     0        0.0076     2        0.0175 UserPurge1: 1     5160   56.72%
      0     0        0.0076     2        0.0175 UserPurge1: 1     5161   56.72%
      0     0        0.0076     2        0.0175 UserPurge1: 1     5162   56.72%
      0     0        0.0076     2        0.0175 UserPurge1: 1     5163   56.72%
      0     0        0.0076     2        0.0175 UserPurge1: 1     5164   56.72%
      0     0        0.0076     2        0.0175 UserPurge1: 1     5165   56.72%
      0     0        0.0076     2        0.0175 UserPurge1: 1     5166   56.72%
      0     0        0.0076     2        0.0175 UserPurge1: 1     5167   56.72%
      0     0        0.0076     2        0.0175 UserPurge1: 1     5168   56.72%
      0     0        0.0076     2        0.0175 UserPurge1: 1     5169   56.72%
      0     0        0.0076     2        0.0175 UserPurge1: 1     5170   56.72%
      0     0        0.0076     2        0.0175 UserPurge1: 1     5171   56.72%
      0     0        0.0076     2        0.0175 UserPurge1: 1     5172   56.72%
      0     0        0.0076     2        0.0175 UserPurge1: 1     5173   56.72%
      0     0        0.0076     2        0.0175 UserPurge1: 1     5174   56.72%
      0     0        0.0076     2        0.0175 UserPurge1: 1     5175   56.72%
      0     0        0.0076     2        0.0175 UserPurge1: 1     5176   56.72%
      0     0        0.0076     2        0.0175 UserPurge1: 1     5177   56.72%
      0     0        0.0076     2        0.0175 UserPurge1: 1     5178   56.72%
      0     0        0.0076     2        0.0175 UserPurge1: 1     5179   56.72%
      0     0        0.0076     2        0.0175 UserPurge1: 1     5180   56.72%
      0     0        0.0076     2        0.0175 UserPurge1: 1     5181   56.72%
      0     0        0.0076     2        0.0175 UserPurge1: 1     5182   56.72%
      0     0        0.0076     2        0.0175 UserPurge1: 1     5183   56.72%
      0     0        0.0076     2        0.0175 UserPurge1: 1     5184   56.72%
      0     0        0.0076     2        0.0175 UserPurge1: 1     5185   56.72%
      0     0        0.0076     2        0.0175 UserPurge1: 1     5186   56.72%
      0     0        0.0076     2        0.0175 UserPurge1: 1     5187   56.72%
      0     0        0.0076     2        0.0175 UserPurge1: 1     5188   56.72%
      0     0        0.0076     2        0.0175 UserPurge1: 1     5189   56.72%
      0     0        0.0076     2        0.0175 UserPurge1: 1     5190   56.72%
      0     0        0.0076     2        0.0175 UserPurge1: 1     5191   56.72%
      0     0        0.0076     2        0.0175 UserPurge1: 1     5192   56.72%
      0     0        0.0076     2        0.0175 UserPurge1: 1     5193   56.72%
      0     0        0.0076     2        0.0175 UserPurge1: 1     5194   56.72%
      0     0        0.0076     2        0.0175 UserPurge1: 1     5195   56.72%
      0     0        0.0076     2        0.0175 UserPurge1: 1     5196   56.72%
      0     0        0.0076     2        0.0175 UserPurge1: 1     5197   56.72%
      0     0        0.0076     2        0.0175 UserPurge1: 1     5198   56.72%
      0     0        0.0076     2        0.0175 UserPurge1: 1     5199   56.72%
      0     0        0.0076     2        0.0175 UserPurge1: 1     5200   56.72%
      0     0        0.0076     2        0.0175 UserPurge1: 1     5201   56.72%
      0     0        0.0076     2        0.0175 UserPurge1: 1     5202   56.72%
      0     0        0.0076     2        0.0175 UserPurge1: 1     5203   56.72%
      0     0        0.0076     2        0.0175 UserPurge1: 1     5204   56.72%
      0     0        0.0076     2        0.0175 UserPurge1: 1     5205   56.72%
      0     0        0.0076     2        0.0175 UserPurge1: 1     5206   56.72%
      0     0        0.0076     2        0.0175 UserPurge1: 1     5207   56.72%
      0     0        0.0076     2        0.0175 UserPurge1: 1     5208   56.72%
      0     0        0.0076     2        0.0175 UserPurge1: 1     5209   56.72%
      0     0        0.0076     2        0.0175 UserPurge1: 1     5210   56.72%
      0     0        0.0076     2        0.0175 UserPurge1: 1     5211   56.72%
      0     0        0.0076     2        0.0175 UserPurge1: 1     5212   56.72%
      0     0        0.0076     2        0.0175 UserPurge1: 1     5213   56.72%
      0     0        0.0076     2        0.0175 UserPurge1: 1     5214   56.72%
      0     0        0.0076     2        0.0175 UserPurge1: 1     5215   56.72%
      0     0        0.0076     2        0.0175 UserPurge1: 1     5216   56.72%
      0     0        0.0076     2        0.0175 UserPurge1: 1     5217   56.72%
      0     0        0.0076     2        0.0175 UserPurge1: 1     5218   56.72%
      0     0        0.0076     2        0.0175 UserPurge1: 1     5219   56.72%
      0     0        0.0076     2        0.0175 UserPurge1: 1     5220   56.72%
      0     0        0.0076     2        0.0175 UserPurge1: 1     5221   56.72%
      0     0        0.0076     2        0.0175 UserPurge1: 1     5222   56.72%
      0     0        0.0076     2        0.0175 UserPurge1: 1     5223   56.72%
      0     0        0.0076     2        0.0175 UserPurge1: 1     5224   56.72%
      0     0        0.0076     2        0.0175 UserPurge1: 1     5225   56.72%
      0     0        0.0076     2        0.0175 UserPurge1: 1     5226   56.72%
      0     0        0.0076     2        0.0175 UserPurge1: 1     5227   56.72%
      0     0        0.0076     2        0.0175 UserPurge1: 1     5228   56.72%
      0     0        0.0076     2        0.0175 UserPurge1: 1     5229   56.72%
      0     0        0.0076     2        0.0175 UserPurge1: 1     5230   56.72%
      0     0        0.0076     2        0.0175 UserPurge1: 1     5231   56.72%
      0     0        0.0076     2        0.0175 UserPurge1: 1     5232   56.72%
      0     0        0.0076     2        0.0175 UserPurge1: 1     5233   56.72%
      0     0        0.0076     2        0.0175 UserPurge1: 1     5234   56.72%
      0     0        0.0076     2        0.0175 UserPurge1: 1     5235   56.72%
      0     0        0.0076     2        0.0175 UserPurge1: 1     5236   56.72%
      0     0        0.0076     2        0.0175 UserPurge1: 1     5237   56.72%
      0     0        0.0076     2        0.0175 UserPurge1: 1     5238   56.72%
      0     0        0.0076     2        0.0175 UserPurge1: 1     5239   56.72%
      0     0        0.0076     2        0.0175 UserPurge1: 1     5240   56.72%
      0     0        0.0076     2        0.0175 UserPurge1: 1     5241   56.72%
      0     0        0.0076     2        0.0175 UserPurge1: 1     5242   56.72%
      0     0        0.0076     2        0.0175 UserPurge1: 1     5243   56.72%
      0     0        0.0076     2        0.0175 UserPurge1: 1     5244   56.72%
      0     0        0.0076     2        0.0175 UserPurge1: 1     5245   56.72%
      0     0        0.0076     2        0.0175 UserPurge1: 1     5246   56.72%
      0     0        0.0076     2        0.0175 UserPurge1: 1     5247   56.72%
      0     0        0.0076     2        0.0175 UserPurge1: 1     5248   56.72%
      0     0        0.0076     2        0.0175 UserPurge1: 1     5249   56.72%
      0     0        0.0076     2        0.0175 UserPurge1: 1     5250   56.72%
      0     0        0.0076     2        0.0175 UserPurge1: 1     5251   56.72%
      0     0        0.0076     2        0.0175 UserPurge1: 1     5252   56.72%
      0     0        0.0076     2        0.0175 UserPurge1: 1     5253   56.72%
      0     0        0.0076     2        0.0175 UserPurge1: 1     5254   56.72%
      0     0        0.0076     2        0.0175 UserPurge1: 1     5255   56.72%
      0     0        0.0076     2        0.0175 UserPurge1: 1     5256   56.72%
      0     0        0.0076     2        0.0175 UserPurge1: 1     5257   56.72%
      0     0        0.0076     2        0.0175 UserPurge1: 1     5258   56.72%
      0     0        0.0076     2        0.0175 UserPurge1: 1     5259   56.72%
      0     0        0.0076     2        0.0175 UserPurge1: 1     5260   56.72%
      0     0        0.0076     2        0.0175 UserPurge1: 1     5261   56.72%
      0     0        0.0076     2        0.0175 UserPurge1: 1     5262   56.72%
      0     0        0.0076     2        0.0175 UserPurge1: 1     5263   56.72%
      0     0        0.0076     2        0.0175 UserPurge1: 1     5264   56.72%
      0     0        0.0076     2        0.0175 UserPurge1: 1     5265   56.72%
      0     0        0.0076     2        0.0175 UserPurge1: 1     5266   56.72%
      0     0        0.0076     2        0.0175 UserPurge1: 1     5267   56.72%
      0     0        0.0076     2        0.0175 UserPurge1: 1     5268   56.72%
      0     0        0.0076     2        0.0175 UserPurge1: 1     5269   56.72%
      0     0        0.0076     2        0.0175 UserPurge1: 1     5270   56.72%
      0     0        0.0076     2        0.0175 UserPurge1: 1     5271   56.72%
      0     0        0.0076     2        0.0175 UserPurge1: 1     5272   56.72%
      0     0        0.0076     2        0.0175 UserPurge1: 1     5273   56.72%
      0     0        0.0076     2        0.0175 UserPurge1: 1     5274   56.72%
      0     0        0.0076     2        0.0175 UserPurge1: 1     5275   56.72%
      0     0        0.0076     2        0.0175 UserPurge1: 1     5276   56.72%
      0     0        0.0076     2        0.0175 UserPurge1: 1     5277   56.72%
      0     0        0.0076     2        0.0175 UserPurge1: 1     5278   56.72%
      0     0        0.0076     2        0.0175 UserPurge1: 1     5279   56.72%
      0     0        0.0076     2        0.0175 UserPurge1: 1     5280   56.72%
      0     0        0.0076     2        0.0175 UserPurge1: 1     5281   56.72%
      0     0        0.0076     2        0.0175 UserPurge1: 1     5282   56.72%
      0     0        0.0076     2        0.0175 UserPurge1: 1     5283   56.72%
      0     0        0.0076     2        0.0175 UserPurge1: 1     5284   56.72%
      0     0        0.0076     2        0.0175 UserPurge1: 1     5285   56.72%
      0     0        0.0076     2        0.0175 UserPurge1: 1     5286   56.72%
      0     0        0.0076     2        0.0175 UserPurge1: 1     5287   56.72%
      0     0        0.0076     2        0.0175 UserPurge1: 1     5288   56.72%
      0     0        0.0076     2        0.0175 UserPurge1: 1     5289   56.72%
      0     0        0.0076     2        0.0175 UserPurge1: 1     5290   56.72%
      0     0        0.0076     2        0.0175 UserPurge1: 1     5291   56.72%
      0     0        0.0076     2        0.0175 UserPurge1: 1     5292   56.72%
      0     0        0.0076     2        0.0175 UserPurge1: 1     5293   56.72%
      0     0        0.0076     2        0.0175 UserPurge1: 1     5294   56.72%
      0     0        0.0076     2        0.0175 UserPurge1: 1     5295   56.72%
      0     0        0.0076     2        0.0175 UserPurge1: 1     5296   56.72%
      0     0        0.0076     2        0.0175 UserPurge1: 1     5297   56.72%
      0     0        0.0076     2        0.0175 UserPurge1: 1     5298   56.72%
      0     0        0.0076     2        0.0175 UserPurge1: 1     5299   56.72%
      0     0        0.0076     2        0.0175 UserPurge1: 1     5300   56.72%
      0     0        0.0076     2        0.0175 UserPurge1: 1     5301   56.72%
      0     0        0.0076     2        0.0175 UserPurge1: 1     5302   56.72%
      0     0        0.0076     2        0.0175 UserPurge1: 1     5303   56.72%
      0     0        0.0076     2        0.0175 UserPurge1: 1     5304   56.72%
      0     0        0.0076     2        0.0175 UserPurge1: 1     5305   56.72%
      0     0        0.0076     2        0.0175 UserPurge1: 1     5306   56.72%
      0     0        0.0076     2        0.0175 UserPurge1: 1     5307   56.72%
      0     0        0.0076     2        0.0175 UserPurge1: 1     5308   56.72%
      0     0        0.0076     2        0.0175 UserPurge1: 1     5309   56.72%
      0     0        0.0076     2        0.0175 UserPurge1: 1     5310   56.72%
      0     0        0.0076     2        0.0175 UserPurge1: 1     5311   56.72%
      0     0        0.0076     2        0.0175 UserPurge1: 1     5312   56.72%
      0     0        0.0076     2        0.0175 UserPurge1: 1     5313   56.72%
      0     0        0.0076     2        0.0175 UserPurge1: 1     5314   56.72%
      0     0        0.0076     2        0.0175 UserPurge1: 1     5315   56.72%
      0     0        0.0076     2        0.0175 UserPurge1: 1     5316   56.72%
      0     0        0.0076     2        0.0175 UserPurge1: 1     5317   56.72%
      0     0        0.0076     2        0.0175 UserPurge1: 1     5318   56.72%
      0     0        0.0076     2        0.0175 UserPurge1: 1     5319   56.72%
      0     0        0.0076     2        0.0175 UserPurge1: 1     5320   56.72%
      0     0        0.0076     2        0.0175 UserPurge1: 1     5321   56.72%
      0     0        0.0076     2        0.0175 UserPurge1: 1     5322   56.72%
      0     0        0.0076     2        0.0175 UserPurge1: 1     5323   56.72%
      0     0        0.0076     2        0.0175 UserPurge1: 1     5324   56.72%
      0     0        0.0076     2        0.0175 UserPurge1: 1     5325   56.72%
      0     0        0.0076     2        0.0175 UserPurge1: 1     5326   56.72%
      0     0        0.0076     2        0.0175 UserPurge1: 1     5327   56.72%
      0     0        0.0076     2        0.0175 UserPurge1: 1     5328   56.72%
      0     0        0.0076     2        0.0175 UserPurge1: 1     5329   56.72%
      0     0        0.0076     2        0.0175 UserPurge1: 1     5330   56.72%
      0     0        0.0076     2        0.0175 UserPurge1: 1     5331   56.72%
      0     0        0.0076     2        0.0175 UserPurge1: 1     5332   56.72%
      0     0        0.0076     2        0.0175 UserPurge1: 1     5333   56.72%
      0     0        0.0076     2        0.0175 UserPurge1: 1     5334   56.72%
      0     0        0.0076     2        0.0175 UserPurge1: 1     5335   56.72%
      0     0        0.0076     2        0.0175 UserPurge1: 1     5336   56.72%
      0     0        0.0076     2        0.0175 UserPurge1: 1     5337   56.72%
      0     0        0.0076     2        0.0175 UserPurge1: 1     5338   56.72%
      0     0        0.0076     2        0.0175 UserPurge1: 1     5339   56.72%
      0     0        0.0076     2        0.0175 UserPurge1: 1     5340   56.72%
      0     0        0.0076     2        0.0175 UserPurge1: 1     5341   56.72%
      0     0        0.0076     2        0.0175 UserPurge1: 1     5342   56.72%
      0     0        0.0076     2        0.0175 UserPurge1: 1     5343   56.72%
      0     0        0.0076     2        0.0175 UserPurge1: 1     5344   56.72%
      0     0        0.0076     2        0.0175 UserPurge1: 1     5345   56.72%
      0     0        0.0076     2        0.0175 UserPurge1: 1     5346   56.72%
      0     0        0.0076     2        0.0175 UserPurge1: 1     5347   56.72%
      0     0        0.0076     2        0.0175 UserPurge1: 1     5348   56.72%
      0     0        0.0076     2        0.0175 UserPurge1: 1     5349   56.72%
      0     0        0.0076     2        0.0175 UserPurge1: 1     5350   56.72%
      0     0        0.0076     2        0.0175 UserPurge1: 1     5351   56.72%
      0     0        0.0076     2        0.0175 UserPurge1: 1     5352   56.72%
      0     0        0.0076     2        0.0175 UserPurge1: 1     5353   56.72%
      0     0        0.0076     2        0.0175 UserPurge1: 1     5354   56.72%
      0     0        0.0076     2        0.0175 UserPurge1: 1     5355   56.72%
      0     0        0.0076     2        0.0175 UserPurge1: 1     5356   56.72%
      0     0        0.0076     2        0.0175 UserPurge1: 1     5357   56.72%
      0     0        0.0076     2        0.0175 UserPurge1: 1     5358   56.72%
      0     0        0.0076     2        0.0175 UserPurge1: 1     5359   56.72%
      0     0        0.0076     2        0.0175 UserPurge1: 1     5360   56.72%
      0     0        0.0076     2        0.0175 UserPurge1: 1     5361   56.72%
      0     0        0.0076     2        0.0175 UserPurge1: 1     5362   56.72%
      0     0        0.0076     2        0.0175 UserPurge1: 1     5363   56.72%
      0     0        0.0076     2        0.0175 UserPurge1: 1     5364   56.72%
      0     0        0.0076     2        0.0175 UserPurge1: 1     5365   56.72%
      0     0        0.0076     2        0.0175 UserPurge1: 1     5366   56.72%
      0     0        0.0076     2        0.0175 UserPurge1: 1     5367   56.72%
      0     0        0.0076     2        0.0175 UserPurge1: 1     5368   56.72%
      0     0        0.0076     2        0.0175 UserPurge1: 1     5369   56.72%
      0     0        0.0076     2        0.0175 UserPurge1: 1     5370   56.72%
      0     0        0.0076     2        0.0175 UserPurge1: 1     5371   56.72%
      0     0        0.0076     2        0.0175 UserPurge1: 1     5372   56.72%
      0     0        0.0076     2        0.0175 UserPurge1: 1     5373   56.72%
      0     0        0.0076     2        0.0175 UserPurge1: 1     5374   56.72%
      0     0        0.0076     2        0.0175 UserPurge1: 1     5375   56.72%
      0     0        0.0076     2        0.0175 UserPurge1: 1     5376   56.72%
      0     0        0.0076     2        0.0175 UserPurge1: 1     5377   56.72%
      0     0        0.0076     2        0.0175 UserPurge1: 1     5378   56.72%
      0     0        0.0076     2        0.0175 UserPurge1: 1     5379   56.72%
      0     0        0.0076     2        0.0175 UserPurge1: 1     5380   56.72%
      0     0        0.0076     2        0.0175 UserPurge1: 1     5381   56.72%
      0     0        0.0076     2        0.0175 UserPurge1: 1     5382   56.72%
      0     0        0.0076     2        0.0175 UserPurge1: 1     5383   56.72%
      0     0        0.0076     2        0.0175 UserPurge1: 1     5384   56.72%
      0     0        0.0076     2        0.0175 UserPurge1: 1     5385   56.72%
      0     0        0.0076     2        0.0175 UserPurge1: 1     5386   56.72%
      0     0        0.0076     2        0.0175 UserPurge1: 1     5387   56.72%
      0     0        0.0076     2        0.0175 UserPurge1: 1     5388   56.72%
      0     0        0.0076     2        0.0175 UserPurge1: 1     5389   56.72%
      0     0        0.0076     2        0.0175 UserPurge1: 1     5390   56.72%
      0     0        0.0076     2        0.0175 UserPurge1: 1     5391   56.72%
      0     0        0.0076     2        0.0175 UserPurge1: 1     5392   56.72%
      0     0        0.0076     2        0.0175 UserPurge1: 1     5393   56.72%
      0     0        0.0076     2        0.0175 UserPurge1: 1     5394   56.72%
      0     0        0.0076     2        0.0175 UserPurge1: 1     5395   56.72%
      0     0        0.0076     2        0.0175 UserPurge1: 1     5396   56.72%
      0     0        0.0076     2        0.0175 UserPurge1: 1     5397   56.72%
      0     0        0.0076     2        0.0175 UserPurge1: 1     5398   56.72%
      0     0        0.0076     2        0.0175 UserPurge1: 1     5399   56.72%
      0     0        0.0076     2        0.0175 UserPurge1: 1     5400   56.72%
      0     0        0.0076     2        0.0175 UserPurge1: 1     5401   56.72%
      0     0        0.0076     2        0.0175 UserPurge1: 1     5402   56.72%
      0     0        0.0076     2        0.0175 UserPurge1: 1     5403   56.72%
      0     0        0.0076     2        0.0175 UserPurge1: 1     5404   56.72%
      0     0        0.0076     2        0.0175 UserPurge1: 1     5405   56.72%
      0     0        0.0076     2        0.0175 UserPurge1: 1     5406   56.72%
      0     0        0.0076     2        0.0175 UserPurge1: 1     5407   56.72%
      0     0        0.0076     2        0.0175 UserPurge1: 1     5408   56.72%
      0     0        0.0076     2        0.0175 UserPurge1: 1     5409   56.72%
      0     0        0.0076     2        0.0175 UserPurge1: 1     5410   56.72%
      0     0        0.0076     2        0.0175 UserPurge1: 1     5411   56.72%
      0     0        0.0076     2        0.0175 UserPurge1: 1     5412   56.72%
      0     0        0.0076     2        0.0175 UserPurge1: 1     5413   56.72%
      0     0        0.0076     2        0.0175 UserPurge1: 1     5414   56.72%
      0     0        0.0076     2        0.0175 UserPurge1: 1     5415   56.72%
      0     0        0.0076     2        0.0175 UserPurge1: 1     5416   56.72%
      0     0        0.0076     2        0.0175 UserPurge1: 1     5417   56.72%
      0     0        0.0076     2        0.0175 UserPurge1: 1     5418   56.72%
      0     0        0.0076     2        0.0175 UserPurge1: 1     5419   56.72%
      0     0        0.0076     2        0.0175 UserPurge1: 1     5420   56.72%
      0     0        0.0076     2        0.0175 UserPurge1: 1     5421   56.72%
      0     0        0.0076     2        0.0175 UserPurge1: 1     5422   56.72%
      0     0        0.0076     2        0.0175 UserPurge1: 1     5423   56.72%
      0     0        0.0076     2        0.0175 UserPurge1: 1     5424   56.72%
      0     0        0.0076     2        0.0175 UserPurge1: 1     5425   56.72%
      0     0        0.0076     2        0.0175 UserPurge1: 1     5426   56.72%
      0     0        0.0076     2        0.0175 UserPurge1: 1     5427   56.72%
      0     0        0.0076     2        0.0175 UserPurge1: 1     5428   56.72%
      0     0        0.0076     2        0.0175 UserPurge1: 1     5429   56.72%
      0     0        0.0076     2        0.0175 UserPurge1: 1     5430   56.72%
      0     0        0.0076     2        0.0175 UserPurge1: 1     5431   56.72%
      0     0        0.0076     2        0.0175 UserPurge1: 1     5432   56.72%
      0     0        0.0076     2        0.0175 UserPurge1: 1     5433   56.72%
      0     0        0.0076     2        0.0175 UserPurge1: 1     5434   56.72%
      0     0        0.0076     2        0.0175 UserPurge1: 1     5435   56.72%
      0     0        0.0076     2        0.0175 UserPurge1: 1     5436   56.72%
      0     0        0.0076     2        0.0175 UserPurge1: 1     5437   56.72%
      0     0        0.0076     2        0.0175 UserPurge1: 1     5438   56.72%
      0     0        0.0076     2        0.0175 UserPurge1: 1     5439   56.72%
      0     0        0.0076     2        0.0175 UserPurge1: 1     5440   56.72%
      0     0        0.0076     2        0.0175 UserPurge1: 1     5441   56.72%
      0     0        0.0076     2        0.0175 UserPurge1: 1     5442   56.72%
      0     0        0.0076     2        0.0175 UserPurge1: 1     5443   56.72%
      0     0        0.0076     2        0.0175 UserPurge1: 1     5444   56.72%
      0     0        0.0076     2        0.0175 UserPurge1: 1     5445   56.72%
      0     0        0.0076     2        0.0175 UserPurge1: 1     5446   56.72%
      0     0        0.0076     2        0.0175 UserPurge1: 1     5447   56.72%
      0     0        0.0076     2        0.0175 UserPurge1: 1     5448   56.72%
      0     0        0.0076     2        0.0175 UserPurge1: 1     5449   56.72%
      0     0        0.0076     2        0.0175 UserPurge1: 1     5450   56.72%
      0     0        0.0076     2        0.0175 UserPurge1: 1     5451   56.72%
      0     0        0.0076     2        0.0175 UserPurge1: 1     5452   56.72%
      0     0        0.0076     2        0.0175 UserPurge1: 1     5453   56.72%
      0     0        0.0076     2        0.0175 UserPurge1: 1     5454   56.72%
      0     0        0.0076     2        0.0175 UserPurge1: 1     5455   56.72%
      0     0        0.0076     2        0.0175 UserPurge1: 1     5456   56.72%
      0     0        0.0076     2        0.0175 UserPurge1: 1     5457   56.72%
      0     0        0.0076     2        0.0175 UserPurge1: 1     5458   56.72%
      0     0        0.0076     2        0.0175 UserPurge1: 1     5459   56.72%
      0     0        0.0076     2        0.0175 UserPurge1: 1     5460   56.72%
      0     0        0.0076     2        0.0175 UserPurge1: 1     5461   56.72%
      0     0        0.0076     2        0.0175 UserPurge1: 1     5462   56.72%
      0     0        0.0076     2        0.0175 UserPurge1: 1     5463   56.72%
      0     0        0.0076     2        0.0175 UserPurge1: 1     5464   56.72%
      0     0        0.0076     2        0.0175 UserPurge1: 1     5465   56.72%
      0     0        0.0076     2        0.0175 UserPurge1: 1     5466   56.72%
      0     0        0.0076     2        0.0175 UserPurge1: 1     5467   56.72%
      0     0        0.0076     2        0.0175 UserPurge1: 1     5468   56.72%
      0     0        0.0076     2        0.0175 UserPurge1: 1     5469   56.72%
      0     0        0.0076     2        0.0175 UserPurge1: 1     5470   56.72%
      0     0        0.0076     2        0.0175 UserPurge1: 1     5471   56.72%
      0     0        0.0076     2        0.0175 UserPurge1: 1     5472   56.72%
      0     0        0.0076     2        0.0175 UserPurge1: 1     5473   56.72%
      0     0        0.0076     2        0.0175 UserPurge1: 1     5474   56.72%
      0     0        0.0076     2        0.0175 UserPurge1: 1     5475   56.72%
      0     0        0.0076     2        0.0175 UserPurge1: 1     5476   56.72%
      0     0        0.0076     2        0.0175 UserPurge1: 1     5477   56.72%
      0     0        0.0076     2        0.0175 UserPurge1: 1     5478   56.72%
      0     0        0.0076     2        0.0175 UserPurge1: 1     5479   56.72%
      0     0        0.0076     2        0.0175 UserPurge1: 1     5480   56.72%
      0     0        0.0076     2        0.0175 UserPurge1: 1     5481   56.72%
      0     0        0.0076     2        0.0175 UserPurge1: 1     5482   56.72%
      0     0        0.0076     2        0.0175 UserPurge1: 1     5483   56.72%
      0     0        0.0076     2        0.0175 UserPurge1: 1     5484   56.72%
      0     0        0.0076     2        0.0175 UserPurge1: 1     5485   56.72%
      0     0        0.0076     2        0.0175 UserPurge1: 1     5486   56.72%
      0     0        0.0076     2        0.0175 UserPurge1: 1     5487   56.72%
      0     0        0.0076     2        0.0175 UserPurge1: 1     5488   56.72%
      0     0        0.0076     2        0.0175 UserPurge1: 1     5489   56.72%
      0     0        0.0076     2        0.0175 UserPurge1: 1     5490   56.72%
      0     0        0.0076     2        0.0175 UserPurge1: 1     5491   56.72%
      0     0        0.0076     2        0.0175 UserPurge1: 1     5492   56.72%
      0     0        0.0076     2        0.0175 UserPurge1: 1     5493   56.72%
      0     0        0.0076     2        0.0175 UserPurge1: 1     5494   56.72%
      0     0        0.0076     2        0.0175 UserPurge1: 1     5495   56.72%
      0     0        0.0076     2        0.0175 UserPurge1: 1     5496   56.72%
      0     0        0.0076     2        0.0175 UserPurge1: 1     5497   56.72%
      0     0        0.0076     2        0.0175 UserPurge1: 1     5498   56.72%
      0     0        0.0076     2        0.0175 UserPurge1: 1     5499   56.72%
      0     0        0.0076     2        0.0175 UserPurge1: 1     5500   56.72%
      0     0        0.0076     2        0.0175 UserPurge1: 1     5501   56.72%
      0     0        0.0076     2        0.0175 UserPurge1: 1     5502   56.72%
      0     0        0.0076     2        0.0175 UserPurge1: 1     5503   56.72%
      0     0        0.0076     2        0.0175 UserPurge1: 1     5504   56.72%
      0     0        0.0076     2        0.0175 UserPurge1: 1     5505   56.72%
      0     0        0.0076     2        0.0175 UserPurge1: 1     5506   56.72%
      0     0        0.0076     2        0.0175 UserPurge1: 1     5507   56.72%
      0     0        0.0076     2        0.0175 UserPurge1: 1     5508   56.72%
      0     0        0.0076     2        0.0175 UserPurge1: 1     5509   56.72%
      0     0        0.0076     2        0.0175 UserPurge1: 1     5510   56.72%
      0     0        0.0076     2        0.0175 UserPurge1: 1     5511   56.72%
      0     0        0.0076     2        0.0175 UserPurge1: 1     5512   56.72%
      0     0        0.0076     2        0.0175 UserPurge1: 1     5513   56.72%
      0     0        0.0076     2        0.0175 UserPurge1: 1     5514   56.72%
      0     0        0.0076     2        0.0175 UserPurge1: 1     5515   56.72%
      0     0        0.0076     2        0.0175 UserPurge1: 1     5516   56.72%
      0     0        0.0076     2        0.0175 UserPurge1: 1     5517   56.72%
      0     0        0.0076     2        0.0175 UserPurge1: 1     5518   56.72%
      0     0        0.0076     2        0.0175 UserPurge1: 1     5519   56.72%
      0     0        0.0076     2        0.0175 UserPurge1: 1     5520   56.72%
      0     0        0.0076     2        0.0175 UserPurge1: 1     5521   56.72%
      0     0        0.0076     2        0.0175 UserPurge1: 1     5522   56.72%
      0     0        0.0076     2        0.0175 UserPurge1: 1     5523   56.72%
      0     0        0.0076     2        0.0175 UserPurge1: 1     5524   56.72%
      0     0        0.0076     2        0.0175 UserPurge1: 1     5525   56.72%
      0     0        0.0076     2        0.0175 UserPurge1: 1     5526   56.72%
      0     0        0.0076     2        0.0175 UserPurge1: 1     5527   56.72%
      0     0        0.0076     2        0.0175 UserPurge1: 1     5528   56.72%
      0     0        0.0076     2        0.0175 UserPurge1: 1     5529   56.72%
      0     0        0.0076     2        0.0175 UserPurge1: 1     5530   56.72%
      0     0        0.0076     2        0.0175 UserPurge1: 1     5531   56.72%
      0     0        0.0076     2        0.0175 UserPurge1: 1     5532   56.72%
      0     0        0.0076     2        0.0175 UserPurge1: 1     5533   56.72%
      0     0        0.0076     2        0.0175 UserPurge1: 1     5534   56.72%
      0     0        0.0076     2        0.0175 UserPurge1: 1     5535   56.72%
      0     0        0.0076     2        0.0175 UserPurge1: 1     5536   56.72%
      0     0        0.0076     2        0.0175 UserPurge1: 1     5537   56.72%
      0     0        0.0076     2        0.0175 UserPurge1: 1     5538   56.72%
      0     0        0.0076     2        0.0175 UserPurge1: 1     5539   56.72%
      0     0        0.0076     2        0.0175 UserPurge1: 1     5540   56.72%
      0     0        0.0076     2        0.0175 UserPurge1: 1     5541   56.72%
      0     0        0.0076     2        0.0175 UserPurge1: 1     5542   56.72%
      0     0        0.0076     2        0.0175 UserPurge1: 1     5543   56.72%
      0     0        0.0076     2        0.0175 UserPurge1: 1     5544   56.72%
      0     0        0.0076     2        0.0175 UserPurge1: 1     5545   56.72%
      0     0        0.0076     2        0.0175 UserPurge1: 1     5546   56.72%
      0     0        0.0076     2        0.0175 UserPurge1: 1     5547   56.72%
      0     0        0.0076     2        0.0175 UserPurge1: 1     5548   56.72%
      0     0        0.0076     2        0.0175 UserPurge1: 1     5549   56.72%
      0     0        0.0076     2        0.0175 UserPurge1: 1     5550   56.72%
      0     0        0.0076     2        0.0175 UserPurge1: 1     5551   56.72%
      0     0        0.0076     2        0.0175 UserPurge1: 1     5552   56.72%
      0     0        0.0076     2        0.0175 UserPurge1: 1     5553   56.72%
      0     0        0.0076     2        0.0175 UserPurge1: 1     5554   56.72%
      0     0        0.0076     2        0.0175 UserPurge1: 1     5555   56.72%
      0     0        0.0076     2        0.0175 UserPurge1: 1     5556   56.72%
      0     0        0.0076     2        0.0175 UserPurge1: 1     5557   56.72%
      0     0        0.0076     2        0.0175 UserPurge1: 1     5558   56.72%
      0     0        0.0076     2        0.0175 UserPurge1: 1     5559   56.72%
      0     0        0.0076     2        0.0175 UserPurge1: 1     5560   56.72%
      0     0        0.0076     2        0.0175 UserPurge1: 1     5561   56.72%
      0     0        0.0076     2        0.0175 UserPurge1: 1     5562   56.72%
      0     0        0.0076     2        0.0175 UserPurge1: 1     5563   56.72%
      0     0        0.0076     2        0.0175 UserPurge1: 1     5564   56.72%
      0     0        0.0076     2        0.0175 UserPurge1: 1     5565   56.72%
      0     0        0.0076     2        0.0175 UserPurge1: 1     5566   56.72%
      0     0        0.0076     2        0.0175 UserPurge1: 1     5567   56.72%
      0     0        0.0076     2        0.0175 UserPurge1: 1     5568   56.72%
      0     0        0.0076     2        0.0175 UserPurge1: 1     5569   56.72%
      0     0        0.0076     2        0.0175 UserPurge1: 1     5570   56.72%
      0     0        0.0076     2        0.0175 UserPurge1: 1     5571   56.72%
      0     0        0.0076     2        0.0175 UserPurge1: 1     5572   56.72%
      0     0        0.0076     2        0.0175 UserPurge1: 1     5573   56.72%
      0     0        0.0076     2        0.0175 UserPurge1: 1     5574   56.72%
      0     0        0.0076     2        0.0175 UserPurge1: 1     5575   56.72%
      0     0        0.0076     2        0.0175 UserPurge1: 1     5576   56.72%
      0     0        0.0076     2        0.0175 UserPurge1: 1     5577   56.72%
      0     0        0.0076     2        0.0175 UserPurge1: 1     5578   56.72%
      0     0        0.0076     2        0.0175 UserPurge1: 1     5579   56.72%
      0     0        0.0076     2        0.0175 UserPurge1: 1     5580   56.72%
      0     0        0.0076     2        0.0175 UserPurge1: 1     5581   56.72%
      0     0        0.0076     2        0.0175 UserPurge1: 1     5582   56.72%
      0     0        0.0076     2        0.0175 UserPurge1: 1     5583   56.72%
      0     0        0.0076     2        0.0175 UserPurge1: 1     5584   56.72%
      0     0        0.0076     2        0.0175 UserPurge1: 1     5585   56.72%
      0     0        0.0076     2        0.0175 UserPurge1: 1     5586   56.72%
      0     0        0.0076     2        0.0175 UserPurge1: 1     5587   56.72%
      0     0        0.0076     2        0.0175 UserPurge1: 1     5588   56.72%
      0     0        0.0076     2        0.0175 UserPurge1: 1     5589   56.72%
      0     0        0.0076     2        0.0175 UserPurge1: 1     5590   56.72%
      0     0        0.0076     2        0.0175 UserPurge1: 1     5591   56.72%
      0     0        0.0076     2        0.0175 UserPurge1: 1     5592   56.72%
      0     0        0.0076     2        0.0175 UserPurge1: 1     5593   56.72%
      0     0        0.0076     2        0.0175 UserPurge1: 1     5594   56.72%
      0     0        0.0076     2        0.0175 UserPurge1: 1     5595   56.72%
      0     0        0.0076     2        0.0175 UserPurge1: 1     5596   56.72%
      0     0        0.0076     2        0.0175 UserPurge1: 1     5597   56.72%
      0     0        0.0076     2        0.0175 UserPurge1: 1     5598   56.72%
      0     0        0.0076     2        0.0175 UserPurge1: 1     5599   56.72%
      0     0        0.0076     2        0.0175 UserPurge1: 1     5600   56.72%
      0     0        0.0076     2        0.0175 UserPurge1: 1     5601   56.72%
      0     0        0.0076     2        0.0175 UserPurge1: 1     5602   56.72%
      0     0        0.0076     2        0.0175 UserPurge1: 1     5603   56.72%
      0     0        0.0076     2        0.0175 UserPurge1: 1     5604   56.72%
      0     0        0.0076     2        0.0175 UserPurge1: 1     5605   56.72%
      0     0        0.0076     2        0.0175 UserPurge1: 1     5606   56.72%
      0     0        0.0076     2        0.0175 UserPurge1: 1     5607   56.72%
      0     0        0.0076     2        0.0175 UserPurge1: 1     5608   56.72%
      0     0        0.0076     2        0.0175 UserPurge1: 1     5609   56.72%
      0     0        0.0076     2        0.0175 UserPurge1: 1     5610   56.72%
      0     0        0.0076     2        0.0175 UserPurge1: 1     5611   56.72%
      0     0        0.0076     2        0.0175 UserPurge1: 1     5612   56.72%
      0     0        0.0076     2        0.0175 UserPurge1: 1     5613   56.72%
      0     0        0.0076     2        0.0175 UserPurge1: 1     5614   56.72%
      0     0        0.0076     2        0.0175 UserPurge1: 1     5615   56.72%
      0     0        0.0076     2        0.0175 UserPurge1: 1     5616   56.72%
      0     0        0.0076     2        0.0175 UserPurge1: 1     5617   56.72%
      0     0        0.0076     2        0.0175 UserPurge1: 1     5618   56.72%
      0     0        0.0076     2        0.0175 UserPurge1: 1     5619   56.72%
      0     0        0.0076     2        0.0175 UserPurge1: 1     5620   56.72%
      0     0        0.0076     2        0.0175 UserPurge1: 1     5621   56.72%
      0     0        0.0076     2        0.0175 UserPurge1: 1     5622   56.72%
      0     0        0.0076     2        0.0175 UserPurge1: 1     5623   56.72%
      0     0        0.0076     2        0.0175 UserPurge1: 1     5624   56.72%
      0     0        0.0076     2        0.0175 UserPurge1: 1     5625   56.72%
      0     0        0.0076     2        0.0175 UserPurge1: 1     5626   56.72%
      0     0        0.0076     2        0.0175 UserPurge1: 1     5627   56.72%
      0     0        0.0076     2        0.0175 UserPurge1: 1     5628   56.72%
      0     0        0.0076     2        0.0175 UserPurge1: 1     5629   56.72%
      0     0        0.0076     2        0.0175 UserPurge1: 1     5630   56.72%
      0     0        0.0076     2        0.0175 UserPurge1: 1     5631   56.72%
      0     0        0.0076     2        0.0175 UserPurge1: 1     5632   56.72%
      0     0        0.0076     2        0.0175 UserPurge1: 1     5633   56.72%
      0     0        0.0076     2        0.0175 UserPurge1: 1     5634   56.72%
      0     0        0.0076     2        0.0175 UserPurge1: 1     5635   56.72%
      0     0        0.0076     2        0.0175 UserPurge1: 1     5636   56.72%
      0     0        0.0076     2        0.0175 UserPurge1: 1     5637   56.72%
      0     0        0.0076     2        0.0175 UserPurge1: 1     5638   56.72%
      0     0        0.0076     2        0.0175 UserPurge1: 1     5639   56.72%
      0     0        0.0076     2        0.0175 UserPurge1: 1     5640   56.72%
      0     0        0.0076     2        0.0175 UserPurge1: 1     5641   56.72%
      0     0        0.0076     2        0.0175 UserPurge1: 1     5642   56.72%
      0     0        0.0076     2        0.0175 UserPurge1: 1     5643   56.72%
      0     0        0.0076     2        0.0175 UserPurge1: 1     5644   56.72%
      0     0        0.0076     2        0.0175 UserPurge1: 1     5645   56.72%
      0     0        0.0076     2        0.0175 UserPurge1: 1     5646   56.72%
      0     0        0.0076     2        0.0175 UserPurge1: 1     5647   56.72%
      0     0        0.0076     2        0.0175 UserPurge1: 1     5648   56.72%
      0     0        0.0076     2        0.0175 UserPurge1: 1     5649   56.72%
      0     0        0.0076     2        0.0175 UserPurge1: 1     5650   56.72%
      0     0        0.0076     2        0.0175 UserPurge1: 1     5651   56.72%
      0     0        0.0076     2        0.0175 UserPurge1: 1     5652   56.72%
      0     0        0.0076     2        0.0175 UserPurge1: 1     5653   56.72%
      0     0        0.0076     2        0.0175 UserPurge1: 1     5654   56.72%
      0     0        0.0076     2        0.0175 UserPurge1: 1     5655   56.72%
      0     0        0.0076     2        0.0175 UserPurge1: 1     5656   56.72%
      0     0        0.0076     2        0.0175 UserPurge1: 1     5657   56.72%
      0     0        0.0076     2        0.0175 UserPurge1: 1     5658   56.72%
      0     0        0.0076     2        0.0175 UserPurge1: 1     5659   56.72%
      0     0        0.0076     2        0.0175 UserPurge1: 1     5660   56.72%
      0     0        0.0076     2        0.0175 UserPurge1: 1     5661   56.72%
      0     0        0.0076     2        0.0175 UserPurge1: 1     5662   56.72%
      0     0        0.0076     2        0.0175 UserPurge1: 1     5663   56.72%
      0     0        0.0076     2        0.0175 UserPurge1: 1     5664   56.72%
      0     0        0.0076     2        0.0175 UserPurge1: 1     5665   56.72%
      0     0        0.0076     2        0.0175 UserPurge1: 1     5666   56.72%
      0     0        0.0076     2        0.0175 UserPurge1: 1     5667   56.72%
      0     0        0.0076     2        0.0175 UserPurge1: 1     5668   56.72%
      0     0        0.0076     2        0.0175 UserPurge1: 1     5669   56.72%
      0     0        0.0076     2        0.0175 UserPurge1: 1     5670   56.72%
      0     0        0.0076     2        0.0175 UserPurge1: 1     5671   56.72%
      0     0        0.0076     2        0.0175 UserPurge1: 1     5672   56.72%
      0     0        0.0076     2        0.0175 UserPurge1: 1     5673   56.72%
      0     0        0.0076     2        0.0175 UserPurge1: 1     5674   56.72%
      0     0        0.0076     2        0.0175 UserPurge1: 1     5675   56.72%
      0     0        0.0076     2        0.0175 UserPurge1: 1     5676   56.72%
      0     0        0.0076     2        0.0175 UserPurge1: 1     5677   56.72%
      0     0        0.0076     2        0.0175 UserPurge1: 1     5678   56.72%
      0     0        0.0076     2        0.0175 UserPurge1: 1     5679   56.72%
      0     0        0.0076     2        0.0175 UserPurge1: 1     5680   56.72%
      0     0        0.0076     2        0.0175 UserPurge1: 1     5681   56.72%
      0     0        0.0076     2        0.0175 UserPurge1: 1     5682   56.72%
      0     0        0.0076     2        0.0175 UserPurge1: 1     5683   56.72%
      0     0        0.0076     2        0.0175 UserPurge1: 1     5684   56.72%
      0     0        0.0076     2        0.0175 UserPurge1: 1     5685   56.72%
      0     0        0.0076     2        0.0175 UserPurge1: 1     5686   56.72%
      0     0        0.0076     2        0.0175 UserPurge1: 1     5687   56.72%
      0     0        0.0076     2        0.0175 UserPurge1: 1     5688   56.72%
      0     0        0.0076     2        0.0175 UserPurge1: 1     5689   56.72%
      0     0        0.0076     2        0.0175 UserPurge1: 1     5690   56.72%
      0     0        0.0076     2        0.0175 UserPurge1: 1     5691   56.72%
      0     0        0.0076     2        0.0175 UserPurge1: 1     5692   56.72%
      0     0        0.0076     2        0.0175 UserPurge1: 1     5693   56.72%
      0     0        0.0076     2        0.0175 UserPurge1: 1     5694   56.72%
      0     0        0.0076     2        0.0175 UserPurge1: 1     5695   56.72%
      0     0        0.0076     2        0.0175 UserPurge1: 1     5696   56.72%
      0     0        0.0076     2        0.0175 UserPurge1: 1     5697   56.72%
      0     0        0.0076     2        0.0175 UserPurge1: 1     5698   56.72%
      0     0        0.0076     2        0.0175 UserPurge1: 1     5699   56.72%
      0     0        0.0076     2        0.0175 UserPurge1: 1     5700   56.72%
      0     0        0.0076     2        0.0175 UserPurge1: 1     5701   56.72%
      0     0        0.0076     2        0.0175 UserPurge1: 1     5702   56.72%
      0     0        0.0076     2        0.0175 UserPurge1: 1     5703   56.72%
      0     0        0.0076     2        0.0175 UserPurge1: 1     5704   56.72%
      0     0        0.0076     2        0.0175 UserPurge1: 1     5705   56.72%
      0     0        0.0076     2        0.0175 UserPurge1: 1     5706   56.72%
      0     0        0.0076     2        0.0175 UserPurge1: 1     5707   56.72%
      0     0        0.0076     2        0.0175 UserPurge1: 1     5708   56.72%
      0     0        0.0076     2        0.0175 UserPurge1: 1     5709   56.72%
      0     0        0.0076     2        0.0175 UserPurge1: 1     5710   56.72%
      0     0        0.0076     2        0.0175 UserPurge1: 1     5711   56.72%
      0     0        0.0076     2        0.0175 UserPurge1: 1     5712   56.72%
      0     0        0.0076     2        0.0175 UserPurge1: 1     5713   56.72%
      0     0        0.0076     2        0.0175 UserPurge1: 1     5714   56.72%
      0     0        0.0076     2        0.0175 UserPurge1: 1     5715   56.72%
      0     0        0.0076     2        0.0175 UserPurge1: 1     5716   56.72%
      0     0        0.0076     2        0.0175 UserPurge1: 1     5717   56.72%
      0     0        0.0076     2        0.0175 UserPurge1: 1     5718   56.72%
      0     0        0.0076     2        0.0175 UserPurge1: 1     5719   56.72%
      0     0        0.0076     2        0.0175 UserPurge1: 1     5720   56.72%
      0     0        0.0076     2        0.0175 UserPurge1: 1     5721   56.72%
      0     0        0.0076     2        0.0175 UserPurge1: 1     5722   56.72%
      0     0        0.0076     2        0.0175 UserPurge1: 1     5723   56.72%
      0     0        0.0076     2        0.0175 UserPurge1: 1     5724   56.72%
      0     0        0.0076     2        0.0175 UserPurge1: 1     5725   56.72%
      0     0        0.0076     2        0.0175 UserPurge1: 1     5726   56.72%
      0     0        0.0076     2        0.0175 UserPurge1: 1     5727   56.72%
      0     0        0.0076     2        0.0175 UserPurge1: 1     5728   56.72%
      0     0        0.0076     2        0.0175 UserPurge1: 1     5729   56.72%
      0     0        0.0076     2        0.0175 UserPurge1: 1     5730   56.72%
      0     0        0.0076     2        0.0175 UserPurge1: 1     5731   56.72%
      0     0        0.0076     2        0.0175 UserPurge1: 1     5732   56.72%
      0     0        0.0076     2        0.0175 UserPurge1: 1     5733   56.72%
      0     0        0.0076     2        0.0175 UserPurge1: 1     5734   56.72%
      0     0        0.0076     2        0.0175 UserPurge1: 1     5735   56.72%
      0     0        0.0076     2        0.0175 UserPurge1: 1     5736   56.72%
      0     0        0.0076     2        0.0175 UserPurge1: 1     5737   56.72%
      0     0        0.0076     2        0.0175 UserPurge1: 1     5738   56.72%
      0     0        0.0076     2        0.0175 UserPurge1: 1     5739   56.72%
      0     0        0.0076     2        0.0175 UserPurge1: 1     5740   56.72%
      0     0        0.0076     2        0.0175 UserPurge1: 1     5741   56.72%
      0     0        0.0076     2        0.0175 UserPurge1: 1     5742   56.72%
      0     0        0.0076     2        0.0175 UserPurge1: 1     5743   56.72%
      0     0        0.0076     2        0.0175 UserPurge1: 1     5744   56.72%
      0     0        0.0076     2        0.0175 UserPurge1: 1     5745   56.72%
      0     0        0.0076     2        0.0175 UserPurge1: 1     5746   56.72%
      0     0        0.0076     2        0.0175 UserPurge1: 1     5747   56.72%
      0     0        0.0076     2        0.0175 UserPurge1: 1     5748   56.72%
      0     0        0.0076     2        0.0175 UserPurge1: 1     5749   56.72%
      0     0        0.0076     2        0.0175 UserPurge1: 1     5750   56.72%
      0     0        0.0076     2        0.0175 UserPurge1: 1     5751   56.72%
      0     0        0.0076     2        0.0175 UserPurge1: 1     5752   56.72%
      0     0        0.0076     2        0.0175 UserPurge1: 1     5753   56.72%
      0     0        0.0076     2        0.0175 UserPurge1: 1     5754   56.72%
      0     0        0.0076     2        0.0175 UserPurge1: 1     5755   56.72%
      0     0        0.0076     2        0.0175 UserPurge1: 1     5756   56.72%
      0     0        0.0076     2        0.0175 UserPurge1: 1     5757   56.72%
      0     0        0.0076     2        0.0175 UserPurge1: 1     5758   56.72%
      0     0        0.0076     2        0.0175 UserPurge1: 1     5759   56.72%
      0     0        0.0076     2        0.0175 UserPurge1: 1     5760   56.72%
      0     0        0.0076     2        0.0175 UserPurge1: 1     5761   56.72%
      0     0        0.0076     2        0.0175 UserPurge1: 1     5762   56.72%
      0     0        0.0076     2        0.0175 UserPurge1: 1     5763   56.72%
      0     0        0.0076     2        0.0175 UserPurge1: 1     5764   56.72%
      0     0        0.0076     2        0.0175 UserPurge1: 1     5765   56.72%
      0     0        0.0076     2        0.0175 UserPurge1: 1     5766   56.72%
      0     0        0.0076     2        0.0175 UserPurge1: 1     5767   56.72%
      0     0        0.0076     2        0.0175 UserPurge1: 1     5768   56.72%
      0     0        0.0076     2        0.0175 UserPurge1: 1     5769   56.72%
      0     0        0.0076     2        0.0175 UserPurge1: 1     5770   56.72%
      0     0        0.0076     2        0.0175 UserPurge1: 1     5771   56.72%
      0     0        0.0076     2        0.0175 UserPurge1: 1     5772   56.72%
      0     0        0.0076     2        0.0175 UserPurge1: 1     5773   56.72%
      0     0        0.0076     2        0.0175 UserPurge1: 1     5774   56.72%
      0     0        0.0076     2        0.0175 UserPurge1: 1     5775   56.72%
      0     0        0.0076     2        0.0175 UserPurge1: 1     5776   56.72%
      0     0        0.0076     2        0.0175 UserPurge1: 1     5777   56.72%
      0     0        0.0076     2        0.0175 UserPurge1: 1     5778   56.72%
      0     0        0.0076     2        0.0175 UserPurge1: 1     5779   56.72%
      0     0        0.0076     2        0.0175 UserPurge1: 1     5780   56.72%
      0     0        0.0076     2        0.0175 UserPurge1: 1     5781   56.72%
      0     0        0.0076     2        0.0175 UserPurge1: 1     5782   56.72%
      0     0        0.0076     2        0.0175 UserPurge1: 1     5783   56.72%
      0     0        0.0076     2        0.0175 UserPurge1: 1     5784   56.72%
      0     0        0.0076     2        0.0175 UserPurge1: 1     5785   56.72%
      0     0        0.0076     2        0.0175 UserPurge1: 1     5786   56.72%
      0     0        0.0076     2        0.0175 UserPurge1: 1     5787   56.72%
      0     0        0.0076     2        0.0175 UserPurge1: 1     5788   56.72%
      0     0        0.0076     2        0.0175 UserPurge1: 1     5789   56.72%
      0     0        0.0076     2        0.0175 UserPurge1: 1     5790   56.72%
      0     0        0.0076     2        0.0175 UserPurge1: 1     5791   56.72%
      0     0        0.0076     2        0.0175 UserPurge1: 1     5792   56.72%
      0     0        0.0076     2        0.0175 UserPurge1: 1     5793   56.72%
      0     0        0.0076     2        0.0175 UserPurge1: 1     5794   56.72%
      0     0        0.0076     2        0.0175 UserPurge1: 1     5795   56.72%
      0     0        0.0076     2        0.0175 UserPurge1: 1     5796   56.72%
      0     0        0.0076     2        0.0175 UserPurge1: 1     5797   56.72%
      0     0        0.0076     2        0.0175 UserPurge1: 1     5798   56.72%
      0     0        0.0076     2        0.0175 UserPurge1: 1     5799   56.72%
      0     0        0.0076     2        0.0175 UserPurge1: 1     5800   56.72%
      0     0        0.0076     2        0.0175 UserPurge1: 1     5801   56.72%
      0     0        0.0076     2        0.0175 UserPurge1: 1     5802   56.72%
      0     0        0.0076     2        0.0175 UserPurge1: 1     5803   56.72%
      0     0        0.0076     2        0.0175 UserPurge1: 1     5804   56.72%
      0     0        0.0076     2        0.0175 UserPurge1: 1     5805   56.72%
      0     0        0.0076     2        0.0175 UserPurge1: 1     5806   56.72%
      0     0        0.0076     2        0.0175 UserPurge1: 1     5807   56.72%
      0     0        0.0076     2        0.0175 UserPurge1: 1     5808   56.72%
      0     0        0.0076     2        0.0175 UserPurge1: 1     5809   56.72%
      0     0        0.0076     2        0.0175 UserPurge1: 1     5810   56.72%
      0     0        0.0076     2        0.0175 UserPurge1: 1     5811   56.72%
      0     0        0.0076     2        0.0175 UserPurge1: 1     5812   56.72%
      0     0        0.0076     2        0.0175 UserPurge1: 1     5813   56.72%
      0     0        0.0076     2        0.0175 UserPurge1: 1     5814   56.72%
      0     0        0.0076     2        0.0175 UserPurge1: 1     5815   56.72%
      0     0        0.0076     2        0.0175 UserPurge1: 1     5816   56.72%
      0     0        0.0076     2        0.0175 UserPurge1: 1     5817   56.72%
      0     0        0.0076     2        0.0175 UserPurge1: 1     5818   56.72%
      0     0        0.0076     2        0.0175 UserPurge1: 1     5819   56.72%
      0     0        0.0076     2        0.0175 UserPurge1: 1     5820   56.72%
      0     0        0.0076     2        0.0175 UserPurge1: 1     5821   56.72%
      0     0        0.0076     2        0.0175 UserPurge1: 1     5822   56.72%
      0     0        0.0076     2        0.0175 UserPurge1: 1     5823   56.72%
      0     0        0.0076     2        0.0175 UserPurge1: 1     5824   56.72%
      0     0        0.0076     2        0.0175 UserPurge1: 1     5825   56.72%
      0     0        0.0076     2        0.0175 UserPurge1: 1     5826   56.72%
      0     0        0.0076     2        0.0175 UserPurge1: 1     5827   56.72%
      0     0        0.0076     2        0.0175 UserPurge1: 1     5828   56.72%
      0     0        0.0076     2        0.0175 UserPurge1: 1     5829   56.72%
      0     0        0.0076     2        0.0175 UserPurge1: 1     5830   56.72%
      0     0        0.0076     2        0.0175 UserPurge1: 1     5831   56.72%
      0     0        0.0076     2        0.0175 UserPurge1: 1     5832   56.72%
      0     0        0.0076     2        0.0175 UserPurge1: 1     5833   56.72%
      0     0        0.0076     2        0.0175 UserPurge1: 1     5834   56.72%
      0     0        0.0076     2        0.0175 UserPurge1: 1     5835   56.72%
      0     0        0.0076     2        0.0175 UserPurge1: 1     5836   56.72%
      0     0        0.0076     2        0.0175 UserPurge1: 1     5837   56.72%
      0     0        0.0076     2        0.0175 UserPurge1: 1     5838   56.72%
      0     0        0.0076     2        0.0175 UserPurge1: 1     5839   56.72%
      0     0        0.0076     2        0.0175 UserPurge1: 1     5840   56.72%
      0     0        0.0076     2        0.0175 UserPurge1: 1     5841   56.72%
      0     0        0.0076     2        0.0175 UserPurge1: 1     5842   56.72%
      0     0        0.0076     2        0.0175 UserPurge1: 1     5843   56.72%
      0     0        0.0076     2        0.0175 UserPurge1: 1     5844   56.72%
      0     0        0.0076     2        0.0175 UserPurge1: 1     5845   56.72%
      0     0        0.0076     2        0.0175 UserPurge1: 1     5846   56.72%
      0     0        0.0076     2        0.0175 UserPurge1: 1     5847   56.72%
      0     0        0.0076     2        0.0175 UserPurge1: 1     5848   56.72%
      0     0        0.0076     2        0.0175 UserPurge1: 1     5849   56.72%
      0     0        0.0076     2        0.0175 UserPurge1: 1     5850   56.72%
      0     0        0.0076     2        0.0175 UserPurge1: 1     5851   56.72%
      0     0        0.0076     2        0.0175 UserPurge1: 1     5852   56.72%
      0     0        0.0076     2        0.0175 UserPurge1: 1     5853   56.72%
      0     0        0.0076     2        0.0175 UserPurge1: 1     5854   56.72%
      0     0        0.0076     2        0.0175 UserPurge1: 1     5855   56.72%
      0     0        0.0076     2        0.0175 UserPurge1: 1     5856   56.72%
      0     0        0.0076     2        0.0175 UserPurge1: 1     5857   56.72%
      0     0        0.0076     2        0.0175 UserPurge1: 1     5858   56.72%
      0     0        0.0076     2        0.0175 UserPurge1: 1     5859   56.72%
      0     0        0.0076     2        0.0175 UserPurge1: 1     5860   56.72%
      0     0        0.0076     2        0.0175 UserPurge1: 1     5861   56.72%
      0     0        0.0076     2        0.0175 UserPurge1: 1     5862   56.72%
      0     0        0.0076     2        0.0175 UserPurge1: 1     5863   56.72%
      0     0        0.0076     2        0.0175 UserPurge1: 1     5864   56.72%
      0     0        0.0076     2        0.0175 UserPurge1: 1     5865   56.72%
      0     0        0.0076     2        0.0175 UserPurge1: 1     5866   56.72%
      0     0        0.0076     2        0.0175 UserPurge1: 1     5867   56.72%
      0     0        0.0076     2        0.0175 UserPurge1: 1     5868   56.72%
      0     0        0.0076     2        0.0175 UserPurge1: 1     5869   56.72%
      0     0        0.0076     2        0.0175 UserPurge1: 1     5870   56.72%
      0     0        0.0076     2        0.0175 UserPurge1: 1     5871   56.72%
      0     0        0.0076     2        0.0175 UserPurge1: 1     5872   56.72%
      0     0        0.0076     2        0.0175 UserPurge1: 1     5873   56.72%
      0     0        0.0076     2        0.0175 UserPurge1: 1     5874   56.72%
      0     0        0.0076     2        0.0175 UserPurge1: 1     5875   56.72%
      0     0        0.0076     2        0.0175 UserPurge1: 1     5876   56.72%
      0     0        0.0076     2        0.0175 UserPurge1: 1     5877   56.72%
      0     0        0.0076     2        0.0175 UserPurge1: 1     5878   56.72%
      0     0        0.0076     2        0.0175 UserPurge1: 1     5879   56.72%
      0     0        0.0076     2        0.0175 UserPurge1: 1     5880   56.72%
      0     0        0.0076     2        0.0175 UserPurge1: 1     5881   56.72%
      0     0        0.0076     2        0.0175 UserPurge1: 1     5882   56.72%
      0     0        0.0076     2        0.0175 UserPurge1: 1     5883   56.72%
      0     0        0.0076     2        0.0175 UserPurge1: 1     5884   56.72%
      0     0        0.0076     2        0.0175 UserPurge1: 1     5885   56.72%
      0     0        0.0076     2        0.0175 UserPurge1: 1     5886   56.72%
      0     0        0.0076     2        0.0175 UserPurge1: 1     5887   56.72%
      0     0        0.0076     2        0.0175 UserPurge1: 1     5888   56.72%
      0     0        0.0076     2        0.0175 UserPurge1: 1     5889   56.72%
      0     0        0.0076     2        0.0175 UserPurge1: 1     5890   56.72%
      0     0        0.0076     2        0.0175 UserPurge1: 1     5891   56.72%
      0     0        0.0076     2        0.0175 UserPurge1: 1     5892   56.72%
      0     0        0.0076     2        0.0175 UserPurge1: 1     5893   56.72%
      0     0        0.0076     2        0.0175 UserPurge1: 1     5894   56.72%
      0     0        0.0076     2        0.0175 UserPurge1: 1     5895   56.72%
      0     0        0.0076     2        0.0175 UserPurge1: 1     5896   56.72%
      0     0        0.0076     2        0.0175 UserPurge1: 1     5897   56.72%
      0     0        0.0076     2        0.0175 UserPurge1: 1     5898   56.72%
      0     0        0.0076     2        0.0175 UserPurge1: 1     5899   56.72%
      0     0        0.0076     2        0.0175 UserPurge1: 1     5900   56.72%
      0     0        0.0076     2        0.0175 UserPurge1: 1     5901   56.72%
      0     0        0.0076     2        0.0175 UserPurge1: 1     5902   56.72%
      0     0        0.0076     2        0.0175 UserPurge1: 1     5903   56.72%
      0     0        0.0076     2        0.0175 UserPurge1: 1     5904   56.72%
      0     0        0.0076     2        0.0175 UserPurge1: 1     5905   56.72%
      0     0        0.0076     2        0.0175 UserPurge1: 1     5906   56.72%
      0     0        0.0076     2        0.0175 UserPurge1: 1     5907   56.72%
      0     0        0.0076     2        0.0175 UserPurge1: 1     5908   56.72%
      0     0        0.0076     2        0.0175 UserPurge1: 1     5909   56.72%
      0     0        0.0076     2        0.0175 UserPurge1: 1     5910   56.72%
      0     0        0.0076     2        0.0175 UserPurge1: 1     5911   56.72%
      0     0        0.0076     2        0.0175 UserPurge1: 1     5912   56.72%
      0     0        0.0076     2        0.0175 UserPurge1: 1     5913   56.72%
      0     0        0.0076     2        0.0175 UserPurge1: 1     5914   56.72%
      0     0        0.0076     2        0.0175 UserPurge1: 1     5915   56.72%
      0     0        0.0076     2        0.0175 UserPurge1: 1     5916   56.72%
      0     0        0.0076     2        0.0175 UserPurge1: 1     5917   56.72%
      0     0        0.0076     2        0.0175 UserPurge1: 1     5918   56.72%
      0     0        0.0076     2        0.0175 UserPurge1: 1     5919   56.72%
      0     0        0.0076     2        0.0175 UserPurge1: 1     5920   56.72%
      0     0        0.0076     2        0.0175 UserPurge1: 1     5921   56.72%
      0     0        0.0076     2        0.0175 UserPurge1: 1     5922   56.72%
      0     0        0.0076     2        0.0175 UserPurge1: 1     5923   56.72%
      0     0        0.0076     2        0.0175 UserPurge1: 1     5924   56.72%
      0     0        0.0076     2        0.0175 UserPurge1: 1     5925   56.72%
      0     0        0.0076     2        0.0175 UserPurge1: 1     5926   56.72%
      0     0        0.0076     2        0.0175 UserPurge1: 1     5927   56.72%
      0     0        0.0076     2        0.0175 UserPurge1: 1     5928   56.72%
      0     0        0.0076     2        0.0175 UserPurge1: 1     5929   56.72%
      0     0        0.0076     2        0.0175 UserPurge1: 1     5930   56.72%
      0     0        0.0076     2        0.0175 UserPurge1: 1     5931   56.72%
      0     0        0.0076     2        0.0175 UserPurge1: 1     5932   56.72%
      0     0        0.0076     2        0.0175 UserPurge1: 1     5933   56.72%
      0     0        0.0076     2        0.0175 UserPurge1: 1     5934   56.72%
      0     0        0.0076     2        0.0175 UserPurge1: 1     5935   56.72%
      0     0        0.0076     2        0.0175 UserPurge1: 1     5936   56.72%
      0     0        0.0076     2        0.0175 UserPurge1: 1     5937   56.72%
      0     0        0.0076     2        0.0175 UserPurge1: 1     5938   56.72%
      0     0        0.0076     2        0.0175 UserPurge1: 1     5939   56.72%
      0     0        0.0076     2        0.0175 UserPurge1: 1     5940   56.72%
      0     0        0.0076     2        0.0175 UserPurge1: 1     5941   56.72%
      0     0        0.0076     2        0.0175 UserPurge1: 1     5942   56.72%
      0     0        0.0076     2        0.0175 UserPurge1: 1     5943   56.72%
      0     0        0.0076     2        0.0175 UserPurge1: 1     5944   56.72%
      0     0        0.0076     2        0.0175 UserPurge1: 1     5945   56.72%
      0     0        0.0076     2        0.0175 UserPurge1: 1     5946   56.72%
      0     0        0.0076     2        0.0175 UserPurge1: 1     5947   56.72%
      0     0        0.0076     2        0.0175 UserPurge1: 1     5948   56.72%
      0     0        0.0076     2        0.0175 UserPurge1: 1     5949   56.72%
      0     0        0.0076     2        0.0175 UserPurge1: 1     5950   56.72%
      0     0        0.0076     2        0.0175 UserPurge1: 1     5951   56.72%
      0     0        0.0076     2        0.0175 UserPurge1: 1     5952   56.72%
      0     0        0.0076     2        0.0175 UserPurge1: 1     5953   56.72%
      0     0        0.0076     2        0.0175 UserPurge1: 1     5954   56.72%
      0     0        0.0076     2        0.0175 UserPurge1: 1     5955   56.72%
      0     0        0.0076     2        0.0175 UserPurge1: 1     5956   56.72%
      0     0        0.0076     2        0.0175 UserPurge1: 1     5957   56.72%
      0     0        0.0076     2        0.0175 UserPurge1: 1     5958   56.72%
      0     0        0.0076     2        0.0175 UserPurge1: 1     5959   56.72%
      0     0        0.0076     2        0.0175 UserPurge1: 1     5960   56.72%
      0     0        0.0076     2        0.0175 UserPurge1: 1     5961   56.72%
      0     0        0.0076     2        0.0175 UserPurge1: 1     5962   56.72%
      0     0        0.0076     2        0.0175 UserPurge1: 1     5963   56.72%
      0     0        0.0076     2        0.0175 UserPurge1: 1     5964   56.72%
      0     0        0.0076     2        0.0175 UserPurge1: 1     5965   56.72%
      0     0        0.0076     2        0.0175 UserPurge1: 1     5966   56.72%
      0     0        0.0076     2        0.0175 UserPurge1: 1     5967   56.72%
      0     0        0.0076     2        0.0175 UserPurge1: 1     5968   56.72%
      0     0        0.0076     2        0.0175 UserPurge1: 1     5969   56.72%
      0     0        0.0076     2        0.0175 UserPurge1: 1     5970   56.72%
      0     0        0.0076     2        0.0175 UserPurge1: 1     5971   56.72%
      0     0        0.0076     2        0.0175 UserPurge1: 1     5972   56.72%
      0     0        0.0076     2        0.0175 UserPurge1: 1     5973   56.72%
      0     0        0.0076     2        0.0175 UserPurge1: 1     5974   56.72%
      0     0        0.0076     2        0.0175 UserPurge1: 1     5975   56.72%
      0     0        0.0076     2        0.0175 UserPurge1: 1     5976   56.72%
      0     0        0.0076     2        0.0175 UserPurge1: 1     5977   56.72%
      0     0        0.0076     2        0.0175 UserPurge1: 1     5978   56.72%
      0     0        0.0076     2        0.0175 UserPurge1: 1     5979   56.72%
      0     0        0.0076     2        0.0175 UserPurge1: 1     5980   56.72%
      0     0        0.0076     2        0.0175 UserPurge1: 1     5981   56.72%
      0     0        0.0076     2        0.0175 UserPurge1: 1     5982   56.72%
      0     0        0.0076     2        0.0175 UserPurge1: 1     5983   56.72%
      0     0        0.0076     2        0.0175 UserPurge1: 1     5984   56.72%
      0     0        0.0076     2        0.0175 UserPurge1: 1     5985   56.72%
      0     0        0.0076     2        0.0175 UserPurge1: 1     5986   56.72%
      0     0        0.0076     2        0.0175 UserPurge1: 1     5987   56.72%
      0     0        0.0076     2        0.0175 UserPurge1: 1     5988   56.72%
      0     0        0.0076     2        0.0175 UserPurge1: 1     5989   56.72%
      0     0        0.0076     2        0.0175 UserPurge1: 1     5990   56.72%
      0     0        0.0076     2        0.0175 UserPurge1: 1     5991   56.72%
      0     0        0.0076     2        0.0175 UserPurge1: 1     5992   56.72%
      0     0        0.0076     2        0.0175 UserPurge1: 1     5993   56.72%
      0     0        0.0076     2        0.0175 UserPurge1: 1     5994   56.72%
      0     0        0.0076     2        0.0175 UserPurge1: 1     5995   56.72%
      0     0        0.0076     2        0.0175 UserPurge1: 1     5996   56.72%
      0     0        0.0076     2        0.0175 UserPurge1: 1     5997   56.72%
      0     0        0.0076     2        0.0175 UserPurge1: 1     5998   56.72%
      0     0        0.0076     2        0.0175 UserPurge1: 1     5999   56.72%
      0     0        0.0076     2        0.0175 UserPurge1: 1     6000   56.72%
      0     0        0.0076     2        0.0175 UserPurge1: 1     6001   56.72%
      0     0        0.0076     2        0.0175 UserPurge1: 1     6002   56.72%
      0     0        0.0076     2        0.0175 UserPurge1: 1     6003   56.72%
      0     0        0.0076     2        0.0175 UserPurge1: 1     6004   56.72%
      0     0        0.0076     2        0.0175 UserPurge1: 1     6005   56.72%
      0     0        0.0076     2        0.0175 UserPurge1: 1     6006   56.72%
      0     0        0.0076     2        0.0175 UserPurge1: 1     6007   56.72%
      0     0        0.0076     2        0.0175 UserPurge1: 1     6008   56.72%
      0     0        0.0076     2        0.0175 UserPurge1: 1     6009   56.72%
      0     0        0.0076     2        0.0175 UserPurge1: 1     6010   56.72%
      0     0        0.0076     2        0.0175 UserPurge1: 1     6011   56.72%
      0     0        0.0076     2        0.0175 UserPurge1: 1     6012   56.72%
      0     0        0.0076     2        0.0175 UserPurge1: 1     6013   56.72%
      0     0        0.0076     2        0.0175 UserPurge1: 1     6014   56.72%
      0     0        0.0076     2        0.0175 UserPurge1: 1     6015   56.72%
      0     0        0.0076     2        0.0175 UserPurge1: 1     6016   56.72%
      0     0        0.0076     2        0.0175 UserPurge1: 1     6017   56.72%
      0     0        0.0076     2        0.0175 UserPurge1: 1     6018   56.72%
      0     0        0.0076     2        0.0175 UserPurge1: 1     6019   56.72%
      0     0        0.0076     2        0.0175 UserPurge1: 1     6020   56.72%
      0     0        0.0076     2        0.0175 UserPurge1: 1     6021   56.72%
      0     0        0.0076     2        0.0175 UserPurge1: 1     6022   56.72%
      0     0        0.0076     2        0.0175 UserPurge1: 1     6023   56.72%
      0     0        0.0076     2        0.0175 UserPurge1: 1     6024   56.72%
      0     0        0.0076     2        0.0175 UserPurge1: 1     6025   56.72%
      0     0        0.0076     2        0.0175 UserPurge1: 1     6026   56.72%
      0     0        0.0076     2        0.0175 UserPurge1: 1     6027   56.72%
      0     0        0.0076     2        0.0175 UserPurge1: 1     6028   56.72%
      0     0        0.0076     2        0.0175 UserPurge1: 1     6029   56.72%
      0     0        0.0076     2        0.0175 UserPurge1: 1     6030   56.72%
      0     0        0.0076     2        0.0175 UserPurge1: 1     6031   56.72%
      0     0        0.0076     2        0.0175 UserPurge1: 1     6032   56.72%
      0     0        0.0076     2        0.0175 UserPurge1: 1     6033   56.72%
      0     0        0.0076     2        0.0175 UserPurge1: 1     6034   56.72%
      0     0        0.0076     2        0.0175 UserPurge1: 1     6035   56.72%
      0     0        0.0076     2        0.0175 UserPurge1: 1     6036   56.72%
      0     0        0.0076     2        0.0175 UserPurge1: 1     6037   56.72%
      0     0        0.0076     2        0.0175 UserPurge1: 1     6038   56.72%
      0     0        0.0076     2        0.0175 UserPurge1: 1     6039   56.72%
      0     0        0.0076     2        0.0175 UserPurge1: 1     6040   56.72%
      0     0        0.0076     2        0.0175 UserPurge1: 1     6041   56.72%
      0     0        0.0076     2        0.0175 UserPurge1: 1     6042   56.72%
      0     0        0.0076     2        0.0175 UserPurge1: 1     6043   56.72%
      0     0        0.0076     2        0.0175 UserPurge1: 1     6044   56.72%
      0     0        0.0076     2        0.0175 UserPurge1: 1     6045   56.72%
      0     0        0.0076     2        0.0175 UserPurge1: 1     6046   56.72%
      0     0        0.0076     2        0.0175 UserPurge1: 1     6047   56.72%
      0     0        0.0076     2        0.0175 UserPurge1: 1     6048   56.72%
      0     0        0.0076     2        0.0175 UserPurge1: 1     6049   56.72%
      0     0        0.0076     2        0.0175 UserPurge1: 1     6050   56.72%
      0     0        0.0076     2        0.0175 UserPurge1: 1     6051   56.72%
      0     0        0.0076     2        0.0175 UserPurge1: 1     6052   56.72%
      0     0        0.0076     2        0.0175 UserPurge1: 1     6053   56.72%
      0     0        0.0076     2        0.0175 UserPurge1: 1     6054   56.72%
      0     0        0.0076     2        0.0175 UserPurge1: 1     6055   56.72%
      0     0        0.0076     2        0.0175 UserPurge1: 1     6056   56.72%
      0     0        0.0076     2        0.0175 UserPurge1: 1     6057   56.72%
      0     0        0.0076     2        0.0175 UserPurge1: 1     6058   56.72%
      0     0        0.0076     2        0.0175 UserPurge1: 1     6059   56.72%
      0     0        0.0076     2        0.0175 UserPurge1: 1     6060   56.72%
      0     0        0.0076     2        0.0175 UserPurge1: 1     6061   56.72%
      0     0        0.0076     2        0.0175 UserPurge1: 1     6062   56.72%
      0     0        0.0076     2        0.0175 UserPurge1: 1     6063   56.72%
      0     0        0.0076     2        0.0175 UserPurge1: 1     6064   56.72%
      0     0        0.0076     2        0.0175 UserPurge1: 1     6065   56.72%
      0     0        0.0076     2        0.0175 UserPurge1: 1     6066   56.72%
      0     0        0.0076     2        0.0175 UserPurge1: 1     6067   56.72%
      0     0        0.0076     2        0.0175 UserPurge1: 1     6068   56.72%
      0     0        0.0076     2        0.0175 UserPurge1: 1     6069   56.72%
      0     0        0.0076     2        0.0175 UserPurge1: 1     6070   56.72%
      0     0        0.0076     2        0.0175 UserPurge1: 1     6071   56.72%
      0     0        0.0076     2        0.0175 UserPurge1: 1     6072   56.72%
      0     0        0.0076     2        0.0175 UserPurge1: 1     6073   56.72%
      0     0        0.0076     2        0.0175 UserPurge1: 1     6074   56.72%
      0     0        0.0076     2        0.0175 UserPurge1: 1     6075   56.72%
      0     0        0.0076     2        0.0175 UserPurge1: 1     6076   56.72%
      0     0        0.0076     2        0.0175 UserPurge1: 1     6077   56.72%
      0     0        0.0076     2        0.0175 UserPurge1: 1     6078   56.72%
      0     0        0.0076     2        0.0175 UserPurge1: 1     6079   56.72%
      0     0        0.0076     2        0.0175 UserPurge1: 1     6080   56.72%
      0     0        0.0076     2        0.0175 UserPurge1: 1     6081   56.72%
      0     0        0.0076     2        0.0175 UserPurge1: 1     6082   56.72%
      0     0        0.0076     2        0.0175 UserPurge1: 1     6083   56.72%
      0     0        0.0076     2        0.0175 UserPurge1: 1     6084   56.72%
      0     0        0.0076     2        0.0175 UserPurge1: 1     6085   56.72%
      0     0        0.0076     2        0.0175 UserPurge1: 1     6086   56.72%
      0     0        0.0076     2        0.0175 UserPurge1: 1     6087   56.72%
      0     0        0.0076     2        0.0175 UserPurge1: 1     6088   56.72%
      0     0        0.0076     2        0.0175 UserPurge1: 1     6089   56.72%
      0     0        0.0076     2        0.0175 UserPurge1: 1     6090   56.72%
      0     0        0.0076     2        0.0175 UserPurge1: 1     6091   56.72%
      0     0        0.0076     2        0.0175 UserPurge1: 1     6092   56.72%
      0     0        0.0076     2        0.0175 UserPurge1: 1     6093   56.72%
      0     0        0.0076     2        0.0175 UserPurge1: 1     6094   56.72%
      0     0        0.0076     2        0.0175 UserPurge1: 1     6095   56.72%
      0     0        0.0076     2        0.0175 UserPurge1: 1     6096   56.72%
      0     0        0.0076     2        0.0175 UserPurge1: 1     6097   56.72%
      0     0        0.0076     2        0.0175 UserPurge1: 1     6098   56.72%
      0     0        0.0076     2        0.0175 UserPurge1: 1     6099   56.72%
      0     0        0.0076     2        0.0175 UserPurge1: 1     6100   56.72%
      0     0        0.0076     2        0.0175 UserPurge1: 1     6101   56.72%
      0     0        0.0076     2        0.0175 UserPurge1: 1     6102   56.72%
      0     0        0.0076     2        0.0175 UserPurge1: 1     6103   56.72%
      0     0        0.0076     2        0.0175 UserPurge1: 1     6104   56.72%
      0     0        0.0076     2        0.0175 UserPurge1: 1     6105   56.72%
      0     0        0.0076     2        0.0175 UserPurge1: 1     6106   56.72%
      0     0        0.0076     2        0.0175 UserPurge1: 1     6107   56.72%
      0     0        0.0076     2        0.0175 UserPurge1: 1     6108   56.72%
      0     0        0.0076     2        0.0175 UserPurge1: 1     6109   56.72%
      0     0        0.0076     2        0.0175 UserPurge1: 1     6110   56.72%
      0     0        0.0076     2        0.0175 UserPurge1: 1     6111   56.72%
      0     0        0.0076     2        0.0175 UserPurge1: 1     6112   56.72%
      0     0        0.0076     2        0.0175 UserPurge1: 1     6113   56.72%
      0     0        0.0076     2        0.0175 UserPurge1: 1     6114   56.72%
      0     0        0.0076     2        0.0175 UserPurge1: 1     6115   56.72%
      0     0        0.0076     2        0.0175 UserPurge1: 1     6116   56.72%
      0     0        0.0076     2        0.0175 UserPurge1: 1     6117   56.72%
      0     0        0.0076     2        0.0175 UserPurge1: 1     6118   56.72%
      0     0        0.0076     2        0.0175 UserPurge1: 1     6119   56.72%
      0     0        0.0076     2        0.0175 UserPurge1: 1     6120   56.72%
      0     0        0.0076     2        0.0175 UserPurge1: 1     6121   56.72%
      0     0        0.0076     2        0.0175 UserPurge1: 1     6122   56.72%
      0     0        0.0076     2        0.0175 UserPurge1: 1     6123   56.72%
      0     0        0.0076     2        0.0175 UserPurge1: 1     6124   56.72%
      0     0        0.0076     2        0.0175 UserPurge1: 1     6125   56.72%
      0     0        0.0076     2        0.0175 UserPurge1: 1     6126   56.72%
      0     0        0.0076     2        0.0175 UserPurge1: 1     6127   56.72%
      0     0        0.0076     2        0.0175 UserPurge1: 1     6128   56.72%
      0     0        0.0076     2        0.0175 UserPurge1: 1     6129   56.72%
      0     0        0.0076     2        0.0175 UserPurge1: 1     6130   56.72%
      0     0        0.0076     2        0.0175 UserPurge1: 1     6131   56.72%
      0     0        0.0076     2        0.0175 UserPurge1: 1     6132   56.72%
      0     0        0.0076     2        0.0175 UserPurge1: 1     6133   56.72%
      0     0        0.0076     2        0.0175 UserPurge1: 1     6134   56.72%
      0     0        0.0076     2        0.0175 UserPurge1: 1     6135   56.72%
      0     0        0.0076     2        0.0175 UserPurge1: 1     6136   56.72%
      0     0        0.0076     2        0.0175 UserPurge1: 1     6137   56.72%
      0     0        0.0076     2        0.0175 UserPurge1: 1     6138   56.72%
      0     0        0.0076     2        0.0175 UserPurge1: 1     6139   56.72%
      0     0        0.0076     2        0.0175 UserPurge1: 1     6140   56.72%
      0     0        0.0076     2        0.0175 UserPurge1: 1     6141   56.72%
      0     0        0.0076     2        0.0175 UserPurge1: 1     6142   56.72%
      0     0        0.0076     2        0.0175 UserPurge1: 1     6143   56.72%
      0     0        0.0076     2        0.0175 UserPurge1: 1     6144   56.72%
      0     0        0.0076     2        0.0175 UserPurge1: 1     6145   56.72%
      0     0        0.0076     2        0.0175 UserPurge1: 1     6146   56.72%
      0     0        0.0076     2        0.0175 UserPurge1: 1     6147   56.72%
      0     0        0.0076     2        0.0175 UserPurge1: 1     6148   56.72%
      0     0        0.0076     2        0.0175 UserPurge1: 1     6149   56.72%
      0     0        0.0076     2        0.0175 UserPurge1: 1     6150   56.72%
      0     0        0.0076     2        0.0175 UserPurge1: 1     6151   56.72%
      0     0        0.0076     2        0.0175 UserPurge1: 1     6152   56.72%
      0     0        0.0076     2        0.0175 UserPurge1: 1     6153   56.72%
      0     0        0.0076     2        0.0175 UserPurge1: 1     6154   56.72%
      0     0        0.0076     2        0.0175 UserPurge1: 1     6155   56.72%
      0     0        0.0076     2        0.0175 UserPurge1: 1     6156   56.72%
      0     0        0.0076     2        0.0175 UserPurge1: 1     6157   56.72%
      0     0        0.0076     2        0.0175 UserPurge1: 1     6158   56.72%
      0     0        0.0076     2        0.0175 UserPurge1: 1     6159   56.72%
      0     0        0.0076     2        0.0175 UserPurge1: 1     6160   56.72%
      0     0        0.0076     2        0.0175 UserPurge1: 1     6161   56.72%
      0     0        0.0076     2        0.0175 UserPurge1: 1     6162   56.72%
      0     0        0.0076     2        0.0175 UserPurge1: 1     6163   56.72%
      0     0        0.0076     2        0.0175 UserPurge1: 1     6164   56.72%
      0     0        0.0076     2        0.0175 UserPurge1: 1     6165   56.72%
      0     0        0.0076     2        0.0175 UserPurge1: 1     6166   56.72%
      0     0        0.0076     2        0.0175 UserPurge1: 1     6167   56.72%
      0     0        0.0076     2        0.0175 UserPurge1: 1     6168   56.72%
      0     0        0.0076     2        0.0175 UserPurge1: 1     6169   56.72%
      0     0        0.0076     2        0.0175 UserPurge1: 1     6170   56.72%
      0     0        0.0076     2        0.0175 UserPurge1: 1     6171   56.72%
      0     0        0.0076     2        0.0175 UserPurge1: 1     6172   56.72%
      0     0        0.0076     2        0.0175 UserPurge1: 1     6173   56.72%
      0     0        0.0076     2        0.0175 UserPurge1: 1     6174   56.72%
      0     0        0.0076     2        0.0175 UserPurge1: 1     6175   56.72%
      0     0        0.0076     2        0.0175 UserPurge1: 1     6176   56.72%
      0     0        0.0076     2        0.0175 UserPurge1: 1     6177   56.72%
      0     0        0.0076     2        0.0175 UserPurge1: 1     6178   56.72%
      0     0        0.0076     2        0.0175 UserPurge1: 1     6179   56.72%
      0     0        0.0076     2        0.0175 UserPurge1: 1     6180   56.72%
      0     0        0.0076     2        0.0175 UserPurge1: 1     6181   56.72%
      0     0        0.0076     2        0.0175 UserPurge1: 1     6182   56.72%
      0     0        0.0076     2        0.0175 UserPurge1: 1     6183   56.72%
      0     0        0.0076     2        0.0175 UserPurge1: 1     6184   56.72%
      0     0        0.0076     2        0.0175 UserPurge1: 1     6185   56.72%
      0     0        0.0076     2        0.0175 UserPurge1: 1     6186   56.72%
      0     0        0.0076     2        0.0175 UserPurge1: 1     6187   56.72%
      0     0        0.0076     2        0.0175 UserPurge1: 1     6188   56.72%
      0     0        0.0076     2        0.0175 UserPurge1: 1     6189   56.72%
      0     0        0.0076     2        0.0175 UserPurge1: 1     6190   56.72%
      0     0        0.0076     2        0.0175 UserPurge1: 1     6191   56.72%
      0     0        0.0076     2        0.0175 UserPurge1: 1     6192   56.72%
      0     0        0.0076     2        0.0175 UserPurge1: 1     6193   56.72%
      0     0        0.0076     2        0.0175 UserPurge1: 1     6194   56.72%
      0     0        0.0076     2        0.0175 UserPurge1: 1     6195   56.72%
      0     0        0.0076     2        0.0175 UserPurge1: 1     6196   56.72%
      0     0        0.0076     2        0.0175 UserPurge1: 1     6197   56.72%
      0     0        0.0076     2        0.0175 UserPurge1: 1     6198   56.72%
      0     0        0.0076     2        0.0175 UserPurge1: 1     6199   56.72%
      0     0        0.0076     2        0.0175 UserPurge1: 1     6200   56.72%
      0     0        0.0076     2        0.0175 UserPurge1: 1     6201   56.72%
      0     0        0.0076     2        0.0175 UserPurge1: 1     6202   56.72%
      0     0        0.0076     2        0.0175 UserPurge1: 1     6203   56.72%
      0     0        0.0076     2        0.0175 UserPurge1: 1     6204   56.72%
      0     0        0.0076     2        0.0175 UserPurge1: 1     6205   56.72%
      0     0        0.0076     2        0.0175 UserPurge1: 1     6206   56.72%
      0     0        0.0076     2        0.0175 UserPurge1: 1     6207   56.72%
      0     0        0.0076     2        0.0175 UserPurge1: 1     6208   56.72%
      0     0        0.0076     2        0.0175 UserPurge1: 1     6209   56.72%
      0     0        0.0076     2        0.0175 UserPurge1: 1     6210   56.72%
      0     0        0.0076     2        0.0175 UserPurge1: 1     6211   56.72%
      0     0        0.0076     2        0.0175 UserPurge1: 1     6212   56.72%
      0     0        0.0076     2        0.0175 UserPurge1: 1     6213   56.72%
      0     0        0.0076     2        0.0175 UserPurge1: 1     6214   56.72%
      0     0        0.0076     2        0.0175 UserPurge1: 1     6215   56.72%
      0     0        0.0076     2        0.0175 UserPurge1: 1     6216   56.72%
      0     0        0.0076     2        0.0175 UserPurge1: 1     6217   56.72%
      0     0        0.0076     2        0.0175 UserPurge1: 1     6218   56.72%
      0     0        0.0076     2        0.0175 UserPurge1: 1     6219   56.72%
      0     0        0.0076     2        0.0175 UserPurge1: 1     6220   56.72%
      0     0        0.0076     2        0.0175 UserPurge1: 1     6221   56.72%
      0     0        0.0076     2        0.0175 UserPurge1: 1     6222   56.72%
      0     0        0.0076     2        0.0175 UserPurge1: 1     6223   56.72%
      0     0        0.0076     2        0.0175 UserPurge1: 1     6224   56.72%
      0     0        0.0076     2        0.0175 UserPurge1: 1     6225   56.72%
      0     0        0.0076     2        0.0175 UserPurge1: 1     6226   56.72%
      0     0        0.0076     2        0.0175 UserPurge1: 1     6227   56.72%
      0     0        0.0076     2        0.0175 UserPurge1: 1     6228   56.72%
      0     0        0.0076     2        0.0175 UserPurge1: 1     6229   56.72%
      0     0        0.0076     2        0.0175 UserPurge1: 1     6230   56.72%
      0     0        0.0076     2        0.0175 UserPurge1: 1     6231   56.72%
      0     0        0.0076     2        0.0175 UserPurge1: 1     6232   56.72%
      0     0        0.0076     2        0.0175 UserPurge1: 1     6233   56.72%
      0     0        0.0076     2        0.0175 UserPurge1: 1     6234   56.72%
      0     0        0.0076     2        0.0175 UserPurge1: 1     6235   56.72%
      0     0        0.0076     2        0.0175 UserPurge1: 1     6236   56.72%
      0     0        0.0076     2        0.0175 UserPurge1: 1     6237   56.72%
      0     0        0.0076     2        0.0175 UserPurge1: 1     6238   56.72%
      0     0        0.0076     2        0.0175 UserPurge1: 1     6239   56.72%
      0     0        0.0076     2        0.0175 UserPurge1: 1     6240   56.72%
      0     0        0.0076     2        0.0175 UserPurge1: 1     6241   56.72%
      0     0        0.0076     2        0.0175 UserPurge1: 1     6242   56.72%
      0     0        0.0076     2        0.0175 UserPurge1: 1     6243   56.72%
      0     0        0.0076     2        0.0175 UserPurge1: 1     6244   56.72%
      0     0        0.0076     2        0.0175 UserPurge1: 1     6245   56.72%
      0     0        0.0076     2        0.0175 UserPurge1: 1     6246   56.72%
      0     0        0.0076     2        0.0175 UserPurge1: 1     6247   56.72%
      0     0        0.0076     2        0.0175 UserPurge1: 1     6248   56.72%
      0     0        0.0076     2        0.0175 UserPurge1: 1     6249   56.72%
      0     0        0.0076     2        0.0175 UserPurge1: 1     6250   56.72%
      0     0        0.0076     2        0.0175 UserPurge1: 1     6251   56.72%
      0     0        0.0076     2        0.0175 UserPurge1: 1     6252   56.72%
      0     0        0.0076     2        0.0175 UserPurge1: 1     6253   56.72%
      0     0        0.0076     2        0.0175 UserPurge1: 1     6254   56.72%
      0     0        0.0076     2        0.0175 UserPurge1: 1     6255   56.72%
      0     0        0.0076     2        0.0175 UserPurge1: 1     6256   56.72%
      0     0        0.0076     2        0.0175 UserPurge1: 1     6257   56.72%
      0     0        0.0076     2        0.0175 UserPurge1: 1     6258   56.72%
      0     0        0.0076     2        0.0175 UserPurge1: 1     6259   56.72%
      0     0        0.0076     2        0.0175 UserPurge1: 1     6260   56.72%
      0     0        0.0076     2        0.0175 UserPurge1: 1     6261   56.72%
      0     0        0.0076     2        0.0175 UserPurge1: 1     6262   56.72%
      0     0        0.0076     2        0.0175 UserPurge1: 1     6263   56.72%
      0     0        0.0076     2        0.0175 UserPurge1: 1     6264   56.72%
      0     0        0.0076     2        0.0175 UserPurge1: 1     6265   56.72%
      0     0        0.0076     2        0.0175 UserPurge1: 1     6266   56.72%
      0     0        0.0076     2        0.0175 UserPurge1: 1     6267   56.72%
      0     0        0.0076     2        0.0175 UserPurge1: 1     6268   56.72%
      0     0        0.0076     2        0.0175 UserPurge1: 1     6269   56.72%
      0     0        0.0076     2        0.0175 UserPurge1: 1     6270   56.72%
      0     0        0.0076     2        0.0175 UserPurge1: 1     6271   56.72%
      0     0        0.0076     2        0.0175 UserPurge1: 1     6272   56.72%
      0     0        0.0076     2        0.0175 UserPurge1: 1     6273   56.72%
      0     0        0.0076     2        0.0175 UserPurge1: 1     6274   56.72%
      0     0        0.0076     2        0.0175 UserPurge1: 1     6275   56.72%
      0     0        0.0076     2        0.0175 UserPurge1: 1     6276   56.72%
      0     0        0.0076     2        0.0175 UserPurge1: 1     6277   56.72%
      0     0        0.0076     2        0.0175 UserPurge1: 1     6278   56.72%
      0     0        0.0076     2        0.0175 UserPurge1: 1     6279   56.72%
      0     0        0.0076     2        0.0175 UserPurge1: 1     6280   56.72%
      0     0        0.0076     2        0.0175 UserPurge1: 1     6281   56.72%
      0     0        0.0076     2        0.0175 UserPurge1: 1     6282   56.72%
      0     0        0.0076     2        0.0175 UserPurge1: 1     6283   56.72%
      0     0        0.0076     2        0.0175 UserPurge1: 1     6284   56.72%
      0     0        0.0076     2        0.0175 UserPurge1: 1     6285   56.72%
      0     0        0.0076     2        0.0175 UserPurge1: 1     6286   56.72%
      0     0        0.0076     2        0.0175 UserPurge1: 1     6287   56.72%
      0     0        0.0076     2        0.0175 UserPurge1: 1     6288   56.72%
      0     0        0.0076     2        0.0175 UserPurge1: 1     6289   56.72%
      0     0        0.0076     2        0.0175 UserPurge1: 1     6290   56.72%
      0     0        0.0076     2        0.0175 UserPurge1: 1     6291   56.72%
      0     0        0.0076     2        0.0175 UserPurge1: 1     6292   56.72%
      0     0        0.0076     2        0.0175 UserPurge1: 1     6293   56.72%
      0     0        0.0076     2        0.0175 UserPurge1: 1     6294   56.72%
      0     0        0.0076     2        0.0175 UserPurge1: 1     6295   56.72%
      0     0        0.0076     2        0.0175 UserPurge1: 1     6296   56.72%
      0     0        0.0076     2        0.0175 UserPurge1: 1     6297   56.72%
      0     0        0.0076     2        0.0175 UserPurge1: 1     6298   56.72%
      0     0        0.0076     2        0.0175 UserPurge1: 1     6299   56.72%
      0     0        0.0076     2        0.0175 UserPurge1: 1     6300   56.72%
      0     0        0.0076     2        0.0175 UserPurge1: 1     6301   56.72%
      0     0        0.0076     2        0.0175 UserPurge1: 1     6302   56.72%
      0     0        0.0076     2        0.0175 UserPurge1: 1     6303   56.72%
      0     0        0.0076     2        0.0175 UserPurge1: 1     6304   56.72%
      0     0        0.0076     2        0.0175 UserPurge1: 1     6305   56.72%
      0     0        0.0076     2        0.0175 UserPurge1: 1     6306   56.72%
      0     0        0.0076     2        0.0175 UserPurge1: 1     6307   56.72%
      0     0        0.0076     2        0.0175 UserPurge1: 1     6308   56.72%
      0     0        0.0076     2        0.0175 UserPurge1: 1     6309   56.72%
      0     0        0.0076     2        0.0175 UserPurge1: 1     6310   56.72%
      0     0        0.0076     2        0.0175 UserPurge1: 1     6311   56.72%
      0     0        0.0076     2        0.0175 UserPurge1: 1     6312   56.72%
      0     0        0.0076     2        0.0175 UserPurge1: 1     6313   56.72%
      0     0        0.0076     2        0.0175 UserPurge1: 1     6314   56.72%
      0     0        0.0076     2        0.0175 UserPurge1: 1     6315   56.72%
      0     0        0.0076     2        0.0175 UserPurge1: 1     6316   56.72%
      0     0        0.0076     2        0.0175 UserPurge1: 1     6317   56.72%
      0     0        0.0076     2        0.0175 UserPurge1: 1     6318   56.72%
      0     0        0.0076     2        0.0175 UserPurge1: 1     6319   56.72%
      0     0        0.0076     2        0.0175 UserPurge1: 1     6320   56.72%
      0     0        0.0076     2        0.0175 UserPurge1: 1     6321   56.72%
      0     0        0.0076     2        0.0175 UserPurge1: 1     6322   56.72%
      0     0        0.0076     2        0.0175 UserPurge1: 1     6323   56.72%
      0     0        0.0076     2        0.0175 UserPurge1: 1     6324   56.72%
      0     0        0.0076     2        0.0175 UserPurge1: 1     6325   56.72%
      0     0        0.0076     2        0.0175 UserPurge1: 1     6326   56.72%
      0     0        0.0076     2        0.0175 UserPurge1: 1     6327   56.72%
      0     0        0.0076     2        0.0175 UserPurge1: 1     6328   56.72%
      0     0        0.0076     2        0.0175 UserPurge1: 1     6329   56.72%
      0     0        0.0076     2        0.0175 UserPurge1: 1     6330   56.72%
      0     0        0.0076     2        0.0175 UserPurge1: 1     6331   56.72%
      0     0        0.0076     2        0.0175 UserPurge1: 1     6332   56.72%
      0     0        0.0076     2        0.0175 UserPurge1: 1     6333   56.72%
      0     0        0.0076     2        0.0175 UserPurge1: 1     6334   56.72%
      0     0        0.0076     2        0.0175 UserPurge1: 1     6335   56.72%
      0     0        0.0076     2        0.0175 UserPurge1: 1     6336   56.72%
      0     0        0.0076     2        0.0175 UserPurge1: 1     6337   56.72%
      0     0        0.0076     2        0.0175 UserPurge1: 1     6338   56.72%
      0     0        0.0076     2        0.0175 UserPurge1: 1     6339   56.72%
      0     0        0.0076     2        0.0175 UserPurge1: 1     6340   56.72%
      0     0        0.0076     2        0.0175 UserPurge1: 1     6341   56.72%
      0     0        0.0076     2        0.0175 UserPurge1: 1     6342   56.72%
      0     0        0.0076     2        0.0175 UserPurge1: 1     6343   56.72%
      0     0        0.0076     2        0.0175 UserPurge1: 1     6344   56.72%
      0     0        0.0076     2        0.0175 UserPurge1: 1     6345   56.72%
      0     0        0.0076     2        0.0175 UserPurge1: 1     6346   56.72%
      0     0        0.0076     2        0.0175 UserPurge1: 1     6347   56.72%
      0     0        0.0076     2        0.0175 UserPurge1: 1     6348   56.72%
      0     0        0.0076     2        0.0175 UserPurge1: 1     6349   56.72%
      0     0        0.0076     2        0.0175 UserPurge1: 1     6350   56.72%
      0     0        0.0076     2        0.0175 UserPurge1: 1     6351   56.72%
      0     0        0.0076     2        0.0175 UserPurge1: 1     6352   56.72%
      0     0        0.0076     2        0.0175 UserPurge1: 1     6353   56.72%
      0     0        0.0076     2        0.0175 UserPurge1: 1     6354   56.72%
      0     0        0.0076     2        0.0175 UserPurge1: 1     6355   56.72%
      0     0        0.0076     2        0.0175 UserPurge1: 1     6356   56.72%
      0     0        0.0076     2        0.0175 UserPurge1: 1     6357   56.72%
      0     0        0.0076     2        0.0175 UserPurge1: 1     6358   56.72%
      0     0        0.0076     2        0.0175 UserPurge1: 1     6359   56.72%
      0     0        0.0076     2        0.0175 UserPurge1: 1     6360   56.72%
      0     0        0.0076     2        0.0175 UserPurge1: 1     6361   56.72%
      0     0        0.0076     2        0.0175 UserPurge1: 1     6362   56.72%
      0     0        0.0076     2        0.0175 UserPurge1: 1     6363   56.72%
      0     0        0.0076     2        0.0175 UserPurge1: 1     6364   56.72%
      0     0        0.0076     2        0.0175 UserPurge1: 1     6365   56.72%
      0     0        0.0076     2        0.0175 UserPurge1: 1     6366   56.72%
      0     0        0.0076     2        0.0175 UserPurge1: 1     6367   56.72%
      0     0        0.0076     2        0.0175 UserPurge1: 1     6368   56.72%
      0     0        0.0076     2        0.0175 UserPurge1: 1     6369   56.72%
      0     0        0.0076     2        0.0175 UserPurge1: 1     6370   56.72%
      0     0        0.0076     2        0.0175 UserPurge1: 1     6371   56.72%
      0     0        0.0076     2        0.0175 UserPurge1: 1     6372   56.72%
      0     0        0.0076     2        0.0175 UserPurge1: 1     6373   56.72%
      0     0        0.0076     2        0.0175 UserPurge1: 1     6374   56.72%
      0     0        0.0076     2        0.0175 UserPurge1: 1     6375   56.72%
      0     0        0.0076     2        0.0175 UserPurge1: 1     6376   56.72%
      0     0        0.0076     2        0.0175 UserPurge1: 1     6377   56.72%
      0     0        0.0076     2        0.0175 UserPurge1: 1     6378   56.72%
      0     0        0.0076     2        0.0175 UserPurge1: 1     6379   56.72%
      0     0        0.0076     2        0.0175 UserPurge1: 1     6380   56.72%
      0     0        0.0076     2        0.0175 UserPurge1: 1     6381   56.72%
      0     0        0.0076     2        0.0175 UserPurge1: 1     6382   56.72%
      0     0        0.0076     2        0.0175 UserPurge1: 1     6383   56.72%
      0     0        0.0076     2        0.0175 UserPurge1: 1     6384   56.72%
      0     0        0.0076     2        0.0175 UserPurge1: 1     6385   56.72%
      0     0        0.0076     2        0.0175 UserPurge1: 1     6386   56.72%
      0     0        0.0076     2        0.0175 UserPurge1: 1     6387   56.72%
      0     0        0.0076     2        0.0175 UserPurge1: 1     6388   56.72%
      0     0        0.0076     2        0.0175 UserPurge1: 1     6389   56.72%
      0     0        0.0076     2        0.0175 UserPurge1: 1     6390   56.72%
      0     0        0.0076     2        0.0175 UserPurge1: 1     6391   56.72%
      0     0        0.0076     2        0.0175 UserPurge1: 1     6392   56.72%
      0     0        0.0076     2        0.0175 UserPurge1: 1     6393   56.72%
      0     0        0.0076     2        0.0175 UserPurge1: 1     6394   56.72%
      0     0        0.0076     2        0.0175 UserPurge1: 1     6395   56.72%
      0     0        0.0076     2        0.0175 UserPurge1: 1     6396   56.72%
      0     0        0.0076     2        0.0175 UserPurge1: 1     6397   56.72%
      0     0        0.0076     2        0.0175 UserPurge1: 1     6398   56.72%
      0     0        0.0076     2        0.0175 UserPurge1: 1     6399   56.72%
      0     0        0.0076     2        0.0175 UserPurge1: 1     6400   56.72%
      0     0        0.0076     2        0.0175 UserPurge1: 1     6401   56.72%
      0     0        0.0076     2        0.0175 UserPurge1: 1     6402   56.72%
      0     0        0.0076     2        0.0175 UserPurge1: 1     6403   56.72%
      0     0        0.0076     2        0.0175 UserPurge1: 1     6404   56.72%
      0     0        0.0076     2        0.0175 UserPurge1: 1     6405   56.72%
      0     0        0.0076     2        0.0175 UserPurge1: 1     6406   56.72%
      0     0        0.0076     2        0.0175 UserPurge1: 1     6407   56.72%
      0     0        0.0076     2        0.0175 UserPurge1: 1     6408   56.72%
      0     0        0.0076     2        0.0175 UserPurge1: 1     6409   56.72%
      0     0        0.0076     2        0.0175 UserPurge1: 1     6410   56.72%
      0     0        0.0076     2        0.0175 UserPurge1: 1     6411   56.72%
      0     0        0.0076     2        0.0175 UserPurge1: 1     6412   56.72%
      0     0        0.0076     2        0.0175 UserPurge1: 1     6413   56.72%
      0     0        0.0076     2        0.0175 UserPurge1: 1     6414   56.72%
      0     0        0.0076     2        0.0175 UserPurge1: 1     6415   56.72%
      0     0        0.0076     2        0.0175 UserPurge1: 1     6416   56.72%
      0     0        0.0076     2        0.0175 UserPurge1: 1     6417   56.72%
      0     0        0.0076     2        0.0175 UserPurge1: 1     6418   56.72%
      0     0        0.0076     2        0.0175 UserPurge1: 1     6419   56.72%
      0     0        0.0076     2        0.0175 UserPurge1: 1     6420   56.72%
      0     0        0.0076     2        0.0175 UserPurge1: 1     6421   56.72%
      0     0        0.0076     2        0.0175 UserPurge1: 1     6422   56.72%
      0     0        0.0076     2        0.0175 UserPurge1: 1     6423   56.72%
      0     0        0.0076     2        0.0175 UserPurge1: 1     6424   56.72%
      0     0        0.0076     2        0.0175 UserPurge1: 1     6425   56.72%
      0     0        0.0076     2        0.0175 UserPurge1: 1     6426   56.72%
      0     0        0.0076     2        0.0175 UserPurge1: 1     6427   56.72%
      0     0        0.0076     2        0.0175 UserPurge1: 1     6428   56.72%
      0     0        0.0076     2        0.0175 UserPurge1: 1     6429   56.72%
      0     0        0.0076     2        0.0175 UserPurge1: 1     6430   56.72%
      0     0        0.0076     2        0.0175 UserPurge1: 1     6431   56.72%
      0     0        0.0076     2        0.0175 UserPurge1: 1     6432   56.72%
      0     0        0.0076     2        0.0175 UserPurge1: 1     6433   56.72%
      0     0        0.0076     2        0.0175 UserPurge1: 1     6434   56.72%
      0     0        0.0076     2        0.0175 UserPurge1: 1     6435   56.72%
      0     0        0.0076     2        0.0175 UserPurge1: 1     6436   56.72%
      0     0        0.0076     2        0.0175 UserPurge1: 1     6437   56.72%
      0     0        0.0076     2        0.0175 UserPurge1: 1     6438   56.72%
      0     0        0.0076     2        0.0175 UserPurge1: 1     6439   56.72%
      0     0        0.0076     2        0.0175 UserPurge1: 1     6440   56.72%
      0     0        0.0076     2        0.0175 UserPurge1: 1     6441   56.72%
      0     0        0.0076     2        0.0175 UserPurge1: 1     6442   56.72%
      0     0        0.0076     2        0.0175 UserPurge1: 1     6443   56.72%
      0     0        0.0076     2        0.0175 UserPurge1: 1     6444   56.72%
      0     0        0.0076     2        0.0175 UserPurge1: 1     6445   56.72%
      0     0        0.0076     2        0.0175 UserPurge1: 1     6446   56.72%
      0     0        0.0076     2        0.0175 UserPurge1: 1     6447   56.72%
      0     0        0.0076     2        0.0175 UserPurge1: 1     6448   56.72%
      0     0        0.0076     2        0.0175 UserPurge1: 1     6449   56.72%
      0     0        0.0076     2        0.0175 UserPurge1: 1     6450   56.72%
      0     0        0.0076     2        0.0175 UserPurge1: 1     6451   56.72%
      0     0        0.0076     2        0.0175 UserPurge1: 1     6452   56.72%
      0     0        0.0076     2        0.0175 UserPurge1: 1     6453   56.72%
      0     0        0.0076     2        0.0175 UserPurge1: 1     6454   56.72%
      0     0        0.0076     2        0.0175 UserPurge1: 1     6455   56.72%
      0     0        0.0076     2        0.0175 UserPurge1: 1     6456   56.72%
      0     0        0.0076     2        0.0175 UserPurge1: 1     6457   56.72%
      0     0        0.0076     2        0.0175 UserPurge1: 1     6458   56.72%
      0     0        0.0076     2        0.0175 UserPurge1: 1     6459   56.72%
      0     0        0.0076     2        0.0175 UserPurge1: 1     6460   56.72%
      0     0        0.0076     2        0.0175 UserPurge1: 1     6461   56.72%
      0     0        0.0076     2        0.0175 UserPurge1: 1     6462   56.72%
      0     0        0.0076     2        0.0175 UserPurge1: 1     6463   56.72%
      0     0        0.0076     2        0.0175 UserPurge1: 1     6464   56.72%
      0     0        0.0076     2        0.0175 UserPurge1: 1     6465   56.72%
      0     0        0.0076     2        0.0175 UserPurge1: 1     6466   56.72%
      0     0        0.0076     2        0.0175 UserPurge1: 1     6467   56.72%
      0     0        0.0076     2        0.0175 UserPurge1: 1     6468   56.72%
      0     0        0.0076     2        0.0175 UserPurge1: 1     6469   56.72%
      0     0        0.0076     2        0.0175 UserPurge1: 1     6470   56.72%
      0     0        0.0076     2        0.0175 UserPurge1: 1     6471   56.72%
      0     0        0.0076     2        0.0175 UserPurge1: 1     6472   56.72%
      0     0        0.0076     2        0.0175 UserPurge1: 1     6473   56.72%
      0     0        0.0076     2        0.0175 UserPurge1: 1     6474   56.72%
      0     0        0.0076     2        0.0175 UserPurge1: 1     6475   56.72%
      0     0        0.0076     2        0.0175 UserPurge1: 1     6476   56.72%
      0     0        0.0076     2        0.0175 UserPurge1: 1     6477   56.72%
      0     0        0.0076     2        0.0175 UserPurge1: 1     6478   56.72%
      0     0        0.0076     2        0.0175 UserPurge1: 1     6479   56.72%
      0     0        0.0076     2        0.0175 UserPurge1: 1     6480   56.72%
      0     0        0.0076     2        0.0175 UserPurge1: 1     6481   56.72%
      0     0        0.0076     2        0.0175 UserPurge1: 1     6482   56.72%
      0     0        0.0076     2        0.0175 UserPurge1: 1     6483   56.72%
      0     0        0.0076     2        0.0175 UserPurge1: 1     6484   56.72%
      0     0        0.0076     2        0.0175 UserPurge1: 1     6485   56.72%
      0     0        0.0076     2        0.0175 UserPurge1: 1     6486   56.72%
      0     0        0.0076     2        0.0175 UserPurge1: 1     6487   56.72%
      0     0        0.0076     2        0.0175 UserPurge1: 1     6488   56.72%
      0     0        0.0076     2        0.0175 UserPurge1: 1     6489   56.72%
      0     0        0.0076     2        0.0175 UserPurge1: 1     6490   56.72%
      0     0        0.0076     2        0.0175 UserPurge1: 1     6491   56.72%
      0     0        0.0076     2        0.0175 UserPurge1: 1     6492   56.72%
      0     0        0.0076     2        0.0175 UserPurge1: 1     6493   56.72%
      0     0        0.0076     2        0.0175 UserPurge1: 1     6494   56.72%
      0     0        0.0076     2        0.0175 UserPurge1: 1     6495   56.72%
      0     0        0.0076     2        0.0175 UserPurge1: 1     6496   56.72%
      0     0        0.0076     2        0.0175 UserPurge1: 1     6497   56.72%
      0     0        0.0076     2        0.0175 UserPurge1: 1     6498   56.72%
      0     0        0.0076     2        0.0175 UserPurge1: 1     6499   56.72%
      0     0        0.0076     2        0.0175 UserPurge1: 1     6500   56.72%
      0     0        0.0076     2        0.0175 UserPurge1: 1     6501   56.72%
      0     0        0.0076     2        0.0175 UserPurge1: 1     6502   56.72%
      0     0        0.0076     2        0.0175 UserPurge1: 1     6503   56.72%
      0     0        0.0076     2        0.0175 UserPurge1: 1     6504   56.72%
      0     0        0.0076     2        0.0175 UserPurge1: 1     6505   56.72%
      0     0        0.0076     2        0.0175 UserPurge1: 1     6506   56.72%
      0     0        0.0076     2        0.0175 UserPurge1: 1     6507   56.72%
      0     0        0.0076     2        0.0175 UserPurge1: 1     6508   56.72%
      0     0        0.0076     2        0.0175 UserPurge1: 1     6509   56.72%
      0     0        0.0076     2        0.0175 UserPurge1: 1     6510   56.72%
      0     0        0.0076     2        0.0175 UserPurge1: 1     6511   56.72%
      0     0        0.0076     2        0.0175 UserPurge1: 1     6512   56.72%
      0     0        0.0076     2        0.0175 UserPurge1: 1     6513   56.72%
      0     0        0.0076     2        0.0175 UserPurge1: 1     6514   56.72%
      0     0        0.0076     2        0.0175 UserPurge1: 1     6515   56.72%
      0     0        0.0076     2        0.0175 UserPurge1: 1     6516   56.72%
      0     0        0.0076     2        0.0175 UserPurge1: 1     6517   56.72%
      0     0        0.0076     2        0.0175 UserPurge1: 1     6518   56.72%
      0     0        0.0076     2        0.0175 UserPurge1: 1     6519   56.72%
      0     0        0.0076     2        0.0175 UserPurge1: 1     6520   56.72%
      0     0        0.0076     2        0.0175 UserPurge1: 1     6521   56.72%
      0     0        0.0076     2        0.0175 UserPurge1: 1     6522   56.72%
      0     0        0.0076     2        0.0175 UserPurge1: 1     6523   56.72%
      0     0        0.0076     2        0.0175 UserPurge1: 1     6524   56.72%
      0     0        0.0076     2        0.0175 UserPurge1: 1     6525   56.72%
      0     0        0.0076     2        0.0175 UserPurge1: 1     6526   56.72%
      0     0        0.0076     2        0.0175 UserPurge1: 1     6527   56.72%
      0     0        0.0076     2        0.0175 UserPurge1: 1     6528   56.72%
      0     0        0.0076     2        0.0175 UserPurge1: 1     6529   56.72%
      0     0        0.0076     2        0.0175 UserPurge1: 1     6530   56.72%
      0     0        0.0076     2        0.0175 UserPurge1: 1     6531   56.72%
      0     0        0.0076     2        0.0175 UserPurge1: 1     6532   56.72%
      0     0        0.0076     2        0.0175 UserPurge1: 1     6533   56.72%
      0     0        0.0076     2        0.0175 UserPurge1: 1     6534   56.72%
      0     0        0.0076     2        0.0175 UserPurge1: 1     6535   56.72%
      0     0        0.0076     2        0.0175 UserPurge1: 1     6536   56.72%
      0     0        0.0076     2        0.0175 UserPurge1: 1     6537   56.72%
      0     0        0.0076     2        0.0175 UserPurge1: 1     6538   56.72%
      0     0        0.0076     2        0.0175 UserPurge1: 1     6539   56.72%
      0     0        0.0076     2        0.0175 UserPurge1: 1     6540   56.72%
      0     0        0.0076     2        0.0175 UserPurge1: 1     6541   56.72%
      0     0        0.0076     2        0.0175 UserPurge1: 1     6542   56.72%
      0     0        0.0076     2        0.0175 UserPurge1: 1     6543   56.72%
      0     0        0.0076     2        0.0175 UserPurge1: 1     6544   56.72%
      0     0        0.0076     2        0.0175 UserPurge1: 1     6545   56.72%
      0     0        0.0076     2        0.0175 UserPurge1: 1     6546   56.72%
      0     0        0.0076     2        0.0175 UserPurge1: 1     6547   56.72%
      0     0        0.0076     2        0.0175 UserPurge1: 1     6548   56.72%
      0     0        0.0076     2        0.0175 UserPurge1: 1     6549   56.72%
      0     0        0.0076     2        0.0175 UserPurge1: 1     6550   56.72%
      0     0        0.0076     2        0.0175 UserPurge1: 1     6551   56.72%
      0     0        0.0076     2        0.0175 UserPurge1: 1     6552   56.72%
      0     0        0.0076     2        0.0175 UserPurge1: 1     6553   56.72%
      0     0        0.0076     2        0.0175 UserPurge1: 1     6554   56.72%
      0     0        0.0076     2        0.0175 UserPurge1: 1     6555   56.72%
      0     0        0.0076     2        0.0175 UserPurge1: 1     6556   56.72%
      0     0        0.0076     2        0.0175 UserPurge1: 1     6557   56.72%
      0     0        0.0076     2        0.0175 UserPurge1: 1     6558   56.72%
      0     0        0.0076     2        0.0175 UserPurge1: 1     6559   56.72%
      0     0        0.0076     2        0.0175 UserPurge1: 1     6560   56.72%
      0     0        0.0076     2        0.0175 UserPurge1: 1     6561   56.72%
      0     0        0.0076     2        0.0175 UserPurge1: 1     6562   56.72%
      0     0        0.0076     2        0.0175 UserPurge1: 1     6563   56.72%
      0     0        0.0076     2        0.0175 UserPurge1: 1     6564   56.72%
      0     0        0.0076     2        0.0175 UserPurge1: 1     6565   56.72%
      0     0        0.0076     2        0.0175 UserPurge1: 1     6566   56.72%
      0     0        0.0076     2        0.0175 UserPurge1: 1     6567   56.72%
      0     0        0.0076     2        0.0175 UserPurge1: 1     6568   56.72%
      0     0        0.0076     2        0.0175 UserPurge1: 1     6569   56.72%
      0     0        0.0076     2        0.0175 UserPurge1: 1     6570   56.72%
      0     0        0.0076     2        0.0175 UserPurge1: 1     6571   56.72%
      0     0        0.0076     2        0.0175 UserPurge1: 1     6572   56.72%
      0     0        0.0076     2        0.0175 UserPurge1: 1     6573   56.72%
      0     0        0.0076     2        0.0175 UserPurge1: 1     6574   56.72%
      0     0        0.0076     2        0.0175 UserPurge1: 1     6575   56.72%
      0     0        0.0076     2        0.0175 UserPurge1: 1     6576   56.72%
      0     0        0.0076     2        0.0175 UserPurge1: 1     6577   56.72%
      0     0        0.0076     2        0.0175 UserPurge1: 1     6578   56.72%
      0     0        0.0076     2        0.0175 UserPurge1: 1     6579   56.72%
      0     0        0.0076     2        0.0175 UserPurge1: 1     6580   56.72%
      0     0        0.0076     2        0.0175 UserPurge1: 1     6581   56.72%
      0     0        0.0076     2        0.0175 UserPurge1: 1     6582   56.72%
      0     0        0.0076     2        0.0175 UserPurge1: 1     6583   56.72%
      0     0        0.0076     2        0.0175 UserPurge1: 1     6584   56.72%
      0     0        0.0076     2        0.0175 UserPurge1: 1     6585   56.72%
      0     0        0.0076     2        0.0175 UserPurge1: 1     6586   56.72%
      0     0        0.0076     2        0.0175 UserPurge1: 1     6587   56.72%
      0     0        0.0076     2        0.0175 UserPurge1: 1     6588   56.72%
      0     0        0.0076     2        0.0175 UserPurge1: 1     6589   56.72%
      0     0        0.0076     2        0.0175 UserPurge1: 1     6590   56.72%
      0     0        0.0076     2        0.0175 UserPurge1: 1     6591   56.72%
      0     0        0.0076     2        0.0175 UserPurge1: 1     6592   56.72%
      0     0        0.0076     2        0.0175 UserPurge1: 1     6593   56.72%
      0     0        0.0076     2        0.0175 UserPurge1: 1     6594   56.72%
      0     0        0.0076     2        0.0175 UserPurge1: 1     6595   56.72%
      0     0        0.0076     2        0.0175 UserPurge1: 1     6596   56.72%
      0     0        0.0076     2        0.0175 UserPurge1: 1     6597   56.72%
      0     0        0.0076     2        0.0175 UserPurge1: 1     6598   56.72%
      0     0        0.0076     2        0.0175 UserPurge1: 1     6599   56.72%
      0     0        0.0076     2        0.0175 UserPurge1: 1     6600   56.72%
      0     0        0.0076     2        0.0175 UserPurge1: 1     6601   56.72%
      0     0        0.0076     2        0.0175 UserPurge1: 1     6602   56.72%
      0     0        0.0076     2        0.0175 UserPurge1: 1     6603   56.72%
      0     0        0.0076     2        0.0175 UserPurge1: 1     6604   56.72%
      0     0        0.0076     2        0.0175 UserPurge1: 1     6605   56.72%
      0     0        0.0076     2        0.0175 UserPurge1: 1     6606   56.72%
      0     0        0.0076     2        0.0175 UserPurge1: 1     6607   56.72%
      0     0        0.0076     2        0.0175 UserPurge1: 1     6608   56.72%
      0     0        0.0076     2        0.0175 UserPurge1: 1     6609   56.72%
      0     0        0.0076     2        0.0175 UserPurge1: 1     6610   56.72%
      0     0        0.0076     2        0.0175 UserPurge1: 1     6611   56.72%
      0     0        0.0076     2        0.0175 UserPurge1: 1     6612   56.72%
      0     0        0.0076     2        0.0175 UserPurge1: 1     6613   56.72%
      0     0        0.0076     2        0.0175 UserPurge1: 1     6614   56.72%
      0     0        0.0076     2        0.0175 UserPurge1: 1     6615   56.72%
      0     0        0.0076     2        0.0175 UserPurge1: 1     6616   56.72%
      0     0        0.0076     2        0.0175 UserPurge1: 1     6617   56.72%
      0     0        0.0076     2        0.0175 UserPurge1: 1     6618   56.72%
      0     0        0.0076     2        0.0175 UserPurge1: 1     6619   56.72%
      0     0        0.0076     2        0.0175 UserPurge1: 1     6620   56.72%
      0     0        0.0076     2        0.0175 UserPurge1: 1     6621   56.72%
      0     0        0.0076     2        0.0175 UserPurge1: 1     6622   56.72%
      0     0        0.0076     2        0.0175 UserPurge1: 1     6623   56.72%
      0     0        0.0076     2        0.0175 UserPurge1: 1     6624   56.72%
      0     0        0.0076     2        0.0175 UserPurge1: 1     6625   56.72%
      0     0        0.0076     2        0.0175 UserPurge1: 1     6626   56.72%
      0     0        0.0076     2        0.0175 UserPurge1: 1     6627   56.72%
      0     0        0.0076     2        0.0175 UserPurge1: 1     6628   56.72%
      0     0        0.0076     2        0.0175 UserPurge1: 1     6629   56.72%
      0     0        0.0076     2        0.0175 UserPurge1: 1     6630   56.72%
      0     0        0.0076     2        0.0175 UserPurge1: 1     6631   56.72%
      0     0        0.0076     2        0.0175 UserPurge1: 1     6632   56.72%
      0     0        0.0076     2        0.0175 UserPurge1: 1     6633   56.72%
      0     0        0.0076     2        0.0175 UserPurge1: 1     6634   56.72%
      0     0        0.0076     2        0.0175 UserPurge1: 1     6635   56.72%
      0     0        0.0076     2        0.0175 UserPurge1: 1     6636   56.72%
      0     0        0.0076     2        0.0175 UserPurge1: 1     6637   56.72%
      0     0        0.0076     2        0.0175 UserPurge1: 1     6638   56.72%
      0     0        0.0076     2        0.0175 UserPurge1: 1     6639   56.72%
      0     0        0.0076     2        0.0175 UserPurge1: 1     6640   56.72%
      0     0        0.0076     2        0.0175 UserPurge1: 1     6641   56.72%
      0     0        0.0076     2        0.0175 UserPurge1: 1     6642   56.72%
      0     0        0.0076     2        0.0175 UserPurge1: 1     6643   56.72%
      0     0        0.0076     2        0.0175 UserPurge1: 1     6644   56.72%
      0     0        0.0076     2        0.0175 UserPurge1: 1     6645   56.72%
      0     0        0.0076     2        0.0175 UserPurge1: 1     6646   56.72%
      0     0        0.0076     2        0.0175 UserPurge1: 1     6647   56.72%
      0     0        0.0076     2        0.0175 UserPurge1: 1     6648   56.72%
      0     0        0.0076     2        0.0175 UserPurge1: 1     6649   56.72%
      0     0        0.0076     2        0.0175 UserPurge1: 1     6650   56.72%
      0     0        0.0076     2        0.0175 UserPurge1: 1     6651   56.72%
      0     0        0.0076     2        0.0175 UserPurge1: 1     6652   56.72%
      0     0        0.0076     2        0.0175 UserPurge1: 1     6653   56.72%
      0     0        0.0076     2        0.0175 UserPurge1: 1     6654   56.72%
      0     0        0.0076     2        0.0175 UserPurge1: 1     6655   56.72%
      0     0        0.0076     2        0.0175 UserPurge1: 1     6656   56.72%
      0     0        0.0076     2        0.0175 UserPurge1: 1     6657   56.72%
      0     0        0.0076     2        0.0175 UserPurge1: 1     6658   56.72%
      0     0        0.0076     2        0.0175 UserPurge1: 1     6659   56.72%
      0     0        0.0076     2        0.0175 UserPurge1: 1     6660   56.72%
      0     0        0.0076     2        0.0175 UserPurge1: 1     6661   56.72%
      0     0        0.0076     2        0.0175 UserPurge1: 1     6662   56.72%
      0     0        0.0076     2        0.0175 UserPurge1: 1     6663   56.72%
      0     0        0.0076     2        0.0175 UserPurge1: 1     6664   56.72%
      0     0        0.0076     2        0.0175 UserPurge1: 1     6665   56.72%
      0     0        0.0076     2        0.0175 UserPurge1: 1     6666   56.72%
      0     0        0.0076     2        0.0175 UserPurge1: 1     6667   56.72%
      0     0        0.0076     2        0.0175 UserPurge1: 1     6668   56.72%
      0     0        0.0076     2        0.0175 UserPurge1: 1     6669   56.72%
      0     0        0.0076     2        0.0175 UserPurge1: 1     6670   56.72%
      0     0        0.0076     2        0.0175 UserPurge1: 1     6671   56.72%
      0     0        0.0076     2        0.0175 UserPurge1: 1     6672   56.72%
      0     0        0.0076     2        0.0175 UserPurge1: 1     6673   56.72%
      0     0        0.0076     2        0.0175 UserPurge1: 1     6674   56.72%
      0     0        0.0076     2        0.0175 UserPurge1: 1     6675   56.72%
      0     0        0.0076     2        0.0175 UserPurge1: 1     6676   56.72%
      0     0        0.0076     2        0.0175 UserPurge1: 1     6677   56.72%
      0     0        0.0076     2        0.0175 UserPurge1: 1     6678   56.72%
      0     0        0.0076     2        0.0175 UserPurge1: 1     6679   56.72%
      0     0        0.0076     2        0.0175 UserPurge1: 1     6680   56.72%
      0     0        0.0076     2        0.0175 UserPurge1: 1     6681   56.72%
      0     0        0.0076     2        0.0175 UserPurge1: 1     6682   56.72%
      0     0        0.0076     2        0.0175 UserPurge1: 1     6683   56.72%
      0     0        0.0076     2        0.0175 UserPurge1: 1     6684   56.72%
      0     0        0.0076     2        0.0175 UserPurge1: 1     6685   56.72%
      0     0        0.0076     2        0.0175 UserPurge1: 1     6686   56.72%
      0     0        0.0076     2        0.0175 UserPurge1: 1     6687   56.72%
      0     0        0.0076     2        0.0175 UserPurge1: 1     6688   56.72%
      0     0        0.0076     2        0.0175 UserPurge1: 1     6689   56.72%
      0     0        0.0076     2        0.0175 UserPurge1: 1     6690   56.72%
      0     0        0.0076     2        0.0175 UserPurge1: 1     6691   56.72%
      0     0        0.0076     2        0.0175 UserPurge1: 1     6692   56.72%
      0     0        0.0076     2        0.0175 UserPurge1: 1     6693   56.72%
      0     0        0.0076     2        0.0175 UserPurge1: 1     6694   56.72%
      0     0        0.0076     2        0.0175 UserPurge1: 1     6695   56.72%
      0     0        0.0076     2        0.0175 UserPurge1: 1     6696   56.72%
      0     0        0.0076     2        0.0175 UserPurge1: 1     6697   56.72%
      0     0        0.0076     2        0.0175 UserPurge1: 1     6698   56.72%
      0     0        0.0076     2        0.0175 UserPurge1: 1     6699   56.72%
      0     0        0.0076     2        0.0175 UserPurge1: 1     6700   56.72%
      0     0        0.0076     2        0.0175 UserPurge1: 1     6701   56.72%
      0     0        0.0076     2        0.0175 UserPurge1: 1     6702   56.72%
      0     0        0.0076     2        0.0175 UserPurge1: 1     6703   56.72%
      0     0        0.0076     2        0.0175 UserPurge1: 1     6704   56.72%
      0     0        0.0076     2        0.0175 UserPurge1: 1     6705   56.72%
      0     0        0.0076     2        0.0175 UserPurge1: 1     6706   56.72%
      0     0        0.0076     2        0.0175 UserPurge1: 1     6707   56.72%
      0     0        0.0076     2        0.0175 UserPurge1: 1     6708   56.72%
      0     0        0.0076     2        0.0175 UserPurge1: 1     6709   56.72%
      0     0        0.0076     2        0.0175 UserPurge1: 1     6710   56.72%
      0     0        0.0076     2        0.0175 UserPurge1: 1     6711   56.72%
      0     0        0.0076     2        0.0175 UserPurge1: 1     6712   56.72%
      0     0        0.0076     2        0.0175 UserPurge1: 1     6713   56.72%
      0     0        0.0076     2        0.0175 UserPurge1: 1     6714   56.72%
      0     0        0.0076     2        0.0175 UserPurge1: 1     6715   56.72%
      0     0        0.0076     2        0.0175 UserPurge1: 1     6716   56.72%
      0     0        0.0076     2        0.0175 UserPurge1: 1     6717   56.72%
      0     0        0.0076     2        0.0175 UserPurge1: 1     6718   56.72%
      0     0        0.0076     2        0.0175 UserPurge1: 1     6719   56.72%
      0     0        0.0076     2        0.0175 UserPurge1: 1     6720   56.72%
      0     0        0.0076     2        0.0175 UserPurge1: 1     6721   56.72%
      0     0        0.0076     2        0.0175 UserPurge1: 1     6722   56.72%
      0     0        0.0076     2        0.0175 UserPurge1: 1     6723   56.72%
      0     0        0.0076     2        0.0175 UserPurge1: 1     6724   56.72%
      0     0        0.0076     2        0.0175 UserPurge1: 1     6725   56.72%
      0     0        0.0076     2        0.0175 UserPurge1: 1     6726   56.72%
      0     0        0.0076     2        0.0175 UserPurge1: 1     6727   56.72%
      0     0        0.0076     2        0.0175 UserPurge1: 1     6728   56.72%
      0     0        0.0076     2        0.0175 UserPurge1: 1     6729   56.72%
      0     0        0.0076     2        0.0175 UserPurge1: 1     6730   56.72%
      0     0        0.0076     2        0.0175 UserPurge1: 1     6731   56.72%
      0     0        0.0076     2        0.0175 UserPurge1: 1     6732   56.72%
      0     0        0.0076     2        0.0175 UserPurge1: 1     6733   56.72%
      0     0        0.0076     2        0.0175 UserPurge1: 1     6734   56.72%
      0     0        0.0076     2        0.0175 UserPurge1: 1     6735   56.72%
      0     0        0.0076     2        0.0175 UserPurge1: 1     6736   56.72%
      0     0        0.0076     2        0.0175 UserPurge1: 1     6737   56.72%
      0     0        0.0076     2        0.0175 UserPurge1: 1     6738   56.72%
      0     0        0.0076     2        0.0175 UserPurge1: 1     6739   56.72%
      0     0        0.0076     2        0.0175 UserPurge1: 1     6740   56.72%
      0     0        0.0076     2        0.0175 UserPurge1: 1     6741   56.72%
      0     0        0.0076     2        0.0175 UserPurge1: 1     6742   56.72%
      0     0        0.0076     2        0.0175 UserPurge1: 1     6743   56.72%
      0     0        0.0076     2        0.0175 UserPurge1: 1     6744   56.72%
      0     0        0.0076     2        0.0175 UserPurge1: 1     6745   56.72%
      0     0        0.0076     2        0.0175 UserPurge1: 1     6746   56.72%
      0     0        0.0076     2        0.0175 UserPurge1: 1     6747   56.72%
      0     0        0.0076     2        0.0175 UserPurge1: 1     6748   56.72%
      0     0        0.0076     2        0.0175 UserPurge1: 1     6749   56.72%
      0     0        0.0076     2        0.0175 UserPurge1: 1     6750   56.72%
      0     0        0.0076     2        0.0175 UserPurge1: 1     6751   56.72%
      0     0        0.0076     2        0.0175 UserPurge1: 1     6752   56.72%
      0     0        0.0076     2        0.0175 UserPurge1: 1     6753   56.72%
      0     0        0.0076     2        0.0175 UserPurge1: 1     6754   56.72%
      0     0        0.0076     2        0.0175 UserPurge1: 1     6755   56.72%
      0     0        0.0076     2        0.0175 UserPurge1: 1     6756   56.72%
      0     0        0.0076     2        0.0175 UserPurge1: 1     6757   56.72%
      0     0        0.0076     2        0.0175 UserPurge1: 1     6758   56.72%
      0     0        0.0076     2        0.0175 UserPurge1: 1     6759   56.72%
      0     0        0.0076     2        0.0175 UserPurge1: 1     6760   56.72%
      0     0        0.0076     2        0.0175 UserPurge1: 1     6761   56.72%
      0     0        0.0076     2        0.0175 UserPurge1: 1     6762   56.72%
      0     0        0.0076     2        0.0175 UserPurge1: 1     6763   56.72%
      0     0        0.0076     2        0.0175 UserPurge1: 1     6764   56.72%
      0     0        0.0076     2        0.0175 UserPurge1: 1     6765   56.72%
      0     0        0.0076     2        0.0175 UserPurge1: 1     6766   56.72%
      0     0        0.0076     2        0.0175 UserPurge1: 1     6767   56.72%
      0     0        0.0076     2        0.0175 UserPurge1: 1     6768   56.72%
      0     0        0.0076     2        0.0175 UserPurge1: 1     6769   56.72%
      0     0        0.0076     2        0.0175 UserPurge1: 1     6770   56.72%
      0     0        0.0076     2        0.0175 UserPurge1: 1     6771   56.72%
      0     0        0.0076     2        0.0175 UserPurge1: 1     6772   56.72%
      0     0        0.0076     2        0.0175 UserPurge1: 1     6773   56.72%
      0     0        0.0076     2        0.0175 UserPurge1: 1     6774   56.72%
      0     0        0.0076     2        0.0175 UserPurge1: 1     6775   56.72%
      0     0        0.0076     2        0.0175 UserPurge1: 1     6776   56.72%
      0     0        0.0076     2        0.0175 UserPurge1: 1     6777   56.72%
      0     0        0.0076     2        0.0175 UserPurge1: 1     6778   56.72%
      0     0        0.0076     2        0.0175 UserPurge1: 1     6779   56.72%
      0     0        0.0076     2        0.0175 UserPurge1: 1     6780   56.72%
      0     0        0.0076     2        0.0175 UserPurge1: 1     6781   56.72%
      0     0        0.0076     2        0.0175 UserPurge1: 1     6782   56.72%
      0     0        0.0076     2        0.0175 UserPurge1: 1     6783   56.72%
      0     0        0.0076     2        0.0175 UserPurge1: 1     6784   56.72%
      0     0        0.0076     2        0.0175 UserPurge1: 1     6785   56.72%
      0     0        0.0076     2        0.0175 UserPurge1: 1     6786   56.72%
      0     0        0.0076     2        0.0175 UserPurge1: 1     6787   56.72%
      0     0        0.0076     2        0.0175 UserPurge1: 1     6788   56.72%
      0     0        0.0076     2        0.0175 UserPurge1: 1     6789   56.72%
      0     0        0.0076     2        0.0175 UserPurge1: 1     6790   56.72%
      0     0        0.0076     2        0.0175 UserPurge1: 1     6791   56.72%
      0     0        0.0076     2        0.0175 UserPurge1: 1     6792   56.72%
      0     0        0.0076     2        0.0175 UserPurge1: 1     6793   56.72%
      0     0        0.0076     2        0.0175 UserPurge1: 1     6794   56.72%
      0     0        0.0076     2        0.0175 UserPurge1: 1     6795   56.72%
      0     0        0.0076     2        0.0175 UserPurge1: 1     6796   56.72%
      0     0        0.0076     2        0.0175 UserPurge1: 1     6797   56.72%
      0     0        0.0076     2        0.0175 UserPurge1: 1     6798   56.72%
      0     0        0.0076     2        0.0175 UserPurge1: 1     6799   56.72%
      0     0        0.0076     2        0.0175 UserPurge1: 1     6800   56.72%
      0     0        0.0076     2        0.0175 UserPurge1: 1     6801   56.72%
      0     0        0.0076     2        0.0175 UserPurge1: 1     6802   56.72%
      0     0        0.0076     2        0.0175 UserPurge1: 1     6803   56.72%
      0     0        0.0076     2        0.0175 UserPurge1: 1     6804   56.72%
      0     0        0.0076     2        0.0175 UserPurge1: 1     6805   56.72%
      0     0        0.0076     2        0.0175 UserPurge1: 1     6806   56.72%
      0     0        0.0076     2        0.0175 UserPurge1: 1     6807   56.72%
      0     0        0.0076     2        0.0175 UserPurge1: 1     6808   56.72%
      0     0        0.0076     2        0.0175 UserPurge1: 1     6809   56.72%
      0     0        0.0076     2        0.0175 UserPurge1: 1     6810   56.72%
      0     0        0.0076     2        0.0175 UserPurge1: 1     6811   56.72%
      0     0        0.0076     2        0.0175 UserPurge1: 1     6812   56.72%
      0     0        0.0076     2        0.0175 UserPurge1: 1     6813   56.72%
      0     0        0.0076     2        0.0175 UserPurge1: 1     6814   56.72%
      0     0        0.0076     2        0.0175 UserPurge1: 1     6815   56.72%
      0     0        0.0076     2        0.0175 UserPurge1: 1     6816   56.72%
      0     0        0.0076     2        0.0175 UserPurge1: 1     6817   56.72%
      0     0        0.0076     2        0.0175 UserPurge1: 1     6818   56.72%
      0     0        0.0076     2        0.0175 UserPurge1: 1     6819   56.72%
      0     0        0.0076     2        0.0175 UserPurge1: 1     6820   56.72%
      0     0        0.0076     2        0.0175 UserPurge1: 1     6821   56.72%
      0     0        0.0076     2        0.0175 UserPurge1: 1     6822   56.72%
      0     0        0.0076     2        0.0175 UserPurge1: 1     6823   56.72%
      0     0        0.0076     2        0.0175 UserPurge1: 1     6824   56.72%
      0     0        0.0076     2        0.0175 UserPurge1: 1     6825   56.72%
      0     0        0.0076     2        0.0175 UserPurge1: 1     6826   56.72%
      0     0        0.0076     2        0.0175 UserPurge1: 1     6827   56.72%
      0     0        0.0076     2        0.0175 UserPurge1: 1     6828   56.72%
      0     0        0.0076     2        0.0175 UserPurge1: 1     6829   56.72%
      0     0        0.0076     2        0.0175 UserPurge1: 1     6830   56.72%
      0     0        0.0076     2        0.0175 UserPurge1: 1     6831   56.72%
      0     0        0.0076     2        0.0175 UserPurge1: 1     6832   56.72%
      0     0        0.0076     2        0.0175 UserPurge1: 1     6833   56.72%
      0     0        0.0076     2        0.0175 UserPurge1: 1     6834   56.72%
      0     0        0.0076     2        0.0175 UserPurge1: 1     6835   56.72%
      0     0        0.0076     2        0.0175 UserPurge1: 1     6836   56.72%
      0     0        0.0076     2        0.0175 UserPurge1: 1     6837   56.72%
      0     0        0.0076     2        0.0175 UserPurge1: 1     6838   56.72%
      0     0        0.0076     2        0.0175 UserPurge1: 1     6839   56.72%
      0     0        0.0076     2        0.0175 UserPurge1: 1     6840   56.72%
      0     0        0.0076     2        0.0175 UserPurge1: 1     6841   56.72%
      0     0        0.0076     2        0.0175 UserPurge1: 1     6842   56.72%
      0     0        0.0076     2        0.0175 UserPurge1: 1     6843   56.72%
      0     0        0.0076     2        0.0175 UserPurge1: 1     6844   56.72%
      0     0        0.0076     2        0.0175 UserPurge1: 1     6845   56.72%
      0     0        0.0076     2        0.0175 UserPurge1: 1     6846   56.72%
      0     0        0.0076     2        0.0175 UserPurge1: 1     6847   56.72%
      0     0        0.0076     2        0.0175 UserPurge1: 1     6848   56.72%
      0     0        0.0076     2        0.0175 UserPurge1: 1     6849   56.72%
      0     0        0.0076     2        0.0175 UserPurge1: 1     6850   56.72%
      0     0        0.0076     2        0.0175 UserPurge1: 1     6851   56.72%
      0     0        0.0076     2        0.0175 UserPurge1: 1     6852   56.72%
      0     0        0.0076     2        0.0175 UserPurge1: 1     6853   56.72%
      0     0        0.0076     2        0.0175 UserPurge1: 1     6854   56.72%
      0     0        0.0076     2        0.0175 UserPurge1: 1     6855   56.72%
      0     0        0.0076     2        0.0175 UserPurge1: 1     6856   56.72%
      0     0        0.0076     2        0.0175 UserPurge1: 1     6857   56.72%
      0     0        0.0076     2        0.0175 UserPurge1: 1     6858   56.72%
      0     0        0.0076     2        0.0175 UserPurge1: 1     6859   56.72%
      0     0        0.0076     2        0.0175 UserPurge1: 1     6860   56.72%
      0     0        0.0076     2        0.0175 UserPurge1: 1     6861   56.72%
      0     0        0.0076     2        0.0175 UserPurge1: 1     6862   56.72%
      0     0        0.0076     2        0.0175 UserPurge1: 1     6863   56.72%
      0     0        0.0076     2        0.0175 UserPurge1: 1     6864   56.72%
      0     0        0.0076     2        0.0175 UserPurge1: 1     6865   56.72%
      0     0        0.0076     2        0.0175 UserPurge1: 1     6866   56.72%
      0     0        0.0076     2        0.0175 UserPurge1: 1     6867   56.72%
      0     0        0.0076     2        0.0175 UserPurge1: 1     6868   56.72%
      0     0        0.0076     2        0.0175 UserPurge1: 1     6869   56.72%
      0     0        0.0076     2        0.0175 UserPurge1: 1     6870   56.72%
      0     0        0.0076     2        0.0175 UserPurge1: 1     6871   56.72%
      0     0        0.0076     2        0.0175 UserPurge1: 1     6872   56.72%
      0     0        0.0076     2        0.0175 UserPurge1: 1     6873   56.72%
      0     0        0.0076     2        0.0175 UserPurge1: 1     6874   56.72%
      0     0        0.0076     2        0.0175 UserPurge1: 1     6875   56.72%
      0     0        0.0076     2        0.0175 UserPurge1: 1     6876   56.72%
      0     0        0.0076     2        0.0175 UserPurge1: 1     6877   56.72%
      0     0        0.0076     2        0.0175 UserPurge1: 1     6878   56.72%
      0     0        0.0076     2        0.0175 UserPurge1: 1     6879   56.72%
      0     0        0.0076     2        0.0175 UserPurge1: 1     6880   56.72%
      0     0        0.0076     2        0.0175 UserPurge1: 1     6881   56.72%
      0     0        0.0076     2        0.0175 UserPurge1: 1     6882   56.72%
      0     0        0.0076     2        0.0175 UserPurge1: 1     6883   56.72%
      0     0        0.0076     2        0.0175 UserPurge1: 1     6884   56.72%
      0     0        0.0076     2        0.0175 UserPurge1: 1     6885   56.72%
      0     0        0.0076     2        0.0175 UserPurge1: 1     6886   56.72%
      0     0        0.0076     2        0.0175 UserPurge1: 1     6887   56.72%
      0     0        0.0076     2        0.0175 UserPurge1: 1     6888   56.72%
      0     0        0.0076     2        0.0175 UserPurge1: 1     6889   56.72%
      0     0        0.0076     2        0.0175 UserPurge1: 1     6890   56.72%
      0     0        0.0076     2        0.0175 UserPurge1: 1     6891   56.72%
      0     0        0.0076     2        0.0175 UserPurge1: 1     6892   56.72%
      0     0        0.0076     2        0.0175 UserPurge1: 1     6893   56.72%
      0     0        0.0076     2        0.0175 UserPurge1: 1     6894   56.72%
      0     0        0.0076     2        0.0175 UserPurge1: 1     6895   56.72%
      0     0        0.0076     2        0.0175 UserPurge1: 1     6896   56.72%
      0     0        0.0076     2        0.0175 UserPurge1: 1     6897   56.72%
      0     0        0.0076     2        0.0175 UserPurge1: 1     6898   56.72%
      0     0        0.0076     2        0.0175 UserPurge1: 1     6899   56.72%
      0     0        0.0076     2        0.0175 UserPurge1: 1     6900   56.72%
      0     0        0.0076     2        0.0175 UserPurge1: 1     6901   56.72%
      0     0        0.0076     2        0.0175 UserPurge1: 1     6902   56.72%
      0     0        0.0076     2        0.0175 UserPurge1: 1     6903   56.72%
      0     0        0.0076     2        0.0175 UserPurge1: 1     6904   56.72%
      0     0        0.0076     2        0.0175 UserPurge1: 1     6905   56.72%
      0     0        0.0076     2        0.0175 UserPurge1: 1     6906   56.72%
      0     0        0.0076     2        0.0175 UserPurge1: 1     6907   56.72%
      0     0        0.0076     2        0.0175 UserPurge1: 1     6908   56.72%
      0     0        0.0076     2        0.0175 UserPurge1: 1     6909   56.72%
      0     0        0.0076     2        0.0175 UserPurge1: 1     6910   56.72%
      0     0        0.0076     2        0.0175 UserPurge1: 1     6911   56.72%
      0     0        0.0076     2        0.0175 UserPurge1: 1     6912   56.72%
      0     0        0.0076     2        0.0175 UserPurge1: 1     6913   56.72%
      0     0        0.0076     2        0.0175 UserPurge1: 1     6914   56.72%
      0     0        0.0076     2        0.0175 UserPurge1: 1     6915   56.72%
      0     0        0.0076     2        0.0175 UserPurge1: 1     6916   56.72%
      0     0        0.0076     2        0.0175 UserPurge1: 1     6917   56.72%
      0     0        0.0076     2        0.0175 UserPurge1: 1     6918   56.72%
      0     0        0.0076     2        0.0175 UserPurge1: 1     6919   56.72%
      0     0        0.0076     2        0.0175 UserPurge1: 1     6920   56.72%
      0     0        0.0076     2        0.0175 UserPurge1: 1     6921   56.72%
      0     0        0.0076     2        0.0175 UserPurge1: 1     6922   56.72%
      0     0        0.0076     2        0.0175 UserPurge1: 1     6923   56.72%
      0     0        0.0076     2        0.0175 UserPurge1: 1     6924   56.72%
      0     0        0.0076     2        0.0175 UserPurge1: 1     6925   56.72%
      0     0        0.0076     2        0.0175 UserPurge1: 1     6926   56.72%
      0     0        0.0076     2        0.0175 UserPurge1: 1     6927   56.72%
      0     0        0.0076     2        0.0175 UserPurge1: 1     6928   56.72%
      0     0        0.0076     2        0.0175 UserPurge1: 1     6929   56.72%
      0     0        0.0076     2        0.0175 UserPurge1: 1     6930   56.72%
      0     0        0.0076     2        0.0175 UserPurge1: 1     6931   56.72%
      0     0        0.0076     2        0.0175 UserPurge1: 1     6932   56.72%
      0     0        0.0076     2        0.0175 UserPurge1: 1     6933   56.72%
      0     0        0.0076     2        0.0175 UserPurge1: 1     6934   56.72%
      0     0        0.0076     2        0.0175 UserPurge1: 1     6935   56.72%
      0     0        0.0076     2        0.0175 UserPurge1: 1     6936   56.72%
      0     0        0.0076     2        0.0175 UserPurge1: 1     6937   56.72%
      0     0        0.0076     2        0.0175 UserPurge1: 1     6938   56.72%
      0     0        0.0076     2        0.0175 UserPurge1: 1     6939   56.72%
      0     0        0.0076     2        0.0175 UserPurge1: 1     6940   56.72%
      0     0        0.0076     2        0.0175 UserPurge1: 1     6941   56.72%
      0     0        0.0076     2        0.0175 UserPurge1: 1     6942   56.72%
      0     0        0.0076     2        0.0175 UserPurge1: 1     6943   56.72%
      0     0        0.0076     2        0.0175 UserPurge1: 1     6944   56.72%
      0     0        0.0076     2        0.0175 UserPurge1: 1     6945   56.72%
      0     0        0.0076     2        0.0175 UserPurge1: 1     6946   56.72%
      0     0        0.0076     2        0.0175 UserPurge1: 1     6947   56.72%
      0     0        0.0076     2        0.0175 UserPurge1: 1     6948   56.72%
      0     0        0.0076     2        0.0175 UserPurge1: 1     6949   56.72%
      0     0        0.0076     2        0.0175 UserPurge1: 1     6950   56.72%
      0     0        0.0076     2        0.0175 UserPurge1: 1     6951   56.72%
      0     0        0.0076     2        0.0175 UserPurge1: 1     6952   56.72%
      0     0        0.0076     2        0.0175 UserPurge1: 1     6953   56.72%
      0     0        0.0076     2        0.0175 UserPurge1: 1     6954   56.72%
      0     0        0.0076     2        0.0175 UserPurge1: 1     6955   56.72%
      0     0        0.0076     2        0.0175 UserPurge1: 1     6956   56.72%
      0     0        0.0076     2        0.0175 UserPurge1: 1     6957   56.72%
      0     0        0.0076     2        0.0175 UserPurge1: 1     6958   56.72%
      0     0        0.0076     2        0.0175 UserPurge1: 1     6959   56.72%
      0     0        0.0076     2        0.0175 UserPurge1: 1     6960   56.72%
      0     0        0.0076     2        0.0175 UserPurge1: 1     6961   56.72%
      0     0        0.0076     2        0.0175 UserPurge1: 1     6962   56.72%
      0     0        0.0076     2        0.0175 UserPurge1: 1     6963   56.72%
      0     0        0.0076     2        0.0175 UserPurge1: 1     6964   56.72%
      0     0        0.0076     2        0.0175 UserPurge1: 1     6965   56.72%
      0     0        0.0076     2        0.0175 UserPurge1: 1     6966   56.72%
      0     0        0.0076     2        0.0175 UserPurge1: 1     6967   56.72%
      0     0        0.0076     2        0.0175 UserPurge1: 1     6968   56.72%
      0     0        0.0076     2        0.0175 UserPurge1: 1     6969   56.72%
      0     0        0.0076     2        0.0175 UserPurge1: 1     6970   56.72%
      0     0        0.0076     2        0.0175 UserPurge1: 1     6971   56.72%
      0     0        0.0076     2        0.0175 UserPurge1: 1     6972   56.72%
      0     0        0.0076     2        0.0175 UserPurge1: 1     6973   56.72%
      0     0        0.0076     2        0.0175 UserPurge1: 1     6974   56.72%
      0     0        0.0076     2        0.0175 UserPurge1: 1     6975   56.72%
      0     0        0.0076     2        0.0175 UserPurge1: 1     6976   56.72%
      0     0        0.0076     2        0.0175 UserPurge1: 1     6977   56.72%
      0     0        0.0076     2        0.0175 UserPurge1: 1     6978   56.72%
      0     0        0.0076     2        0.0175 UserPurge1: 1     6979   56.72%
      0     0        0.0076     2        0.0175 UserPurge1: 1     6980   56.72%
      0     0        0.0076     2        0.0175 UserPurge1: 1     6981   56.72%
      0     0        0.0076     2        0.0175 UserPurge1: 1     6982   56.72%
      0     0        0.0076     2        0.0175 UserPurge1: 1     6983   56.72%
      0     0        0.0076     2        0.0175 UserPurge1: 1     6984   56.72%
      0     0        0.0076     2        0.0175 UserPurge1: 1     6985   56.72%
      0     0        0.0076     2        0.0175 UserPurge1: 1     6986   56.72%
      0     0        0.0076     2        0.0175 UserPurge1: 1     6987   56.72%
      0     0        0.0076     2        0.0175 UserPurge1: 1     6988   56.72%
      0     0        0.0076     2        0.0175 UserPurge1: 1     6989   56.72%
      0     0        0.0076     2        0.0175 UserPurge1: 1     6990   56.72%
      0     0        0.0076     2        0.0175 UserPurge1: 1     6991   56.72%
      0     0        0.0076     2        0.0175 UserPurge1: 1     6992   56.72%
      0     0        0.0076     2        0.0175 UserPurge1: 1     6993   56.72%
      0     0        0.0076     2        0.0175 UserPurge1: 1     6994   56.72%
      0     0        0.0076     2        0.0175 UserPurge1: 1     6995   56.72%
      0     0        0.0076     2        0.0175 UserPurge1: 1     6996   56.72%
      0     0        0.0076     2        0.0175 UserPurge1: 1     6997   56.72%
      0     0        0.0076     2        0.0175 UserPurge1: 1     6998   56.72%
      0     0        0.0076     2        0.0175 UserPurge1: 1     6999   56.72%
      0     0        0.0076     2        0.0175 UserPurge1: 1     7000   56.72%
      0     0        0.0076     2        0.0175 UserPurge1: 1     7001   56.72%
      0     0        0.0076     2        0.0175 UserPurge1: 1     7002   56.72%
      0     0        0.0076     2        0.0175 UserPurge1: 1     7003   56.72%
      0     0        0.0076     2        0.0175 UserPurge1: 1     7004   56.72%
      0     0        0.0076     2        0.0175 UserPurge1: 1     7005   56.72%
      0     0        0.0076     2        0.0175 UserPurge1: 1     7006   56.72%
      0     0        0.0076     2        0.0175 UserPurge1: 1     7007   56.72%
      0     0        0.0076     2        0.0175 UserPurge1: 1     7008   56.72%
      0     0        0.0076     2        0.0175 UserPurge1: 1     7009   56.72%
      0     0        0.0076     2        0.0175 UserPurge1: 1     7010   56.72%
      0     0        0.0076     2        0.0175 UserPurge1: 1     7011   56.72%
      0     0        0.0076     2        0.0175 UserPurge1: 1     7012   56.72%
      0     0        0.0076     2        0.0175 UserPurge1: 1     7013   56.72%
      0     0        0.0076     2        0.0175 UserPurge1: 1     7014   56.72%
      0     0        0.0076     2        0.0175 UserPurge1: 1     7015   56.72%
      0     0        0.0076     2        0.0175 UserPurge1: 1     7016   56.72%
      0     0        0.0076     2        0.0175 UserPurge1: 1     7017   56.72%
      0     0        0.0076     2        0.0175 UserPurge1: 1     7018   56.72%
      0     0        0.0076     2        0.0175 UserPurge1: 1     7019   56.72%
      0     0        0.0076     2        0.0175 UserPurge1: 1     7020   56.72%
      0     0        0.0076     2        0.0175 UserPurge1: 1     7021   56.72%
      0     0        0.0076     2        0.0175 UserPurge1: 1     7022   56.72%
      0     0        0.0076     2        0.0175 UserPurge1: 1     7023   56.72%
      0     0        0.0076     2        0.0175 UserPurge1: 1     7024   56.72%
      0     0        0.0076     2        0.0175 UserPurge1: 1     7025   56.72%
      0     0        0.0076     2        0.0175 UserPurge1: 1     7026   56.72%
      0     0        0.0076     2        0.0175 UserPurge1: 1     7027   56.72%
      0     0        0.0076     2        0.0175 UserPurge1: 1     7028   56.72%
      0     0        0.0076     2        0.0175 UserPurge1: 1     7029   56.72%
      0     0        0.0076     2        0.0175 UserPurge1: 1     7030   56.72%
      0     0        0.0076     2        0.0175 UserPurge1: 1     7031   56.72%
      0     0        0.0076     2        0.0175 UserPurge1: 1     7032   56.72%
      0     0        0.0076     2        0.0175 UserPurge1: 1     7033   56.72%
      0     0        0.0076     2        0.0175 UserPurge1: 1     7034   56.72%
      0     0        0.0076     2        0.0175 UserPurge1: 1     7035   56.72%
      0     0        0.0076     2        0.0175 UserPurge1: 1     7036   56.72%
      0     0        0.0076     2        0.0175 UserPurge1: 1     7037   56.72%
      0     0        0.0076     2        0.0175 UserPurge1: 1     7038   56.72%
      0     0        0.0076     2        0.0175 UserPurge1: 1     7039   56.72%
      0     0        0.0076     2        0.0175 UserPurge1: 1     7040   56.72%
      0     0        0.0076     2        0.0175 UserPurge1: 1     7041   56.72%
      0     0        0.0076     2        0.0175 UserPurge1: 1     7042   56.72%
      0     0        0.0076     2        0.0175 UserPurge1: 1     7043   56.72%
      0     0        0.0076     2        0.0175 UserPurge1: 1     7044   56.72%
      0     0        0.0076     2        0.0175 UserPurge1: 1     7045   56.72%
      0     0        0.0076     2        0.0175 UserPurge1: 1     7046   56.72%
      0     0        0.0076     2        0.0175 UserPurge1: 1     7047   56.72%
      0     0        0.0076     2        0.0175 UserPurge1: 1     7048   56.72%
      0     0        0.0076     2        0.0175 UserPurge1: 1     7049   56.72%
      0     0        0.0076     2        0.0175 UserPurge1: 1     7050   56.72%
      0     0        0.0076     2        0.0175 UserPurge1: 1     7051   56.72%
      0     0        0.0076     2        0.0175 UserPurge1: 1     7052   56.72%
      0     0        0.0076     2        0.0175 UserPurge1: 1     7053   56.72%
      0     0        0.0076     2        0.0175 UserPurge1: 1     7054   56.72%
      0     0        0.0076     2        0.0175 UserPurge1: 1     7055   56.72%
      0     0        0.0076     2        0.0175 UserPurge1: 1     7056   56.72%
      0     0        0.0076     2        0.0175 UserPurge1: 1     7057   56.72%
      0     0        0.0076     2        0.0175 UserPurge1: 1     7058   56.72%
      0     0        0.0076     2        0.0175 UserPurge1: 1     7059   56.72%
      0     0        0.0076     2        0.0175 UserPurge1: 1     7060   56.72%
      0     0        0.0076     2        0.0175 UserPurge1: 1     7061   56.72%
      0     0        0.0076     2        0.0175 UserPurge1: 1     7062   56.72%
      0     0        0.0076     2        0.0175 UserPurge1: 1     7063   56.72%
      0     0        0.0076     2        0.0175 UserPurge1: 1     7064   56.72%
      0     0        0.0076     2        0.0175 UserPurge1: 1     7065   56.72%
      0     0        0.0076     2        0.0175 UserPurge1: 1     7066   56.72%
      0     0        0.0076     2        0.0175 UserPurge1: 1     7067   56.72%
      0     0        0.0076     2        0.0175 UserPurge1: 1     7068   56.72%
      0     0        0.0076     2        0.0175 UserPurge1: 1     7069   56.72%
      0     0        0.0076     2        0.0175 UserPurge1: 1     7070   56.72%
      0     0        0.0076     2        0.0175 UserPurge1: 1     7071   56.72%
      0     0        0.0076     2        0.0175 UserPurge1: 1     7072   56.72%
      0     0        0.0076     2        0.0175 UserPurge1: 1     7073   56.72%
      0     0        0.0076     2        0.0175 UserPurge1: 1     7074   56.72%
      0     0        0.0076     2        0.0175 UserPurge1: 1     7075   56.72%
      0     0        0.0076     2        0.0175 UserPurge1: 1     7076   56.72%
      0     0        0.0076     2        0.0175 UserPurge1: 1     7077   56.72%
      0     0        0.0076     2        0.0175 UserPurge1: 1     7078   56.72%
      0     0        0.0076     2        0.0175 UserPurge1: 1     7079   56.72%
      0     0        0.0076     2        0.0175 UserPurge1: 1     7080   56.72%
      0     0        0.0076     2        0.0175 UserPurge1: 1     7081   56.72%
      0     0        0.0076     2        0.0175 UserPurge1: 1     7082   56.72%
      0     0        0.0076     2        0.0175 UserPurge1: 1     7083   56.72%
      0     0        0.0076     2        0.0175 UserPurge1: 1     7084   56.72%
      0     0        0.0076     2        0.0175 UserPurge1: 1     7085   56.72%
      0     0        0.0076     2        0.0175 UserPurge1: 1     7086   56.72%
      0     0        0.0076     2        0.0175 UserPurge1: 1     7087   56.72%
      0     0        0.0076     2        0.0175 UserPurge1: 1     7088   56.72%
      0     0        0.0076     2        0.0175 UserPurge1: 1     7089   56.72%
      0     0        0.0076     2        0.0175 UserPurge1: 1     7090   56.72%
      0     0        0.0076     2        0.0175 UserPurge1: 1     7091   56.72%
      0     0        0.0076     2        0.0175 UserPurge1: 1     7092   56.72%
      0     0        0.0076     2        0.0175 UserPurge1: 1     7093   56.72%
      0     0        0.0076     2        0.0175 UserPurge1: 1     7094   56.72%
      0     0        0.0076     2        0.0175 UserPurge1: 1     7095   56.72%
      0     0        0.0076     2        0.0175 UserPurge1: 1     7096   56.72%
      0     0        0.0076     2        0.0175 UserPurge1: 1     7097   56.72%
      0     0        0.0076     2        0.0175 UserPurge1: 1     7098   56.72%
      0     0        0.0076     2        0.0175 UserPurge1: 1     7099   56.72%
      0     0        0.0076     2        0.0175 UserPurge1: 1     7100   56.72%
      0     0        0.0076     2        0.0175 UserPurge1: 1     7101   56.72%
      0     0        0.0076     2        0.0175 UserPurge1: 1     7102   56.72%
      0     0        0.0076     2        0.0175 UserPurge1: 1     7103   56.72%
      0     0        0.0076     2        0.0175 UserPurge1: 1     7104   56.72%
      0     0        0.0076     2        0.0175 UserPurge1: 1     7105   56.72%
      0     0        0.0076     2        0.0175 UserPurge1: 1     7106   56.72%
      0     0        0.0076     2        0.0175 UserPurge1: 1     7107   56.72%
      0     0        0.0076     2        0.0175 UserPurge1: 1     7108   56.72%
      0     0        0.0076     2        0.0175 UserPurge1: 1     7109   56.72%
      0     0        0.0076     2        0.0175 UserPurge1: 1     7110   56.72%
      0     0        0.0076     2        0.0175 UserPurge1: 1     7111   56.72%
      0     0        0.0076     2        0.0175 UserPurge1: 1     7112   56.72%
      0     0        0.0076     2        0.0175 UserPurge1: 1     7113   56.72%
      0     0        0.0076     2        0.0175 UserPurge1: 1     7114   56.72%
      0     0        0.0076     2        0.0175 UserPurge1: 1     7115   56.72%
      0     0        0.0076     2        0.0175 UserPurge1: 1     7116   56.72%
      0     0        0.0076     2        0.0175 UserPurge1: 1     7117   56.72%
      0     0        0.0076     2        0.0175 UserPurge1: 1     7118   56.72%
      0     0        0.0076     2        0.0175 UserPurge1: 1     7119   56.72%
      0     0        0.0076     2        0.0175 UserPurge1: 1     7120   56.72%
      0     0        0.0076     2        0.0175 UserPurge1: 1     7121   56.72%
      0     0        0.0076     2        0.0175 UserPurge1: 1     7122   56.72%
      0     0        0.0076     2        0.0175 UserPurge1: 1     7123   56.72%
      0     0        0.0076     2        0.0175 UserPurge1: 1     7124   56.72%
      0     0        0.0076     2        0.0175 UserPurge1: 1     7125   56.72%
      0     0        0.0076     2        0.0175 UserPurge1: 1     7126   56.72%
      0     0        0.0076     2        0.0175 UserPurge1: 1     7127   56.72%
      0     0        0.0076     2        0.0175 UserPurge1: 1     7128   56.72%
      0     0        0.0076     2        0.0175 UserPurge1: 1     7129   56.72%
      0     0        0.0076     2        0.0175 UserPurge1: 1     7130   56.72%
      0     0        0.0076     2        0.0175 UserPurge1: 1     7131   56.72%
      0     0        0.0076     2        0.0175 UserPurge1: 1     7132   56.72%
      0     0        0.0076     2        0.0175 UserPurge1: 1     7133   56.72%
      0     0        0.0076     2        0.0175 UserPurge1: 1     7134   56.72%
      0     0        0.0076     2        0.0175 UserPurge1: 1     7135   56.72%
      0     0        0.0076     2        0.0175 UserPurge1: 1     7136   56.72%
      0     0        0.0076     2        0.0175 UserPurge1: 1     7137   56.72%
      0     0        0.0076     2        0.0175 UserPurge1: 1     7138   56.72%
      0     0        0.0076     2        0.0175 UserPurge1: 1     7139   56.72%
      0     0        0.0076     2        0.0175 UserPurge1: 1     7140   56.72%
      0     0        0.0076     2        0.0175 UserPurge1: 1     7141   56.72%
      0     0        0.0076     2        0.0175 UserPurge1: 1     7142   56.72%
      0     0        0.0076     2        0.0175 UserPurge1: 1     7143   56.72%
      0     0        0.0076     2        0.0175 UserPurge1: 1     7144   56.72%
      0     0        0.0076     2        0.0175 UserPurge1: 1     7145   56.72%
      0     0        0.0076     2        0.0175 UserPurge1: 1     7146   56.72%
      0     0        0.0076     2        0.0175 UserPurge1: 1     7147   56.72%
      0     0        0.0076     2        0.0175 UserPurge1: 1     7148   56.72%
      0     0        0.0076     2        0.0175 UserPurge1: 1     7149   56.72%
      0     0        0.0076     2        0.0175 UserPurge1: 1     7150   56.72%
      0     0        0.0076     2        0.0175 UserPurge1: 1     7151   56.72%
      0     0        0.0076     2        0.0175 UserPurge1: 1     7152   56.72%
      0     0        0.0076     2        0.0175 UserPurge1: 1     7153   56.72%
      0     0        0.0076     2        0.0175 UserPurge1: 1     7154   56.72%
      0     0        0.0076     2        0.0175 UserPurge1: 1     7155   56.72%
      0     0        0.0076     2        0.0175 UserPurge1: 1     7156   56.72%
      0     0        0.0076     2        0.0175 UserPurge1: 1     7157   56.72%
      0     0        0.0076     2        0.0175 UserPurge1: 1     7158   56.72%
      0     0        0.0076     2        0.0175 UserPurge1: 1     7159   56.72%
      0     0        0.0076     2        0.0175 UserPurge1: 1     7160   56.72%
      0     0        0.0076     2        0.0175 UserPurge1: 1     7161   56.72%
      0     0        0.0076     2        0.0175 UserPurge1: 1     7162   56.72%
      0     0        0.0076     2        0.0175 UserPurge1: 1     7163   56.72%
      0     0        0.0076     2        0.0175 UserPurge1: 1     7164   56.72%
      0     0        0.0076     2        0.0175 UserPurge1: 1     7165   56.72%
      0     0        0.0076     2        0.0175 UserPurge1: 1     7166   56.72%
      0     0        0.0076     2        0.0175 UserPurge1: 1     7167   56.72%
      0     0        0.0076     2        0.0175 UserPurge1: 1     7168   56.72%
      0     0        0.0076     2        0.0175 UserPurge1: 1     7169   56.72%
      0     0        0.0076     2        0.0175 UserPurge1: 1     7170   56.72%
      0     0        0.0076     2        0.0175 UserPurge1: 1     7171   56.72%
      0     0        0.0076     2        0.0175 UserPurge1: 1     7172   56.72%
      0     0        0.0076     2        0.0175 UserPurge1: 1     7173   56.72%
      0     0        0.0076     2        0.0175 UserPurge1: 1     7174   56.72%
      0     0        0.0076     2        0.0175 UserPurge1: 1     7175   56.72%
      0     0        0.0076     2        0.0175 UserPurge1: 1     7176   56.72%
      0     0        0.0076     2        0.0175 UserPurge1: 1     7177   56.72%
      0     0        0.0076     2        0.0175 UserPurge1: 1     7178   56.72%
      0     0        0.0076     2        0.0175 UserPurge1: 1     7179   56.72%
      0     0        0.0076     2        0.0175 UserPurge1: 1     7180   56.72%
      0     0        0.0076     2        0.0175 UserPurge1: 1     7181   56.72%
      0     0        0.0076     2        0.0175 UserPurge1: 1     7182   56.72%
      0     0        0.0076     2        0.0175 UserPurge1: 1     7183   56.72%
      0     0        0.0076     2        0.0175 UserPurge1: 1     7184   56.72%
      0     0        0.0076     2        0.0175 UserPurge1: 1     7185   56.72%
      0     0        0.0076     2        0.0175 UserPurge1: 1     7186   56.72%
      0     0        0.0076     2        0.0175 UserPurge1: 1     7187   56.72%
      0     0        0.0076     2        0.0175 UserPurge1: 1     7188   56.72%
      0     0        0.0076     2        0.0175 UserPurge1: 1     7189   56.72%
      0     0        0.0076     2        0.0175 UserPurge1: 1     7190   56.72%
      0     0        0.0076     2        0.0175 UserPurge1: 1     7191   56.72%
      0     0        0.0076     2        0.0175 UserPurge1: 1     7192   56.72%
      0     0        0.0076     2        0.0175 UserPurge1: 1     7193   56.72%
      0     0        0.0076     2        0.0175 UserPurge1: 1     7194   56.72%
      0     0        0.0076     2        0.0175 UserPurge1: 1     7195   56.72%
      0     0        0.0076     2        0.0175 UserPurge1: 1     7196   56.72%
      0     0        0.0076     2        0.0175 UserPurge1: 1     7197   56.72%
      0     0        0.0076     2        0.0175 UserPurge1: 1     7198   56.72%
      0     0        0.0076     2        0.0175 UserPurge1: 1     7199   56.72%
      0     0        0.0076     2        0.0175 UserPurge1: 1     7200   56.72%
      0     0        0.0076     2        0.0175 UserPurge1: 1     7201   56.72%
      0     0        0.0076     2        0.0175 UserPurge1: 1     7202   56.72%
      0     0        0.0076     2        0.0175 UserPurge1: 1     7203   56.72%
      0     0        0.0076     2        0.0175 UserPurge1: 1     7204   56.72%
      0     0        0.0076     2        0.0175 UserPurge1: 1     7205   56.72%
      0     0        0.0076     2        0.0175 UserPurge1: 1     7206   56.72%
      0     0        0.0076     2        0.0175 UserPurge1: 1     7207   56.72%
      0     0        0.0076     2        0.0175 UserPurge1: 1     7208   56.72%
      0     0        0.0076     2        0.0175 UserPurge1: 1     7209   56.72%
      0     0        0.0076     2        0.0175 UserPurge1: 1     7210   56.72%
      0     0        0.0076     2        0.0175 UserPurge1: 1     7211   56.72%
      0     0        0.0076     2        0.0175 UserPurge1: 1     7212   56.72%
      0     0        0.0076     2        0.0175 UserPurge1: 1     7213   56.72%
      0     0        0.0076     2        0.0175 UserPurge1: 1     7214   56.72%
      0     0        0.0076     2        0.0175 UserPurge1: 1     7215   56.72%
      0     0        0.0076     2        0.0175 UserPurge1: 1     7216   56.72%
      0     0        0.0076     2        0.0175 UserPurge1: 1     7217   56.72%
      0     0        0.0076     2        0.0175 UserPurge1: 1     7218   56.72%
      0     0        0.0076     2        0.0175 UserPurge1: 1     7219   56.72%
      0     0        0.0076     2        0.0175 UserPurge1: 1     7220   56.72%
      0     0        0.0076     2        0.0175 UserPurge1: 1     7221   56.72%
      0     0        0.0076     2        0.0175 UserPurge1: 1     7222   56.72%
      0     0        0.0076     2        0.0175 UserPurge1: 1     7223   56.72%
      0     0        0.0076     2        0.0175 UserPurge1: 1     7224   56.72%
      0     0        0.0076     2        0.0175 UserPurge1: 1     7225   56.72%
      0     0        0.0076     2        0.0175 UserPurge1: 1     7226   56.72%
      0     0        0.0076     2        0.0175 UserPurge1: 1     7227   56.72%
      0     0        0.0076     2        0.0175 UserPurge1: 1     7228   56.72%
      0     0        0.0076     2        0.0175 UserPurge1: 1     7229   56.72%
      0     0        0.0076     2        0.0175 UserPurge1: 1     7230   56.72%
      0     0        0.0076     2        0.0175 UserPurge1: 1     7231   56.72%
      0     0        0.0076     2        0.0175 UserPurge1: 1     7232   56.72%
      0     0        0.0076     2        0.0175 UserPurge1: 1     7233   56.72%
      0     0        0.0076     2        0.0175 UserPurge1: 1     7234   56.72%
      0     0        0.0076     2        0.0175 UserPurge1: 1     7235   56.72%
      0     0        0.0076     2        0.0175 UserPurge1: 1     7236   56.72%
      0     0        0.0076     2        0.0175 UserPurge1: 1     7237   56.72%
      0     0        0.0076     2        0.0175 UserPurge1: 1     7238   56.72%
      0     0        0.0076     2        0.0175 UserPurge1: 1     7239   56.72%
      0     0        0.0076     2        0.0175 UserPurge1: 1     7240   56.72%
      0     0        0.0076     2        0.0175 UserPurge1: 1     7241   56.72%
      0     0        0.0076     2        0.0175 UserPurge1: 1     7242   56.72%
      0     0        0.0076     2        0.0175 UserPurge1: 1     7243   56.72%
      0     0        0.0076     2        0.0175 UserPurge1: 1     7244   56.72%
      0     0        0.0076     2        0.0175 UserPurge1: 1     7245   56.72%
      0     0        0.0076     2        0.0175 UserPurge1: 1     7246   56.72%
      0     0        0.0076     2        0.0175 UserPurge1: 1     7247   56.72%
      0     0        0.0076     2        0.0175 UserPurge1: 1     7248   56.72%
      0     0        0.0076     2        0.0175 UserPurge1: 1     7249   56.72%
      0     0        0.0076     2        0.0175 UserPurge1: 1     7250   56.72%
      0     0        0.0076     2        0.0175 UserPurge1: 1     7251   56.72%
      0     0        0.0076     2        0.0175 UserPurge1: 1     7252   56.72%
      0     0        0.0076     2        0.0175 UserPurge1: 1     7253   56.72%
      0     0        0.0076     2        0.0175 UserPurge1: 1     7254   56.72%
      0     0        0.0076     2        0.0175 UserPurge1: 1     7255   56.72%
      0     0        0.0076     2        0.0175 UserPurge1: 1     7256   56.72%
      0     0        0.0076     2        0.0175 UserPurge1: 1     7257   56.72%
      0     0        0.0076     2        0.0175 UserPurge1: 1     7258   56.72%
      0     0        0.0076     2        0.0175 UserPurge1: 1     7259   56.72%
      0     0        0.0076     2        0.0175 UserPurge1: 1     7260   56.72%
      0     0        0.0076     2        0.0175 UserPurge1: 1     7261   56.72%
      0     0        0.0076     2        0.0175 UserPurge1: 1     7262   56.72%
      0     0        0.0076     2        0.0175 UserPurge1: 1     7263   56.72%
      0     0        0.0076     2        0.0175 UserPurge1: 1     7264   56.72%
      0     0        0.0076     2        0.0175 UserPurge1: 1     7265   56.72%
      0     0        0.0076     2        0.0175 UserPurge1: 1     7266   56.72%
      0     0        0.0076     2        0.0175 UserPurge1: 1     7267   56.72%
      0     0        0.0076     2        0.0175 UserPurge1: 1     7268   56.72%
      0     0        0.0076     2        0.0175 UserPurge1: 1     7269   56.72%
      0     0        0.0076     2        0.0175 UserPurge1: 1     7270   56.72%
      0     0        0.0076     2        0.0175 UserPurge1: 1     7271   56.72%
      0     0        0.0076     2        0.0175 UserPurge1: 1     7272   56.72%
      0     0        0.0076     2        0.0175 UserPurge1: 1     7273   56.72%
      0     0        0.0076     2        0.0175 UserPurge1: 1     7274   56.72%
      0     0        0.0076     2        0.0175 UserPurge1: 1     7275   56.72%
      0     0        0.0076     2        0.0175 UserPurge1: 1     7276   56.72%
      0     0        0.0076     2        0.0175 UserPurge1: 1     7277   56.72%
      0     0        0.0076     2        0.0175 UserPurge1: 1     7278   56.72%
      0     0        0.0076     2        0.0175 UserPurge1: 1     7279   56.72%
      0     0        0.0076     2        0.0175 UserPurge1: 1     7280   56.72%
      0     0        0.0076     2        0.0175 UserPurge1: 1     7281   56.72%
      0     0        0.0076     2        0.0175 UserPurge1: 1     7282   56.72%
      0     0        0.0076     2        0.0175 UserPurge1: 1     7283   56.72%
      0     0        0.0076     2        0.0175 UserPurge1: 1     7284   56.72%
      0     0        0.0076     2        0.0175 UserPurge1: 1     7285   56.72%
      0     0        0.0076     2        0.0175 UserPurge1: 1     7286   56.72%
      0     0        0.0076     2        0.0175 UserPurge1: 1     7287   56.72%
      0     0        0.0076     2        0.0175 UserPurge1: 1     7288   56.72%
      0     0        0.0076     2        0.0175 UserPurge1: 1     7289   56.72%
      0     0        0.0076     2        0.0175 UserPurge1: 1     7290   56.72%
      0     0        0.0076     2        0.0175 UserPurge1: 1     7291   56.72%
      0     0        0.0076     2        0.0175 UserPurge1: 1     7292   56.72%
      0     0        0.0076     2        0.0175 UserPurge1: 1     7293   56.72%
      0     0        0.0076     2        0.0175 UserPurge1: 1     7294   56.72%
      0     0        0.0076     2        0.0175 UserPurge1: 1     7295   56.72%
      0     0        0.0076     2        0.0175 UserPurge1: 1     7296   56.72%
      0     0        0.0076     2        0.0175 UserPurge1: 1     7297   56.72%
      0     0        0.0076     2        0.0175 UserPurge1: 1     7298   56.72%
      0     0        0.0076     2        0.0175 UserPurge1: 1     7299   56.72%
      0     0        0.0076     2        0.0175 UserPurge1: 1     7300   56.72%
      0     0        0.0076     2        0.0175 UserPurge1: 1     7301   56.72%
      0     0        0.0076     2        0.0175 UserPurge1: 1     7302   56.72%
      0     0        0.0076     2        0.0175 UserPurge1: 1     7303   56.72%
      0     0        0.0076     2        0.0175 UserPurge1: 1     7304   56.72%
      0     0        0.0076     2        0.0175 UserPurge1: 1     7305   56.72%
      0     0        0.0076     2        0.0175 UserPurge1: 1     7306   56.72%
      0     0        0.0076     2        0.0175 UserPurge1: 1     7307   56.72%
      0     0        0.0076     2        0.0175 UserPurge1: 1     7308   56.72%
      0     0        0.0076     2        0.0175 UserPurge1: 1     7309   56.72%
      0     0        0.0076     2        0.0175 UserPurge1: 1     7310   56.72%
      0     0        0.0076     2        0.0175 UserPurge1: 1     7311   56.72%
      0     0        0.0076     2        0.0175 UserPurge1: 1     7312   56.72%
      0     0        0.0076     2        0.0175 UserPurge1: 1     7313   56.72%
      0     0        0.0076     2        0.0175 UserPurge1: 1     7314   56.72%
      0     0        0.0076     2        0.0175 UserPurge1: 1     7315   56.72%
      0     0        0.0076     2        0.0175 UserPurge1: 1     7316   56.72%
      0     0        0.0076     2        0.0175 UserPurge1: 1     7317   56.72%
      0     0        0.0076     2        0.0175 UserPurge1: 1     7318   56.72%
      0     0        0.0076     2        0.0175 UserPurge1: 1     7319   56.72%
      0     0        0.0076     2        0.0175 UserPurge1: 1     7320   56.72%
      0     0        0.0076     2        0.0175 UserPurge1: 1     7321   56.72%
      0     0        0.0076     2        0.0175 UserPurge1: 1     7322   56.72%
      0     0        0.0076     2        0.0175 UserPurge1: 1     7323   56.72%
      0     0        0.0076     2        0.0175 UserPurge1: 1     7324   56.72%
      0     0        0.0076     2        0.0175 UserPurge1: 1     7325   56.72%
      0     0        0.0076     2        0.0175 UserPurge1: 1     7326   56.72%
      0     0        0.0076     2        0.0175 UserPurge1: 1     7327   56.72%
      0     0        0.0076     2        0.0175 UserPurge1: 1     7328   56.72%
      0     0        0.0076     2        0.0175 UserPurge1: 1     7329   56.72%
      0     0        0.0076     2        0.0175 UserPurge1: 1     7330   56.72%
      0     0        0.0076     2        0.0175 UserPurge1: 1     7331   56.72%
      0     0        0.0076     2        0.0175 UserPurge1: 1     7332   56.72%
      0     0        0.0076     2        0.0175 UserPurge1: 1     7333   56.72%
      0     0        0.0076     2        0.0175 UserPurge1: 1     7334   56.72%
      0     0        0.0076     2        0.0175 UserPurge1: 1     7335   56.72%
      0     0        0.0076     2        0.0175 UserPurge1: 1     7336   56.72%
      0     0        0.0076     2        0.0175 UserPurge1: 1     7337   56.72%
      0     0        0.0076     2        0.0175 UserPurge1: 1     7338   56.72%
      0     0        0.0076     2        0.0175 UserPurge1: 1     7339   56.72%
      0     0        0.0076     2        0.0175 UserPurge1: 1     7340   56.72%
      0     0        0.0076     2        0.0175 UserPurge1: 1     7341   56.72%
      0     0        0.0076     2        0.0175 UserPurge1: 1     7342   56.72%
      0     0        0.0076     2        0.0175 UserPurge1: 1     7343   56.72%
      0     0        0.0076     2        0.0175 UserPurge1: 1     7344   56.72%
      0     0        0.0076     2        0.0175 UserPurge1: 1     7345   56.72%
      0     0        0.0076     2        0.0175 UserPurge1: 1     7346   56.72%
      0     0        0.0076     2        0.0175 UserPurge1: 1     7347   56.72%
      0     0        0.0076     2        0.0175 UserPurge1: 1     7348   56.72%
      0     0        0.0076     2        0.0175 UserPurge1: 1     7349   56.72%
      0     0        0.0076     2        0.0175 UserPurge1: 1     7350   56.72%
      0     0        0.0076     2        0.0175 UserPurge1: 1     7351   56.72%
      0     0        0.0076     2        0.0175 UserPurge1: 1     7352   56.72%
      0     0        0.0076     2        0.0175 UserPurge1: 1     7353   56.72%
      0     0        0.0076     2        0.0175 UserPurge1: 1     7354   56.72%
      0     0        0.0076     2        0.0175 UserPurge1: 1     7355   56.72%
      0     0        0.0076     2        0.0175 UserPurge1: 1     7356   56.72%
      0     0        0.0076     2        0.0175 UserPurge1: 1     7357   56.72%
      0     0        0.0076     2        0.0175 UserPurge1: 1     7358   56.72%
      0     0        0.0076     2        0.0175 UserPurge1: 1     7359   56.72%
      0     0        0.0076     2        0.0175 UserPurge1: 1     7360   56.72%
      0     0        0.0076     2        0.0175 UserPurge1: 1     7361   56.72%
      0     0        0.0076     2        0.0175 UserPurge1: 1     7362   56.72%
      0     0        0.0076     2        0.0175 UserPurge1: 1     7363   56.72%
      0     0        0.0076     2        0.0175 UserPurge1: 1     7364   56.72%
      0     0        0.0076     2        0.0175 UserPurge1: 1     7365   56.72%
      0     0        0.0076     2        0.0175 UserPurge1: 1     7366   56.72%
      0     0        0.0076     2        0.0175 UserPurge1: 1     7367   56.72%
      0     0        0.0076     2        0.0175 UserPurge1: 1     7368   56.72%
      0     0        0.0076     2        0.0175 UserPurge1: 1     7369   56.72%
      0     0        0.0076     2        0.0175 UserPurge1: 1     7370   56.72%
      0     0        0.0076     2        0.0175 UserPurge1: 1     7371   56.72%
      0     0        0.0076     2        0.0175 UserPurge1: 1     7372   56.72%
      0     0        0.0076     2        0.0175 UserPurge1: 1     7373   56.72%
      0     0        0.0076     2        0.0175 UserPurge1: 1     7374   56.72%
      0     0        0.0076     2        0.0175 UserPurge1: 1     7375   56.72%
      0     0        0.0076     2        0.0175 UserPurge1: 1     7376   56.72%
      0     0        0.0076     2        0.0175 UserPurge1: 1     7377   56.72%
      0     0        0.0076     2        0.0175 UserPurge1: 1     7378   56.72%
      0     0        0.0076     2        0.0175 UserPurge1: 1     7379   56.72%
      0     0        0.0076     2        0.0175 UserPurge1: 1     7380   56.72%
      0     0        0.0076     2        0.0175 UserPurge1: 1     7381   56.72%
      0     0        0.0076     2        0.0175 UserPurge1: 1     7382   56.72%
      0     0        0.0076     2        0.0175 UserPurge1: 1     7383   56.72%
      0     0        0.0076     2        0.0175 UserPurge1: 1     7384   56.72%
      0     0        0.0076     2        0.0175 UserPurge1: 1     7385   56.72%
      0     0        0.0076     2        0.0175 UserPurge1: 1     7386   56.72%
      0     0        0.0076     2        0.0175 UserPurge1: 1     7387   56.72%
      0     0        0.0076     2        0.0175 UserPurge1: 1     7388   56.72%
      0     0        0.0076     2        0.0175 UserPurge1: 1     7389   56.72%
      0     0        0.0076     2        0.0175 UserPurge1: 1     7390   56.72%
      0     0        0.0076     2        0.0175 UserPurge1: 1     7391   56.72%
      0     0        0.0076     2        0.0175 UserPurge1: 1     7392   56.72%
      0     0        0.0076     2        0.0175 UserPurge1: 1     7393   56.72%
      0     0        0.0076     2        0.0175 UserPurge1: 1     7394   56.72%
      0     0        0.0076     2        0.0175 UserPurge1: 1     7395   56.72%
      0     0        0.0076     2        0.0175 UserPurge1: 1     7396   56.72%
      0     0        0.0076     2        0.0175 UserPurge1: 1     7397   56.72%
      0     0        0.0076     2        0.0175 UserPurge1: 1     7398   56.72%
      0     0        0.0076     2        0.0175 UserPurge1: 1     7399   56.72%
      0     0        0.0076     2        0.0175 UserPurge1: 1     7400   56.72%
      0     0        0.0076     2        0.0175 UserPurge1: 1     7401   56.72%
      0     0        0.0076     2        0.0175 UserPurge1: 1     7402   56.72%
      0     0        0.0076     2        0.0175 UserPurge1: 1     7403   56.72%
      0     0        0.0076     2        0.0175 UserPurge1: 1     7404   56.72%
      0     0        0.0076     2        0.0175 UserPurge1: 1     7405   56.72%
      0     0        0.0076     2        0.0175 UserPurge1: 1     7406   56.72%
      0     0        0.0076     2        0.0175 UserPurge1: 1     7407   56.72%
      0     0        0.0076     2        0.0175 UserPurge1: 1     7408   56.72%
      0     0        0.0076     2        0.0175 UserPurge1: 1     7409   56.72%
      0     0        0.0076     2        0.0175 UserPurge1: 1     7410   56.72%
      0     0        0.0076     2        0.0175 UserPurge1: 1     7411   56.72%
      0     0        0.0076     2        0.0175 UserPurge1: 1     7412   56.72%
      0     0        0.0076     2        0.0175 UserPurge1: 1     7413   56.72%
      0     0        0.0076     2        0.0175 UserPurge1: 1     7414   56.72%
      0     0        0.0076     2        0.0175 UserPurge1: 1     7415   56.72%
      0     0        0.0076     2        0.0175 UserPurge1: 1     7416   56.72%
      0     0        0.0076     2        0.0175 UserPurge1: 1     7417   56.72%
      0     0        0.0076     2        0.0175 UserPurge1: 1     7418   56.72%
      0     0        0.0076     2        0.0175 UserPurge1: 1     7419   56.72%
      0     0        0.0076     2        0.0175 UserPurge1: 1     7420   56.72%
      0     0        0.0076     2        0.0175 UserPurge1: 1     7421   56.72%
      0     0        0.0076     2        0.0175 UserPurge1: 1     7422   56.72%
      0     0        0.0076     2        0.0175 UserPurge1: 1     7423   56.72%
      0     0        0.0076     2        0.0175 UserPurge1: 1     7424   56.72%
      0     0        0.0076     2        0.0175 UserPurge1: 1     7425   56.72%
      0     0        0.0076     2        0.0175 UserPurge1: 1     7426   56.72%
      0     0        0.0076     2        0.0175 UserPurge1: 1     7427   56.72%
      0     0        0.0076     2        0.0175 UserPurge1: 1     7428   56.72%
      0     0        0.0076     2        0.0175 UserPurge1: 1     7429   56.72%
      0     0        0.0076     2        0.0175 UserPurge1: 1     7430   56.72%
      0     0        0.0076     2        0.0175 UserPurge1: 1     7431   56.72%
      0     0        0.0076     2        0.0175 UserPurge1: 1     7432   56.72%
      0     0        0.0076     2        0.0175 UserPurge1: 1     7433   56.72%
      0     0        0.0076     2        0.0175 UserPurge1: 1     7434   56.72%
      0     0        0.0076     2        0.0175 UserPurge1: 1     7435   56.72%
      0     0        0.0076     2        0.0175 UserPurge1: 1     7436   56.72%
      0     0        0.0076     2        0.0175 UserPurge1: 1     7437   56.72%
      0     0        0.0076     2        0.0175 UserPurge1: 1     7438   56.72%
      0     0        0.0076     2        0.0175 UserPurge1: 1     7439   56.72%
      0     0        0.0076     2        0.0175 UserPurge1: 1     7440   56.72%
      0     0        0.0076     2        0.0175 UserPurge1: 1     7441   56.72%
      0     0        0.0076     2        0.0175 UserPurge1: 1     7442   56.72%
      0     0        0.0076     2        0.0175 UserPurge1: 1     7443   56.72%
      0     0        0.0076     2        0.0175 UserPurge1: 1     7444   56.72%
      0     0        0.0076     2        0.0175 UserPurge1: 1     7445   56.72%
      0     0        0.0076     2        0.0175 UserPurge1: 1     7446   56.72%
      0     0        0.0076     2        0.0175 UserPurge1: 1     7447   56.72%
      0     0        0.0076     2        0.0175 UserPurge1: 1     7448   56.72%
      0     0        0.0076     2        0.0175 UserPurge1: 1     7449   56.72%
      0     0        0.0076     2        0.0175 UserPurge1: 1     7450   56.72%
      0     0        0.0076     2        0.0175 UserPurge1: 1     7451   56.72%
      0     0        0.0076     2        0.0175 UserPurge1: 1     7452   56.72%
      0     0        0.0076     2        0.0175 UserPurge1: 1     7453   56.72%
      0     0        0.0076     2        0.0175 UserPurge1: 1     7454   56.72%
      0     0        0.0076     2        0.0175 UserPurge1: 1     7455   56.72%
      0     0        0.0076     2        0.0175 UserPurge1: 1     7456   56.72%
      0     0        0.0076     2        0.0175 UserPurge1: 1     7457   56.72%
      0     0        0.0076     2        0.0175 UserPurge1: 1     7458   56.72%
      0     0        0.0076     2        0.0175 UserPurge1: 1     7459   56.72%
      0     0        0.0076     2        0.0175 UserPurge1: 1     7460   56.72%
      0     0        0.0076     2        0.0175 UserPurge1: 1     7461   56.72%
      0     0        0.0076     2        0.0175 UserPurge1: 1     7462   56.72%
      0     0        0.0076     2        0.0175 UserPurge1: 1     7463   56.72%
      0     0        0.0076     2        0.0175 UserPurge1: 1     7464   56.72%
      0     0        0.0076     2        0.0175 UserPurge1: 1     7465   56.72%
      0     0        0.0076     2        0.0175 UserPurge1: 1     7466   56.72%
      0     0        0.0076     2        0.0175 UserPurge1: 1     7467   56.72%
      0     0        0.0076     2        0.0175 UserPurge1: 1     7468   56.72%
      0     0        0.0076     2        0.0175 UserPurge1: 1     7469   56.72%
      0     0        0.0076     2        0.0175 UserPurge1: 1     7470   56.72%
      0     0        0.0076     2        0.0175 UserPurge1: 1     7471   56.72%
      0     0        0.0076     2        0.0175 UserPurge1: 1     7472   56.72%
      0     0        0.0076     2        0.0175 UserPurge1: 1     7473   56.72%
      0     0        0.0076     2        0.0175 UserPurge1: 1     7474   56.72%
      0     0        0.0076     2        0.0175 UserPurge1: 1     7475   56.72%
      0     0        0.0076     2        0.0175 UserPurge1: 1     7476   56.72%
      0     0        0.0076     2        0.0175 UserPurge1: 1     7477   56.72%
      0     0        0.0076     2        0.0175 UserPurge1: 1     7478   56.72%
      0     0        0.0076     2        0.0175 UserPurge1: 1     7479   56.72%
      0     0        0.0076     2        0.0175 UserPurge1: 1     7480   56.72%
      0     0        0.0076     2        0.0175 UserPurge1: 1     7481   56.72%
      0     0        0.0076     2        0.0175 UserPurge1: 1     7482   56.72%
      0     0        0.0076     2        0.0175 UserPurge1: 1     7483   56.72%
      0     0        0.0076     2        0.0175 UserPurge1: 1     7484   56.72%
      0     0        0.0076     2        0.0175 UserPurge1: 1     7485   56.72%
      0     0        0.0076     2        0.0175 UserPurge1: 1     7486   56.72%
      0     0        0.0076     2        0.0175 UserPurge1: 1     7487   56.72%
      0     0        0.0076     2        0.0175 UserPurge1: 1     7488   56.72%
      0     0        0.0076     2        0.0175 UserPurge1: 1     7489   56.72%
      0     0        0.0076     2        0.0175 UserPurge1: 1     7490   56.72%
      0     0        0.0076     2        0.0175 UserPurge1: 1     7491   56.72%
      0     0        0.0076     2        0.0175 UserPurge1: 1     7492   56.72%
      0     0        0.0076     2        0.0175 UserPurge1: 1     7493   56.72%
      0     0        0.0076     2        0.0175 UserPurge1: 1     7494   56.72%
      0     0        0.0076     2        0.0175 UserPurge1: 1     7495   56.72%
      0     0        0.0076     2        0.0175 UserPurge1: 1     7496   56.72%
      0     0        0.0076     2        0.0175 UserPurge1: 1     7497   56.72%
      0     0        0.0076     2        0.0175 UserPurge1: 1     7498   56.72%
      0     0        0.0076     2        0.0175 UserPurge1: 1     7499   56.72%
      0     0        0.0076     2        0.0175 UserPurge1: 1     7500   56.72%
      0     0        0.0076     2        0.0175 UserPurge1: 1     7501   56.72%
      0     0        0.0076     2        0.0175 UserPurge1: 1     7502   56.72%
      0     0        0.0076     2        0.0175 UserPurge1: 1     7503   56.72%
      0     0        0.0076     2        0.0175 UserPurge1: 1     7504   56.72%
      0     0        0.0076     2        0.0175 UserPurge1: 1     7505   56.72%
      0     0        0.0076     2        0.0175 UserPurge1: 1     7506   56.72%
      0     0        0.0076     2        0.0175 UserPurge1: 1     7507   56.72%
      0     0        0.0076     2        0.0175 UserPurge1: 1     7508   56.72%
      0     0        0.0076     2        0.0175 UserPurge1: 1     7509   56.72%
      0     0        0.0076     2        0.0175 UserPurge1: 1     7510   56.72%
      0     0        0.0076     2        0.0175 UserPurge1: 1     7511   56.72%
      0     0        0.0076     2        0.0175 UserPurge1: 1     7512   56.72%
      0     0        0.0076     2        0.0175 UserPurge1: 1     7513   56.72%
      0     0        0.0076     2        0.0175 UserPurge1: 1     7514   56.72%
      0     0        0.0076     2        0.0175 UserPurge1: 1     7515   56.72%
      0     0        0.0076     2        0.0175 UserPurge1: 1     7516   56.72%
      0     0        0.0076     2        0.0175 UserPurge1: 1     7517   56.72%
      0     0        0.0076     2        0.0175 UserPurge1: 1     7518   56.72%
      0     0        0.0076     2        0.0175 UserPurge1: 1     7519   56.72%
      0     0        0.0076     2        0.0175 UserPurge1: 1     7520   56.72%
      0     0        0.0076     2        0.0175 UserPurge1: 1     7521   56.72%
      0     0        0.0076     2        0.0175 UserPurge1: 1     7522   56.72%
      0     0        0.0076     2        0.0175 UserPurge1: 1     7523   56.72%
      0     0        0.0076     2        0.0175 UserPurge1: 1     7524   56.72%
      0     0        0.0076     2        0.0175 UserPurge1: 1     7525   56.72%
      0     0        0.0076     2        0.0175 UserPurge1: 1     7526   56.72%
      0     0        0.0076     2        0.0175 UserPurge1: 1     7527   56.72%
      0     0        0.0076     2        0.0175 UserPurge1: 1     7528   56.72%
      0     0        0.0076     2        0.0175 UserPurge1: 1     7529   56.72%
      0     0        0.0076     2        0.0175 UserPurge1: 1     7530   56.72%
      0     0        0.0076     2        0.0175 UserPurge1: 1     7531   56.72%
      0     0        0.0076     2        0.0175 UserPurge1: 1     7532   56.72%
      0     0        0.0076     2        0.0175 UserPurge1: 1     7533   56.72%
      0     0        0.0076     2        0.0175 UserPurge1: 1     7534   56.72%
      0     0        0.0076     2        0.0175 UserPurge1: 1     7535   56.72%
      0     0        0.0076     2        0.0175 UserPurge1: 1     7536   56.72%
      0     0        0.0076     2        0.0175 UserPurge1: 1     7537   56.72%
      0     0        0.0076     2        0.0175 UserPurge1: 1     7538   56.72%
      0     0        0.0076     2        0.0175 UserPurge1: 1     7539   56.72%
      0     0        0.0076     2        0.0175 UserPurge1: 1     7540   56.72%
      0     0        0.0076     2        0.0175 UserPurge1: 1     7541   56.72%
      0     0        0.0076     2        0.0175 UserPurge1: 1     7542   56.72%
      0     0        0.0076     2        0.0175 UserPurge1: 1     7543   56.72%
      0     0        0.0076     2        0.0175 UserPurge1: 1     7544   56.72%
      0     0        0.0076     2        0.0175 UserPurge1: 1     7545   56.72%
      0     0        0.0076     2        0.0175 UserPurge1: 1     7546   56.72%
      0     0        0.0076     2        0.0175 UserPurge1: 1     7547   56.72%
      0     0        0.0076     2        0.0175 UserPurge1: 1     7548   56.72%
      0     0        0.0076     2        0.0175 UserPurge1: 1     7549   56.72%
      0     0        0.0076     2        0.0175 UserPurge1: 1     7550   56.72%
      0     0        0.0076     2        0.0175 UserPurge1: 1     7551   56.72%
      0     0        0.0076     2        0.0175 UserPurge1: 1     7552   56.72%
      0     0        0.0076     2        0.0175 UserPurge1: 1     7553   56.72%
      0     0        0.0076     2        0.0175 UserPurge1: 1     7554   56.72%
      0     0        0.0076     2        0.0175 UserPurge1: 1     7555   56.72%
      0     0        0.0076     2        0.0175 UserPurge1: 1     7556   56.72%
      0     0        0.0076     2        0.0175 UserPurge1: 1     7557   56.72%
      0     0        0.0076     2        0.0175 UserPurge1: 1     7558   56.72%
      0     0        0.0076     2        0.0175 UserPurge1: 1     7559   56.72%
      0     0        0.0076     2        0.0175 UserPurge1: 1     7560   56.72%
      0     0        0.0076     2        0.0175 UserPurge1: 1     7561   56.72%
      0     0        0.0076     2        0.0175 UserPurge1: 1     7562   56.72%
      0     0        0.0076     2        0.0175 UserPurge1: 1     7563   56.72%
      0     0        0.0076     2        0.0175 UserPurge1: 1     7564   56.72%
      0     0        0.0076     2        0.0175 UserPurge1: 1     7565   56.72%
      0     0        0.0076     2        0.0175 UserPurge1: 1     7566   56.72%
      0     0        0.0076     2        0.0175 UserPurge1: 1     7567   56.72%
      0     0        0.0076     2        0.0175 UserPurge1: 1     7568   56.72%
      0     0        0.0076     2        0.0175 UserPurge1: 1     7569   56.72%
      0     0        0.0076     2        0.0175 UserPurge1: 1     7570   56.72%
      0     0        0.0076     2        0.0175 UserPurge1: 1     7571   56.72%
      0     0        0.0076     2        0.0175 UserPurge1: 1     7572   56.72%
      0     0        0.0076     2        0.0175 UserPurge1: 1     7573   56.72%
      0     0        0.0076     2        0.0175 UserPurge1: 1     7574   56.72%
      0     0        0.0076     2        0.0175 UserPurge1: 1     7575   56.72%
      0     0        0.0076     2        0.0175 UserPurge1: 1     7576   56.72%
      0     0        0.0076     2        0.0175 UserPurge1: 1     7577   56.72%
      0     0        0.0076     2        0.0175 UserPurge1: 1     7578   56.72%
      0     0        0.0076     2        0.0175 UserPurge1: 1     7579   56.72%
      0     0        0.0076     2        0.0175 UserPurge1: 1     7580   56.72%
      0     0        0.0076     2        0.0175 UserPurge1: 1     7581   56.72%
      0     0        0.0076     2        0.0175 UserPurge1: 1     7582   56.72%
      0     0        0.0076     2        0.0175 UserPurge1: 1     7583   56.72%
      0     0        0.0076     2        0.0175 UserPurge1: 1     7584   56.72%
      0     0        0.0076     2        0.0175 UserPurge1: 1     7585   56.72%
      0     0        0.0076     2        0.0175 UserPurge1: 1     7586   56.72%
      0     0        0.0076     2        0.0175 UserPurge1: 1     7587   56.72%
      0     0        0.0076     2        0.0175 UserPurge1: 1     7588   56.72%
      0     0        0.0076     2        0.0175 UserPurge1: 1     7589   56.72%
      0     0        0.0076     2        0.0175 UserPurge1: 1     7590   56.72%
      0     0        0.0076     2        0.0175 UserPurge1: 1     7591   56.72%
      0     0        0.0076     2        0.0175 UserPurge1: 1     7592   56.72%
      0     0        0.0076     2        0.0175 UserPurge1: 1     7593   56.72%
      0     0        0.0076     2        0.0175 UserPurge1: 1     7594   56.72%
      0     0        0.0076     2        0.0175 UserPurge1: 1     7595   56.72%
      0     0        0.0076     2        0.0175 UserPurge1: 1     7596   56.72%
      0     0        0.0076     2        0.0175 UserPurge1: 1     7597   56.72%
      0     0        0.0076     2        0.0175 UserPurge1: 1     7598   56.72%
      0     0        0.0076     2        0.0175 UserPurge1: 1     7599   56.72%
      0     0        0.0076     2        0.0175 UserPurge1: 1     7600   56.72%
      0     0        0.0076     2        0.0175 UserPurge1: 1     7601   56.72%
      0     0        0.0076     2        0.0175 UserPurge1: 1     7602   56.72%
      0     0        0.0076     2        0.0175 UserPurge1: 1     7603   56.72%
      0     0        0.0076     2        0.0175 UserPurge1: 1     7604   56.72%
      0     0        0.0076     2        0.0175 UserPurge1: 1     7605   56.72%
      0     0        0.0076     2        0.0175 UserPurge1: 1     7606   56.72%
      0     0        0.0076     2        0.0175 UserPurge1: 1     7607   56.72%
      0     0        0.0076     2        0.0175 UserPurge1: 1     7608   56.72%
      0     0        0.0076     2        0.0175 UserPurge1: 1     7609   56.72%
      0     0        0.0076     2        0.0175 UserPurge1: 1     7610   56.72%
      0     0        0.0076     2        0.0175 UserPurge1: 1     7611   56.72%
      0     0        0.0076     2        0.0175 UserPurge1: 1     7612   56.72%
      0     0        0.0076     2        0.0175 UserPurge1: 1     7613   56.72%
      0     0        0.0076     2        0.0175 UserPurge1: 1     7614   56.72%
      0     0        0.0076     2        0.0175 UserPurge1: 1     7615   56.72%
      0     0        0.0076     2        0.0175 UserPurge1: 1     7616   56.72%
      0     0        0.0076     2        0.0175 UserPurge1: 1     7617   56.72%
      0     0        0.0076     2        0.0175 UserPurge1: 1     7618   56.72%
      0     0        0.0076     2        0.0175 UserPurge1: 1     7619   56.72%
      0     0        0.0076     2        0.0175 UserPurge1: 1     7620   56.72%
      0     0        0.0076     2        0.0175 UserPurge1: 1     7621   56.72%
      0     0        0.0076     2        0.0175 UserPurge1: 1     7622   56.72%
      0     0        0.0076     2        0.0175 UserPurge1: 1     7623   56.72%
      0     0        0.0076     2        0.0175 UserPurge1: 1     7624   56.72%
      0     0        0.0076     2        0.0175 UserPurge1: 1     7625   56.72%
      0     0        0.0076     2        0.0175 UserPurge1: 1     7626   56.72%
      0     0        0.0076     2        0.0175 UserPurge1: 1     7627   56.72%
      0     0        0.0076     2        0.0175 UserPurge1: 1     7628   56.72%
      0     0        0.0076     2        0.0175 UserPurge1: 1     7629   56.72%
      0     0        0.0076     2        0.0175 UserPurge1: 1     7630   56.72%
      0     0        0.0076     2        0.0175 UserPurge1: 1     7631   56.72%
      0     0        0.0076     2        0.0175 UserPurge1: 1     7632   56.72%
      0     0        0.0076     2        0.0175 UserPurge1: 1     7633   56.72%
      0     0        0.0076     2        0.0175 UserPurge1: 1     7634   56.72%
      0     0        0.0076     2        0.0175 UserPurge1: 1     7635   56.72%
      0     0        0.0076     2        0.0175 UserPurge1: 1     7636   56.72%
      0     0        0.0076     2        0.0175 UserPurge1: 1     7637   56.72%
      0     0        0.0076     2        0.0175 UserPurge1: 1     7638   56.72%
      0     0        0.0076     2        0.0175 UserPurge1: 1     7639   56.72%
      0     0        0.0076     2        0.0175 UserPurge1: 1     7640   56.72%
      0     0        0.0076     2        0.0175 UserPurge1: 1     7641   56.72%
      0     0        0.0076     2        0.0175 UserPurge1: 1     7642   56.72%
      0     0        0.0076     2        0.0175 UserPurge1: 1     7643   56.72%
      0     0        0.0076     2        0.0175 UserPurge1: 1     7644   56.72%
      0     0        0.0076     2        0.0175 UserPurge1: 1     7645   56.72%
      0     0        0.0076     2        0.0175 UserPurge1: 1     7646   56.72%
      0     0        0.0076     2        0.0175 UserPurge1: 1     7647   56.72%
      0     0        0.0076     2        0.0175 UserPurge1: 1     7648   56.72%
      0     0        0.0076     2        0.0175 UserPurge1: 1     7649   56.72%
      0     0        0.0076     2        0.0175 UserPurge1: 1     7650   56.72%
      0     0        0.0076     2        0.0175 UserPurge1: 1     7651   56.72%
      0     0        0.0076     2        0.0175 UserPurge1: 1     7652   56.72%
      0     0        0.0076     2        0.0175 UserPurge1: 1     7653   56.72%
      0     0        0.0076     2        0.0175 UserPurge1: 1     7654   56.72%
      0     0        0.0076     2        0.0175 UserPurge1: 1     7655   56.72%
      0     0        0.0076     2        0.0175 UserPurge1: 1     7656   56.72%
      0     0        0.0076     2        0.0175 UserPurge1: 1     7657   56.72%
      0     0        0.0076     2        0.0175 UserPurge1: 1     7658   56.72%
      0     0        0.0076     2        0.0175 UserPurge1: 1     7659   56.72%
      0     0        0.0076     2        0.0175 UserPurge1: 1     7660   56.72%
      0     0        0.0076     2        0.0175 UserPurge1: 1     7661   56.72%
      0     0        0.0076     2        0.0175 UserPurge1: 1     7662   56.72%
      0     0        0.0076     2        0.0175 UserPurge1: 1     7663   56.72%
      0     0        0.0076     2        0.0175 UserPurge1: 1     7664   56.72%
      0     0        0.0076     2        0.0175 UserPurge1: 1     7665   56.72%
      0     0        0.0076     2        0.0175 UserPurge1: 1     7666   56.72%
      0     0        0.0076     2        0.0175 UserPurge1: 1     7667   56.72%
      0     0        0.0076     2        0.0175 UserPurge1: 1     7668   56.72%
      0     0        0.0076     2        0.0175 UserPurge1: 1     7669   56.72%
      0     0        0.0076     2        0.0175 UserPurge1: 1     7670   56.72%
      0     0        0.0076     2        0.0175 UserPurge1: 1     7671   56.72%
      0     0        0.0076     2        0.0175 UserPurge1: 1     7672   56.72%
      0     0        0.0076     2        0.0175 UserPurge1: 1     7673   56.72%
      0     0        0.0076     2        0.0175 UserPurge1: 1     7674   56.72%
      0     0        0.0076     2        0.0175 UserPurge1: 1     7675   56.72%
      0     0        0.0076     2        0.0175 UserPurge1: 1     7676   56.72%
      0     0        0.0076     2        0.0175 UserPurge1: 1     7677   56.72%
      0     0        0.0076     2        0.0175 UserPurge1: 1     7678   56.72%
      0     0        0.0076     2        0.0175 UserPurge1: 1     7679   56.72%
      0     0        0.0076     2        0.0175 UserPurge1: 1     7680   56.72%
      0     0        0.0076     2        0.0175 UserPurge1: 1     7681   56.72%
      0     0        0.0076     2        0.0175 UserPurge1: 1     7682   56.72%
      0     0        0.0076     2        0.0175 UserPurge1: 1     7683   56.72%
      0     0        0.0076     2        0.0175 UserPurge1: 1     7684   56.72%
      0     0        0.0076     2        0.0175 UserPurge1: 1     7685   56.72%
      0     0        0.0076     2        0.0175 UserPurge1: 1     7686   56.72%
      0     0        0.0076     2        0.0175 UserPurge1: 1     7687   56.72%
      0     0        0.0076     2        0.0175 UserPurge1: 1     7688   56.72%
      0     0        0.0076     2        0.0175 UserPurge1: 1     7689   56.72%
      0     0        0.0076     2        0.0175 UserPurge1: 1     7690   56.72%
      0     0        0.0076     2        0.0175 UserPurge1: 1     7691   56.72%
      0     0        0.0076     2        0.0175 UserPurge1: 1     7692   56.72%
      0     0        0.0076     2        0.0175 UserPurge1: 1     7693   56.72%
      0     0        0.0076     2        0.0175 UserPurge1: 1     7694   56.72%
      0     0        0.0076     2        0.0175 UserPurge1: 1     7695   56.72%
      0     0        0.0076     2        0.0175 UserPurge1: 1     7696   56.72%
      0     0        0.0076     2        0.0175 UserPurge1: 1     7697   56.72%
      0     0        0.0076     2        0.0175 UserPurge1: 1     7698   56.72%
      0     0        0.0076     2        0.0175 UserPurge1: 1     7699   56.72%
      0     0        0.0076     2        0.0175 UserPurge1: 1     7700   56.72%
      0     0        0.0076     2        0.0175 UserPurge1: 1     7701   56.72%
      0     0        0.0076     2        0.0175 UserPurge1: 1     7702   56.72%
      0     0        0.0076     2        0.0175 UserPurge1: 1     7703   56.72%
      0     0        0.0076     2        0.0175 UserPurge1: 1     7704   56.72%
      0     0        0.0076     2        0.0175 UserPurge1: 1     7705   56.72%
      0     0        0.0076     2        0.0175 UserPurge1: 1     7706   56.72%
      0     0        0.0076     2        0.0175 UserPurge1: 1     7707   56.72%
      0     0        0.0076     2        0.0175 UserPurge1: 1     7708   56.72%
      0     0        0.0076     2        0.0175 UserPurge1: 1     7709   56.72%
      0     0        0.0076     2        0.0175 UserPurge1: 1     7710   56.72%
      0     0        0.0076     2        0.0175 UserPurge1: 1     7711   56.72%
      0     0        0.0076     2        0.0175 UserPurge1: 1     7712   56.72%
      0     0        0.0076     2        0.0175 UserPurge1: 1     7713   56.72%
      0     0        0.0076     2        0.0175 UserPurge1: 1     7714   56.72%
      0     0        0.0076     2        0.0175 UserPurge1: 1     7715   56.72%
      0     0        0.0076     2        0.0175 UserPurge1: 1     7716   56.72%
      0     0        0.0076     2        0.0175 UserPurge1: 1     7717   56.72%
      0     0        0.0076     2        0.0175 UserPurge1: 1     7718   56.72%
      0     0        0.0076     2        0.0175 UserPurge1: 1     7719   56.72%
      0     0        0.0076     2        0.0175 UserPurge1: 1     7720   56.72%
      0     0        0.0076     2        0.0175 UserPurge1: 1     7721   56.72%
      0     0        0.0076     2        0.0175 UserPurge1: 1     7722   56.72%
      0     0        0.0076     2        0.0175 UserPurge1: 1     7723   56.72%
      0     0        0.0076     2        0.0175 UserPurge1: 1     7724   56.72%
      0     0        0.0076     2        0.0175 UserPurge1: 1     7725   56.72%
      0     0        0.0076     2        0.0175 UserPurge1: 1     7726   56.72%
      0     0        0.0076     2        0.0175 UserPurge1: 1     7727   56.72%
      0     0        0.0076     2        0.0175 UserPurge1: 1     7728   56.72%
      0     0        0.0076     2        0.0175 UserPurge1: 1     7729   56.72%
      0     0        0.0076     2        0.0175 UserPurge1: 1     7730   56.72%
      0     0        0.0076     2        0.0175 UserPurge1: 1     7731   56.72%
      0     0        0.0076     2        0.0175 UserPurge1: 1     7732   56.72%
      0     0        0.0076     2        0.0175 UserPurge1: 1     7733   56.72%
      0     0        0.0076     2        0.0175 UserPurge1: 1     7734   56.72%
      0     0        0.0076     2        0.0175 UserPurge1: 1     7735   56.72%
      0     0        0.0076     2        0.0175 UserPurge1: 1     7736   56.72%
      0     0        0.0076     2        0.0175 UserPurge1: 1     7737   56.72%
      0     0        0.0076     2        0.0175 UserPurge1: 1     7738   56.72%
      0     0        0.0076     2        0.0175 UserPurge1: 1     7739   56.72%
      0     0        0.0076     2        0.0175 UserPurge1: 1     7740   56.72%
      0     0        0.0076     2        0.0175 UserPurge1: 1     7741   56.72%
      0     0        0.0076     2        0.0175 UserPurge1: 1     7742   56.72%
      0     0        0.0076     2        0.0175 UserPurge1: 1     7743   56.72%
      0     0        0.0076     2        0.0175 UserPurge1: 1     7744   56.72%
      0     0        0.0076     2        0.0175 UserPurge1: 1     7745   56.72%
      0     0        0.0076     2        0.0175 UserPurge1: 1     7746   56.72%
      0     0        0.0076     2        0.0175 UserPurge1: 1     7747   56.72%
      0     0        0.0076     2        0.0175 UserPurge1: 1     7748   56.72%
      0     0        0.0076     2        0.0175 UserPurge1: 1     7749   56.72%
      0     0        0.0076     2        0.0175 UserPurge1: 1     7750   56.72%
      0     0        0.0076     2        0.0175 UserPurge1: 1     7751   56.72%
      0     0        0.0076     2        0.0175 UserPurge1: 1     7752   56.72%
      0     0        0.0076     2        0.0175 UserPurge1: 1     7753   56.72%
      0     0        0.0076     2        0.0175 UserPurge1: 1     7754   56.72%
      0     0        0.0076     2        0.0175 UserPurge1: 1     7755   56.72%
      0     0        0.0076     2        0.0175 UserPurge1: 1     7756   56.72%
      0     0        0.0076     2        0.0175 UserPurge1: 1     7757   56.72%
      0     0        0.0076     2        0.0175 UserPurge1: 1     7758   56.72%
      0     0        0.0076     2        0.0175 UserPurge1: 1     7759   56.72%
      0     0        0.0076     2        0.0175 UserPurge1: 1     7760   56.72%
      0     0        0.0076     2        0.0175 UserPurge1: 1     7761   56.72%
      0     0        0.0076     2        0.0175 UserPurge1: 1     7762   56.72%
      0     0        0.0076     2        0.0175 UserPurge1: 1     7763   56.72%
      0     0        0.0076     2        0.0175 UserPurge1: 1     7764   56.72%
      0     0        0.0076     2        0.0175 UserPurge1: 1     7765   56.72%
      0     0        0.0076     2        0.0175 UserPurge1: 1     7766   56.72%
      0     0        0.0076     2        0.0175 UserPurge1: 1     7767   56.72%
      0     0        0.0076     2        0.0175 UserPurge1: 1     7768   56.72%
      0     0        0.0076     2        0.0175 UserPurge1: 1     7769   56.72%
      0     0        0.0076     2        0.0175 UserPurge1: 1     7770   56.72%
      0     0        0.0076     2        0.0175 UserPurge1: 1     7771   56.72%
      0     0        0.0076     2        0.0175 UserPurge1: 1     7772   56.72%
      0     0        0.0076     2        0.0175 UserPurge1: 1     7773   56.72%
      0     0        0.0076     2        0.0175 UserPurge1: 1     7774   56.72%
      0     0        0.0076     2        0.0175 UserPurge1: 1     7775   56.72%
      0     0        0.0076     2        0.0175 UserPurge1: 1     7776   56.72%
      0     0        0.0076     2        0.0175 UserPurge1: 1     7777   56.72%
      0     0        0.0076     2        0.0175 UserPurge1: 1     7778   56.72%
      0     0        0.0076     2        0.0175 UserPurge1: 1     7779   56.72%
      0     0        0.0076     2        0.0175 UserPurge1: 1     7780   56.72%
      0     0        0.0076     2        0.0175 UserPurge1: 1     7781   56.72%
      0     0        0.0076     2        0.0175 UserPurge1: 1     7782   56.72%
      0     0        0.0076     2        0.0175 UserPurge1: 1     7783   56.72%
      0     0        0.0076     2        0.0175 UserPurge1: 1     7784   56.72%
      0     0        0.0076     2        0.0175 UserPurge1: 1     7785   56.72%
      0     0        0.0076     2        0.0175 UserPurge1: 1     7786   56.72%
      0     0        0.0076     2        0.0175 UserPurge1: 1     7787   56.72%
      0     0        0.0076     2        0.0175 UserPurge1: 1     7788   56.72%
      0     0        0.0076     2        0.0175 UserPurge1: 1     7789   56.72%
      0     0        0.0076     2        0.0175 UserPurge1: 1     7790   56.72%
      0     0        0.0076     2        0.0175 UserPurge1: 1     7791   56.72%
      0     0        0.0076     2        0.0175 UserPurge1: 1     7792   56.72%
      0     0        0.0076     2        0.0175 UserPurge1: 1     7793   56.72%
      0     0        0.0076     2        0.0175 UserPurge1: 1     7794   56.72%
      0     0        0.0076     2        0.0175 UserPurge1: 1     7795   56.72%
      0     0        0.0076     2        0.0175 UserPurge1: 1     7796   56.72%
      0     0        0.0076     2        0.0175 UserPurge1: 1     7797   56.72%
      0     0        0.0076     2        0.0175 UserPurge1: 1     7798   56.72%
      0     0        0.0076     2        0.0175 UserPurge1: 1     7799   56.72%
      0     0        0.0076     2        0.0175 UserPurge1: 1     7800   56.72%
      0     0        0.0076     2        0.0175 UserPurge1: 1     7801   56.72%
      0     0        0.0076     2        0.0175 UserPurge1: 1     7802   56.72%
      0     0        0.0076     2        0.0175 UserPurge1: 1     7803   56.72%
      0     0        0.0076     2        0.0175 UserPurge1: 1     7804   56.72%
      0     0        0.0076     2        0.0175 UserPurge1: 1     7805   56.72%
      0     0        0.0076     2        0.0175 UserPurge1: 1     7806   56.72%
      0     0        0.0076     2        0.0175 UserPurge1: 1     7807   56.72%
      0     0        0.0076     2        0.0175 UserPurge1: 1     7808   56.72%
      0     0        0.0076     2        0.0175 UserPurge1: 1     7809   56.72%
      0     0        0.0076     2        0.0175 UserPurge1: 1     7810   56.72%
      0     0        0.0076     2        0.0175 UserPurge1: 1     7811   56.72%
      0     0        0.0076     2        0.0175 UserPurge1: 1     7812   56.72%
      0     0        0.0076     2        0.0175 UserPurge1: 1     7813   56.72%
      0     0        0.0076     2        0.0175 UserPurge1: 1     7814   56.72%
      0     0        0.0076     2        0.0175 UserPurge1: 1     7815   56.72%
      0     0        0.0076     2        0.0175 UserPurge1: 1     7816   56.72%
      0     0        0.0076     2        0.0175 UserPurge1: 1     7817   56.72%
      0     0        0.0076     2        0.0175 UserPurge1: 1     7818   56.72%
      0     0        0.0076     2        0.0175 UserPurge1: 1     7819   56.72%
      0     0        0.0076     2        0.0175 UserPurge1: 1     7820   56.72%
      0     0        0.0076     2        0.0175 UserPurge1: 1     7821   56.72%
      0     0        0.0076     2        0.0175 UserPurge1: 1     7822   56.72%
      0     0        0.0076     2        0.0175 UserPurge1: 1     7823   56.72%
      0     0        0.0076     2        0.0175 UserPurge1: 1     7824   56.72%
      0     0        0.0076     2        0.0175 UserPurge1: 1     7825   56.72%
      0     0        0.0076     2        0.0175 UserPurge1: 1     7826   56.72%
      0     0        0.0076     2        0.0175 UserPurge1: 1     7827   56.72%
      0     0        0.0076     2        0.0175 UserPurge1: 1     7828   56.72%
      0     0        0.0076     2        0.0175 UserPurge1: 1     7829   56.72%
      0     0        0.0076     2        0.0175 UserPurge1: 1     7830   56.72%
      0     0        0.0076     2        0.0175 UserPurge1: 1     7831   56.72%
      0     0        0.0076     2        0.0175 UserPurge1: 1     7832   56.72%
      0     0        0.0076     2        0.0175 UserPurge1: 1     7833   56.72%
      0     0        0.0076     2        0.0175 UserPurge1: 1     7834   56.72%
      0     0        0.0076     2        0.0175 UserPurge1: 1     7835   56.72%
      0     0        0.0076     2        0.0175 UserPurge1: 1     7836   56.72%
      0     0        0.0076     2        0.0175 UserPurge1: 1     7837   56.72%
      0     0        0.0076     2        0.0175 UserPurge1: 1     7838   56.72%
      0     0        0.0076     2        0.0175 UserPurge1: 1     7839   56.72%
      0     0        0.0076     2        0.0175 UserPurge1: 1     7840   56.72%
      0     0        0.0076     2        0.0175 UserPurge1: 1     7841   56.72%
      0     0        0.0076     2        0.0175 UserPurge1: 1     7842   56.72%
      0     0        0.0076     2        0.0175 UserPurge1: 1     7843   56.72%
      0     0        0.0076     2        0.0175 UserPurge1: 1     7844   56.72%
      0     0        0.0076     2        0.0175 UserPurge1: 1     7845   56.72%
      0     0        0.0076     2        0.0175 UserPurge1: 1     7846   56.72%
      0     0        0.0076     2        0.0175 UserPurge1: 1     7847   56.72%
      0     0        0.0076     2        0.0175 UserPurge1: 1     7848   56.72%
      0     0        0.0076     2        0.0175 UserPurge1: 1     7849   56.72%
      0     0        0.0076     2        0.0175 UserPurge1: 1     7850   56.72%
      0     0        0.0076     2        0.0175 UserPurge1: 1     7851   56.72%
      0     0        0.0076     2        0.0175 UserPurge1: 1     7852   56.72%
      0     0        0.0076     2        0.0175 UserPurge1: 1     7853   56.72%
      0     0        0.0076     2        0.0175 UserPurge1: 1     7854   56.72%
      0     0        0.0076     2        0.0175 UserPurge1: 1     7855   56.72%
      0     0        0.0076     2        0.0175 UserPurge1: 1     7856   56.72%
      0     0        0.0076     2        0.0175 UserPurge1: 1     7857   56.72%
      0     0        0.0076     2        0.0175 UserPurge1: 1     7858   56.72%
      0     0        0.0076     2        0.0175 UserPurge1: 1     7859   56.72%
      0     0        0.0076     2        0.0175 UserPurge1: 1     7860   56.72%
      0     0        0.0076     2        0.0175 UserPurge1: 1     7861   56.72%
      0     0        0.0076     2        0.0175 UserPurge1: 1     7862   56.72%
      0     0        0.0076     2        0.0175 UserPurge1: 1     7863   56.72%
      0     0        0.0076     2        0.0175 UserPurge1: 1     7864   56.72%
      0     0        0.0076     2        0.0175 UserPurge1: 1     7865   56.72%
      0     0        0.0076     2        0.0175 UserPurge1: 1     7866   56.72%
      0     0        0.0076     2        0.0175 UserPurge1: 1     7867   56.72%
      0     0        0.0076     2        0.0175 UserPurge1: 1     7868   56.72%
      0     0        0.0076     2        0.0175 UserPurge1: 1     7869   56.72%
      0     0        0.0076     2        0.0175 UserPurge1: 1     7870   56.72%
      0     0        0.0076     2        0.0175 UserPurge1: 1     7871   56.72%
      0     0        0.0076     2        0.0175 UserPurge1: 1     7872   56.72%
      0     0        0.0076     2        0.0175 UserPurge1: 1     7873   56.72%
      0     0        0.0076     2        0.0175 UserPurge1: 1     7874   56.72%
      0     0        0.0076     2        0.0175 UserPurge1: 1     7875   56.72%
      0     0        0.0076     2        0.0175 UserPurge1: 1     7876   56.72%
      0     0        0.0076     2        0.0175 UserPurge1: 1     7877   56.72%
      0     0        0.0076     2        0.0175 UserPurge1: 1     7878   56.72%
      0     0        0.0076     2        0.0175 UserPurge1: 1     7879   56.72%
      0     0        0.0076     2        0.0175 UserPurge1: 1     7880   56.72%
      0     0        0.0076     2        0.0175 UserPurge1: 1     7881   56.72%
      0     0        0.0076     2        0.0175 UserPurge1: 1     7882   56.72%
      0     0        0.0076     2        0.0175 UserPurge1: 1     7883   56.72%
      0     0        0.0076     2        0.0175 UserPurge1: 1     7884   56.72%
      0     0        0.0076     2        0.0175 UserPurge1: 1     7885   56.72%
      0     0        0.0076     2        0.0175 UserPurge1: 1     7886   56.72%
      0     0        0.0076     2        0.0175 UserPurge1: 1     7887   56.72%
      0     0        0.0076     2        0.0175 UserPurge1: 1     7888   56.72%
      0     0        0.0076     2        0.0175 UserPurge1: 1     7889   56.72%
      0     0        0.0076     2        0.0175 UserPurge1: 1     7890   56.72%
      0     0        0.0076     2        0.0175 UserPurge1: 1     7891   56.72%
      0     0        0.0076     2        0.0175 UserPurge1: 1     7892   56.72%
      0     0        0.0076     2        0.0175 UserPurge1: 1     7893   56.72%
      0     0        0.0076     2        0.0175 UserPurge1: 1     7894   56.72%
      0     0        0.0076     2        0.0175 UserPurge1: 1     7895   56.72%
      0     0        0.0076     2        0.0175 UserPurge1: 1     7896   56.72%
      0     0        0.0076     2        0.0175 UserPurge1: 1     7897   56.72%
      0     0        0.0076     2        0.0175 UserPurge1: 1     7898   56.72%
      0     0        0.0076     2        0.0175 UserPurge1: 1     7899   56.72%
      0     0        0.0076     2        0.0175 UserPurge1: 1     7900   56.72%
      0     0        0.0076     2        0.0175 UserPurge1: 1     7901   56.72%
      0     0        0.0076     2        0.0175 UserPurge1: 1     7902   56.72%
      0     0        0.0076     2        0.0175 UserPurge1: 1     7903   56.72%
      0     0        0.0076     2        0.0175 UserPurge1: 1     7904   56.72%
      0     0        0.0076     2        0.0175 UserPurge1: 1     7905   56.72%
      0     0        0.0076     2        0.0175 UserPurge1: 1     7906   56.72%
      0     0        0.0076     2        0.0175 UserPurge1: 1     7907   56.72%
      0     0        0.0076     2        0.0175 UserPurge1: 1     7908   56.72%
      0     0        0.0076     2        0.0175 UserPurge1: 1     7909   56.72%
      0     0        0.0076     2        0.0175 UserPurge1: 1     7910   56.72%
      0     0        0.0076     2        0.0175 UserPurge1: 1     7911   56.72%
      0     0        0.0076     2        0.0175 UserPurge1: 1     7912   56.72%
      0     0        0.0076     2        0.0175 UserPurge1: 1     7913   56.72%
      0     0        0.0076     2        0.0175 UserPurge1: 1     7914   56.72%
      0     0        0.0076     2        0.0175 UserPurge1: 1     7915   56.72%
      0     0        0.0076     2        0.0175 UserPurge1: 1     7916   56.72%
      0     0        0.0076     2        0.0175 UserPurge1: 1     7917   56.72%
      0     0        0.0076     2        0.0175 UserPurge1: 1     7918   56.72%
      0     0        0.0076     2        0.0175 UserPurge1: 1     7919   56.72%
      0     0        0.0076     2        0.0175 UserPurge1: 1     7920   56.72%
      0     0        0.0076     2        0.0175 UserPurge1: 1     7921   56.72%
      0     0        0.0076     2        0.0175 UserPurge1: 1     7922   56.72%
      0     0        0.0076     2        0.0175 UserPurge1: 1     7923   56.72%
      0     0        0.0076     2        0.0175 UserPurge1: 1     7924   56.72%
      0     0        0.0076     2        0.0175 UserPurge1: 1     7925   56.72%
      0     0        0.0076     2        0.0175 UserPurge1: 1     7926   56.72%
      0     0        0.0076     2        0.0175 UserPurge1: 1     7927   56.72%
      0     0        0.0076     2        0.0175 UserPurge1: 1     7928   56.72%
      0     0        0.0076     2        0.0175 UserPurge1: 1     7929   56.72%
      0     0        0.0076     2        0.0175 UserPurge1: 1     7930   56.72%
      0     0        0.0076     2        0.0175 UserPurge1: 1     7931   56.72%
      0     0        0.0076     2        0.0175 UserPurge1: 1     7932   56.72%
      0     0        0.0076     2        0.0175 UserPurge1: 1     7933   56.72%
      0     0        0.0076     2        0.0175 UserPurge1: 1     7934   56.72%
      0     0        0.0076     2        0.0175 UserPurge1: 1     7935   56.72%
      0     0        0.0076     2        0.0175 UserPurge1: 1     7936   56.72%
      0     0        0.0076     2        0.0175 UserPurge1: 1     7937   56.72%
      0     0        0.0076     2        0.0175 UserPurge1: 1     7938   56.72%
      0     0        0.0076     2        0.0175 UserPurge1: 1     7939   56.72%
      0     0        0.0076     2        0.0175 UserPurge1: 1     7940   56.72%
      0     0        0.0076     2        0.0175 UserPurge1: 1     7941   56.72%
      0     0        0.0076     2        0.0175 UserPurge1: 1     7942   56.72%
      0     0        0.0076     2        0.0175 UserPurge1: 1     7943   56.72%
      0     0        0.0076     2        0.0175 UserPurge1: 1     7944   56.72%
      0     0        0.0076     2        0.0175 UserPurge1: 1     7945   56.72%
      0     0        0.0076     2        0.0175 UserPurge1: 1     7946   56.72%
      0     0        0.0076     2        0.0175 UserPurge1: 1     7947   56.72%
      0     0        0.0076     2        0.0175 UserPurge1: 1     7948   56.72%
      0     0        0.0076     2        0.0175 UserPurge1: 1     7949   56.72%
      0     0        0.0076     2        0.0175 UserPurge1: 1     7950   56.72%
      0     0        0.0076     2        0.0175 UserPurge1: 1     7951   56.72%
      0     0        0.0076     2        0.0175 UserPurge1: 1     7952   56.72%
      0     0        0.0076     2        0.0175 UserPurge1: 1     7953   56.72%
      0     0        0.0076     2        0.0175 UserPurge1: 1     7954   56.72%
      0     0        0.0076     2        0.0175 UserPurge1: 1     7955   56.72%
      0     0        0.0076     2        0.0175 UserPurge1: 1     7956   56.72%
      0     0        0.0076     2        0.0175 UserPurge1: 1     7957   56.72%
      0     0        0.0076     2        0.0175 UserPurge1: 1     7958   56.72%
      0     0        0.0076     2        0.0175 UserPurge1: 1     7959   56.72%
      0     0        0.0076     2        0.0175 UserPurge1: 1     7960   56.72%
      0     0        0.0076     2        0.0175 UserPurge1: 1     7961   56.72%
      0     0        0.0076     2        0.0175 UserPurge1: 1     7962   56.72%
      0     0        0.0076     2        0.0175 UserPurge1: 1     7963   56.72%
      0     0        0.0076     2        0.0175 UserPurge1: 1     7964   56.72%
      0     0        0.0076     2        0.0175 UserPurge1: 1     7965   56.72%
      0     0        0.0076     2        0.0175 UserPurge1: 1     7966   56.72%
      0     0        0.0076     2        0.0175 UserPurge1: 1     7967   56.72%
      0     0        0.0076     2        0.0175 UserPurge1: 1     7968   56.72%
      0     0        0.0076     2        0.0175 UserPurge1: 1     7969   56.72%
      0     0        0.0076     2        0.0175 UserPurge1: 1     7970   56.72%
      0     0        0.0076     2        0.0175 UserPurge1: 1     7971   56.72%
      0     0        0.0076     2        0.0175 UserPurge1: 1     7972   56.72%
      0     0        0.0076     2        0.0175 UserPurge1: 1     7973   56.72%
      0     0        0.0076     2        0.0175 UserPurge1: 1     7974   56.72%
      0     0        0.0076     2        0.0175 UserPurge1: 1     7975   56.72%
      0     0        0.0076     2        0.0175 UserPurge1: 1     7976   56.72%
      0     0        0.0076     2        0.0175 UserPurge1: 1     7977   56.72%
      0     0        0.0076     2        0.0175 UserPurge1: 1     7978   56.72%
      0     0        0.0076     2        0.0175 UserPurge1: 1     7979   56.72%
      0     0        0.0076     2        0.0175 UserPurge1: 1     7980   56.72%
      0     0        0.0076     2        0.0175 UserPurge1: 1     7981   56.72%
      0     0        0.0076     2        0.0175 UserPurge1: 1     7982   56.72%
      0     0        0.0076     2        0.0175 UserPurge1: 1     7983   56.72%
      0     0        0.0076     2        0.0175 UserPurge1: 1     7984   56.72%
      0     0        0.0076     2        0.0175 UserPurge1: 1     7985   56.72%
      0     0        0.0076     2        0.0175 UserPurge1: 1     7986   56.72%
      0     0        0.0076     2        0.0175 UserPurge1: 1     7987   56.72%
      0     0        0.0076     2        0.0175 UserPurge1: 1     7988   56.72%
      0     0        0.0076     2        0.0175 UserPurge1: 1     7989   56.72%
      0     0        0.0076     2        0.0175 UserPurge1: 1     7990   56.72%
      0     0        0.0076     2        0.0175 UserPurge1: 1     7991   56.72%
      0     0        0.0076     2        0.0175 UserPurge1: 1     7992   56.72%
      0     0        0.0076     2        0.0175 UserPurge1: 1     7993   56.72%
      0     0        0.0076     2        0.0175 UserPurge1: 1     7994   56.72%
      0     0        0.0076     2        0.0175 UserPurge1: 1     7995   56.72%
      0     0        0.0076     2        0.0175 UserPurge1: 1     7996   56.72%
      0     0        0.0076     2        0.0175 UserPurge1: 1     7997   56.72%
      0     0        0.0076     2        0.0175 UserPurge1: 1     7998   56.72%
      0     0        0.0076     2        0.0175 UserPurge1: 1     7999   56.72%
      0     0        0.0076     2        0.0175 UserPurge1: 1     8000   56.72%
      0     0        0.0076     2        0.0175 UserPurge1: 1     8001   56.72%
      0     0        0.0076     2        0.0175 UserPurge1: 1     8002   56.72%
      0     0        0.0076     2        0.0175 UserPurge1: 1     8003   56.72%
      0     0        0.0076     2        0.0175 UserPurge1: 1     8004   56.72%
      0     0        0.0076     2        0.0175 UserPurge1: 1     8005   56.72%
      0     0        0.0076     2        0.0175 UserPurge1: 1     8006   56.72%
      0     0        0.0076     2        0.0175 UserPurge1: 1     8007   56.72%
      0     0        0.0076     2        0.0175 UserPurge1: 1     8008   56.72%
      0     0        0.0076     2        0.0175 UserPurge1: 1     8009   56.72%
      0     0        0.0076     2        0.0175 UserPurge1: 1     8010   56.72%
      0     0        0.0076     2        0.0175 UserPurge1: 1     8011   56.72%
      0     0        0.0076     2        0.0175 UserPurge1: 1     8012   56.72%
      0     0        0.0076     2        0.0175 UserPurge1: 1     8013   56.72%
      0     0        0.0076     2        0.0175 UserPurge1: 1     8014   56.72%
      0     0        0.0076     2        0.0175 UserPurge1: 1     8015   56.72%
      0     0        0.0076     2        0.0175 UserPurge1: 1     8016   56.72%
      0     0        0.0076     2        0.0175 UserPurge1: 1     8017   56.72%
      0     0        0.0076     2        0.0175 UserPurge1: 1     8018   56.72%
      0     0        0.0076     2        0.0175 UserPurge1: 1     8019   56.72%
      0     0        0.0076     2        0.0175 UserPurge1: 1     8020   56.72%
      0     0        0.0076     2        0.0175 UserPurge1: 1     8021   56.72%
      0     0        0.0076     2        0.0175 UserPurge1: 1     8022   56.72%
      0     0        0.0076     2        0.0175 UserPurge1: 1     8023   56.72%
      0     0        0.0076     2        0.0175 UserPurge1: 1     8024   56.72%
      0     0        0.0076     2        0.0175 UserPurge1: 1     8025   56.72%
      0     0        0.0076     2        0.0175 UserPurge1: 1     8026   56.72%
      0     0        0.0076     2        0.0175 UserPurge1: 1     8027   56.72%
      0     0        0.0076     2        0.0175 UserPurge1: 1     8028   56.72%
      0     0        0.0076     2        0.0175 UserPurge1: 1     8029   56.72%
      0     0        0.0076     2        0.0175 UserPurge1: 1     8030   56.72%
      0     0        0.0076     2        0.0175 UserPurge1: 1     8031   56.72%
      0     0        0.0076     2        0.0175 UserPurge1: 1     8032   56.72%
      0     0        0.0076     2        0.0175 UserPurge1: 1     8033   56.72%
      0     0        0.0076     2        0.0175 UserPurge1: 1     8034   56.72%
      0     0        0.0076     2        0.0175 UserPurge1: 1     8035   56.72%
      0     0        0.0076     2        0.0175 UserPurge1: 1     8036   56.72%
      0     0        0.0076     2        0.0175 UserPurge1: 1     8037   56.72%
      0     0        0.0076     2        0.0175 UserPurge1: 1     8038   56.72%
      0     0        0.0076     2        0.0175 UserPurge1: 1     8039   56.72%
      0     0        0.0076     2        0.0175 UserPurge1: 1     8040   56.72%
      0     0        0.0076     2        0.0175 UserPurge1: 1     8041   56.72%
      0     0        0.0076     2        0.0175 UserPurge1: 1     8042   56.72%
      0     0        0.0076     2        0.0175 UserPurge1: 1     8043   56.72%
      0     0        0.0076     2        0.0175 UserPurge1: 1     8044   56.72%
      0     0        0.0076     2        0.0175 UserPurge1: 1     8045   56.72%
      0     0        0.0076     2        0.0175 UserPurge1: 1     8046   56.72%
      0     0        0.0076     2        0.0175 UserPurge1: 1     8047   56.72%
      0     0        0.0076     2        0.0175 UserPurge1: 1     8048   56.72%
      0     0        0.0076     2        0.0175 UserPurge1: 1     8049   56.72%
      0     0        0.0076     2        0.0175 UserPurge1: 1     8050   56.72%
      0     0        0.0076     2        0.0175 UserPurge1: 1     8051   56.72%
      0     0        0.0076     2        0.0175 UserPurge1: 1     8052   56.72%
      0     0        0.0076     2        0.0175 UserPurge1: 1     8053   56.72%
      0     0        0.0076     2        0.0175 UserPurge1: 1     8054   56.72%
      0     0        0.0076     2        0.0175 UserPurge1: 1     8055   56.72%
      0     0        0.0076     2        0.0175 UserPurge1: 1     8056   56.72%
      0     0        0.0076     2        0.0175 UserPurge1: 1     8057   56.72%
      0     0        0.0076     2        0.0175 UserPurge1: 1     8058   56.72%
      0     0        0.0076     2        0.0175 UserPurge1: 1     8059   56.72%
      0     0        0.0076     2        0.0175 UserPurge1: 1     8060   56.72%
      0     0        0.0076     2        0.0175 UserPurge1: 1     8061   56.72%
      0     0        0.0076     2        0.0175 UserPurge1: 1     8062   56.72%
      0     0        0.0076     2        0.0175 UserPurge1: 1     8063   56.72%
      0     0        0.0076     2        0.0175 UserPurge1: 1     8064   56.72%
      0     0        0.0076     2        0.0175 UserPurge1: 1     8065   56.72%
      0     0        0.0076     2        0.0175 UserPurge1: 1     8066   56.72%
      0     0        0.0076     2        0.0175 UserPurge1: 1     8067   56.72%
      0     0        0.0076     2        0.0175 UserPurge1: 1     8068   56.72%
      0     0        0.0076     2        0.0175 UserPurge1: 1     8069   56.72%
      0     0        0.0076     2        0.0175 UserPurge1: 1     8070   56.72%
      0     0        0.0076     2        0.0175 UserPurge1: 1     8071   56.72%
      0     0        0.0076     2        0.0175 UserPurge1: 1     8072   56.72%
      0     0        0.0076     2        0.0175 UserPurge1: 1     8073   56.72%
      0     0        0.0076     2        0.0175 UserPurge1: 1     8074   56.72%
      0     0        0.0076     2        0.0175 UserPurge1: 1     8075   56.72%
      0     0        0.0076     2        0.0175 UserPurge1: 1     8076   56.72%
      0     0        0.0076     2        0.0175 UserPurge1: 1     8077   56.72%
      0     0        0.0076     2        0.0175 UserPurge1: 1     8078   56.72%
      0     0        0.0076     2        0.0175 UserPurge1: 1     8079   56.72%
      0     0        0.0076     2        0.0175 UserPurge1: 1     8080   56.72%
      0     0        0.0076     2        0.0175 UserPurge1: 1     8081   56.72%
      0     0        0.0076     2        0.0175 UserPurge1: 1     8082   56.72%
      0     0        0.0076     2        0.0175 UserPurge1: 1     8083   56.72%
      0     0        0.0076     2        0.0175 UserPurge1: 1     8084   56.72%
      0     0        0.0076     2        0.0175 UserPurge1: 1     8085   56.72%
      0     0        0.0076     2        0.0175 UserPurge1: 1     8086   56.72%
      0     0        0.0076     2        0.0175 UserPurge1: 1     8087   56.72%
      0     0        0.0076     2        0.0175 UserPurge1: 1     8088   56.72%
      0     0        0.0076     2        0.0175 UserPurge1: 1     8089   56.72%
      0     0        0.0076     2        0.0175 UserPurge1: 1     8090   56.72%
      0     0        0.0076     2        0.0175 UserPurge1: 1     8091   56.72%
      0     0        0.0076     2        0.0175 UserPurge1: 1     8092   56.72%
      0     0        0.0076     2        0.0175 UserPurge1: 1     8093   56.72%
      0     0        0.0076     2        0.0175 UserPurge1: 1     8094   56.72%
      0     0        0.0076     2        0.0175 UserPurge1: 1     8095   56.72%
      0     0        0.0076     2        0.0175 UserPurge1: 1     8096   56.72%
      0     0        0.0076     2        0.0175 UserPurge1: 1     8097   56.72%
      0     0        0.0076     2        0.0175 UserPurge1: 1     8098   56.72%
      0     0        0.0076     2        0.0175 UserPurge1: 1     8099   56.72%
      0     0        0.0076     2        0.0175 UserPurge1: 1     8100   56.72%
      0     0        0.0076     2        0.0175 UserPurge1: 1     8101   56.72%
      0     0        0.0076     2        0.0175 UserPurge1: 1     8102   56.72%
      0     0        0.0076     2        0.0175 UserPurge1: 1     8103   56.72%
      0     0        0.0076     2        0.0175 UserPurge1: 1     8104   56.72%
      0     0        0.0076     2        0.0175 UserPurge1: 1     8105   56.72%
      0     0        0.0076     2        0.0175 UserPurge1: 1     8106   56.72%
      0     0        0.0076     2        0.0175 UserPurge1: 1     8107   56.72%
      0     0        0.0076     2        0.0175 UserPurge1: 1     8108   56.72%
      0     0        0.0076     2        0.0175 UserPurge1: 1     8109   56.72%
      0     0        0.0076     2        0.0175 UserPurge1: 1     8110   56.72%
      0     0        0.0076     2        0.0175 UserPurge1: 1     8111   56.72%
      0     0        0.0076     2        0.0175 UserPurge1: 1     8112   56.72%
      0     0        0.0076     2        0.0175 UserPurge1: 1     8113   56.72%
      0     0        0.0076     2        0.0175 UserPurge1: 1     8114   56.72%
      0     0        0.0076     2        0.0175 UserPurge1: 1     8115   56.72%
      0     0        0.0076     2        0.0175 UserPurge1: 1     8116   56.72%
      0     0        0.0076     2        0.0175 UserPurge1: 1     8117   56.72%
      0     0        0.0076     2        0.0175 UserPurge1: 1     8118   56.72%
      0     0        0.0076     2        0.0175 UserPurge1: 1     8119   56.72%
      0     0        0.0076     2        0.0175 UserPurge1: 1     8120   56.72%
      0     0        0.0076     2        0.0175 UserPurge1: 1     8121   56.72%
      0     0        0.0076     2        0.0175 UserPurge1: 1     8122   56.72%
      0     0        0.0076     2        0.0175 UserPurge1: 1     8123   56.72%
      0     0        0.0076     2        0.0175 UserPurge1: 1     8124   56.72%
      0     0        0.0076     2        0.0175 UserPurge1: 1     8125   56.72%
      0     0        0.0076     2        0.0175 UserPurge1: 1     8126   56.72%
      0     0        0.0076     2        0.0175 UserPurge1: 1     8127   56.72%
      0     0        0.0076     2        0.0175 UserPurge1: 1     8128   56.72%
      0     0        0.0076     2        0.0175 UserPurge1: 1     8129   56.72%
      0     0        0.0076     2        0.0175 UserPurge1: 1     8130   56.72%
      0     0        0.0076     2        0.0175 UserPurge1: 1     8131   56.72%
      0     0        0.0076     2        0.0175 UserPurge1: 1     8132   56.72%
      0     0        0.0076     2        0.0175 UserPurge1: 1     8133   56.72%
      0     0        0.0076     2        0.0175 UserPurge1: 1     8134   56.72%
      0     0        0.0076     2        0.0175 UserPurge1: 1     8135   56.72%
      0     0        0.0076     2        0.0175 UserPurge1: 1     8136   56.72%
      0     0        0.0076     2        0.0175 UserPurge1: 1     8137   56.72%
      0     0        0.0076     2        0.0175 UserPurge1: 1     8138   56.72%
      0     0        0.0076     2        0.0175 UserPurge1: 1     8139   56.72%
      0     0        0.0076     2        0.0175 UserPurge1: 1     8140   56.72%
      0     0        0.0076     2        0.0175 UserPurge1: 1     8141   56.72%
      0     0        0.0076     2        0.0175 UserPurge1: 1     8142   56.72%
      0     0        0.0076     2        0.0175 UserPurge1: 1     8143   56.72%
      0     0        0.0076     2        0.0175 UserPurge1: 1     8144   56.72%
      0     0        0.0076     2        0.0175 UserPurge1: 1     8145   56.72%
      0     0        0.0076     2        0.0175 UserPurge1: 1     8146   56.72%
      0     0        0.0076     2        0.0175 UserPurge1: 1     8147   56.72%
      0     0        0.0076     2        0.0175 UserPurge1: 1     8148   56.72%
      0     0        0.0076     2        0.0175 UserPurge1: 1     8149   56.72%
      0     0        0.0076     2        0.0175 UserPurge1: 1     8150   56.72%
      0     0        0.0076     2        0.0175 UserPurge1: 1     8151   56.72%
      0     0        0.0076     2        0.0175 UserPurge1: 1     8152   56.72%
      0     0        0.0076     2        0.0175 UserPurge1: 1     8153   56.72%
      0     0        0.0076     2        0.0175 UserPurge1: 1     8154   56.72%
      0     0        0.0076     2        0.0175 UserPurge1: 1     8155   56.72%
      0     0        0.0076     2        0.0175 UserPurge1: 1     8156   56.72%
      0     0        0.0076     2        0.0175 UserPurge1: 1     8157   56.72%
      0     0        0.0076     2        0.0175 UserPurge1: 1     8158   56.72%
      0     0        0.0076     2        0.0175 UserPurge1: 1     8159   56.72%
      0     0        0.0076     2        0.0175 UserPurge1: 1     8160   56.72%
      0     0        0.0076     2        0.0175 UserPurge1: 1     8161   56.72%
      0     0        0.0076     2        0.0175 UserPurge1: 1     8162   56.72%
      0     0        0.0076     2        0.0175 UserPurge1: 1     8163   56.72%
      0     0        0.0076     2        0.0175 UserPurge1: 1     8164   56.72%
      0     0        0.0076     2        0.0175 UserPurge1: 1     8165   56.72%
      0     0        0.0076     2        0.0175 UserPurge1: 1     8166   56.72%
      0     0        0.0076     2        0.0175 UserPurge1: 1     8167   56.72%
      0     0        0.0076     2        0.0175 UserPurge1: 1     8168   56.72%
      0     0        0.0076     2        0.0175 UserPurge1: 1     8169   56.72%
      0     0        0.0076     2        0.0175 UserPurge1: 1     8170   56.72%
      0     0        0.0076     2        0.0175 UserPurge1: 1     8171   56.72%
      0     0        0.0076     2        0.0175 UserPurge1: 1     8172   56.72%
      0     0        0.0076     2        0.0175 UserPurge1: 1     8173   56.72%
      0     0        0.0076     2        0.0175 UserPurge1: 1     8174   56.72%
      0     0        0.0076     2        0.0175 UserPurge1: 1     8175   56.72%
      0     0        0.0076     2        0.0175 UserPurge1: 1     8176   56.72%
      0     0        0.0076     2        0.0175 UserPurge1: 1     8177   56.72%
      0     0        0.0076     2        0.0175 UserPurge1: 1     8178   56.72%
      0     0        0.0076     2        0.0175 UserPurge1: 1     8179   56.72%
      0     0        0.0076     2        0.0175 UserPurge1: 1     8180   56.72%
      0     0        0.0076     2        0.0175 UserPurge1: 1     8181   56.72%
      0     0        0.0076     2        0.0175 UserPurge1: 1     8182   56.72%
      0     0        0.0076     2        0.0175 UserPurge1: 1     8183   56.72%
      0     0        0.0076     2        0.0175 UserPurge1: 1     8184   56.72%
      0     0        0.0076     2        0.0175 UserPurge1: 1     8185   56.72%
      0     0        0.0076     2        0.0175 UserPurge1: 1     8186   56.72%
      0     0        0.0076     2        0.0175 UserPurge1: 1     8187   56.72%
      0     0        0.0076     2        0.0175 UserPurge1: 1     8188   56.72%
      0     0        0.0076     2        0.0175 UserPurge1: 1     8189   56.72%
      0     0        0.0076     2        0.0175 UserPurge1: 1     8190   56.72%
      0     0        0.0076     2        0.0175 UserPurge1: 1     8191   56.72%
      0     0        0.0076     2        0.0175 UserPurge1: 1     8192   56.72%
      0     0        0.0076     2        0.0175 UserPurge1: 1     8193   56.72%
      0     0        0.0076     2        0.0175 UserPurge1: 1     8194   56.72%
      0     0        0.0076     2        0.0175 UserPurge1: 1     8195   56.72%
      0     0        0.0076     2        0.0175 UserPurge1: 1     8196   56.72%
      0     0        0.0076     2        0.0175 UserPurge1: 1     8197   56.72%
      0     0        0.0076     2        0.0175 UserPurge1: 1     8198   56.72%
      0     0        0.0076     2        0.0175 UserPurge1: 1     8199   56.72%
      0     0        0.0076     2        0.0175 UserPurge1: 1     8200   56.72%
      0     0        0.0076     2        0.0175 UserPurge1: 1     8201   56.72%
      0     0        0.0076     2        0.0175 UserPurge1: 1     8202   56.72%
      0     0        0.0076     2        0.0175 UserPurge1: 1     8203   56.72%
      0     0        0.0076     2        0.0175 UserPurge1: 1     8204   56.72%
      0     0        0.0076     2        0.0175 UserPurge1: 1     8205   56.72%
      0     0        0.0076     2        0.0175 UserPurge1: 1     8206   56.72%
      0     0        0.0076     2        0.0175 UserPurge1: 1     8207   56.72%
      0     0        0.0076     2        0.0175 UserPurge1: 1     8208   56.72%
      0     0        0.0076     2        0.0175 UserPurge1: 1     8209   56.72%
      0     0        0.0076     2        0.0175 UserPurge1: 1     8210   56.72%
      0     0        0.0076     2        0.0175 UserPurge1: 1     8211   56.72%
      0     0        0.0076     2        0.0175 UserPurge1: 1     8212   56.72%
      0     0        0.0076     2        0.0175 UserPurge1: 1     8213   56.72%
      0     0        0.0076     2        0.0175 UserPurge1: 1     8214   56.72%
      0     0        0.0076     2        0.0175 UserPurge1: 1     8215   56.72%
      0     0        0.0076     2        0.0175 UserPurge1: 1     8216   56.72%
      0     0        0.0076     2        0.0175 UserPurge1: 1     8217   56.72%
      0     0        0.0076     2        0.0175 UserPurge1: 1     8218   56.72%
      0     0        0.0076     2        0.0175 UserPurge1: 1     8219   56.72%
      0     0        0.0076     2        0.0175 UserPurge1: 1     8220   56.72%
      0     0        0.0076     2        0.0175 UserPurge1: 1     8221   56.72%
      0     0        0.0076     2        0.0175 UserPurge1: 1     8222   56.72%
      0     0        0.0076     2        0.0175 UserPurge1: 1     8223   56.72%
      0     0        0.0076     2        0.0175 UserPurge1: 1     8224   56.72%
      0     0        0.0076     2        0.0175 UserPurge1: 1     8225   56.72%
      0     0        0.0076     2        0.0175 UserPurge1: 1     8226   56.72%
      0     0        0.0076     2        0.0175 UserPurge1: 1     8227   56.72%
      0     0        0.0076     2        0.0175 UserPurge1: 1     8228   56.72%
      0     0        0.0076     2        0.0175 UserPurge1: 1     8229   56.72%
      0     0        0.0076     2        0.0175 UserPurge1: 1     8230   56.72%
      0     0        0.0076     2        0.0175 UserPurge1: 1     8231   56.72%
      0     0        0.0076     2        0.0175 UserPurge1: 1     8232   56.72%
      0     0        0.0076     2        0.0175 UserPurge1: 1     8233   56.72%
      0     0        0.0076     2        0.0175 UserPurge1: 1     8234   56.72%
      0     0        0.0076     2        0.0175 UserPurge1: 1     8235   56.72%
      0     0        0.0076     2        0.0175 UserPurge1: 1     8236   56.72%
      0     0        0.0076     2        0.0175 UserPurge1: 1     8237   56.72%
      0     0        0.0076     2        0.0175 UserPurge1: 1     8238   56.72%
      0     0        0.0076     2        0.0175 UserPurge1: 1     8239   56.72%
      0     0        0.0076     2        0.0175 UserPurge1: 1     8240   56.72%
      0     0        0.0076     2        0.0175 UserPurge1: 1     8241   56.72%
      0     0        0.0076     2        0.0175 UserPurge1: 1     8242   56.72%
      0     0        0.0076     2        0.0175 UserPurge1: 1     8243   56.72%
      0     0        0.0076     2        0.0175 UserPurge1: 1     8244   56.72%
      0     0        0.0076     2        0.0175 UserPurge1: 1     8245   56.72%
      0     0        0.0076     2        0.0175 UserPurge1: 1     8246   56.72%
      0     0        0.0076     2        0.0175 UserPurge1: 1     8247   56.72%
      0     0        0.0076     2        0.0175 UserPurge1: 1     8248   56.72%
      0     0        0.0076     2        0.0175 UserPurge1: 1     8249   56.72%
      0     0        0.0076     2        0.0175 UserPurge1: 1     8250   56.72%
      0     0        0.0076     2        0.0175 UserPurge1: 1     8251   56.72%
      0     0        0.0076     2        0.0175 UserPurge1: 1     8252   56.72%
      0     0        0.0076     2        0.0175 UserPurge1: 1     8253   56.72%
      0     0        0.0076     2        0.0175 UserPurge1: 1     8254   56.72%
      0     0        0.0076     2        0.0175 UserPurge1: 1     8255   56.72%
      0     0        0.0076     2        0.0175 UserPurge1: 1     8256   56.72%
      0     0        0.0076     2        0.0175 UserPurge1: 1     8257   56.72%
      0     0        0.0076     2        0.0175 UserPurge1: 1     8258   56.72%
      0     0        0.0076     2        0.0175 UserPurge1: 1     8259   56.72%
      0     0        0.0076     2        0.0175 UserPurge1: 1     8260   56.72%
      0     0        0.0076     2        0.0175 UserPurge1: 1     8261   56.72%
      0     0        0.0076     2        0.0175 UserPurge1: 1     8262   56.72%
      0     0        0.0076     2        0.0175 UserPurge1: 1     8263   56.72%
      0     0        0.0076     2        0.0175 UserPurge1: 1     8264   56.72%
      0     0        0.0076     2        0.0175 UserPurge1: 1     8265   56.72%
      0     0        0.0076     2        0.0175 UserPurge1: 1     8266   56.72%
      0     0        0.0076     2        0.0175 UserPurge1: 1     8267   56.72%
      0     0        0.0076     2        0.0175 UserPurge1: 1     8268   56.72%
      0     0        0.0076     2        0.0175 UserPurge1: 1     8269   56.72%
      0     0        0.0076     2        0.0175 UserPurge1: 1     8270   56.72%
      0     0        0.0076     2        0.0175 UserPurge1: 1     8271   56.72%
      0     0        0.0076     2        0.0175 UserPurge1: 1     8272   56.72%
      0     0        0.0076     2        0.0175 UserPurge1: 1     8273   56.72%
      0     0        0.0076     2        0.0175 UserPurge1: 1     8274   56.72%
      0     0        0.0076     2        0.0175 UserPurge1: 1     8275   56.72%
      0     0        0.0076     2        0.0175 UserPurge1: 1     8276   56.72%
      0     0        0.0076     2        0.0175 UserPurge1: 1     8277   56.72%
      0     0        0.0076     2        0.0175 UserPurge1: 1     8278   56.72%
      0     0        0.0076     2        0.0175 UserPurge1: 1     8279   56.72%
      0     0        0.0076     2        0.0175 UserPurge1: 1     8280   56.72%
      0     0        0.0076     2        0.0175 UserPurge1: 1     8281   56.72%
      0     0        0.0076     2        0.0175 UserPurge1: 1     8282   56.72%
      0     0        0.0076     2        0.0175 UserPurge1: 1     8283   56.72%
      0     0        0.0076     2        0.0175 UserPurge1: 1     8284   56.72%
      0     0        0.0076     2        0.0175 UserPurge1: 1     8285   56.72%
      0     0        0.0076     2        0.0175 UserPurge1: 1     8286   56.72%
      0     0        0.0076     2        0.0175 UserPurge1: 1     8287   56.72%
      0     0        0.0076     2        0.0175 UserPurge1: 1     8288   56.72%
      0     0        0.0076     2        0.0175 UserPurge1: 1     8289   56.72%
      0     0        0.0076     2        0.0175 UserPurge1: 1     8290   56.72%
      0     0        0.0076     2        0.0175 UserPurge1: 1     8291   56.72%
      0     0        0.0076     2        0.0175 UserPurge1: 1     8292   56.72%
      0     0        0.0076     2        0.0175 UserPurge1: 1     8293   56.72%
      0     0        0.0076     2        0.0175 UserPurge1: 1     8294   56.72%
      0     0        0.0076     2        0.0175 UserPurge1: 1     8295   56.72%
      0     0        0.0076     2        0.0175 UserPurge1: 1     8296   56.72%
      0     0        0.0076     2        0.0175 UserPurge1: 1     8297   56.72%
      0     0        0.0076     2        0.0175 UserPurge1: 1     8298   56.72%
      0     0        0.0076     2        0.0175 UserPurge1: 1     8299   56.72%
      0     0        0.0076     2        0.0175 UserPurge1: 1     8300   56.72%
      0     0        0.0076     2        0.0175 UserPurge1: 1     8301   56.72%
      0     0        0.0076     2        0.0175 UserPurge1: 1     8302   56.72%
      0     0        0.0076     2        0.0175 UserPurge1: 1     8303   56.72%
      0     0        0.0076     2        0.0175 UserPurge1: 1     8304   56.72%
      0     0        0.0076     2        0.0175 UserPurge1: 1     8305   56.72%
      0     0        0.0076     2        0.0175 UserPurge1: 1     8306   56.72%
      0     0        0.0076     2        0.0175 UserPurge1: 1     8307   56.72%
      0     0        0.0076     2        0.0175 UserPurge1: 1     8308   56.72%
      0     0        0.0076     2        0.0175 UserPurge1: 1     8309   56.72%
      0     0        0.0076     2        0.0175 UserPurge1: 1     8310   56.72%
      0     0        0.0076     2        0.0175 UserPurge1: 1     8311   56.72%
      0     0        0.0076     2        0.0175 UserPurge1: 1     8312   56.72%
      0     0        0.0076     2        0.0175 UserPurge1: 1     8313   56.72%
      0     0        0.0076     2        0.0175 UserPurge1: 1     8314   56.72%
      0     0        0.0076     2        0.0175 UserPurge1: 1     8315   56.72%
      0     0        0.0076     2        0.0175 UserPurge1: 1     8316   56.72%
      0     0        0.0076     2        0.0175 UserPurge1: 1     8317   56.72%
      0     0        0.0076     2        0.0175 UserPurge1: 1     8318   56.72%
      0     0        0.0076     2        0.0175 UserPurge1: 1     8319   56.72%
      0     0        0.0076     2        0.0175 UserPurge1: 1     8320   56.72%
      0     0        0.0076     2        0.0175 UserPurge1: 1     8321   56.72%
      0     0        0.0076     2        0.0175 UserPurge1: 1     8322   56.72%
      0     0        0.0076     2        0.0175 UserPurge1: 1     8323   56.72%
      0     0        0.0076     2        0.0175 UserPurge1: 1     8324   56.72%
      0     0        0.0076     2        0.0175 UserPurge1: 1     8325   56.72%
      0     0        0.0076     2        0.0175 UserPurge1: 1     8326   56.72%
      0     0        0.0076     2        0.0175 UserPurge1: 1     8327   56.72%
      0     0        0.0076     2        0.0175 UserPurge1: 1     8328   56.72%
      0     0        0.0076     2        0.0175 UserPurge1: 1     8329   56.72%
      0     0        0.0076     2        0.0175 UserPurge1: 1     8330   56.72%
      0     0        0.0076     2        0.0175 UserPurge1: 1     8331   56.72%
      0     0        0.0076     2        0.0175 UserPurge1: 1     8332   56.72%
      0     0        0.0076     2        0.0175 UserPurge1: 1     8333   56.72%
      0     0        0.0076     2        0.0175 UserPurge1: 1     8334   56.72%
      0     0        0.0076     2        0.0175 UserPurge1: 1     8335   56.72%
      0     0        0.0076     2        0.0175 UserPurge1: 1     8336   56.72%
      0     0        0.0076     2        0.0175 UserPurge1: 1     8337   56.72%
      0     0        0.0076     2        0.0175 UserPurge1: 1     8338   56.72%
      0     0        0.0076     2        0.0175 UserPurge1: 1     8339   56.72%
      0     0        0.0076     2        0.0175 UserPurge1: 1     8340   56.72%
      0     0        0.0076     2        0.0175 UserPurge1: 1     8341   56.72%
      0     0        0.0076     2        0.0175 UserPurge1: 1     8342   56.72%
      0     0        0.0076     2        0.0175 UserPurge1: 1     8343   56.72%
      0     0        0.0076     2        0.0175 UserPurge1: 1     8344   56.72%
      0     0        0.0076     2        0.0175 UserPurge1: 1     8345   56.72%
      0     0        0.0076     2        0.0175 UserPurge1: 1     8346   56.72%
      0     0        0.0076     2        0.0175 UserPurge1: 1     8347   56.72%
      0     0        0.0076     2        0.0175 UserPurge1: 1     8348   56.72%
      0     0        0.0076     2        0.0175 UserPurge1: 1     8349   56.72%
      0     0        0.0076     2        0.0175 UserPurge1: 1     8350   56.72%
      0     0        0.0076     2        0.0175 UserPurge1: 1     8351   56.72%
      0     0        0.0076     2        0.0175 UserPurge1: 1     8352   56.72%
      0     0        0.0076     2        0.0175 UserPurge1: 1     8353   56.72%
      0     0        0.0076     2        0.0175 UserPurge1: 1     8354   56.72%
      0     0        0.0076     2        0.0175 UserPurge1: 1     8355   56.72%
      0     0        0.0076     2        0.0175 UserPurge1: 1     8356   56.72%
      0     0        0.0076     2        0.0175 UserPurge1: 1     8357   56.72%
      0     0        0.0076     2        0.0175 UserPurge1: 1     8358   56.72%
      0     0        0.0076     2        0.0175 UserPurge1: 1     8359   56.72%
      0     0        0.0076     2        0.0175 UserPurge1: 1     8360   56.72%
      0     0        0.0076     2        0.0175 UserPurge1: 1     8361   56.72%
      0     0        0.0076     2        0.0175 UserPurge1: 1     8362   56.72%
      0     0        0.0076     2        0.0175 UserPurge1: 1     8363   56.72%
      0     0        0.0076     2        0.0175 UserPurge1: 1     8364   56.72%
      0     0        0.0076     2        0.0175 UserPurge1: 1     8365   56.72%
      0     0        0.0076     2        0.0175 UserPurge1: 1     8366   56.72%
      0     0        0.0076     2        0.0175 UserPurge1: 1     8367   56.72%
      0     0        0.0076     2        0.0175 UserPurge1: 1     8368   56.72%
      0     0        0.0076     2        0.0175 UserPurge1: 1     8369   56.72%
      0     0        0.0076     2        0.0175 UserPurge1: 1     8370   56.72%
      0     0        0.0076     2        0.0175 UserPurge1: 1     8371   56.72%
      0     0        0.0076     2        0.0175 UserPurge1: 1     8372   56.72%
      0     0        0.0076     2        0.0175 UserPurge1: 1     8373   56.72%
      0     0        0.0076     2        0.0175 UserPurge1: 1     8374   56.72%
      0     0        0.0076     2        0.0175 UserPurge1: 1     8375   56.72%
      0     0        0.0076     2        0.0175 UserPurge1: 1     8376   56.72%
      0     0        0.0076     2        0.0175 UserPurge1: 1     8377   56.72%
      0     0        0.0076     2        0.0175 UserPurge1: 1     8378   56.72%
      0     0        0.0076     2        0.0175 UserPurge1: 1     8379   56.72%
      0     0        0.0076     2        0.0175 UserPurge1: 1     8380   56.72%
      0     0        0.0076     2        0.0175 UserPurge1: 1     8381   56.72%
      0     0        0.0076     2        0.0175 UserPurge1: 1     8382   56.72%
      0     0        0.0076     2        0.0175 UserPurge1: 1     8383   56.72%
      0     0        0.0076     2        0.0175 UserPurge1: 1     8384   56.72%
      0     0        0.0076     2        0.0175 UserPurge1: 1     8385   56.72%
      0     0        0.0076     2        0.0175 UserPurge1: 1     8386   56.72%
      0     0        0.0076     2        0.0175 UserPurge1: 1     8387   56.72%
      0     0        0.0076     2        0.0175 UserPurge1: 1     8388   56.72%
      0     0        0.0076     2        0.0175 UserPurge1: 1     8389   56.72%
      0     0        0.0076     2        0.0175 UserPurge1: 1     8390   56.72%
      0     0        0.0076     2        0.0175 UserPurge1: 1     8391   56.72%
      0     0        0.0076     2        0.0175 UserPurge1: 1     8392   56.72%
      0     0        0.0076     2        0.0175 UserPurge1: 1     8393   56.72%
      0     0        0.0076     2        0.0175 UserPurge1: 1     8394   56.72%
      0     0        0.0076     2        0.0175 UserPurge1: 1     8395   56.72%
      0     0        0.0076     2        0.0175 UserPurge1: 1     8396   56.72%
      0     0        0.0076     2        0.0175 UserPurge1: 1     8397   56.72%
      0     0        0.0076     2        0.0175 UserPurge1: 1     8398   56.72%
      0     0        0.0076     2        0.0175 UserPurge1: 1     8399   56.72%
      0     0        0.0076     2        0.0175 UserPurge1: 1     8400   56.72%
      0     0        0.0076     2        0.0175 UserPurge1: 1     8401   56.72%
      0     0        0.0076     2        0.0175 UserPurge1: 1     8402   56.72%
      0     0        0.0076     2        0.0175 UserPurge1: 1     8403   56.72%
      0     0        0.0076     2        0.0175 UserPurge1: 1     8404   56.72%
      0     0        0.0076     2        0.0175 UserPurge1: 1     8405   56.72%
      0     0        0.0076     2        0.0175 UserPurge1: 1     8406   56.72%
      0     0        0.0076     2        0.0175 UserPurge1: 1     8407   56.72%
      0     0        0.0076     2        0.0175 UserPurge1: 1     8408   56.72%
      0     0        0.0076     2        0.0175 UserPurge1: 1     8409   56.72%
      0     0        0.0076     2        0.0175 UserPurge1: 1     8410   56.72%
      0     0        0.0076     2        0.0175 UserPurge1: 1     8411   56.72%
      0     0        0.0076     2        0.0175 UserPurge1: 1     8412   56.72%
      0     0        0.0076     2        0.0175 UserPurge1: 1     8413   56.72%
      0     0        0.0076     2        0.0175 UserPurge1: 1     8414   56.72%
      0     0        0.0076     2        0.0175 UserPurge1: 1     8415   56.72%
      0     0        0.0076     2        0.0175 UserPurge1: 1     8416   56.72%
      0     0        0.0076     2        0.0175 UserPurge1: 1     8417   56.72%
      0     0        0.0076     2        0.0175 UserPurge1: 1     8418   56.72%
      0     0        0.0076     2        0.0175 UserPurge1: 1     8419   56.72%
      0     0        0.0076     2        0.0175 UserPurge1: 1     8420   56.72%
      0     0        0.0076     2        0.0175 UserPurge1: 1     8421   56.72%
      0     0        0.0076     2        0.0175 UserPurge1: 1     8422   56.72%
      0     0        0.0076     2        0.0175 UserPurge1: 1     8423   56.72%
      0     0        0.0076     2        0.0175 UserPurge1: 1     8424   56.72%
      0     0        0.0076     2        0.0175 UserPurge1: 1     8425   56.72%
      0     0        0.0076     2        0.0175 UserPurge1: 1     8426   56.72%
      0     0        0.0076     2        0.0175 UserPurge1: 1     8427   56.72%
      0     0        0.0076     2        0.0175 UserPurge1: 1     8428   56.72%
      0     0        0.0076     2        0.0175 UserPurge1: 1     8429   56.72%
      0     0        0.0076     2        0.0175 UserPurge1: 1     8430   56.72%
      0     0        0.0076     2        0.0175 UserPurge1: 1     8431   56.72%
      0     0        0.0076     2        0.0175 UserPurge1: 1     8432   56.72%
      0     0        0.0076     2        0.0175 UserPurge1: 1     8433   56.72%
      0     0        0.0076     2        0.0175 UserPurge1: 1     8434   56.72%
      0     0        0.0076     2        0.0175 UserPurge1: 1     8435   56.72%
      0     0        0.0076     2        0.0175 UserPurge1: 1     8436   56.72%
      0     0        0.0076     2        0.0175 UserPurge1: 1     8437   56.72%
      0     0        0.0076     2        0.0175 UserPurge1: 1     8438   56.72%
      0     0        0.0076     2        0.0175 UserPurge1: 1     8439   56.72%
      0     0        0.0076     2        0.0175 UserPurge1: 1     8440   56.72%
      0     0        0.0076     2        0.0175 UserPurge1: 1     8441   56.72%
      0     0        0.0076     2        0.0175 UserPurge1: 1     8442   56.72%
      0     0        0.0076     2        0.0175 UserPurge1: 1     8443   56.72%
      0     0        0.0076     2        0.0175 UserPurge1: 1     8444   56.72%
      0     0        0.0076     2        0.0175 UserPurge1: 1     8445   56.72%
      0     0        0.0076     2        0.0175 UserPurge1: 1     8446   56.72%
      0     0        0.0076     2        0.0175 UserPurge1: 1     8447   56.72%
      0     0        0.0076     2        0.0175 UserPurge1: 1     8448   56.72%
      0     0        0.0076     2        0.0175 UserPurge1: 1     8449   56.72%
      0     0        0.0076     2        0.0175 UserPurge1: 1     8450   56.72%
      0     0        0.0076     2        0.0175 UserPurge1: 1     8451   56.72%
      0     0        0.0076     2        0.0175 UserPurge1: 1     8452   56.72%
      0     0        0.0076     2        0.0175 UserPurge1: 1     8453   56.72%
      0     0        0.0076     2        0.0175 UserPurge1: 1     8454   56.72%
      0     0        0.0076     2        0.0175 UserPurge1: 1     8455   56.72%
      0     0        0.0076     2        0.0175 UserPurge1: 1     8456   56.72%
      0     0        0.0076     2        0.0175 UserPurge1: 1     8457   56.72%
      0     0        0.0076     2        0.0175 UserPurge1: 1     8458   56.72%
      0     0        0.0076     2        0.0175 UserPurge1: 1     8459   56.72%
      0     0        0.0076     2        0.0175 UserPurge1: 1     8460   56.72%
      0     0        0.0076     2        0.0175 UserPurge1: 1     8461   56.72%
      0     0        0.0076     2        0.0175 UserPurge1: 1     8462   56.72%
      0     0        0.0076     2        0.0175 UserPurge1: 1     8463   56.72%
      0     0        0.0076     2        0.0175 UserPurge1: 1     8464   56.72%
      0     0        0.0076     2        0.0175 UserPurge1: 1     8465   56.72%
      0     0        0.0076     2        0.0175 UserPurge1: 1     8466   56.72%
      0     0        0.0076     2        0.0175 UserPurge1: 1     8467   56.72%
      0     0        0.0076     2        0.0175 UserPurge1: 1     8468   56.72%
      0     0        0.0076     2        0.0175 UserPurge1: 1     8469   56.72%
      0     0        0.0076     2        0.0175 UserPurge1: 1     8470   56.72%
      0     0        0.0076     2        0.0175 UserPurge1: 1     8471   56.72%
      0     0        0.0076     2        0.0175 UserPurge1: 1     8472   56.72%
      0     0        0.0076     2        0.0175 UserPurge1: 1     8473   56.72%
      0     0        0.0076     2        0.0175 UserPurge1: 1     8474   56.72%
      0     0        0.0076     2        0.0175 UserPurge1: 1     8475   56.72%
      0     0        0.0076     2        0.0175 UserPurge1: 1     8476   56.72%
      0     0        0.0076     2        0.0175 UserPurge1: 1     8477   56.72%
      0     0        0.0076     2        0.0175 UserPurge1: 1     8478   56.72%
      0     0        0.0076     2        0.0175 UserPurge1: 1     8479   56.72%
      0     0        0.0076     2        0.0175 UserPurge1: 1     8480   56.72%
      0     0        0.0076     2        0.0175 UserPurge1: 1     8481   56.72%
      0     0        0.0076     2        0.0175 UserPurge1: 1     8482   56.72%
      0     0        0.0076     2        0.0175 UserPurge1: 1     8483   56.72%
      0     0        0.0076     2        0.0175 UserPurge1: 1     8484   56.72%
      0     0        0.0076     2        0.0175 UserPurge1: 1     8485   56.72%
      0     0        0.0076     2        0.0175 UserPurge1: 1     8486   56.72%
      0     0        0.0076     2        0.0175 UserPurge1: 1     8487   56.72%
      0     0        0.0076     2        0.0175 UserPurge1: 1     8488   56.72%
      0     0        0.0076     2        0.0175 UserPurge1: 1     8489   56.72%
      0     0        0.0076     2        0.0175 UserPurge1: 1     8490   56.72%
      0     0        0.0076     2        0.0175 UserPurge1: 1     8491   56.72%
      0     0        0.0076     2        0.0175 UserPurge1: 1     8492   56.72%
      0     0        0.0076     2        0.0175 UserPurge1: 1     8493   56.72%
      0     0        0.0076     2        0.0175 UserPurge1: 1     8494   56.72%
      0     0        0.0076     2        0.0175 UserPurge1: 1     8495   56.72%
      0     0        0.0076     2        0.0175 UserPurge1: 1     8496   56.72%
      0     0        0.0076     2        0.0175 UserPurge1: 1     8497   56.72%
      0     0        0.0076     2        0.0175 UserPurge1: 1     8498   56.72%
      0     0        0.0076     2        0.0175 UserPurge1: 1     8499   56.72%
      0     0        0.0076     2        0.0175 UserPurge1: 1     8500   56.72%
      0     0        0.0076     2        0.0175 UserPurge1: 1     8501   56.72%
      0     0        0.0076     2        0.0175 UserPurge1: 1     8502   56.72%
      0     0        0.0076     2        0.0175 UserPurge1: 1     8503   56.72%
      0     0        0.0076     2        0.0175 UserPurge1: 1     8504   56.72%
      0     0        0.0076     2        0.0175 UserPurge1: 1     8505   56.72%
      0     0        0.0076     2        0.0175 UserPurge1: 1     8506   56.72%
      0     0        0.0076     2        0.0175 UserPurge1: 1     8507   56.72%
      0     0        0.0076     2        0.0175 UserPurge1: 1     8508   56.72%
      0     0        0.0076     2        0.0175 UserPurge1: 1     8509   56.72%
      0     0        0.0076     2        0.0175 UserPurge1: 1     8510   56.72%
      0     0        0.0076     2        0.0175 UserPurge1: 1     8511   56.72%
      0     0        0.0076     2        0.0175 UserPurge1: 1     8512   56.72%
      0     0        0.0076     2        0.0175 UserPurge1: 1     8513   56.72%
      0     0        0.0076     2        0.0175 UserPurge1: 1     8514   56.72%
      0     0        0.0076     2        0.0175 UserPurge1: 1     8515   56.72%
      0     0        0.0076     2        0.0175 UserPurge1: 1     8516   56.72%
      0     0        0.0076     2        0.0175 UserPurge1: 1     8517   56.72%
      0     0        0.0076     2        0.0175 UserPurge1: 1     8518   56.72%
      0     0        0.0076     2        0.0175 UserPurge1: 1     8519   56.72%
      0     0        0.0076     2        0.0175 UserPurge1: 1     8520   56.72%
      0     0        0.0076     2        0.0175 UserPurge1: 1     8521   56.72%
      0     0        0.0076     2        0.0175 UserPurge1: 1     8522   56.72%
      0     0        0.0076     2        0.0175 UserPurge1: 1     8523   56.72%
      0     0        0.0076     2        0.0175 UserPurge1: 1     8524   56.72%
      0     0        0.0076     2        0.0175 UserPurge1: 1     8525   56.72%
      0     0        0.0076     2        0.0175 UserPurge1: 1     8526   56.72%
      0     0        0.0076     2        0.0175 UserPurge1: 1     8527   56.72%
      0     0        0.0076     2        0.0175 UserPurge1: 1     8528   56.72%
      0     0        0.0076     2        0.0175 UserPurge1: 1     8529   56.72%
      0     0        0.0076     2        0.0175 UserPurge1: 1     8530   56.72%
      0     0        0.0076     2        0.0175 UserPurge1: 1     8531   56.72%
      0     0        0.0076     2        0.0175 UserPurge1: 1     8532   56.72%
      0     0        0.0076     2        0.0175 UserPurge1: 1     8533   56.72%
      0     0        0.0076     2        0.0175 UserPurge1: 1     8534   56.72%
      0     0        0.0076     2        0.0175 UserPurge1: 1     8535   56.72%
      0     0        0.0076     2        0.0175 UserPurge1: 1     8536   56.72%
      0     0        0.0076     2        0.0175 UserPurge1: 1     8537   56.72%
      0     0        0.0076     2        0.0175 UserPurge1: 1     8538   56.72%
      0     0        0.0076     2        0.0175 UserPurge1: 1     8539   56.72%
      0     0        0.0076     2        0.0175 UserPurge1: 1     8540   56.72%
      0     0        0.0076     2        0.0175 UserPurge1: 1     8541   56.72%
      0     0        0.0076     2        0.0175 UserPurge1: 1     8542   56.72%
      0     0        0.0076     2        0.0175 UserPurge1: 1     8543   56.72%
      0     0        0.0076     2        0.0175 UserPurge1: 1     8544   56.72%
      0     0        0.0076     2        0.0175 UserPurge1: 1     8545   56.72%
      0     0        0.0076     2        0.0175 UserPurge1: 1     8546   56.72%
      0     0        0.0076     2        0.0175 UserPurge1: 1     8547   56.72%
      0     0        0.0076     2        0.0175 UserPurge1: 1     8548   56.72%
      0     0        0.0076     2        0.0175 UserPurge1: 1     8549   56.72%
      0     0        0.0076     2        0.0175 UserPurge1: 1     8550   56.72%
      0     0        0.0076     2        0.0175 UserPurge1: 1     8551   56.72%
      0     0        0.0076     2        0.0175 UserPurge1: 1     8552   56.72%
      0     0        0.0076     2        0.0175 UserPurge1: 1     8553   56.72%
      0     0        0.0076     2        0.0175 UserPurge1: 1     8554   56.72%
      0     0        0.0076     2        0.0175 UserPurge1: 1     8555   56.72%
      0     0        0.0076     2        0.0175 UserPurge1: 1     8556   56.72%
      0     0        0.0076     2        0.0175 UserPurge1: 1     8557   56.72%
      0     0        0.0076     2        0.0175 UserPurge1: 1     8558   56.72%
      0     0        0.0076     2        0.0175 UserPurge1: 1     8559   56.72%
      0     0        0.0076     2        0.0175 UserPurge1: 1     8560   56.72%
      0     0        0.0076     2        0.0175 UserPurge1: 1     8561   56.72%
      0     0        0.0076     2        0.0175 UserPurge1: 1     8562   56.72%
      0     0        0.0076     2        0.0175 UserPurge1: 1     8563   56.72%
      0     0        0.0076     2        0.0175 UserPurge1: 1     8564   56.72%
      0     0        0.0076     2        0.0175 UserPurge1: 1     8565   56.72%
      0     0        0.0076     2        0.0175 UserPurge1: 1     8566   56.72%
      0     0        0.0076     2        0.0175 UserPurge1: 1     8567   56.72%
      0     0        0.0076     2        0.0175 UserPurge1: 1     8568   56.72%
      0     0        0.0076     2        0.0175 UserPurge1: 1     8569   56.72%
      0     0        0.0076     2        0.0175 UserPurge1: 1     8570   56.72%
      0     0        0.0076     2        0.0175 UserPurge1: 1     8571   56.72%
      0     0        0.0076     2        0.0175 UserPurge1: 1     8572   56.72%
      0     0        0.0076     2        0.0175 UserPurge1: 1     8573   56.72%
      0     0        0.0076     2        0.0175 UserPurge1: 1     8574   56.72%
      0     0        0.0076     2        0.0175 UserPurge1: 1     8575   56.72%
      0     0        0.0076     2        0.0175 UserPurge1: 1     8576   56.72%
      0     0        0.0076     2        0.0175 UserPurge1: 1     8577   56.72%
      0     0        0.0076     2        0.0175 UserPurge1: 1     8578   56.72%
      0     0        0.0076     2        0.0175 UserPurge1: 1     8579   56.72%
      0     0        0.0076     2        0.0175 UserPurge1: 1     8580   56.72%
      0     0        0.0076     2        0.0175 UserPurge1: 1     8581   56.72%
      0     0        0.0076     2        0.0175 UserPurge1: 1     8582   56.72%
      0     0        0.0076     2        0.0175 UserPurge1: 1     8583   56.72%
      0     0        0.0076     2        0.0175 UserPurge1: 1     8584   56.72%
      0     0        0.0076     2        0.0175 UserPurge1: 1     8585   56.72%
      0     0        0.0076     2        0.0175 UserPurge1: 1     8586   56.72%
      0     0        0.0076     2        0.0175 UserPurge1: 1     8587   56.72%
      0     0        0.0076     2        0.0175 UserPurge1: 1     8588   56.72%
      0     0        0.0076     2        0.0175 UserPurge1: 1     8589   56.72%
      0     0        0.0076     2        0.0175 UserPurge1: 1     8590   56.72%
      0     0        0.0076     2        0.0175 UserPurge1: 1     8591   56.72%
      0     0        0.0076     2        0.0175 UserPurge1: 1     8592   56.72%
      0     0        0.0076     2        0.0175 UserPurge1: 1     8593   56.72%
      0     0        0.0076     2        0.0175 UserPurge1: 1     8594   56.72%
      0     0        0.0076     2        0.0175 UserPurge1: 1     8595   56.72%
      0     0        0.0076     2        0.0175 UserPurge1: 1     8596   56.72%
      0     0        0.0076     2        0.0175 UserPurge1: 1     8597   56.72%
      0     0        0.0076     2        0.0175 UserPurge1: 1     8598   56.72%
      0     0        0.0076     2        0.0175 UserPurge1: 1     8599   56.72%
      0     0        0.0076     2        0.0175 UserPurge1: 1     8600   56.72%
      0     0        0.0076     2        0.0175 UserPurge1: 1     8601   56.72%
      0     0        0.0076     2        0.0175 UserPurge1: 1     8602   56.72%
      0     0        0.0076     2        0.0175 UserPurge1: 1     8603   56.72%
      0     0        0.0076     2        0.0175 UserPurge1: 1     8604   56.72%
      0     0        0.0076     2        0.0175 UserPurge1: 1     8605   56.72%
      0     0        0.0076     2        0.0175 UserPurge1: 1     8606   56.72%
      0     0        0.0076     2        0.0175 UserPurge1: 1     8607   56.72%
      0     0        0.0076     2        0.0175 UserPurge1: 1     8608   56.72%
      0     0        0.0076     2        0.0175 UserPurge1: 1     8609   56.72%
      0     0        0.0076     2        0.0175 UserPurge1: 1     8610   56.72%
      0     0        0.0076     2        0.0175 UserPurge1: 1     8611   56.72%
      0     0        0.0076     2        0.0175 UserPurge1: 1     8612   56.72%
      0     0        0.0076     2        0.0175 UserPurge1: 1     8613   56.72%
      0     0        0.0076     2        0.0175 UserPurge1: 1     8614   56.72%
      0     0        0.0076     2        0.0175 UserPurge1: 1     8615   56.72%
      0     0        0.0076     2        0.0175 UserPurge1: 1     8616   56.72%
      0     0        0.0076     2        0.0175 UserPurge1: 1     8617   56.72%
      0     0        0.0076     2        0.0175 UserPurge1: 1     8618   56.72%
      0     0        0.0076     2        0.0175 UserPurge1: 1     8619   56.72%
      0     0        0.0076     2        0.0175 UserPurge1: 1     8620   56.72%
      0     0        0.0076     2        0.0175 UserPurge1: 1     8621   56.72%
      0     0        0.0076     2        0.0175 UserPurge1: 1     8622   56.72%
      0     0        0.0076     2        0.0175 UserPurge1: 1     8623   56.72%
      0     0        0.0076     2        0.0175 UserPurge1: 1     8624   56.72%
      0     0        0.0076     2        0.0175 UserPurge1: 1     8625   56.72%
      0     0        0.0076     2        0.0175 UserPurge1: 1     8626   56.72%
      0     0        0.0076     2        0.0175 UserPurge1: 1     8627   56.72%
      0     0        0.0076     2        0.0175 UserPurge1: 1     8628   56.72%
      0     0        0.0076     2        0.0175 UserPurge1: 1     8629   56.72%
      0     0        0.0076     2        0.0175 UserPurge1: 1     8630   56.72%
      0     0        0.0076     2        0.0175 UserPurge1: 1     8631   56.72%
      0     0        0.0076     2        0.0175 UserPurge1: 1     8632   56.72%
      0     0        0.0076     2        0.0175 UserPurge1: 1     8633   56.72%
      0     0        0.0076     2        0.0175 UserPurge1: 1     8634   56.72%
      0     0        0.0076     2        0.0175 UserPurge1: 1     8635   56.72%
      0     0        0.0076     2        0.0175 UserPurge1: 1     8636   56.72%
      0     0        0.0076     2        0.0175 UserPurge1: 1     8637   56.72%
      0     0        0.0076     2        0.0175 UserPurge1: 1     8638   56.72%
      0     0        0.0076     2        0.0175 UserPurge1: 1     8639   56.72%
      0     0        0.0076     2        0.0175 UserPurge1: 1     8640   56.72%
      0     0        0.0076     2        0.0175 UserPurge1: 1     8641   56.72%
      0     0        0.0076     2        0.0175 UserPurge1: 1     8642   56.72%
      0     0        0.0076     2        0.0175 UserPurge1: 1     8643   56.72%
      0     0        0.0076     2        0.0175 UserPurge1: 1     8644   56.72%
      0     0        0.0076     2        0.0175 UserPurge1: 1     8645   56.72%
      0     0        0.0076     2        0.0175 UserPurge1: 1     8646   56.72%
      0     0        0.0076     2        0.0175 UserPurge1: 1     8647   56.72%
      0     0        0.0076     2        0.0175 UserPurge1: 1     8648   56.72%
      0     0        0.0076     2        0.0175 UserPurge1: 1     8649   56.72%
      0     0        0.0076     2        0.0175 UserPurge1: 1     8650   56.72%
      0     0        0.0076     2        0.0175 UserPurge1: 1     8651   56.72%
      0     0        0.0076     2        0.0175 UserPurge1: 1     8652   56.72%
      0     0        0.0076     2        0.0175 UserPurge1: 1     8653   56.72%
      0     0        0.0076     2        0.0175 UserPurge1: 1     8654   56.72%
      0     0        0.0076     2        0.0175 UserPurge1: 1     8655   56.72%
      0     0        0.0076     2        0.0175 UserPurge1: 1     8656   56.72%
      0     0        0.0076     2        0.0175 UserPurge1: 1     8657   56.72%
      0     0        0.0076     2        0.0175 UserPurge1: 1     8658   56.72%
      0     0        0.0076     2        0.0175 UserPurge1: 1     8659   56.72%
      0     0        0.0076     2        0.0175 UserPurge1: 1     8660   56.72%
      0     0        0.0076     2        0.0175 UserPurge1: 1     8661   56.72%
      0     0        0.0076     2        0.0175 UserPurge1: 1     8662   56.72%
      0     0        0.0076     2        0.0175 UserPurge1: 1     8663   56.72%
      0     0        0.0076     2        0.0175 UserPurge1: 1     8664   56.72%
      0     0        0.0076     2        0.0175 UserPurge1: 1     8665   56.72%
      0     0        0.0076     2        0.0175 UserPurge1: 1     8666   56.72%
      0     0        0.0076     2        0.0175 UserPurge1: 1     8667   56.72%
      0     0        0.0076     2        0.0175 UserPurge1: 1     8668   56.72%
      0     0        0.0076     2        0.0175 UserPurge1: 1     8669   56.72%
      0     0        0.0076     2        0.0175 UserPurge1: 1     8670   56.72%
      0     0        0.0076     2        0.0175 UserPurge1: 1     8671   56.72%
      0     0        0.0076     2        0.0175 UserPurge1: 1     8672   56.72%
      0     0        0.0076     2        0.0175 UserPurge1: 1     8673   56.72%
      0     0        0.0076     2        0.0175 UserPurge1: 1     8674   56.72%
      0     0        0.0076     2        0.0175 UserPurge1: 1     8675   56.72%
      0     0        0.0076     2        0.0175 UserPurge1: 1     8676   56.72%
      0     0        0.0076     2        0.0175 UserPurge1: 1     8677   56.72%
      0     0        0.0076     2        0.0175 UserPurge1: 1     8678   56.72%
      0     0        0.0076     2        0.0175 UserPurge1: 1     8679   56.72%
      0     0        0.0076     2        0.0175 UserPurge1: 1     8680   56.72%
      0     0        0.0076     2        0.0175 UserPurge1: 1     8681   56.72%
      0     0        0.0076     2        0.0175 UserPurge1: 1     8682   56.72%
      0     0        0.0076     2        0.0175 UserPurge1: 1     8683   56.72%
      0     0        0.0076     2        0.0175 UserPurge1: 1     8684   56.72%
      0     0        0.0076     2        0.0175 UserPurge1: 1     8685   56.72%
      0     0        0.0076     2        0.0175 UserPurge1: 1     8686   56.72%
      0     0        0.0076     2        0.0175 UserPurge1: 1     8687   56.72%
      0     0        0.0076     2        0.0175 UserPurge1: 1     8688   56.72%
      0     0        0.0076     2        0.0175 UserPurge1: 1     8689   56.72%
      0     0        0.0076     2        0.0175 UserPurge1: 1     8690   56.72%
      0     0        0.0076     2        0.0175 UserPurge1: 1     8691   56.72%
      0     0        0.0076     2        0.0175 UserPurge1: 1     8692   56.72%
      0     0        0.0076     2        0.0175 UserPurge1: 1     8693   56.72%
      0     0        0.0076     2        0.0175 UserPurge1: 1     8694   56.72%
      0     0        0.0076     2        0.0175 UserPurge1: 1     8695   56.72%
      0     0        0.0076     2        0.0175 UserPurge1: 1     8696   56.72%
      0     0        0.0076     2        0.0175 UserPurge1: 1     8697   56.72%
      0     0        0.0076     2        0.0175 UserPurge1: 1     8698   56.72%
      0     0        0.0076     2        0.0175 UserPurge1: 1     8699   56.72%
      0     0        0.0076     2        0.0175 UserPurge1: 1     8700   56.72%
      0     0        0.0076     2        0.0175 UserPurge1: 1     8701   56.72%
      0     0        0.0076     2        0.0175 UserPurge1: 1     8702   56.72%
      0     0        0.0076     2        0.0175 UserPurge1: 1     8703   56.72%
      0     0        0.0076     2        0.0175 UserPurge1: 1     8704   56.72%
      0     0        0.0076     2        0.0175 UserPurge1: 1     8705   56.72%
      0     0        0.0076     2        0.0175 UserPurge1: 1     8706   56.72%
      0     0        0.0076     2        0.0175 UserPurge1: 1     8707   56.72%
      0     0        0.0076     2        0.0175 UserPurge1: 1     8708   56.72%
      0     0        0.0076     2        0.0175 UserPurge1: 1     8709   56.72%
      0     0        0.0076     2        0.0175 UserPurge1: 1     8710   56.72%
      0     0        0.0076     2        0.0175 UserPurge1: 1     8711   56.72%
      0     0        0.0076     2        0.0175 UserPurge1: 1     8712   56.72%
      0     0        0.0076     2        0.0175 UserPurge1: 1     8713   56.72%
      0     0        0.0076     2        0.0175 UserPurge1: 1     8714   56.72%
      0     0        0.0076     2        0.0175 UserPurge1: 1     8715   56.72%
      0     0        0.0076     2        0.0175 UserPurge1: 1     8716   56.72%
      0     0        0.0076     2        0.0175 UserPurge1: 1     8717   56.72%
      0     0        0.0076     2        0.0175 UserPurge1: 1     8718   56.72%
      0     0        0.0076     2        0.0175 UserPurge1: 1     8719   56.72%
      0     0        0.0076     2        0.0175 UserPurge1: 1     8720   56.72%
      0     0        0.0076     2        0.0175 UserPurge1: 1     8721   56.72%
      0     0        0.0076     2        0.0175 UserPurge1: 1     8722   56.72%
      0     0        0.0076     2        0.0175 UserPurge1: 1     8723   56.72%
      0     0        0.0076     2        0.0175 UserPurge1: 1     8724   56.72%
      0     0        0.0076     2        0.0175 UserPurge1: 1     8725   56.72%
      0     0        0.0076     2        0.0175 UserPurge1: 1     8726   56.72%
      0     0        0.0076     2        0.0175 UserPurge1: 1     8727   56.72%
      0     0        0.0076     2        0.0175 UserPurge1: 1     8728   56.72%
      0     0        0.0076     2        0.0175 UserPurge1: 1     8729   56.72%
      0     0        0.0076     2        0.0175 UserPurge1: 1     8730   56.72%
      0     0        0.0076     2        0.0175 UserPurge1: 1     8731   56.72%
      0     0        0.0076     2        0.0175 UserPurge1: 1     8732   56.72%
      0     0        0.0076     2        0.0175 UserPurge1: 1     8733   56.72%
      0     0        0.0076     2        0.0175 UserPurge1: 1     8734   56.72%
      0     0        0.0076     2        0.0175 UserPurge1: 1     8735   56.72%
      0     0        0.0076     2        0.0175 UserPurge1: 1     8736   56.72%
      0     0        0.0076     2        0.0175 UserPurge1: 1     8737   56.72%
      0     0        0.0076     2        0.0175 UserPurge1: 1     8738   56.72%
      0     0        0.0076     2        0.0175 UserPurge1: 1     8739   56.72%
      0     0        0.0076     2        0.0175 UserPurge1: 1     8740   56.72%
      0     0        0.0076     2        0.0175 UserPurge1: 1     8741   56.72%
      0     0        0.0076     2        0.0175 UserPurge1: 1     8742   56.72%
      0     0        0.0076     2        0.0175 UserPurge1: 1     8743   56.72%
      0     0        0.0076     2        0.0175 UserPurge1: 1     8744   56.72%
      0     0        0.0076     2        0.0175 UserPurge1: 1     8745   56.72%
      0     0        0.0076     2        0.0175 UserPurge1: 1     8746   56.72%
      0     0        0.0076     2        0.0175 UserPurge1: 1     8747   56.72%
      0     0        0.0076     2        0.0175 UserPurge1: 1     8748   56.72%
      0     0        0.0076     2        0.0175 UserPurge1: 1     8749   56.72%
      0     0        0.0076     2        0.0175 UserPurge1: 1     8750   56.72%
      0     0        0.0076     2        0.0175 UserPurge1: 1     8751   56.72%
      0     0        0.0076     2        0.0175 UserPurge1: 1     8752   56.72%
      0     0        0.0076     2        0.0175 UserPurge1: 1     8753   56.72%
      0     0        0.0076     2        0.0175 UserPurge1: 1     8754   56.72%
      0     0        0.0076     2        0.0175 UserPurge1: 1     8755   56.72%
      0     0        0.0076     2        0.0175 UserPurge1: 1     8756   56.72%
      0     0        0.0076     2        0.0175 UserPurge1: 1     8757   56.72%
      0     0        0.0076     2        0.0175 UserPurge1: 1     8758   56.72%
      0     0        0.0076     2        0.0175 UserPurge1: 1     8759   56.72%
      0     0        0.0076     2        0.0175 UserPurge1: 1     8760   56.72%
      0     0        0.0076     2        0.0175 UserPurge1: 1     8761   56.72%
      0     0        0.0076     2        0.0175 UserPurge1: 1     8762   56.72%
      0     0        0.0076     2        0.0175 UserPurge1: 1     8763   56.72%
      0     0        0.0076     2        0.0175 UserPurge1: 1     8764   56.72%
      0     0        0.0076     2        0.0175 UserPurge1: 1     8765   56.72%
      0     0        0.0076     2        0.0175 UserPurge1: 1     8766   56.72%
      0     0        0.0076     2        0.0175 UserPurge1: 1     8767   56.72%
      0     0        0.0076     2        0.0175 UserPurge1: 1     8768   56.72%
      0     0        0.0076     2        0.0175 UserPurge1: 1     8769   56.72%
      0     0        0.0076     2        0.0175 UserPurge1: 1     8770   56.72%
      0     0        0.0076     2        0.0175 UserPurge1: 1     8771   56.72%
      0     0        0.0076     2        0.0175 UserPurge1: 1     8772   56.72%
      0     0        0.0076     2        0.0175 UserPurge1: 1     8773   56.72%
      0     0        0.0076     2        0.0175 UserPurge1: 1     8774   56.72%
      0     0        0.0076     2        0.0175 UserPurge1: 1     8775   56.72%
      0     0        0.0076     2        0.0175 UserPurge1: 1     8776   56.72%
      0     0        0.0076     2        0.0175 UserPurge1: 1     8777   56.72%
      0     0        0.0076     2        0.0175 UserPurge1: 1     8778   56.72%
      0     0        0.0076     2        0.0175 UserPurge1: 1     8779   56.72%
      0     0        0.0076     2        0.0175 UserPurge1: 1     8780   56.72%
      0     0        0.0076     2        0.0175 UserPurge1: 1     8781   56.72%
      0     0        0.0076     2        0.0175 UserPurge1: 1     8782   56.72%
      0     0        0.0076     2        0.0175 UserPurge1: 1     8783   56.72%
      0     0        0.0076     2        0.0175 UserPurge1: 1     8784   56.72%
      0     0        0.0076     2        0.0175 UserPurge1: 1     8785   56.72%
      0     0        0.0076     2        0.0175 UserPurge1: 1     8786   56.72%
      0     0        0.0076     2        0.0175 UserPurge1: 1     8787   56.72%
      0     0        0.0076     2        0.0175 UserPurge1: 1     8788   56.72%
      0     0        0.0076     2        0.0175 UserPurge1: 1     8789   56.72%
      0     0        0.0076     2        0.0175 UserPurge1: 1     8790   56.72%
      0     0        0.0076     2        0.0175 UserPurge1: 1     8791   56.72%
      0     0        0.0076     2        0.0175 UserPurge1: 1     8792   56.72%
      0     0        0.0076     2        0.0175 UserPurge1: 1     8793   56.72%
      0     0        0.0076     2        0.0175 UserPurge1: 1     8794   56.72%
      0     0        0.0076     2        0.0175 UserPurge1: 1     8795   56.72%
      0     0        0.0076     2        0.0175 UserPurge1: 1     8796   56.72%
      0     0        0.0076     2        0.0175 UserPurge1: 1     8797   56.72%
      0     0        0.0076     2        0.0175 UserPurge1: 1     8798   56.72%
      0     0        0.0076     2        0.0175 UserPurge1: 1     8799   56.72%
      0     0        0.0076     2        0.0175 UserPurge1: 1     8800   56.72%
      0     0        0.0076     2        0.0175 UserPurge1: 1     8801   56.72%
      0     0        0.0076     2        0.0175 UserPurge1: 1     8802   56.72%
      0     0        0.0076     2        0.0175 UserPurge1: 1     8803   56.72%
      0     0        0.0076     2        0.0175 UserPurge1: 1     8804   56.72%
      0     0        0.0076     2        0.0175 UserPurge1: 1     8805   56.72%
      0     0        0.0076     2        0.0175 UserPurge1: 1     8806   56.72%
      0     0        0.0076     2        0.0175 UserPurge1: 1     8807   56.72%
      0     0        0.0076     2        0.0175 UserPurge1: 1     8808   56.72%
      0     0        0.0076     2        0.0175 UserPurge1: 1     8809   56.72%
      0     0        0.0076     2        0.0175 UserPurge1: 1     8810   56.72%
      0     0        0.0076     2        0.0175 UserPurge1: 1     8811   56.72%
      0     0        0.0076     2        0.0175 UserPurge1: 1     8812   56.72%
      0     0        0.0076     2        0.0175 UserPurge1: 1     8813   56.72%
      0     0        0.0076     2        0.0175 UserPurge1: 1     8814   56.72%
      0     0        0.0076     2        0.0175 UserPurge1: 1     8815   56.72%
      0     0        0.0076     2        0.0175 UserPurge1: 1     8816   56.72%
      0     0        0.0076     2        0.0175 UserPurge1: 1     8817   56.72%
      0     0        0.0076     2        0.0175 UserPurge1: 1     8818   56.72%
      0     0        0.0076     2        0.0175 UserPurge1: 1     8819   56.72%
      0     0        0.0076     2        0.0175 UserPurge1: 1     8820   56.72%
      0     0        0.0076     2        0.0175 UserPurge1: 1     8821   56.72%
      0     0        0.0076     2        0.0175 UserPurge1: 1     8822   56.72%
      0     0        0.0076     2        0.0175 UserPurge1: 1     8823   56.72%
      0     0        0.0076     2        0.0175 UserPurge1: 1     8824   56.72%
      0     0        0.0076     2        0.0175 UserPurge1: 1     8825   56.72%
      0     0        0.0076     2        0.0175 UserPurge1: 1     8826   56.72%
      0     0        0.0076     2        0.0175 UserPurge1: 1     8827   56.72%
      0     0        0.0076     2        0.0175 UserPurge1: 1     8828   56.72%
      0     0        0.0076     2        0.0175 UserPurge1: 1     8829   56.72%
      0     0        0.0076     2        0.0175 UserPurge1: 1     8830   56.72%
      0     0        0.0076     2        0.0175 UserPurge1: 1     8831   56.72%
      0     0        0.0076     2        0.0175 UserPurge1: 1     8832   56.72%
      0     0        0.0076     2        0.0175 UserPurge1: 1     8833   56.72%
      0     0        0.0076     2        0.0175 UserPurge1: 1     8834   56.72%
      0     0        0.0076     2        0.0175 UserPurge1: 1     8835   56.72%
      0     0        0.0076     2        0.0175 UserPurge1: 1     8836   56.72%
      0     0        0.0076     2        0.0175 UserPurge1: 1     8837   56.72%
      0     0        0.0076     2        0.0175 UserPurge1: 1     8838   56.72%
      0     0        0.0076     2        0.0175 UserPurge1: 1     8839   56.72%
      0     0        0.0076     2        0.0175 UserPurge1: 1     8840   56.72%
      0     0        0.0076     2        0.0175 UserPurge1: 1     8841   56.72%
      0     0        0.0076     2        0.0175 UserPurge1: 1     8842   56.72%
      0     0        0.0076     2        0.0175 UserPurge1: 1     8843   56.72%
      0     0        0.0076     2        0.0175 UserPurge1: 1     8844   56.72%
      0     0        0.0076     2        0.0175 UserPurge1: 1     8845   56.72%
      0     0        0.0076     2        0.0175 UserPurge1: 1     8846   56.72%
      0     0        0.0076     2        0.0175 UserPurge1: 1     8847   56.72%
      0     0        0.0076     2        0.0175 UserPurge1: 1     8848   56.72%
      0     0        0.0076     2        0.0175 UserPurge1: 1     8849   56.72%
      0     0        0.0076     2        0.0175 UserPurge1: 1     8850   56.72%
      0     0        0.0076     2        0.0175 UserPurge1: 1     8851   56.72%
      0     0        0.0076     2        0.0175 UserPurge1: 1     8852   56.72%
      0     0        0.0076     2        0.0175 UserPurge1: 1     8853   56.72%
      0     0        0.0076     2        0.0175 UserPurge1: 1     8854   56.72%
      0     0        0.0076     2        0.0175 UserPurge1: 1     8855   56.72%
      0     0        0.0076     2        0.0175 UserPurge1: 1     8856   56.72%
      0     0        0.0076     2        0.0175 UserPurge1: 1     8857   56.72%
      0     0        0.0076     2        0.0175 UserPurge1: 1     8858   56.72%
      0     0        0.0076     2        0.0175 UserPurge1: 1     8859   56.72%
      0     0        0.0076     2        0.0175 UserPurge1: 1     8860   56.72%
      0     0        0.0076     2        0.0175 UserPurge1: 1     8861   56.72%
      0     0        0.0076     2        0.0175 UserPurge1: 1     8862   56.72%
      0     0        0.0076     2        0.0175 UserPurge1: 1     8863   56.72%
      0     0        0.0076     2        0.0175 UserPurge1: 1     8864   56.72%
      0     0        0.0076     2        0.0175 UserPurge1: 1     8865   56.72%
      0     0        0.0076     2        0.0175 UserPurge1: 1     8866   56.72%
      0     0        0.0076     2        0.0175 UserPurge1: 1     8867   56.72%
      0     0        0.0076     2        0.0175 UserPurge1: 1     8868   56.72%
      0     0        0.0076     2        0.0175 UserPurge1: 1     8869   56.72%
      0     0        0.0076     2        0.0175 UserPurge1: 1     8870   56.72%
      0     0        0.0076     2        0.0175 UserPurge1: 1     8871   56.72%
      0     0        0.0076     2        0.0175 UserPurge1: 1     8872   56.72%
      0     0        0.0076     2        0.0175 UserPurge1: 1     8873   56.72%
      0     0        0.0076     2        0.0175 UserPurge1: 1     8874   56.72%
      0     0        0.0076     2        0.0175 UserPurge1: 1     8875   56.72%
      0     0        0.0076     2        0.0175 UserPurge1: 1     8876   56.72%
      0     0        0.0076     2        0.0175 UserPurge1: 1     8877   56.72%
      0     0        0.0076     2        0.0175 UserPurge1: 1     8878   56.72%
      0     0        0.0076     2        0.0175 UserPurge1: 1     8879   56.72%
      0     0        0.0076     2        0.0175 UserPurge1: 1     8880   56.72%
      0     0        0.0076     2        0.0175 UserPurge1: 1     8881   56.72%
      0     0        0.0076     2        0.0175 UserPurge1: 1     8882   56.72%
      0     0        0.0076     2        0.0175 UserPurge1: 1     8883   56.72%
      0     0        0.0076     2        0.0175 UserPurge1: 1     8884   56.72%
      0     0        0.0076     2        0.0175 UserPurge1: 1     8885   56.72%
      0     0        0.0076     2        0.0175 UserPurge1: 1     8886   56.72%
      0     0        0.0076     2        0.0175 UserPurge1: 1     8887   56.72%
      0     0        0.0076     2        0.0175 UserPurge1: 1     8888   56.72%
      0     0        0.0076     2        0.0175 UserPurge1: 1     8889   56.72%
      0     0        0.0076     2        0.0175 UserPurge1: 1     8890   56.72%
      0     0        0.0076     2        0.0175 UserPurge1: 1     8891   56.72%
      0     0        0.0076     2        0.0175 UserPurge1: 1     8892   56.72%
      0     0        0.0076     2        0.0175 UserPurge1: 1     8893   56.72%
      0     0        0.0076     2        0.0175 UserPurge1: 1     8894   56.72%
      0     0        0.0076     2        0.0175 UserPurge1: 1     8895   56.72%
      0     0        0.0076     2        0.0175 UserPurge1: 1     8896   56.72%
      0     0        0.0076     2        0.0175 UserPurge1: 1     8897   56.72%
      0     0        0.0076     2        0.0175 UserPurge1: 1     8898   56.72%
      0     0        0.0076     2        0.0175 UserPurge1: 1     8899   56.72%
      0     0        0.0076     2        0.0175 UserPurge1: 1     8900   56.72%
      0     0        0.0076     2        0.0175 UserPurge1: 1     8901   56.72%
      0     0        0.0076     2        0.0175 UserPurge1: 1     8902   56.72%
      0     0        0.0076     2        0.0175 UserPurge1: 1     8903   56.72%
      0     0        0.0076     2        0.0175 UserPurge1: 1     8904   56.72%
      0     0        0.0076     2        0.0175 UserPurge1: 1     8905   56.72%
      0     0        0.0076     2        0.0175 UserPurge1: 1     8906   56.72%
      0     0        0.0076     2        0.0175 UserPurge1: 1     8907   56.72%
      0     0        0.0076     2        0.0175 UserPurge1: 1     8908   56.72%
      0     0        0.0076     2        0.0175 UserPurge1: 1     8909   56.72%
      0     0        0.0076     2        0.0175 UserPurge1: 1     8910   56.72%
      0     0        0.0076     2        0.0175 UserPurge1: 1     8911   56.72%
      0     0        0.0076     2        0.0175 UserPurge1: 1     8912   56.72%
      0     0        0.0076     2        0.0175 UserPurge1: 1     8913   56.72%
      0     0        0.0076     2        0.0175 UserPurge1: 1     8914   56.72%
      0     0        0.0076     2        0.0175 UserPurge1: 1     8915   56.72%
      0     0        0.0076     2        0.0175 UserPurge1: 1     8916   56.72%
      0     0        0.0076     2        0.0175 UserPurge1: 1     8917   56.72%
      0     0        0.0076     2        0.0175 UserPurge1: 1     8918   56.72%
      0     0        0.0076     2        0.0175 UserPurge1: 1     8919   56.72%
      0     0        0.0076     2        0.0175 UserPurge1: 1     8920   56.72%
      0     0        0.0076     2        0.0175 UserPurge1: 1     8921   56.72%
      0     0        0.0076     2        0.0175 UserPurge1: 1     8922   56.72%
      0     0        0.0076     2        0.0175 UserPurge1: 1     8923   56.72%
      0     0        0.0076     2        0.0175 UserPurge1: 1     8924   56.72%
      0     0        0.0076     2        0.0175 UserPurge1: 1     8925   56.72%
      0     0        0.0076     2        0.0175 UserPurge1: 1     8926   56.72%
      0     0        0.0076     2        0.0175 UserPurge1: 1     8927   56.72%
      0     0        0.0076     2        0.0175 UserPurge1: 1     8928   56.72%
      0     0        0.0076     2        0.0175 UserPurge1: 1     8929   56.72%
      0     0        0.0076     2        0.0175 UserPurge1: 1     8930   56.72%
      0     0        0.0076     2        0.0175 UserPurge1: 1     8931   56.72%
      0     0        0.0076     2        0.0175 UserPurge1: 1     8932   56.72%
      0     0        0.0076     2        0.0175 UserPurge1: 1     8933   56.72%
      0     0        0.0076     2        0.0175 UserPurge1: 1     8934   56.72%
      0     0        0.0076     2        0.0175 UserPurge1: 1     8935   56.72%
      0     0        0.0076     2        0.0175 UserPurge1: 1     8936   56.72%
      0     0        0.0076     2        0.0175 UserPurge1: 1     8937   56.72%
      0     0        0.0076     2        0.0175 UserPurge1: 1     8938   56.72%
      0     0        0.0076     2        0.0175 UserPurge1: 1     8939   56.72%
      0     0        0.0076     2        0.0175 UserPurge1: 1     8940   56.72%
      0     0        0.0076     2        0.0175 UserPurge1: 1     8941   56.72%
      0     0        0.0076     2        0.0175 UserPurge1: 1     8942   56.72%
      0     0        0.0076     2        0.0175 UserPurge1: 1     8943   56.72%
      0     0        0.0076     2        0.0175 UserPurge1: 1     8944   56.72%
      0     0        0.0076     2        0.0175 UserPurge1: 1     8945   56.72%
      0     0        0.0076     2        0.0175 UserPurge1: 1     8946   56.72%
      0     0        0.0076     2        0.0175 UserPurge1: 1     8947   56.72%
      0     0        0.0076     2        0.0175 UserPurge1: 1     8948   56.72%
      0     0        0.0076     2        0.0175 UserPurge1: 1     8949   56.72%
      0     0        0.0076     2        0.0175 UserPurge1: 1     8950   56.72%
      0     0        0.0076     2        0.0175 UserPurge1: 1     8951   56.72%
      0     0        0.0076     2        0.0175 UserPurge1: 1     8952   56.72%
      0     0        0.0076     2        0.0175 UserPurge1: 1     8953   56.72%
      0     0        0.0076     2        0.0175 UserPurge1: 1     8954   56.72%
      0     0        0.0076     2        0.0175 UserPurge1: 1     8955   56.72%
      0     0        0.0076     2        0.0175 UserPurge1: 1     8956   56.72%
      0     0        0.0076     2        0.0175 UserPurge1: 1     8957   56.72%
      0     0        0.0076     2        0.0175 UserPurge1: 1     8958   56.72%
      0     0        0.0076     2        0.0175 UserPurge1: 1     8959   56.72%
      0     0        0.0076     2        0.0175 UserPurge1: 1     8960   56.72%
      0     0        0.0076     2        0.0175 UserPurge1: 1     8961   56.72%
      0     0        0.0076     2        0.0175 UserPurge1: 1     8962   56.72%
      0     0        0.0076     2        0.0175 UserPurge1: 1     8963   56.72%
      0     0        0.0076     2        0.0175 UserPurge1: 1     8964   56.72%
      0     0        0.0076     2        0.0175 UserPurge1: 1     8965   56.72%
      0     0        0.0076     2        0.0175 UserPurge1: 1     8966   56.72%
      0     0        0.0076     2        0.0175 UserPurge1: 1     8967   56.72%
      0     0        0.0076     2        0.0175 UserPurge1: 1     8968   56.72%
      0     0        0.0076     2        0.0175 UserPurge1: 1     8969   56.72%
      0     0        0.0076     2        0.0175 UserPurge1: 1     8970   56.72%
      0     0        0.0076     2        0.0175 UserPurge1: 1     8971   56.72%
      0     0        0.0076     2        0.0175 UserPurge1: 1     8972   56.72%
      0     0        0.0076     2        0.0175 UserPurge1: 1     8973   56.72%
      0     0        0.0076     2        0.0175 UserPurge1: 1     8974   56.72%
      0     0        0.0076     2        0.0175 UserPurge1: 1     8975   56.72%
      0     0        0.0076     2        0.0175 UserPurge1: 1     8976   56.72%
      0     0        0.0076     2        0.0175 UserPurge1: 1     8977   56.72%
      0     0        0.0076     2        0.0175 UserPurge1: 1     8978   56.72%
      0     0        0.0076     2        0.0175 UserPurge1: 1     8979   56.72%
      0     0        0.0076     2        0.0175 UserPurge1: 1     8980   56.72%
      0     0        0.0076     2        0.0175 UserPurge1: 1     8981   56.72%
      0     0        0.0076     2        0.0175 UserPurge1: 1     8982   56.72%
      0     0        0.0076     2        0.0175 UserPurge1: 1     8983   56.72%
      0     0        0.0076     2        0.0175 UserPurge1: 1     8984   56.72%
      0     0        0.0076     2        0.0175 UserPurge1: 1     8985   56.72%
      0     0        0.0076     2        0.0175 UserPurge1: 1     8986   56.72%
      0     0        0.0076     2        0.0175 UserPurge1: 1     8987   56.72%
      0     0        0.0076     2        0.0175 UserPurge1: 1     8988   56.72%
      0     0        0.0076     2        0.0175 UserPurge1: 1     8989   56.72%
      0     0        0.0076     2        0.0175 UserPurge1: 1     8990   56.72%
      0     0        0.0076     2        0.0175 UserPurge1: 1     8991   56.72%
      0     0        0.0076     2        0.0175 UserPurge1: 1     8992   56.72%
      0     0        0.0076     2        0.0175 UserPurge1: 1     8993   56.72%
      0     0        0.0076     2        0.0175 UserPurge1: 1     8994   56.72%
      0     0        0.0076     2        0.0175 UserPurge1: 1     8995   56.72%
      0     0        0.0076     2        0.0175 UserPurge1: 1     8996   56.72%
      0     0        0.0076     2        0.0175 UserPurge1: 1     8997   56.72%
      0     0        0.0076     2        0.0175 UserPurge1: 1     8998   56.72%
      0     0        0.0076     2        0.0175 UserPurge1: 1     8999   56.72%
      0     0        0.0076     2        0.0175 UserPurge1: 1     9000   56.72%
      0     0        0.0076     2        0.0175 UserPurge1: 1     9001   56.72%
      0     0        0.0076     2        0.0175 UserPurge1: 1     9002   56.72%
      0     0        0.0076     2        0.0175 UserPurge1: 1     9003   56.72%
      0     0        0.0076     2        0.0175 UserPurge1: 1     9004   56.72%
      0     0        0.0076     2        0.0175 UserPurge1: 1     9005   56.72%
      0     0        0.0076     2        0.0175 UserPurge1: 1     9006   56.72%
      0     0        0.0076     2        0.0175 UserPurge1: 1     9007   56.72%
      0     0        0.0076     2        0.0175 UserPurge1: 1     9008   56.72%
      0     0        0.0076     2        0.0175 UserPurge1: 1     9009   56.72%
      0     0        0.0076     2        0.0175 UserPurge1: 1     9010   56.72%
      0     0        0.0076     2        0.0175 UserPurge1: 1     9011   56.72%
      0     0        0.0076     2        0.0175 UserPurge1: 1     9012   56.72%
      0     0        0.0076     2        0.0175 UserPurge1: 1     9013   56.72%
      0     0        0.0076     2        0.0175 UserPurge1: 1     9014   56.72%
      0     0        0.0076     2        0.0175 UserPurge1: 1     9015   56.72%
      0     0        0.0076     2        0.0175 UserPurge1: 1     9016   56.72%
      0     0        0.0076     2        0.0175 UserPurge1: 1     9017   56.72%
      0     0        0.0076     2        0.0175 UserPurge1: 1     9018   56.72%
      0     0        0.0076     2        0.0175 UserPurge1: 1     9019   56.72%
      0     0        0.0076     2        0.0175 UserPurge1: 1     9020   56.72%
      0     0        0.0076     2        0.0175 UserPurge1: 1     9021   56.72%
      0     0        0.0076     2        0.0175 UserPurge1: 1     9022   56.72%
      0     0        0.0076     2        0.0175 UserPurge1: 1     9023   56.72%
      0     0        0.0076     2        0.0175 UserPurge1: 1     9024   56.72%
      0     0        0.0076     2        0.0175 UserPurge1: 1     9025   56.72%
      0     0        0.0076     2        0.0175 UserPurge1: 1     9026   56.72%
      0     0        0.0076     2        0.0175 UserPurge1: 1     9027   56.72%
      0     0        0.0076     2        0.0175 UserPurge1: 1     9028   56.72%
      0     0        0.0076     2        0.0175 UserPurge1: 1     9029   56.72%
      0     0        0.0076     2        0.0175 UserPurge1: 1     9030   56.72%
      0     0        0.0076     2        0.0175 UserPurge1: 1     9031   56.72%
      0     0        0.0076     2        0.0175 UserPurge1: 1     9032   56.72%
      0     0        0.0076     2        0.0175 UserPurge1: 1     9033   56.72%
      0     0        0.0076     2        0.0175 UserPurge1: 1     9034   56.72%
      0     0        0.0076     2        0.0175 UserPurge1: 1     9035   56.72%
      0     0        0.0076     2        0.0175 UserPurge1: 1     9036   56.72%
      0     0        0.0076     2        0.0175 UserPurge1: 1     9037   56.72%
      0     0        0.0076     2        0.0175 UserPurge1: 1     9038   56.72%
      0     0        0.0076     2        0.0175 UserPurge1: 1     9039   56.72%
      0     0        0.0076     2        0.0175 UserPurge1: 1     9040   56.72%
      0     0        0.0076     2        0.0175 UserPurge1: 1     9041   56.72%
      0     0        0.0076     2        0.0175 UserPurge1: 1     9042   56.72%
      0     0        0.0076     2        0.0175 UserPurge1: 1     9043   56.72%
      0     0        0.0076     2        0.0175 UserPurge1: 1     9044   56.72%
      0     0        0.0076     2        0.0175 UserPurge1: 1     9045   56.72%
      0     0        0.0076     2        0.0175 UserPurge1: 1     9046   56.72%
      0     0        0.0076     2        0.0175 UserPurge1: 1     9047   56.72%
      0     0        0.0076     2        0.0175 UserPurge1: 1     9048   56.72%
      0     0        0.0076     2        0.0175 UserPurge1: 1     9049   56.72%
      0     0        0.0076     2        0.0175 UserPurge1: 1     9050   56.72%
      0     0        0.0076     2        0.0175 UserPurge1: 1     9051   56.72%
      0     0        0.0076     2        0.0175 UserPurge1: 1     9052   56.72%
      0     0        0.0076     2        0.0175 UserPurge1: 1     9053   56.72%
      0     0        0.0076     2        0.0175 UserPurge1: 1     9054   56.72%
      0     0        0.0076     2        0.0175 UserPurge1: 1     9055   56.72%
      0     0        0.0076     2        0.0175 UserPurge1: 1     9056   56.72%
      0     0        0.0076     2        0.0175 UserPurge1: 1     9057   56.72%
      0     0        0.0076     2        0.0175 UserPurge1: 1     9058   56.72%
      0     0        0.0076     2        0.0175 UserPurge1: 1     9059   56.72%
      0     0        0.0076     2        0.0175 UserPurge1: 1     9060   56.72%
      0     0        0.0076     2        0.0175 UserPurge1: 1     9061   56.72%
      0     0        0.0076     2        0.0175 UserPurge1: 1     9062   56.72%
      0     0        0.0076     2        0.0175 UserPurge1: 1     9063   56.72%
      0     0        0.0076     2        0.0175 UserPurge1: 1     9064   56.72%
      0     0        0.0076     2        0.0175 UserPurge1: 1     9065   56.72%
      0     0        0.0076     2        0.0175 UserPurge1: 1     9066   56.72%
      0     0        0.0076     2        0.0175 UserPurge1: 1     9067   56.72%
      0     0        0.0076     2        0.0175 UserPurge1: 1     9068   56.72%
      0     0        0.0076     2        0.0175 UserPurge1: 1     9069   56.72%
      0     0        0.0076     2        0.0175 UserPurge1: 1     9070   56.72%
      0     0        0.0076     2        0.0175 UserPurge1: 1     9071   56.72%
      0     0        0.0076     2        0.0175 UserPurge1: 1     9072   56.72%
      0     0        0.0076     2        0.0175 UserPurge1: 1     9073   56.72%
      0     0        0.0076     2        0.0175 UserPurge1: 1     9074   56.72%
      0     0        0.0076     2        0.0175 UserPurge1: 1     9075   56.72%
      0     0        0.0076     2        0.0175 UserPurge1: 1     9076   56.72%
      0     0        0.0076     2        0.0175 UserPurge1: 1     9077   56.72%
      0     0        0.0076     2        0.0175 UserPurge1: 1     9078   56.72%
      0     0        0.0076     2        0.0175 UserPurge1: 1     9079   56.72%
      0     0        0.0076     2        0.0175 UserPurge1: 1     9080   56.72%
      0     0        0.0076     2        0.0175 UserPurge1: 1     9081   56.72%
      0     0        0.0076     2        0.0175 UserPurge1: 1     9082   56.72%
      0     0        0.0076     2        0.0175 UserPurge1: 1     9083   56.72%
      0     0        0.0076     2        0.0175 UserPurge1: 1     9084   56.72%
      0     0        0.0076     2        0.0175 UserPurge1: 1     9085   56.72%
      0     0        0.0076     2        0.0175 UserPurge1: 1     9086   56.72%
      0     0        0.0076     2        0.0175 UserPurge1: 1     9087   56.72%
      0     0        0.0076     2        0.0175 UserPurge1: 1     9088   56.72%
      0     0        0.0076     2        0.0175 UserPurge1: 1     9089   56.72%
      0     0        0.0076     2        0.0175 UserPurge1: 1     9090   56.72%
      0     0        0.0076     2        0.0175 UserPurge1: 1     9091   56.72%
      0     0        0.0076     2        0.0175 UserPurge1: 1     9092   56.72%
      0     0        0.0076     2        0.0175 UserPurge1: 1     9093   56.72%
      0     0        0.0076     2        0.0175 UserPurge1: 1     9094   56.72%
      0     0        0.0076     2        0.0175 UserPurge1: 1     9095   56.72%
      0     0        0.0076     2        0.0175 UserPurge1: 1     9096   56.72%
      0     0        0.0076     2        0.0175 UserPurge1: 1     9097   56.72%
      0     0        0.0076     2        0.0175 UserPurge1: 1     9098   56.72%
      0     0        0.0076     2        0.0175 UserPurge1: 1     9099   56.72%
      0     0        0.0076     2        0.0175 UserPurge1: 1     9100   56.72%
      0     0        0.0076     2        0.0175 UserPurge1: 1     9101   56.72%
      0     0        0.0076     2        0.0175 UserPurge1: 1     9102   56.72%
      0     0        0.0076     2        0.0175 UserPurge1: 1     9103   56.72%
      0     0        0.0076     2        0.0175 UserPurge1: 1     9104   56.72%
      0     0        0.0076     2        0.0175 UserPurge1: 1     9105   56.72%
      0     0        0.0076     2        0.0175 UserPurge1: 1     9106   56.72%
      0     0        0.0076     2        0.0175 UserPurge1: 1     9107   56.72%
      0     0        0.0076     2        0.0175 UserPurge1: 1     9108   56.72%
      0     0        0.0076     2        0.0175 UserPurge1: 1     9109   56.72%
      0     0        0.0076     2        0.0175 UserPurge1: 1     9110   56.72%
      0     0        0.0076     2        0.0175 UserPurge1: 1     9111   56.72%
      0     0        0.0076     2        0.0175 UserPurge1: 1     9112   56.72%
      0     0        0.0076     2        0.0175 UserPurge1: 1     9113   56.72%
      0     0        0.0076     2        0.0175 UserPurge1: 1     9114   56.72%
      0     0        0.0076     2        0.0175 UserPurge1: 1     9115   56.72%
      0     0        0.0076     2        0.0175 UserPurge1: 1     9116   56.72%
      0     0        0.0076     2        0.0175 UserPurge1: 1     9117   56.72%
      0     0        0.0076     2        0.0175 UserPurge1: 1     9118   56.72%
      0     0        0.0076     2        0.0175 UserPurge1: 1     9119   56.72%
      0     0        0.0076     2        0.0175 UserPurge1: 1     9120   56.72%
      0     0        0.0076     2        0.0175 UserPurge1: 1     9121   56.72%
      0     0        0.0076     2        0.0175 UserPurge1: 1     9122   56.72%
      0     0        0.0076     2        0.0175 UserPurge1: 1     9123   56.72%
      0     0        0.0076     2        0.0175 UserPurge1: 1     9124   56.72%
      0     0        0.0076     2        0.0175 UserPurge1: 1     9125   56.72%
      0     0        0.0076     2        0.0175 UserPurge1: 1     9126   56.72%
      0     0        0.0076     2        0.0175 UserPurge1: 1     9127   56.72%
      0     0        0.0076     2        0.0175 UserPurge1: 1     9128   56.72%
      0     0        0.0076     2        0.0175 UserPurge1: 1     9129   56.72%
      0     0        0.0076     2        0.0175 UserPurge1: 1     9130   56.72%
      0     0        0.0076     2        0.0175 UserPurge1: 1     9131   56.72%
      0     0        0.0076     2        0.0175 UserPurge1: 1     9132   56.72%
      0     0        0.0076     2        0.0175 UserPurge1: 1     9133   56.72%
      0     0        0.0076     2        0.0175 UserPurge1: 1     9134   56.72%
      0     0        0.0076     2        0.0175 UserPurge1: 1     9135   56.72%
      0     0        0.0076     2        0.0175 UserPurge1: 1     9136   56.72%
      0     0        0.0076     2        0.0175 UserPurge1: 1     9137   56.72%
      0     0        0.0076     2        0.0175 UserPurge1: 1     9138   56.72%
      0     0        0.0076     2        0.0175 UserPurge1: 1     9139   56.72%
      0     0        0.0076     2        0.0175 UserPurge1: 1     9140   56.72%
      0     0        0.0076     2        0.0175 UserPurge1: 1     9141   56.72%
      0     0        0.0076     2        0.0175 UserPurge1: 1     9142   56.72%
      0     0        0.0076     2        0.0175 UserPurge1: 1     9143   56.72%
      0     0        0.0076     2        0.0175 UserPurge1: 1     9144   56.72%
      0     0        0.0076     2        0.0175 UserPurge1: 1     9145   56.72%
      0     0        0.0076     2        0.0175 UserPurge1: 1     9146   56.72%
      0     0        0.0076     2        0.0175 UserPurge1: 1     9147   56.72%
      0     0        0.0076     2        0.0175 UserPurge1: 1     9148   56.72%
      0     0        0.0076     2        0.0175 UserPurge1: 1     9149   56.72%
      0     0        0.0076     2        0.0175 UserPurge1: 1     9150   56.72%
      0     0        0.0076     2        0.0175 UserPurge1: 1     9151   56.72%
      0     0        0.0076     2        0.0175 UserPurge1: 1     9152   56.72%
      0     0        0.0076     2        0.0175 UserPurge1: 1     9153   56.72%
      0     0        0.0076     2        0.0175 UserPurge1: 1     9154   56.72%
      0     0        0.0076     2        0.0175 UserPurge1: 1     9155   56.72%
      0     0        0.0076     2        0.0175 UserPurge1: 1     9156   56.72%
      0     0        0.0076     2        0.0175 UserPurge1: 1     9157   56.72%
      0     0        0.0076     2        0.0175 UserPurge1: 1     9158   56.72%
      0     0        0.0076     2        0.0175 UserPurge1: 1     9159   56.72%
      0     0        0.0076     2        0.0175 UserPurge1: 1     9160   56.72%
      0     0        0.0076     2        0.0175 UserPurge1: 1     9161   56.72%
      0     0        0.0076     2        0.0175 UserPurge1: 1     9162   56.72%
      0     0        0.0076     2        0.0175 UserPurge1: 1     9163   56.72%
      0     0        0.0076     2        0.0175 UserPurge1: 1     9164   56.72%
      0     0        0.0076     2        0.0175 UserPurge1: 1     9165   56.72%
      0     0        0.0076     2        0.0175 UserPurge1: 1     9166   56.72%
      0     0        0.0076     2        0.0175 UserPurge1: 1     9167   56.72%
      0     0        0.0076     2        0.0175 UserPurge1: 1     9168   56.72%
      0     0        0.0076     2        0.0175 UserPurge1: 1     9169   56.72%
      0     0        0.0076     2        0.0175 UserPurge1: 1     9170   56.72%
      0     0        0.0076     2        0.0175 UserPurge1: 1     9171   56.72%
      0     0        0.0076     2        0.0175 UserPurge1: 1     9172   56.72%
      0     0        0.0076     2        0.0175 UserPurge1: 1     9173   56.72%
      0     0        0.0076     2        0.0175 UserPurge1: 1     9174   56.72%
      0     0        0.0076     2        0.0175 UserPurge1: 1     9175   56.72%
      0     0        0.0076     2        0.0175 UserPurge1: 1     9176   56.72%
      0     0        0.0076     2        0.0175 UserPurge1: 1     9177   56.72%
      0     0        0.0076     2        0.0175 UserPurge1: 1     9178   56.72%
      0     0        0.0076     2        0.0175 UserPurge1: 1     9179   56.72%
      0     0        0.0076     2        0.0175 UserPurge1: 1     9180   56.72%
      0     0        0.0076     2        0.0175 UserPurge1: 1     9181   56.72%
      0     0        0.0076     2        0.0175 UserPurge1: 1     9182   56.72%
      0     0        0.0076     2        0.0175 UserPurge1: 1     9183   56.72%
      0     0        0.0076     2        0.0175 UserPurge1: 1     9184   56.72%
      0     0        0.0076     2        0.0175 UserPurge1: 1     9185   56.72%
      0     0        0.0076     2        0.0175 UserPurge1: 1     9186   56.72%
      0     0        0.0076     2        0.0175 UserPurge1: 1     9187   56.72%
      0     0        0.0076     2        0.0175 UserPurge1: 1     9188   56.72%
      0     0        0.0076     2        0.0175 UserPurge1: 1     9189   56.72%
      0     0        0.0076     2        0.0175 UserPurge1: 1     9190   56.72%
      0     0        0.0076     2        0.0175 UserPurge1: 1     9191   56.72%
      0     0        0.0076     2        0.0175 UserPurge1: 1     9192   56.72%
      0     0        0.0076     2        0.0175 UserPurge1: 1     9193   56.72%
      0     0        0.0076     2        0.0175 UserPurge1: 1     9194   56.72%
      0     0        0.0076     2        0.0175 UserPurge1: 1     9195   56.72%
      0     0        0.0076     2        0.0175 UserPurge1: 1     9196   56.72%
      0     0        0.0076     2        0.0175 UserPurge1: 1     9197   56.72%
      0     0        0.0076     2        0.0175 UserPurge1: 1     9198   56.72%
      0     0        0.0076     2        0.0175 UserPurge1: 1     9199   56.72%
      0     0        0.0076     2        0.0175 UserPurge1: 1     9200   56.72%
      0     0        0.0076     2        0.0175 UserPurge1: 1     9201   56.72%
      0     0        0.0076     2        0.0175 UserPurge1: 1     9202   56.72%
      0     0        0.0076     2        0.0175 UserPurge1: 1     9203   56.72%
      0     0        0.0076     2        0.0175 UserPurge1: 1     9204   56.72%
      0     0        0.0076     2        0.0175 UserPurge1: 1     9205   56.72%
      0     0        0.0076     2        0.0175 UserPurge1: 1     9206   56.72%
      0     0        0.0076     2        0.0175 UserPurge1: 1     9207   56.72%
      0     0        0.0076     2        0.0175 UserPurge1: 1     9208   56.72%
      0     0        0.0076     2        0.0175 UserPurge1: 1     9209   56.72%
      0     0        0.0076     2        0.0175 UserPurge1: 1     9210   56.72%
      0     0        0.0076     2        0.0175 UserPurge1: 1     9211   56.72%
      0     0        0.0076     2        0.0175 UserPurge1: 1     9212   56.72%
      0     0        0.0076     2        0.0175 UserPurge1: 1     9213   56.72%
      0     0        0.0076     2        0.0175 UserPurge1: 1     9214   56.72%
      0     0        0.0076     2        0.0175 UserPurge1: 1     9215   56.72%
      0     0        0.0076     2        0.0175 UserPurge1: 1     9216   56.72%
      0     0        0.0076     2        0.0175 UserPurge1: 1     9217   56.72%
      0     0        0.0076     2        0.0175 UserPurge1: 1     9218   56.72%
      0     0        0.0076     2        0.0175 UserPurge1: 1     9219   56.72%
      0     0        0.0076     2        0.0175 UserPurge1: 1     9220   56.72%
      0     0        0.0076     2        0.0175 UserPurge1: 1     9221   56.72%
      0     0        0.0076     2        0.0175 UserPurge1: 1     9222   56.72%
      0     0        0.0076     2        0.0175 UserPurge1: 1     9223   56.72%
      0     0        0.0076     2        0.0175 UserPurge1: 1     9224   56.72%
      0     0        0.0076     2        0.0175 UserPurge1: 1     9225   56.72%
      0     0        0.0076     2        0.0175 UserPurge1: 1     9226   56.72%
      0     0        0.0076     2        0.0175 UserPurge1: 1     9227   56.72%
      0     0        0.0076     2        0.0175 UserPurge1: 1     9228   56.72%
      0     0        0.0076     2        0.0175 UserPurge1: 1     9229   56.72%
      0     0        0.0076     2        0.0175 UserPurge1: 1     9230   56.72%
      0     0        0.0076     2        0.0175 UserPurge1: 1     9231   56.72%
      0     0        0.0076     2        0.0175 UserPurge1: 1     9232   56.72%
      0     0        0.0076     2        0.0175 UserPurge1: 1     9233   56.72%
      0     0        0.0076     2        0.0175 UserPurge1: 1     9234   56.72%
      0     0        0.0076     2        0.0175 UserPurge1: 1     9235   56.72%
      0     0        0.0076     2        0.0175 UserPurge1: 1     9236   56.72%
      0     0        0.0076     2        0.0175 UserPurge1: 1     9237   56.72%
      0     0        0.0076     2        0.0175 UserPurge1: 1     9238   56.72%
      0     0        0.0076     2        0.0175 UserPurge1: 1     9239   56.72%
      0     0        0.0076     2        0.0175 UserPurge1: 1     9240   56.72%
      0     0        0.0076     2        0.0175 UserPurge1: 1     9241   56.72%
      0     0        0.0076     2        0.0175 UserPurge1: 1     9242   56.72%
      0     0        0.0076     2        0.0175 UserPurge1: 1     9243   56.72%
      0     0        0.0076     2        0.0175 UserPurge1: 1     9244   56.72%
      0     0        0.0076     2        0.0175 UserPurge1: 1     9245   56.72%
      0     0        0.0076     2        0.0175 UserPurge1: 1     9246   56.72%
      0     0        0.0076     2        0.0175 UserPurge1: 1     9247   56.72%
      0     0        0.0076     2        0.0175 UserPurge1: 1     9248   56.72%
      0     0        0.0076     2        0.0175 UserPurge1: 1     9249   56.72%
      0     0        0.0076     2        0.0175 UserPurge1: 1     9250   56.72%
      0     0        0.0076     2        0.0175 UserPurge1: 1     9251   56.72%
      0     0        0.0076     2        0.0175 UserPurge1: 1     9252   56.72%
      0     0        0.0076     2        0.0175 UserPurge1: 1     9253   56.72%
      0     0        0.0076     2        0.0175 UserPurge1: 1     9254   56.72%
      0     0        0.0076     2        0.0175 UserPurge1: 1     9255   56.72%
      0     0        0.0076     2        0.0175 UserPurge1: 1     9256   56.72%
      0     0        0.0076     2        0.0175 UserPurge1: 1     9257   56.72%
      0     0        0.0076     2        0.0175 UserPurge1: 1     9258   56.72%
      0     0        0.0076     2        0.0175 UserPurge1: 1     9259   56.72%
      0     0        0.0076     2        0.0175 UserPurge1: 1     9260   56.72%
      0     0        0.0076     2        0.0175 UserPurge1: 1     9261   56.72%
      0     0        0.0076     2        0.0175 UserPurge1: 1     9262   56.72%
      0     0        0.0076     2        0.0175 UserPurge1: 1     9263   56.72%
      0     0        0.0076     2        0.0175 UserPurge1: 1     9264   56.72%
      0     0        0.0076     2        0.0175 UserPurge1: 1     9265   56.72%
      0     0        0.0076     2        0.0175 UserPurge1: 1     9266   56.72%
      0     0        0.0076     2        0.0175 UserPurge1: 1     9267   56.72%
      0     0        0.0076     2        0.0175 UserPurge1: 1     9268   56.72%
      0     0        0.0076     2        0.0175 UserPurge1: 1     9269   56.72%
      0     0        0.0076     2        0.0175 UserPurge1: 1     9270   56.72%
      0     0        0.0076     2        0.0175 UserPurge1: 1     9271   56.72%
      0     0        0.0076     2        0.0175 UserPurge1: 1     9272   56.72%
      0     0        0.0076     2        0.0175 UserPurge1: 1     9273   56.72%
      0     0        0.0076     2        0.0175 UserPurge1: 1     9274   56.72%
      0     0        0.0076     2        0.0175 UserPurge1: 1     9275   56.72%
      0     0        0.0076     2        0.0175 UserPurge1: 1     9276   56.72%
      0     0        0.0076     2        0.0175 UserPurge1: 1     9277   56.72%
      0     0        0.0076     2        0.0175 UserPurge1: 1     9278   56.72%
      0     0        0.0076     2        0.0175 UserPurge1: 1     9279   56.72%
      0     0        0.0076     2        0.0175 UserPurge1: 1     9280   56.72%
      0     0        0.0076     2        0.0175 UserPurge1: 1     9281   56.72%
      0     0        0.0076     2        0.0175 UserPurge1: 1     9282   56.72%
      0     0        0.0076     2        0.0175 UserPurge1: 1     9283   56.72%
      0     0        0.0076     2        0.0175 UserPurge1: 1     9284   56.72%
      0     0        0.0076     2        0.0175 UserPurge1: 1     9285   56.72%
      0     0        0.0076     2        0.0175 UserPurge1: 1     9286   56.72%
      0     0        0.0076     2        0.0175 UserPurge1: 1     9287   56.72%
      0     0        0.0076     2        0.0175 UserPurge1: 1     9288   56.72%
      0     0        0.0076     2        0.0175 UserPurge1: 1     9289   56.72%
      0     0        0.0076     2        0.0175 UserPurge1: 1     9290   56.72%
      0     0        0.0076     2        0.0175 UserPurge1: 1     9291   56.72%
      0     0        0.0076     2        0.0175 UserPurge1: 1     9292   56.72%
      0     0        0.0076     2        0.0175 UserPurge1: 1     9293   56.72%
      0     0        0.0076     2        0.0175 UserPurge1: 1     9294   56.72%
      0     0        0.0076     2        0.0175 UserPurge1: 1     9295   56.72%
      0     0        0.0076     2        0.0175 UserPurge1: 1     9296   56.72%
      0     0        0.0076     2        0.0175 UserPurge1: 1     9297   56.72%
      0     0        0.0076     2        0.0175 UserPurge1: 1     9298   56.72%
      0     0        0.0076     2        0.0175 UserPurge1: 1     9299   56.72%
      0     0        0.0076     2        0.0175 UserPurge1: 1     9300   56.72%
      0     0        0.0076     2        0.0175 UserPurge1: 1     9301   56.72%
      0     0        0.0076     2        0.0175 UserPurge1: 1     9302   56.72%
      0     0        0.0076     2        0.0175 UserPurge1: 1     9303   56.72%
      0     0        0.0076     2        0.0175 UserPurge1: 1     9304   56.72%
      0     0        0.0076     2        0.0175 UserPurge1: 1     9305   56.72%
      0     0        0.0076     2        0.0175 UserPurge1: 1     9306   56.72%
      0     0        0.0076     2        0.0175 UserPurge1: 1     9307   56.72%
      0     0        0.0076     2        0.0175 UserPurge1: 1     9308   56.72%
      0     0        0.0076     2        0.0175 UserPurge1: 1     9309   56.72%
      0     0        0.0076     2        0.0175 UserPurge1: 1     9310   56.72%
      0     0        0.0076     2        0.0175 UserPurge1: 1     9311   56.72%
      0     0        0.0076     2        0.0175 UserPurge1: 1     9312   56.72%
      0     0        0.0076     2        0.0175 UserPurge1: 1     9313   56.72%
      0     0        0.0076     2        0.0175 UserPurge1: 1     9314   56.72%
      0     0        0.0076     2        0.0175 UserPurge1: 1     9315   56.72%
      0     0        0.0076     2        0.0175 UserPurge1: 1     9316   56.72%
      0     0        0.0076     2        0.0175 UserPurge1: 1     9317   56.72%
      0     0        0.0076     2        0.0175 UserPurge1: 1     9318   56.72%
      0     0        0.0076     2        0.0175 UserPurge1: 1     9319   56.72%
      0     0        0.0076     2        0.0175 UserPurge1: 1     9320   56.72%
      0     0        0.0076     2        0.0175 UserPurge1: 1     9321   56.72%
      0     0        0.0076     2        0.0175 UserPurge1: 1     9322   56.72%
      0     0        0.0076     2        0.0175 UserPurge1: 1     9323   56.72%
      0     0        0.0076     2        0.0175 UserPurge1: 1     9324   56.72%
      0     0        0.0076     2        0.0175 UserPurge1: 1     9325   56.72%
      0     0        0.0076     2        0.0175 UserPurge1: 1     9326   56.72%
      0     0        0.0076     2        0.0175 UserPurge1: 1     9327   56.72%
      0     0        0.0076     2        0.0175 UserPurge1: 1     9328   56.72%
      0     0        0.0076     2        0.0175 UserPurge1: 1     9329   56.72%
      0     0        0.0076     2        0.0175 UserPurge1: 1     9330   56.72%
      0     0        0.0076     2        0.0175 UserPurge1: 1     9331   56.72%
      0     0        0.0076     2        0.0175 UserPurge1: 1     9332   56.72%
      0     0        0.0076     2        0.0175 UserPurge1: 1     9333   56.72%
      0     0        0.0076     2        0.0175 UserPurge1: 1     9334   56.72%
      0     0        0.0076     2        0.0175 UserPurge1: 1     9335   56.72%
      0     0        0.0076     2        0.0175 UserPurge1: 1     9336   56.72%
      0     0        0.0076     2        0.0175 UserPurge1: 1     9337   56.72%
      0     0        0.0076     2        0.0175 UserPurge1: 1     9338   56.72%
      0     0        0.0076     2        0.0175 UserPurge1: 1     9339   56.72%
      0     0        0.0076     2        0.0175 UserPurge1: 1     9340   56.72%
      0     0        0.0076     2        0.0175 UserPurge1: 1     9341   56.72%
      0     0        0.0076     2        0.0175 UserPurge1: 1     9342   56.72%
      0     0        0.0076     2        0.0175 UserPurge1: 1     9343   56.72%
      0     0        0.0076     2        0.0175 UserPurge1: 1     9344   56.72%
      0     0        0.0076     2        0.0175 UserPurge1: 1     9345   56.72%
      0     0        0.0076     2        0.0175 UserPurge1: 1     9346   56.72%
      0     0        0.0076     2        0.0175 UserPurge1: 1     9347   56.72%
      0     0        0.0076     2        0.0175 UserPurge1: 1     9348   56.72%
      0     0        0.0076     2        0.0175 UserPurge1: 1     9349   56.72%
      0     0        0.0076     2        0.0175 UserPurge1: 1     9350   56.72%
      0     0        0.0076     2        0.0175 UserPurge1: 1     9351   56.72%
      0     0        0.0076     2        0.0175 UserPurge1: 1     9352   56.72%
      0     0        0.0076     2        0.0175 UserPurge1: 1     9353   56.72%
      0     0        0.0076     2        0.0175 UserPurge1: 1     9354   56.72%
      0     0        0.0076     2        0.0175 UserPurge1: 1     9355   56.72%
      0     0        0.0076     2        0.0175 UserPurge1: 1     9356   56.72%
      0     0        0.0076     2        0.0175 UserPurge1: 1     9357   56.72%
      0     0        0.0076     2        0.0175 UserPurge1: 1     9358   56.72%
      0     0        0.0076     2        0.0175 UserPurge1: 1     9359   56.72%
      0     0        0.0076     2        0.0175 UserPurge1: 1     9360   56.72%
      0     0        0.0076     2        0.0175 UserPurge1: 1     9361   56.72%
      0     0        0.0076     2        0.0175 UserPurge1: 1     9362   56.72%
      0     0        0.0076     2        0.0175 UserPurge1: 1     9363   56.72%
      0     0        0.0076     2        0.0175 UserPurge1: 1     9364   56.72%
      0     0        0.0076     2        0.0175 UserPurge1: 1     9365   56.72%
      0     0        0.0076     2        0.0175 UserPurge1: 1     9366   56.72%
      0     0        0.0076     2        0.0175 UserPurge1: 1     9367   56.72%
      0     0        0.0076     2        0.0175 UserPurge1: 1     9368   56.72%
      0     0        0.0076     2        0.0175 UserPurge1: 1     9369   56.72%
      0     0        0.0076     2        0.0175 UserPurge1: 1     9370   56.72%
      0     0        0.0076     2        0.0175 UserPurge1: 1     9371   56.72%
      0     0        0.0076     2        0.0175 UserPurge1: 1     9372   56.72%
      0     0        0.0076     2        0.0175 UserPurge1: 1     9373   56.72%
      0     0        0.0076     2        0.0175 UserPurge1: 1     9374   56.72%
      0     0        0.0076     2        0.0175 UserPurge1: 1     9375   56.72%
      0     0        0.0076     2        0.0175 UserPurge1: 1     9376   56.72%
      0     0        0.0076     2        0.0175 UserPurge1: 1     9377   56.72%
      0     0        0.0076     2        0.0175 UserPurge1: 1     9378   56.72%
      0     0        0.0076     2        0.0175 UserPurge1: 1     9379   56.72%
      0     0        0.0076     2        0.0175 UserPurge1: 1     9380   56.72%
      0     0        0.0076     2        0.0175 UserPurge1: 1     9381   56.72%
      0     0        0.0076     2        0.0175 UserPurge1: 1     9382   56.72%
      0     0        0.0076     2        0.0175 UserPurge1: 1     9383   56.72%
      0     0        0.0076     2        0.0175 UserPurge1: 1     9384   56.72%
      0     0        0.0076     2        0.0175 UserPurge1: 1     9385   56.72%
      0     0        0.0076     2        0.0175 UserPurge1: 1     9386   56.72%
      0     0        0.0076     2        0.0175 UserPurge1: 1     9387   56.72%
      0     0        0.0076     2        0.0175 UserPurge1: 1     9388   56.72%
      0     0        0.0076     2        0.0175 UserPurge1: 1     9389   56.72%
      0     0        0.0076     2        0.0175 UserPurge1: 1     9390   56.72%
      0     0        0.0076     2        0.0175 UserPurge1: 1     9391   56.72%
      0     0        0.0076     2        0.0175 UserPurge1: 1     9392   56.72%
      0     0        0.0076     2        0.0175 UserPurge1: 1     9393   56.72%
      0     0        0.0076     2        0.0175 UserPurge1: 1     9394   56.72%
      0     0        0.0076     2        0.0175 UserPurge1: 1     9395   56.72%
      0     0        0.0076     2        0.0175 UserPurge1: 1     9396   56.72%
      0     0        0.0076     2        0.0175 UserPurge1: 1     9397   56.72%
      0     0        0.0076     2        0.0175 UserPurge1: 1     9398   56.72%
      0     0        0.0076     2        0.0175 UserPurge1: 1     9399   56.72%
      0     0        0.0076     2        0.0175 UserPurge1: 1     9400   56.72%
      0     0        0.0076     2        0.0175 UserPurge1: 1     9401   56.72%
      0     0        0.0076     2        0.0175 UserPurge1: 1     9402   56.72%
      0     0        0.0076     2        0.0175 UserPurge1: 1     9403   56.72%
      0     0        0.0076     2        0.0175 UserPurge1: 1     9404   56.72%
      0     0        0.0076     2        0.0175 UserPurge1: 1     9405   56.72%
      0     0        0.0076     2        0.0175 UserPurge1: 1     9406   56.72%
      0     0        0.0076     2        0.0175 UserPurge1: 1     9407   56.72%
      0     0        0.0076     2        0.0175 UserPurge1: 1     9408   56.72%
      0     0        0.0076     2        0.0175 UserPurge1: 1     9409   56.72%
      0     0        0.0076     2        0.0175 UserPurge1: 1     9410   56.72%
      0     0        0.0076     2        0.0175 UserPurge1: 1     9411   56.72%
      0     0        0.0076     2        0.0175 UserPurge1: 1     9412   56.72%
      0     0        0.0076     2        0.0175 UserPurge1: 1     9413   56.72%
      0     0        0.0076     2        0.0175 UserPurge1: 1     9414   56.72%
      0     0        0.0076     2        0.0175 UserPurge1: 1     9415   56.72%
      0     0        0.0076     2        0.0175 UserPurge1: 1     9416   56.72%
      0     0        0.0076     2        0.0175 UserPurge1: 1     9417   56.72%
      0     0        0.0076     2        0.0175 UserPurge1: 1     9418   56.72%
      0     0        0.0076     2        0.0175 UserPurge1: 1     9419   56.72%
      0     0        0.0076     2        0.0175 UserPurge1: 1     9420   56.72%
      0     0        0.0076     2        0.0175 UserPurge1: 1     9421   56.72%
      0     0        0.0076     2        0.0175 UserPurge1: 1     9422   56.72%
      0     0        0.0076     2        0.0175 UserPurge1: 1     9423   56.72%
      0     0        0.0076     2        0.0175 UserPurge1: 1     9424   56.72%
      0     0        0.0076     2        0.0175 UserPurge1: 1     9425   56.72%
      0     0        0.0076     2        0.0175 UserPurge1: 1     9426   56.72%
      0     0        0.0076     2        0.0175 UserPurge1: 1     9427   56.72%
      0     0        0.0076     2        0.0175 UserPurge1: 1     9428   56.72%
      0     0        0.0076     2        0.0175 UserPurge1: 1     9429   56.72%
      0     0        0.0076     2        0.0175 UserPurge1: 1     9430   56.72%
      0     0        0.0076     2        0.0175 UserPurge1: 1     9431   56.72%
      0     0        0.0076     2        0.0175 UserPurge1: 1     9432   56.72%
      0     0        0.0076     2        0.0175 UserPurge1: 1     9433   56.72%
      0     0        0.0076     2        0.0175 UserPurge1: 1     9434   56.72%
      0     0        0.0076     2        0.0175 UserPurge1: 1     9435   56.72%
      0     0        0.0076     2        0.0175 UserPurge1: 1     9436   56.72%
      0     0        0.0076     2        0.0175 UserPurge1: 1     9437   56.72%
      0     0        0.0076     2        0.0175 UserPurge1: 1     9438   56.72%
      0     0        0.0076     2        0.0175 UserPurge1: 1     9439   56.72%
      0     0        0.0076     2        0.0175 UserPurge1: 1     9440   56.72%
      0     0        0.0076     2        0.0175 UserPurge1: 1     9441   56.72%
      0     0        0.0076     2        0.0175 UserPurge1: 1     9442   56.72%
      0     0        0.0076     2        0.0175 UserPurge1: 1     9443   56.72%
      0     0        0.0076     2        0.0175 UserPurge1: 1     9444   56.72%
      0     0        0.0076     2        0.0175 UserPurge1: 1     9445   56.72%
      0     0        0.0076     2        0.0175 UserPurge1: 1     9446   56.72%
      0     0        0.0076     2        0.0175 UserPurge1: 1     9447   56.72%
      0     0        0.0076     2        0.0175 UserPurge1: 1     9448   56.72%
      0     0        0.0076     2        0.0175 UserPurge1: 1     9449   56.72%
      0     0        0.0076     2        0.0175 UserPurge1: 1     9450   56.72%
      0     0        0.0076     2        0.0175 UserPurge1: 1     9451   56.72%
      0     0        0.0076     2        0.0175 UserPurge1: 1     9452   56.72%
      0     0        0.0076     2        0.0175 UserPurge1: 1     9453   56.72%
      0     0        0.0076     2        0.0175 UserPurge1: 1     9454   56.72%
      0     0        0.0076     2        0.0175 UserPurge1: 1     9455   56.72%
      0     0        0.0076     2        0.0175 UserPurge1: 1     9456   56.72%
      0     0        0.0076     2        0.0175 UserPurge1: 1     9457   56.72%
      0     0        0.0076     2        0.0175 UserPurge1: 1     9458   56.72%
      0     0        0.0076     2        0.0175 UserPurge1: 1     9459   56.72%
      0     0        0.0076     2        0.0175 UserPurge1: 1     9460   56.72%
      0     0        0.0076     2        0.0175 UserPurge1: 1     9461   56.72%
      0     0        0.0076     2        0.0175 UserPurge1: 1     9462   56.72%
      0     0        0.0076     2        0.0175 UserPurge1: 1     9463   56.72%
      0     0        0.0076     2        0.0175 UserPurge1: 1     9464   56.72%
      0     0        0.0076     2        0.0175 UserPurge1: 1     9465   56.72%
      0     0        0.0076     2        0.0175 UserPurge1: 1     9466   56.72%
      0     0        0.0076     2        0.0175 UserPurge1: 1     9467   56.72%
      0     0        0.0076     2        0.0175 UserPurge1: 1     9468   56.72%
      0     0        0.0076     2        0.0175 UserPurge1: 1     9469   56.72%
      0     0        0.0076     2        0.0175 UserPurge1: 1     9470   56.72%
      0     0        0.0076     2        0.0175 UserPurge1: 1     9471   56.72%
      0     0        0.0076     2        0.0175 UserPurge1: 1     9472   56.72%
      0     0        0.0076     2        0.0175 UserPurge1: 1     9473   56.72%
      0     0        0.0076     2        0.0175 UserPurge1: 1     9474   56.72%
      0     0        0.0076     2        0.0175 UserPurge1: 1     9475   56.72%
      0     0        0.0076     2        0.0175 UserPurge1: 1     9476   56.72%
      0     0        0.0076     2        0.0175 UserPurge1: 1     9477   56.72%
      0     0        0.0076     2        0.0175 UserPurge1: 1     9478   56.72%
      0     0        0.0076     2        0.0175 UserPurge1: 1     9479   56.72%
      0     0        0.0076     2        0.0175 UserPurge1: 1     9480   56.72%
      0     0        0.0076     2        0.0175 UserPurge1: 1     9481   56.72%
      0     0        0.0076     2        0.0175 UserPurge1: 1     9482   56.72%
      0     0        0.0076     2        0.0175 UserPurge1: 1     9483   56.72%
      0     0        0.0076     2        0.0175 UserPurge1: 1     9484   56.72%
      0     0        0.0076     2        0.0175 UserPurge1: 1     9485   56.72%
      0     0        0.0076     2        0.0175 UserPurge1: 1     9486   56.72%
      0     0        0.0076     2        0.0175 UserPurge1: 1     9487   56.72%
      0     0        0.0076     2        0.0175 UserPurge1: 1     9488   56.72%
      0     0        0.0076     2        0.0175 UserPurge1: 1     9489   56.72%
      0     0        0.0076     2        0.0175 UserPurge1: 1     9490   56.72%
      0     0        0.0076     2        0.0175 UserPurge1: 1     9491   56.72%
      0     0        0.0076     2        0.0175 UserPurge1: 1     9492   56.72%
      0     0        0.0076     2        0.0175 UserPurge1: 1     9493   56.72%
      0     0        0.0076     2        0.0175 UserPurge1: 1     9494   56.72%
      0     0        0.0076     2        0.0175 UserPurge1: 1     9495   56.72%
      0     0        0.0076     2        0.0175 UserPurge1: 1     9496   56.72%
      0     0        0.0076     2        0.0175 UserPurge1: 1     9497   56.72%
      0     0        0.0076     2        0.0175 UserPurge1: 1     9498   56.72%
      0     0        0.0076     2        0.0175 UserPurge1: 1     9499   56.72%
      0     0        0.0076     2        0.0175 UserPurge1: 1     9500   56.72%
      0     0        0.0076     2        0.0175 UserPurge1: 1     9501   56.72%
      0     0        0.0076     2        0.0175 UserPurge1: 1     9502   56.72%
      0     0        0.0076     2        0.0175 UserPurge1: 1     9503   56.72%
      0     0        0.0076     2        0.0175 UserPurge1: 1     9504   56.72%
      0     0        0.0076     2        0.0175 UserPurge1: 1     9505   56.72%
      0     0        0.0076     2        0.0175 UserPurge1: 1     9506   56.72%
      0     0        0.0076     2        0.0175 UserPurge1: 1     9507   56.72%
      0     0        0.0076     2        0.0175 UserPurge1: 1     9508   56.72%
      0     0        0.0076     2        0.0175 UserPurge1: 1     9509   56.72%
      0     0        0.0076     2        0.0175 UserPurge1: 1     9510   56.72%
      0     0        0.0076     2        0.0175 UserPurge1: 1     9511   56.72%
      0     0        0.0076     2        0.0175 UserPurge1: 1     9512   56.72%
      0     0        0.0076     2        0.0175 UserPurge1: 1     9513   56.72%
      0     0        0.0076     2        0.0175 UserPurge1: 1     9514   56.72%
      0     0        0.0076     2        0.0175 UserPurge1: 1     9515   56.72%
      0     0        0.0076     2        0.0175 UserPurge1: 1     9516   56.72%
      0     0        0.0076     2        0.0175 UserPurge1: 1     9517   56.72%
      0     0        0.0076     2        0.0175 UserPurge1: 1     9518   56.72%
      0     0        0.0076     2        0.0175 UserPurge1: 1     9519   56.72%
      0     0        0.0076     2        0.0175 UserPurge1: 1     9520   56.72%
      0     0        0.0076     2        0.0175 UserPurge1: 1     9521   56.72%
      0     0        0.0076     2        0.0175 UserPurge1: 1     9522   56.72%
      0     0        0.0076     2        0.0175 UserPurge1: 1     9523   56.72%
      0     0        0.0076     2        0.0175 UserPurge1: 1     9524   56.72%
      0     0        0.0076     2        0.0175 UserPurge1: 1     9525   56.72%
      0     0        0.0076     2        0.0175 UserPurge1: 1     9526   56.72%
      0     0        0.0076     2        0.0175 UserPurge1: 1     9527   56.72%
      0     0        0.0076     2        0.0175 UserPurge1: 1     9528   56.72%
      0     0        0.0076     2        0.0175 UserPurge1: 1     9529   56.72%
      0     0        0.0076     2        0.0175 UserPurge1: 1     9530   56.72%
      0     0        0.0076     2        0.0175 UserPurge1: 1     9531   56.72%
      0     0        0.0076     2        0.0175 UserPurge1: 1     9532   56.72%
      0     0        0.0076     2        0.0175 UserPurge1: 1     9533   56.72%
      0     0        0.0076     2        0.0175 UserPurge1: 1     9534   56.72%
      0     0        0.0076     2        0.0175 UserPurge1: 1     9535   56.72%
      0     0        0.0076     2        0.0175 UserPurge1: 1     9536   56.72%
      0     0        0.0076     2        0.0175 UserPurge1: 1     9537   56.72%
      0     0        0.0076     2        0.0175 UserPurge1: 1     9538   56.72%
      0     0        0.0076     2        0.0175 UserPurge1: 1     9539   56.72%
      0     0        0.0076     2        0.0175 UserPurge1: 1     9540   56.72%
      0     0        0.0076     2        0.0175 UserPurge1: 1     9541   56.72%
      0     0        0.0076     2        0.0175 UserPurge1: 1     9542   56.72%
      0     0        0.0076     2        0.0175 UserPurge1: 1     9543   56.72%
      0     0        0.0076     2        0.0175 UserPurge1: 1     9544   56.72%
      0     0        0.0076     2        0.0175 UserPurge1: 1     9545   56.72%
      0     0        0.0076     2        0.0175 UserPurge1: 1     9546   56.72%
      0     0        0.0076     2        0.0175 UserPurge1: 1     9547   56.72%
      0     0        0.0076     2        0.0175 UserPurge1: 1     9548   56.72%
      0     0        0.0076     2        0.0175 UserPurge1: 1     9549   56.72%
      0     0        0.0076     2        0.0175 UserPurge1: 1     9550   56.72%
      0     0        0.0076     2        0.0175 UserPurge1: 1     9551   56.72%
      0     0        0.0076     2        0.0175 UserPurge1: 1     9552   56.72%
      0     0        0.0076     2        0.0175 UserPurge1: 1     9553   56.72%
      0     0        0.0076     2        0.0175 UserPurge1: 1     9554   56.72%
      0     0        0.0076     2        0.0175 UserPurge1: 1     9555   56.72%
      0     0        0.0076     2        0.0175 UserPurge1: 1     9556   56.72%
      0     0        0.0076     2        0.0175 UserPurge1: 1     9557   56.72%
      0     0        0.0076     2        0.0175 UserPurge1: 1     9558   56.72%
      0     0        0.0076     2        0.0175 UserPurge1: 1     9559   56.72%
      0     0        0.0076     2        0.0175 UserPurge1: 1     9560   56.72%
      0     0        0.0076     2        0.0175 UserPurge1: 1     9561   56.72%
      0     0        0.0076     2        0.0175 UserPurge1: 1     9562   56.72%
      0     0        0.0076     2        0.0175 UserPurge1: 1     9563   56.72%
      0     0        0.0076     2        0.0175 UserPurge1: 1     9564   56.72%
      0     0        0.0076     2        0.0175 UserPurge1: 1     9565   56.72%
      0     0        0.0076     2        0.0175 UserPurge1: 1     9566   56.72%
      0     0        0.0076     2        0.0175 UserPurge1: 1     9567   56.72%
      0     0        0.0076     2        0.0175 UserPurge1: 1     9568   56.72%
      0     0        0.0076     2        0.0175 UserPurge1: 1     9569   56.72%
      0     0        0.0076     2        0.0175 UserPurge1: 1     9570   56.72%
      0     0        0.0076     2        0.0175 UserPurge1: 1     9571   56.72%
      0     0        0.0076     2        0.0175 UserPurge1: 1     9572   56.72%
      0     0        0.0076     2        0.0175 UserPurge1: 1     9573   56.72%
      0     0        0.0076     2        0.0175 UserPurge1: 1     9574   56.72%
      0     0        0.0076     2        0.0175 UserPurge1: 1     9575   56.72%
      0     0        0.0076     2        0.0175 UserPurge1: 1     9576   56.72%
      0     0        0.0076     2        0.0175 UserPurge1: 1     9577   56.72%
      0     0        0.0076     2        0.0175 UserPurge1: 1     9578   56.72%
      0     0        0.0076     2        0.0175 UserPurge1: 1     9579   56.72%
      0     0        0.0076     2        0.0175 UserPurge1: 1     9580   56.72%
      0     0        0.0076     2        0.0175 UserPurge1: 1     9581   56.72%
      0     0        0.0076     2        0.0175 UserPurge1: 1     9582   56.72%
      0     0        0.0076     2        0.0175 UserPurge1: 1     9583   56.72%
      0     0        0.0076     2        0.0175 UserPurge1: 1     9584   56.72%
      0     0        0.0076     2        0.0175 UserPurge1: 1     9585   56.72%
      0     0        0.0076     2        0.0175 UserPurge1: 1     9586   56.72%
      0     0        0.0076     2        0.0175 UserPurge1: 1     9587   56.72%
      0     0        0.0076     2        0.0175 UserPurge1: 1     9588   56.72%
      0     0        0.0076     2        0.0175 UserPurge1: 1     9589   56.72%
      0     0        0.0076     2        0.0175 UserPurge1: 1     9590   56.72%
      0     0        0.0076     2        0.0175 UserPurge1: 1     9591   56.72%
      0     0        0.0076     2        0.0175 UserPurge1: 1     9592   56.72%
      0     0        0.0076     2        0.0175 UserPurge1: 1     9593   56.72%
      0     0        0.0076     2        0.0175 UserPurge1: 1     9594   56.72%
      0     0        0.0076     2        0.0175 UserPurge1: 1     9595   56.72%
      0     0        0.0076     2        0.0175 UserPurge1: 1     9596   56.72%
      0     0        0.0076     2        0.0175 UserPurge1: 1     9597   56.72%
      0     0        0.0076     2        0.0175 UserPurge1: 1     9598   56.72%
      0     0        0.0076     2        0.0175 UserPurge1: 1     9599   56.72%
      0     0        0.0076     2        0.0175 UserPurge1: 1     9600   56.72%
      0     0        0.0076     2        0.0175 UserPurge1: 1     9601   56.72%
      0     0        0.0076     2        0.0175 UserPurge1: 1     9602   56.72%
      0     0        0.0076     2        0.0175 UserPurge1: 1     9603   56.72%
      0     0        0.0076     2        0.0175 UserPurge1: 1     9604   56.72%
      0     0        0.0076     2        0.0175 UserPurge1: 1     9605   56.72%
      0     0        0.0076     2        0.0175 UserPurge1: 1     9606   56.72%
      0     0        0.0076     2        0.0175 UserPurge1: 1     9607   56.72%
      0     0        0.0076     2        0.0175 UserPurge1: 1     9608   56.72%
      0     0        0.0076     2        0.0175 UserPurge1: 1     9609   56.72%
      0     0        0.0076     2        0.0175 UserPurge1: 1     9610   56.72%
      0     0        0.0076     2        0.0175 UserPurge1: 1     9611   56.72%
      0     0        0.0076     2        0.0175 UserPurge1: 1     9612   56.72%
      0     0        0.0076     2        0.0175 UserPurge1: 1     9613   56.72%
      0     0        0.0076     2        0.0175 UserPurge1: 1     9614   56.72%
      0     0        0.0076     2        0.0175 UserPurge1: 1     9615   56.72%
      0     0        0.0076     2        0.0175 UserPurge1: 1     9616   56.72%
      0     0        0.0076     2        0.0175 UserPurge1: 1     9617   56.72%
      0     0        0.0076     2        0.0175 UserPurge1: 1     9618   56.72%
      0     0        0.0076     2        0.0175 UserPurge1: 1     9619   56.72%
      0     0        0.0076     2        0.0175 UserPurge1: 1     9620   56.72%
      0     0        0.0076     2        0.0175 UserPurge1: 1     9621   56.72%
      0     0        0.0076     2        0.0175 UserPurge1: 1     9622   56.72%
      0     0        0.0076     2        0.0175 UserPurge1: 1     9623   56.72%
      0     0        0.0076     2        0.0175 UserPurge1: 1     9624   56.72%
      0     0        0.0076     2        0.0175 UserPurge1: 1     9625   56.72%
      0     0        0.0076     2        0.0175 UserPurge1: 1     9626   56.72%
      0     0        0.0076     2        0.0175 UserPurge1: 1     9627   56.72%
      0     0        0.0076     2        0.0175 UserPurge1: 1     9628   56.72%
      0     0        0.0076     2        0.0175 UserPurge1: 1     9629   56.72%
      0     0        0.0076     2        0.0175 UserPurge1: 1     9630   56.72%
      0     0        0.0076     2        0.0175 UserPurge1: 1     9631   56.72%
      0     0        0.0076     2        0.0175 UserPurge1: 1     9632   56.72%
      0     0        0.0076     2        0.0175 UserPurge1: 1     9633   56.72%
      0     0        0.0076     2        0.0175 UserPurge1: 1     9634   56.72%
      0     0        0.0076     2        0.0175 UserPurge1: 1     9635   56.72%
      0     0        0.0076     2        0.0175 UserPurge1: 1     9636   56.72%
      0     0        0.0076     2        0.0175 UserPurge1: 1     9637   56.72%
      0     0        0.0076     2        0.0175 UserPurge1: 1     9638   56.72%
      0     0        0.0076     2        0.0175 UserPurge1: 1     9639   56.72%
      0     0        0.0076     2        0.0175 UserPurge1: 1     9640   56.72%
      0     0        0.0076     2        0.0175 UserPurge1: 1     9641   56.72%
      0     0        0.0076     2        0.0175 UserPurge1: 1     9642   56.72%
      0     0        0.0076     2        0.0175 UserPurge1: 1     9643   56.72%
      0     0        0.0076     2        0.0175 UserPurge1: 1     9644   56.72%
      0     0        0.0076     2        0.0175 UserPurge1: 1     9645   56.72%
      0     0        0.0076     2        0.0175 UserPurge1: 1     9646   56.72%
      0     0        0.0076     2        0.0175 UserPurge1: 1     9647   56.72%
      0     0        0.0076     2        0.0175 UserPurge1: 1     9648   56.72%
      0     0        0.0076     2        0.0175 UserPurge1: 1     9649   56.72%
      0     0        0.0076     2        0.0175 UserPurge1: 1     9650   56.72%
      0     0        0.0076     2        0.0175 UserPurge1: 1     9651   56.72%
      0     0        0.0076     2        0.0175 UserPurge1: 1     9652   56.72%
      0     0        0.0076     2        0.0175 UserPurge1: 1     9653   56.72%
      0     0        0.0076     2        0.0175 UserPurge1: 1     9654   56.72%
      0     0        0.0076     2        0.0175 UserPurge1: 1     9655   56.72%
      0     0        0.0076     2        0.0175 UserPurge1: 1     9656   56.72%
      0     0        0.0076     2        0.0175 UserPurge1: 1     9657   56.72%
      0     0        0.0076     2        0.0175 UserPurge1: 1     9658   56.72%
      0     0        0.0076     2        0.0175 UserPurge1: 1     9659   56.72%
      0     0        0.0076     2        0.0175 UserPurge1: 1     9660   56.72%
      0     0        0.0076     2        0.0175 UserPurge1: 1     9661   56.72%
      0     0        0.0076     2        0.0175 UserPurge1: 1     9662   56.72%
      0     0        0.0076     2        0.0175 UserPurge1: 1     9663   56.72%
      0     0        0.0076     2        0.0175 UserPurge1: 1     9664   56.72%
      0     0        0.0076     2        0.0175 UserPurge1: 1     9665   56.72%
      0     0        0.0076     2        0.0175 UserPurge1: 1     9666   56.72%
      0     0        0.0076     2        0.0175 UserPurge1: 1     9667   56.72%
      0     0        0.0076     2        0.0175 UserPurge1: 1     9668   56.72%
      0     0        0.0076     2        0.0175 UserPurge1: 1     9669   56.72%
      0     0        0.0076     2        0.0175 UserPurge1: 1     9670   56.72%
      0     0        0.0076     2        0.0175 UserPurge1: 1     9671   56.72%
      0     0        0.0076     2        0.0175 UserPurge1: 1     9672   56.72%
      0     0        0.0076     2        0.0175 UserPurge1: 1     9673   56.72%
      0     0        0.0076     2        0.0175 UserPurge1: 1     9674   56.72%
      0     0        0.0076     2        0.0175 UserPurge1: 1     9675   56.72%
      0     0        0.0076     2        0.0175 UserPurge1: 1     9676   56.72%
      0     0        0.0076     2        0.0175 UserPurge1: 1     9677   56.72%
      0     0        0.0076     2        0.0175 UserPurge1: 1     9678   56.72%
      0     0        0.0076     2        0.0175 UserPurge1: 1     9679   56.72%
      0     0        0.0076     2        0.0175 UserPurge1: 1     9680   56.72%
      0     0        0.0076     2        0.0175 UserPurge1: 1     9681   56.72%
      0     0        0.0076     2        0.0175 UserPurge1: 1     9682   56.72%
      0     0        0.0076     2        0.0175 UserPurge1: 1     9683   56.72%
      0     0        0.0076     2        0.0175 UserPurge1: 1     9684   56.72%
      0     0        0.0076     2        0.0175 UserPurge1: 1     9685   56.72%
      0     0        0.0076     2        0.0175 UserPurge1: 1     9686   56.72%
      0     0        0.0076     2        0.0175 UserPurge1: 1     9687   56.72%
      0     0        0.0076     2        0.0175 UserPurge1: 1     9688   56.72%
      0     0        0.0076     2        0.0175 UserPurge1: 1     9689   56.72%
      0     0        0.0076     2        0.0175 UserPurge1: 1     9690   56.72%
      0     0        0.0076     2        0.0175 UserPurge1: 1     9691   56.72%
      0     0        0.0076     2        0.0175 UserPurge1: 1     9692   56.72%
      0     0        0.0076     2        0.0175 UserPurge1: 1     9693   56.72%
      0     0        0.0076     2        0.0175 UserPurge1: 1     9694   56.72%
      0     0        0.0076     2        0.0175 UserPurge1: 1     9695   56.72%
      0     0        0.0076     2        0.0175 UserPurge1: 1     9696   56.72%
      0     0        0.0076     2        0.0175 UserPurge1: 1     9697   56.72%
      0     0        0.0076     2        0.0175 UserPurge1: 1     9698   56.72%
      0     0        0.0076     2        0.0175 UserPurge1: 1     9699   56.72%
      0     0        0.0076     2        0.0175 UserPurge1: 1     9700   56.72%
      0     0        0.0076     2        0.0175 UserPurge1: 1     9701   56.72%
      0     0        0.0076     2        0.0175 UserPurge1: 1     9702   56.72%
      0     0        0.0076     2        0.0175 UserPurge1: 1     9703   56.72%
      0     0        0.0076     2        0.0175 UserPurge1: 1     9704   56.72%
      0     0        0.0076     2        0.0175 UserPurge1: 1     9705   56.72%
      0     0        0.0076     2        0.0175 UserPurge1: 1     9706   56.72%
      0     0        0.0076     2        0.0175 UserPurge1: 1     9707   56.72%
      0     0        0.0076     2        0.0175 UserPurge1: 1     9708   56.72%
      0     0        0.0076     2        0.0175 UserPurge1: 1     9709   56.72%
      0     0        0.0076     2        0.0175 UserPurge1: 1     9710   56.72%
      0     0        0.0076     2        0.0175 UserPurge1: 1     9711   56.72%
      0     0        0.0076     2        0.0175 UserPurge1: 1     9712   56.72%
      0     0        0.0076     2        0.0175 UserPurge1: 1     9713   56.72%
      0     0        0.0076     2        0.0175 UserPurge1: 1     9714   56.72%
      0     0        0.0076     2        0.0175 UserPurge1: 1     9715   56.72%
      0     0        0.0076     2        0.0175 UserPurge1: 1     9716   56.72%
      0     0        0.0076     2        0.0175 UserPurge1: 1     9717   56.72%
      0     0        0.0076     2        0.0175 UserPurge1: 1     9718   56.72%
      0     0        0.0076     2        0.0175 UserPurge1: 1     9719   56.72%
      0     0        0.0076     2        0.0175 UserPurge1: 1     9720   56.72%
      0     0        0.0076     2        0.0175 UserPurge1: 1     9721   56.72%
      0     0        0.0076     2        0.0175 UserPurge1: 1     9722   56.72%
      0     0        0.0076     2        0.0175 UserPurge1: 1     9723   56.72%
      0     0        0.0076     2        0.0175 UserPurge1: 1     9724   56.72%
      0     0        0.0076     2        0.0175 UserPurge1: 1     9725   56.72%
      0     0        0.0076     2        0.0175 UserPurge1: 1     9726   56.72%
      0     0        0.0076     2        0.0175 UserPurge1: 1     9727   56.72%
      0     0        0.0076     2        0.0175 UserPurge1: 1     9728   56.72%
      0     0        0.0076     2        0.0175 UserPurge1: 1     9729   56.72%
      0     0        0.0076     2        0.0175 UserPurge1: 1     9730   56.72%
      0     0        0.0076     2        0.0175 UserPurge1: 1     9731   56.72%
      0     0        0.0076     2        0.0175 UserPurge1: 1     9732   56.72%
      0     0        0.0076     2        0.0175 UserPurge1: 1     9733   56.72%
      0     0        0.0076     2        0.0175 UserPurge1: 1     9734   56.72%
      0     0        0.0076     2        0.0175 UserPurge1: 1     9735   56.72%
      0     0        0.0076     2        0.0175 UserPurge1: 1     9736   56.72%
      0     0        0.0076     2        0.0175 UserPurge1: 1     9737   56.72%
      0     0        0.0076     2        0.0175 UserPurge1: 1     9738   56.72%
      0     0        0.0076     2        0.0175 UserPurge1: 1     9739   56.72%
      0     0        0.0076     2        0.0175 UserPurge1: 1     9740   56.72%
      0     0        0.0076     2        0.0175 UserPurge1: 1     9741   56.72%
      0     0        0.0076     2        0.0175 UserPurge1: 1     9742   56.72%
      0     0        0.0076     2        0.0175 UserPurge1: 1     9743   56.72%
      0     0        0.0076     2        0.0175 UserPurge1: 1     9744   56.72%
      0     0        0.0076     2        0.0175 UserPurge1: 1     9745   56.72%
      0     0        0.0076     2        0.0175 UserPurge1: 1     9746   56.72%
      0     0        0.0076     2        0.0175 UserPurge1: 1     9747   56.72%
      0     0        0.0076     2        0.0175 UserPurge1: 1     9748   56.72%
      0     0        0.0076     2        0.0175 UserPurge1: 1     9749   56.72%
      0     0        0.0076     2        0.0175 UserPurge1: 1     9750   56.72%
      0     0        0.0076     2        0.0175 UserPurge1: 1     9751   56.72%
      0     0        0.0076     2        0.0175 UserPurge1: 1     9752   56.72%
      0     0        0.0076     2        0.0175 UserPurge1: 1     9753   56.72%
      0     0        0.0076     2        0.0175 UserPurge1: 1     9754   56.72%
      0     0        0.0076     2        0.0175 UserPurge1: 1     9755   56.72%
      0     0        0.0076     2        0.0175 UserPurge1: 1     9756   56.72%
      0     0        0.0076     2        0.0175 UserPurge1: 1     9757   56.72%
      0     0        0.0076     2        0.0175 UserPurge1: 1     9758   56.72%
      0     0        0.0076     2        0.0175 UserPurge1: 1     9759   56.72%
      0     0        0.0076     2        0.0175 UserPurge1: 1     9760   56.72%
      0     0        0.0076     2        0.0175 UserPurge1: 1     9761   56.72%
      0     0        0.0076     2        0.0175 UserPurge1: 1     9762   56.72%
      0     0        0.0076     2        0.0175 UserPurge1: 1     9763   56.72%
      0     0        0.0076     2        0.0175 UserPurge1: 1     9764   56.72%
      0     0        0.0076     2        0.0175 UserPurge1: 1     9765   56.72%
      0     0        0.0076     2        0.0175 UserPurge1: 1     9766   56.72%
      0     0        0.0076     2        0.0175 UserPurge1: 1     9767   56.72%
      0     0        0.0076     2        0.0175 UserPurge1: 1     9768   56.72%
      0     0        0.0076     2        0.0175 UserPurge1: 1     9769   56.72%
      0     0        0.0076     2        0.0175 UserPurge1: 1     9770   56.72%
      0     0        0.0076     2        0.0175 UserPurge1: 1     9771   56.72%
      0     0        0.0076     2        0.0175 UserPurge1: 1     9772   56.72%
      0     0        0.0076     2        0.0175 UserPurge1: 1     9773   56.72%
      0     0        0.0076     2        0.0175 UserPurge1: 1     9774   56.72%
      0     0        0.0076     2        0.0175 UserPurge1: 1     9775   56.72%
      0     0        0.0076     2        0.0175 UserPurge1: 1     9776   56.72%
      0     0        0.0076     2        0.0175 UserPurge1: 1     9777   56.72%
      0     0        0.0076     2        0.0175 UserPurge1: 1     9778   56.72%
      0     0        0.0076     2        0.0175 UserPurge1: 1     9779   56.72%
      0     0        0.0076     2        0.0175 UserPurge1: 1     9780   56.72%
      0     0        0.0076     2        0.0175 UserPurge1: 1     9781   56.72%
      0     0        0.0076     2        0.0175 UserPurge1: 1     9782   56.72%
      0     0        0.0076     2        0.0175 UserPurge1: 1     9783   56.72%
      0     0        0.0076     2        0.0175 UserPurge1: 1     9784   56.72%
      0     0        0.0076     2        0.0175 UserPurge1: 1     9785   56.72%
      0     0        0.0076     2        0.0175 UserPurge1: 1     9786   56.72%
      0     0        0.0076     2        0.0175 UserPurge1: 1     9787   56.72%
      0     0        0.0076     2        0.0175 UserPurge1: 1     9788   56.72%
      0     0        0.0076     2        0.0175 UserPurge1: 1     9789   56.72%
      0     0        0.0076     2        0.0175 UserPurge1: 1     9790   56.72%
      0     0        0.0076     2        0.0175 UserPurge1: 1     9791   56.72%
      0     0        0.0076     2        0.0175 UserPurge1: 1     9792   56.72%
      0     0        0.0076     2        0.0175 UserPurge1: 1     9793   56.72%
      0     0        0.0076     2        0.0175 UserPurge1: 1     9794   56.72%
      0     0        0.0076     2        0.0175 UserPurge1: 1     9795   56.72%
      0     0        0.0076     2        0.0175 UserPurge1: 1     9796   56.72%
      0     0        0.0076     2        0.0175 UserPurge1: 1     9797   56.72%
      0     0        0.0076     2        0.0175 UserPurge1: 1     9798   56.72%
      0     0        0.0076     2        0.0175 UserPurge1: 1     9799   56.72%
      0     0        0.0076     2        0.0175 UserPurge1: 1     9800   56.72%
      0     0        0.0076     2        0.0175 UserPurge1: 1     9801   56.72%
      0     0        0.0076     2        0.0175 UserPurge1: 1     9802   56.72%
      0     0        0.0076     2        0.0175 UserPurge1: 1     9803   56.72%
      0     0        0.0076     2        0.0175 UserPurge1: 1     9804   56.72%
      0     0        0.0076     2        0.0175 UserPurge1: 1     9805   56.72%
      0     0        0.0076     2        0.0175 UserPurge1: 1     9806   56.72%
      0     0        0.0076     2        0.0175 UserPurge1: 1     9807   56.72%
      0     0        0.0076     2        0.0175 UserPurge1: 1     9808   56.72%
      0     0        0.0076     2        0.0175 UserPurge1: 1     9809   56.72%
      0     0        0.0076     2        0.0175 UserPurge1: 1     9810   56.72%
      0     0        0.0076     2        0.0175 UserPurge1: 1     9811   56.72%
      0     0        0.0076     2        0.0175 UserPurge1: 1     9812   56.72%
      0     0        0.0076     2        0.0175 UserPurge1: 1     9813   56.72%
      0     0        0.0076     2        0.0175 UserPurge1: 1     9814   56.72%
      0     0        0.0076     2        0.0175 UserPurge1: 1     9815   56.72%
      0     0        0.0076     2        0.0175 UserPurge1: 1     9816   56.72%
      0     0        0.0076     2        0.0175 UserPurge1: 1     9817   56.72%
      0     0        0.0076     2        0.0175 UserPurge1: 1     9818   56.72%
      0     0        0.0076     2        0.0175 UserPurge1: 1     9819   56.72%
      0     0        0.0076     2        0.0175 UserPurge1: 1     9820   56.72%
      0     0        0.0076     2        0.0175 UserPurge1: 1     9821   56.72%
      0     0        0.0076     2        0.0175 UserPurge1: 1     9822   56.72%
      0     0        0.0076     2        0.0175 UserPurge1: 1     9823   56.72%
      0     0        0.0076     2        0.0175 UserPurge1: 1     9824   56.72%
      0     0        0.0076     2        0.0175 UserPurge1: 1     9825   56.72%
      0     0        0.0076     2        0.0175 UserPurge1: 1     9826   56.72%
      0     0        0.0076     2        0.0175 UserPurge1: 1     9827   56.72%
      0     0        0.0076     2        0.0175 UserPurge1: 1     9828   56.72%
      0     0        0.0076     2        0.0175 UserPurge1: 1     9829   56.72%
      0     0        0.0076     2        0.0175 UserPurge1: 1     9830   56.72%
      0     0        0.0076     2        0.0175 UserPurge1: 1     9831   56.72%
      0     0        0.0076     2        0.0175 UserPurge1: 1     9832   56.72%
      0     0        0.0076     2        0.0175 UserPurge1: 1     9833   56.72%
      0     0        0.0076     2        0.0175 UserPurge1: 1     9834   56.72%
      0     0        0.0076     2        0.0175 UserPurge1: 1     9835   56.72%
      0     0        0.0076     2        0.0175 UserPurge1: 1     9836   56.72%
      0     0        0.0076     2        0.0175 UserPurge1: 1     9837   56.72%
      0     0        0.0076     2        0.0175 UserPurge1: 1     9838   56.72%
      0     0        0.0076     2        0.0175 UserPurge1: 1     9839   56.72%
      0     0        0.0076     2        0.0175 UserPurge1: 1     9840   56.72%
      0     0        0.0076     2        0.0175 UserPurge1: 1     9841   56.72%
      0     0        0.0076     2        0.0175 UserPurge1: 1     9842   56.72%
      0     0        0.0076     2        0.0175 UserPurge1: 1     9843   56.72%
      0     0        0.0076     2        0.0175 UserPurge1: 1     9844   56.72%
      0     0        0.0076     2        0.0175 UserPurge1: 1     9845   56.72%
      0     0        0.0076     2        0.0175 UserPurge1: 1     9846   56.72%
      0     0        0.0076     2        0.0175 UserPurge1: 1     9847   56.72%
      0     0        0.0076     2        0.0175 UserPurge1: 1     9848   56.72%
      0     0        0.0076     2        0.0175 UserPurge1: 1     9849   56.72%
      0     0        0.0076     2        0.0175 UserPurge1: 1     9850   56.72%
      0     0        0.0076     2        0.0175 UserPurge1: 1     9851   56.72%
      0     0        0.0076     2        0.0175 UserPurge1: 1     9852   56.72%
      0     0        0.0076     2        0.0175 UserPurge1: 1     9853   56.72%
      0     0        0.0076     2        0.0175 UserPurge1: 1     9854   56.72%
      0     0        0.0076     2        0.0175 UserPurge1: 1     9855   56.72%
      0     0        0.0076     2        0.0175 UserPurge1: 1     9856   56.72%
      0     0        0.0076     2        0.0175 UserPurge1: 1     9857   56.72%
      0     0        0.0076     2        0.0175 UserPurge1: 1     9858   56.72%
      0     0        0.0076     2        0.0175 UserPurge1: 1     9859   56.72%
      0     0        0.0076     2        0.0175 UserPurge1: 1     9860   56.72%
      0     0        0.0076     2        0.0175 UserPurge1: 1     9861   56.72%
      0     0        0.0076     2        0.0175 UserPurge1: 1     9862   56.72%
      0     0        0.0076     2        0.0175 UserPurge1: 1     9863   56.72%
      0     0        0.0076     2        0.0175 UserPurge1: 1     9864   56.72%
      0     0        0.0076     2        0.0175 UserPurge1: 1     9865   56.72%
      0     0        0.0076     2        0.0175 UserPurge1: 1     9866   56.72%
      0     0        0.0076     2        0.0175 UserPurge1: 1     9867   56.72%
      0     0        0.0076     2        0.0175 UserPurge1: 1     9868   56.72%
      0     0        0.0076     2        0.0175 UserPurge1: 1     9869   56.72%
      0     0        0.0076     2        0.0175 UserPurge1: 1     9870   56.72%
      0     0        0.0076     2        0.0175 UserPurge1: 1     9871   56.72%
      0     0        0.0076     2        0.0175 UserPurge1: 1     9872   56.72%
      0     0        0.0076     2        0.0175 UserPurge1: 1     9873   56.72%
      0     0        0.0076     2        0.0175 UserPurge1: 1     9874   56.72%
      0     0        0.0076     2        0.0175 UserPurge1: 1     9875   56.72%
      0     0        0.0076     2        0.0175 UserPurge1: 1     9876   56.72%
      0     0        0.0076     2        0.0175 UserPurge1: 1     9877   56.72%
      0     0        0.0076     2        0.0175 UserPurge1: 1     9878   56.72%
      0     0        0.0076     2        0.0175 UserPurge1: 1     9879   56.72%
      0     0        0.0076     2        0.0175 UserPurge1: 1     9880   56.72%
      0     0        0.0076     2        0.0175 UserPurge1: 1     9881   56.72%
      0     0        0.0076     2        0.0175 UserPurge1: 1     9882   56.72%
      0     0        0.0076     2        0.0175 UserPurge1: 1     9883   56.72%
      0     0        0.0076     2        0.0175 UserPurge1: 1     9884   56.72%
      0     0        0.0076     2        0.0175 UserPurge1: 1     9885   56.72%
      0     0        0.0076     2        0.0175 UserPurge1: 1     9886   56.72%
      0     0        0.0076     2        0.0175 UserPurge1: 1     9887   56.72%
      0     0        0.0076     2        0.0175 UserPurge1: 1     9888   56.72%
      0     0        0.0076     2        0.0175 UserPurge1: 1     9889   56.72%
      0     0        0.0076     2        0.0175 UserPurge1: 1     9890   56.72%
      0     0        0.0076     2        0.0175 UserPurge1: 1     9891   56.72%
      0     0        0.0076     2        0.0175 UserPurge1: 1     9892   56.72%
      0     0        0.0076     2        0.0175 UserPurge1: 1     9893   56.72%
      0     0        0.0076     2        0.0175 UserPurge1: 1     9894   56.72%
      0     0        0.0076     2        0.0175 UserPurge1: 1     9895   56.72%
      0     0        0.0076     2        0.0175 UserPurge1: 1     9896   56.72%
      0     0        0.0076     2        0.0175 UserPurge1: 1     9897   56.72%
      0     0        0.0076     2        0.0175 UserPurge1: 1     9898   56.72%
      0     0        0.0076     2        0.0175 UserPurge1: 1     9899   56.72%
      0     0        0.0076     2        0.0175 UserPurge1: 1     9900   56.72%
      0     0        0.0076     2        0.0175 UserPurge1: 1     9901   56.72%
      0     0        0.0076     2        0.0175 UserPurge1: 1     9902   56.72%
      0     0        0.0076     2        0.0175 UserPurge1: 1     9903   56.72%
      0     0        0.0076     2        0.0175 UserPurge1: 1     9904   56.72%
      0     0        0.0076     2        0.0175 UserPurge1: 1     9905   56.72%
      0     0        0.0076     2        0.0175 UserPurge1: 1     9906   56.72%
      0     0        0.0076     2        0.0175 UserPurge1: 1     9907   56.72%
      0     0        0.0076     2        0.0175 UserPurge1: 1     9908   56.72%
      0     0        0.0076     2        0.0175 UserPurge1: 1     9909   56.72%
      0     0        0.0076     2        0.0175 UserPurge1: 1     9910   56.72%
      0     0        0.0076     2        0.0175 UserPurge1: 1     9911   56.72%
      0     0        0.0076     2        0.0175 UserPurge1: 1     9912   56.72%
      0     0        0.0076     2        0.0175 UserPurge1: 1     9913   56.72%
      0     0        0.0076     2        0.0175 UserPurge1: 1     9914   56.72%
      0     0        0.0076     2        0.0175 UserPurge1: 1     9915   56.72%
      0     0        0.0076     2        0.0175 UserPurge1: 1     9916   56.72%
      0     0        0.0076     2        0.0175 UserPurge1: 1     9917   56.72%
      0     0        0.0076     2        0.0175 UserPurge1: 1     9918   56.72%
      0     0        0.0076     2        0.0175 UserPurge1: 1     9919   56.72%
      0     0        0.0076     2        0.0175 UserPurge1: 1     9920   56.72%
      0     0        0.0076     2        0.0175 UserPurge1: 1     9921   56.72%
      0     0        0.0076     2        0.0175 UserPurge1: 1     9922   56.72%
      0     0        0.0076     2        0.0175 UserPurge1: 1     9923   56.72%
      0     0        0.0076     2        0.0175 UserPurge1: 1     9924   56.72%
      0     0        0.0076     2        0.0175 UserPurge1: 1     9925   56.72%
      0     0        0.0076     2        0.0175 UserPurge1: 1     9926   56.72%
      0     0        0.0076     2        0.0175 UserPurge1: 1     9927   56.72%
      0     0        0.0076     2        0.0175 UserPurge1: 1     9928   56.72%
      0     0        0.0076     2        0.0175 UserPurge1: 1     9929   56.72%
      0     0        0.0076     2        0.0175 UserPurge1: 1     9930   56.72%
      0     0        0.0076     2        0.0175 UserPurge1: 1     9931   56.72%
      0     0        0.0076     2        0.0175 UserPurge1: 1     9932   56.72%
      0     0        0.0076     2        0.0175 UserPurge1: 1     9933   56.72%
      0     0        0.0076     2        0.0175 UserPurge1: 1     9934   56.72%
      0     0        0.0076     2        0.0175 UserPurge1: 1     9935   56.72%
      0     0        0.0076     2        0.0175 UserPurge1: 1     9936   56.72%
      0     0        0.0076     2        0.0175 UserPurge1: 1     9937   56.72%
      0     0        0.0076     2        0.0175 UserPurge1: 1     9938   56.72%
      0     0        0.0076     2        0.0175 UserPurge1: 1     9939   56.72%
      0     0        0.0076     2        0.0175 UserPurge1: 1     9940   56.72%
      0     0        0.0076     2        0.0175 UserPurge1: 1     9941   56.72%
      0     0        0.0076     2        0.0175 UserPurge1: 1     9942   56.72%
      0     0        0.0076     2        0.0175 UserPurge1: 1     9943   56.72%
      0     0        0.0076     2        0.0175 UserPurge1: 1     9944   56.72%
      0     0        0.0076     2        0.0175 UserPurge1: 1     9945   56.72%
      0     0        0.0076     2        0.0175 UserPurge1: 1     9946   56.72%
      0     0        0.0076     2        0.0175 UserPurge1: 1     9947   56.72%
      0     0        0.0076     2        0.0175 UserPurge1: 1     9948   56.72%
      0     0        0.0076     2        0.0175 UserPurge1: 1     9949   56.72%
      0     0        0.0076     2        0.0175 UserPurge1: 1     9950   56.72%
      0     0        0.0076     2        0.0175 UserPurge1: 1     9951   56.72%
      0     0        0.0076     2        0.0175 UserPurge1: 1     9952   56.72%
      0     0        0.0076     2        0.0175 UserPurge1: 1     9953   56.72%
      0     0        0.0076     2        0.0175 UserPurge1: 1     9954   56.72%
      0     0        0.0076     2        0.0175 UserPurge1: 1     9955   56.72%
      0     0        0.0076     2        0.0175 UserPurge1: 1     9956   56.72%
      0     0        0.0076     2        0.0175 UserPurge1: 1     9957   56.72%
      0     0        0.0076     2        0.0175 UserPurge1: 1     9958   56.72%
      0     0        0.0076     2        0.0175 UserPurge1: 1     9959   56.72%
      0     0        0.0076     2        0.0175 UserPurge1: 1     9960   56.72%
      0     0        0.0076     2        0.0175 UserPurge1: 1     9961   56.72%
      0     0        0.0076     2        0.0175 UserPurge1: 1     9962   56.72%
      0     0        0.0076     2        0.0175 UserPurge1: 1     9963   56.72%
      0     0        0.0076     2        0.0175 UserPurge1: 1     9964   56.72%
      0     0        0.0076     2        0.0175 UserPurge1: 1     9965   56.72%
      0     0        0.0076     2        0.0175 UserPurge1: 1     9966   56.72%
      0     0        0.0076     2        0.0175 UserPurge1: 1     9967   56.72%
      0     0        0.0076     2        0.0175 UserPurge1: 1     9968   56.72%
      0     0        0.0076     2        0.0175 UserPurge1: 1     9969   56.72%
      0     0        0.0076     2        0.0175 UserPurge1: 1     9970   56.72%
      0     0        0.0076     2        0.0175 UserPurge1: 1     9971   56.72%
      0     0        0.0076     2        0.0175 UserPurge1: 1     9972   56.72%
      0     0        0.0076     2        0.0175 UserPurge1: 1     9973   56.72%
      0     0        0.0076     2        0.0175 UserPurge1: 1     9974   56.72%
      0     0        0.0076     2        0.0175 UserPurge1: 1     9975   56.72%
      0     0        0.0076     2        0.0175 UserPurge1: 1     9976   56.72%
      0     0        0.0076     2        0.0175 UserPurge1: 1     9977   56.72%
      0     0        0.0076     2        0.0175 UserPurge1: 1     9978   56.72%
      0     0        0.0076     2        0.0175 UserPurge1: 1     9979   56.72%
      0     0        0.0076     2        0.0175 UserPurge1: 1     9980   56.72%
      0     0        0.0076     2        0.0175 UserPurge1: 1     9981   56.72%
      0     0        0.0076     2        0.0175 UserPurge1: 1     9982   56.72%
      0     0        0.0076     2        0.0175 UserPurge1: 1     9983   56.72%
      0     0        0.0076     2        0.0175 UserPurge1: 1     9984   56.72%
      0     0        0.0076     2        0.0175 UserPurge1: 1     9985   56.72%
      0     0        0.0076     2        0.0175 UserPurge1: 1     9986   56.72%
      0     0        0.0076     2        0.0175 UserPurge1: 1     9987   56.72%
      0     0        0.0076     2        0.0175 UserPurge1: 1     9988   56.72%
      0     0        0.0076     2        0.0175 UserPurge1: 1     9989   56.72%
      0     0        0.0076     2        0.0175 UserPurge1: 1     9990   56.72%
      0     0        0.0076     2        0.0175 UserPurge1: 1     9991   56.72%
      0     0        0.0076     2        0.0175 UserPurge1: 1     9992   56.72%
      0     0        0.0076     2        0.0175 UserPurge1: 1     9993   56.72%
      0     0        0.0076     2        0.0175 UserPurge1: 1     9994   56.72%
      0     0        0.0076     2        0.0175 UserPurge1: 1     9995   56.72%
      0     0        0.0076     2        0.0175 UserPurge1: 1     9996   56.72%
      0     0        0.0076     2        0.0175 UserPurge1: 1     9997   56.72%
      0     0        0.0076     2        0.0175 UserPurge1: 1     9998   56.72%
      0     0        0.0076     2        0.0175 UserPurge1: 1     9999   56.72%
      0     0        0.0076     2        0.0175 UserPurge1: 1    10000   56.72%
      0     0        0.0076     2        0.0175 UserPurge1: 1    10001   56.72%
      0     0        0.0076     2        0.0175 UserPurge1: 1    10002   56.72%
      0     0        0.0076     2        0.0175 UserPurge1: 1    10003   56.72%
      0     0        0.0076     2        0.0175 UserPurge1: 1    10004   56.72%
      0     0        0.0076     2        0.0175 UserPurge1: 1    10005   56.72%
      0     0        0.0076     2        0.0175 UserPurge1: 1    10006   56.72%
      0     0        0.0076     2        0.0175 UserPurge1: 1    10007   56.72%
      0     0        0.0076     2        0.0175 UserPurge1: 1    10008   56.72%
      0     0        0.0076     2        0.0175 UserPurge1: 1    10009   56.72%
      0     0        0.0076     2        0.0175 UserPurge1: 1    10010   56.72%
      0     0        0.0076     2        0.0175 UserPurge1: 1    10011   56.72%
      0     0        0.0076     2        0.0175 UserPurge1: 1    10012   56.72%
      0     0        0.0076     2        0.0175 UserPurge1: 1    10013   56.72%
      0     0        0.0076     2        0.0175 UserPurge1: 1    10014   56.72%
      0     0        0.0076     2        0.0175 UserPurge1: 1    10015   56.72%
      0     0        0.0076     2        0.0175 UserPurge1: 1    10016   56.72%
      0     0        0.0076     2        0.0175 UserPurge1: 1    10017   56.72%
      0     0        0.0076     2        0.0175 UserPurge1: 1    10018   56.72%
      0     0        0.0076     2        0.0175 UserPurge1: 1    10019   56.72%
      0     0        0.0076     2        0.0175 UserPurge1: 1    10020   56.72%
      0     0        0.0076     2        0.0175 UserPurge1: 1    10021   56.72%
      0     0        0.0076     2        0.0175 UserPurge1: 1    10022   56.72%
      0     0        0.0076     2        0.0175 UserPurge1: 1    10023   56.72%
      0     0        0.0076     2        0.0175 UserPurge1: 1    10024   56.72%
      0     0        0.0076     2        0.0175 UserPurge1: 1    10025   56.72%
      0     0        0.0076     2        0.0175 UserPurge1: 1    10026   56.72%
      0     0        0.0076     2        0.0175 UserPurge1: 1    10027   56.72%
      0     0        0.0076     2        0.0175 UserPurge1: 1    10028   56.72%
      0     0        0.0076     2        0.0175 UserPurge1: 1    10029   56.72%
      0     0        0.0076     2        0.0175 UserPurge1: 1    10030   56.72%
      0     0        0.0076     2        0.0175 UserPurge1: 1    10031   56.72%
      0     0        0.0076     2        0.0175 UserPurge1: 1    10032   56.72%
      0     0        0.0076     2        0.0175 UserPurge1: 1    10033   56.72%
      0     0        0.0076     2        0.0175 UserPurge1: 1    10034   56.72%
      0     0        0.0076     2        0.0175 UserPurge1: 1    10035   56.72%
      0     0        0.0076     2        0.0175 UserPurge1: 1    10036   56.72%
      0     0        0.0076     2        0.0175 UserPurge1: 1    10037   56.72%
      0     0        0.0076     2        0.0175 UserPurge1: 1    10038   56.72%
      0     0        0.0076     2        0.0175 UserPurge1: 1    10039   56.72%
      0     0        0.0076     2        0.0175 UserPurge1: 1    10040   56.72%
      0     0        0.0076     2        0.0175 UserPurge1: 1    10041   56.72%
      0     0        0.0076     2        0.0175 UserPurge1: 1    10042   56.72%
      0     0        0.0076     2        0.0175 UserPurge1: 1    10043   56.72%
      0     0        0.0076     2        0.0175 UserPurge1: 1    10044   56.72%
      0     0        0.0076     2        0.0175 UserPurge1: 1    10045   56.72%
      0     0        0.0076     2        0.0175 UserPurge1: 1    10046   56.72%
      0     0        0.0076     2        0.0175 UserPurge1: 1    10047   56.72%
      0     0        0.0076     2        0.0175 UserPurge1: 1    10048   56.72%
      0     0        0.0076     2        0.0175 UserPurge1: 1    10049   56.72%
      0     0        0.0076     2        0.0175 UserPurge1: 1    10050   56.72%
      0     0        0.0076     2        0.0175 UserPurge1: 1    10051   56.72%
      0     0        0.0076     2        0.0175 UserPurge1: 1    10052   56.72%
      0     0        0.0076     2        0.0175 UserPurge1: 1    10053   56.72%
      0     0        0.0076     2        0.0175 UserPurge1: 1    10054   56.72%
      0     0        0.0076     2        0.0175 UserPurge1: 1    10055   56.72%
      0     0        0.0076     2        0.0175 UserPurge1: 1    10056   56.72%
      0     0        0.0076     2        0.0175 UserPurge1: 1    10057   56.72%
      0     0        0.0076     2        0.0175 UserPurge1: 1    10058   56.72%
      0     0        0.0076     2        0.0175 UserPurge1: 1    10059   56.72%
      0     0        0.0076     2        0.0175 UserPurge1: 1    10060   56.72%
      0     0        0.0076     2        0.0175 UserPurge1: 1    10061   56.72%
      0     0        0.0076     2        0.0175 UserPurge1: 1    10062   56.72%
      0     0        0.0076     2        0.0175 UserPurge1: 1    10063   56.72%
      0     0        0.0076     2        0.0175 UserPurge1: 1    10064   56.72%
      0     0        0.0076     2        0.0175 UserPurge1: 1    10065   56.72%
      0     0        0.0076     2        0.0175 UserPurge1: 1    10066   56.72%
      0     0        0.0076     2        0.0175 UserPurge1: 1    10067   56.72%
      0     0        0.0076     2        0.0175 UserPurge1: 1    10068   56.72%
      0     0        0.0076     2        0.0175 UserPurge1: 1    10069   56.72%
      0     0        0.0076     2        0.0175 UserPurge1: 1    10070   56.72%
      0     0        0.0076     2        0.0175 UserPurge1: 1    10071   56.72%
      0     0        0.0076     2        0.0175 UserPurge1: 1    10072   56.72%
      0     0        0.0076     2        0.0175 UserPurge1: 1    10073   56.72%
      0     0        0.0076     2        0.0175 UserPurge1: 1    10074   56.72%
      0     0        0.0076     2        0.0175 UserPurge1: 1    10075   56.72%
      0     0        0.0076     2        0.0175 UserPurge1: 1    10076   56.72%
      0     0        0.0076     2        0.0175 UserPurge1: 1    10077   56.72%
      0     0        0.0076     2        0.0175 UserPurge1: 1    10078   56.72%
      0     0        0.0076     2        0.0175 UserPurge1: 1    10079   56.72%
      0     0        0.0076     2        0.0175 UserPurge1: 1    10080   56.72%
      0     0        0.0076     2        0.0175 UserPurge1: 1    10081   56.72%
      0     0        0.0076     2        0.0175 UserPurge1: 1    10082   56.72%
      0     0        0.0076     2        0.0175 UserPurge1: 1    10083   56.72%
      0     0        0.0076     2        0.0175 UserPurge1: 1    10084   56.72%
      0     0        0.0076     2        0.0175 UserPurge1: 1    10085   56.72%
      0     0        0.0076     2        0.0175 UserPurge1: 1    10086   56.72%
      0     0        0.0076     2        0.0175 UserPurge1: 1    10087   56.72%
      0     0        0.0076     2        0.0175 UserPurge1: 1    10088   56.72%
      0     0        0.0076     2        0.0175 UserPurge1: 1    10089   56.72%
      0     0        0.0076     2        0.0175 UserPurge1: 1    10090   56.72%
      0     0        0.0076     2        0.0175 UserPurge1: 1    10091   56.72%
      0     0        0.0076     2        0.0175 UserPurge1: 1    10092   56.72%
      0     0        0.0076     2        0.0175 UserPurge1: 1    10093   56.72%
      0     0        0.0076     2        0.0175 UserPurge1: 1    10094   56.72%
      0     0        0.0076     2        0.0175 UserPurge1: 1    10095   56.72%
      0     0        0.0076     2        0.0175 UserPurge1: 1    10096   56.72%
      0     0        0.0076     2        0.0175 UserPurge1: 1    10097   56.72%
      0     0        0.0076     2        0.0175 UserPurge1: 1    10098   56.72%
      0     0        0.0076     2        0.0175 UserPurge1: 1    10099   56.72%
      0     0        0.0076     2        0.0175 UserPurge1: 1    10100   56.72%
      0     0        0.0076     2        0.0175 UserPurge1: 1    10101   56.72%
      0     0        0.0076     2        0.0175 UserPurge1: 1    10102   56.72%
      0     0        0.0076     2        0.0175 UserPurge1: 1    10103   56.72%
      0     0        0.0076     2        0.0175 UserPurge1: 1    10104   56.72%
      0     0        0.0076     2        0.0175 UserPurge1: 1    10105   56.72%
      0     0        0.0076     2        0.0175 UserPurge1: 1    10106   56.72%
      0     0        0.0076     2        0.0175 UserPurge1: 1    10107   56.72%
      0     0        0.0076     2        0.0175 UserPurge1: 1    10108   56.72%
      0     0        0.0076     2        0.0175 UserPurge1: 1    10109   56.72%
      0     0        0.0076     2        0.0175 UserPurge1: 1    10110   56.72%
      0     0        0.0076     2        0.0175 UserPurge1: 1    10111   56.72%
      0     0        0.0076     2        0.0175 UserPurge1: 1    10112   56.72%
      0     0        0.0076     2        0.0175 UserPurge1: 1    10113   56.72%
      0     0        0.0076     2        0.0175 UserPurge1: 1    10114   56.72%
      0     0        0.0076     2        0.0175 UserPurge1: 1    10115   56.72%
      0     0        0.0076     2        0.0175 UserPurge1: 1    10116   56.72%
      0     0        0.0076     2        0.0175 UserPurge1: 1    10117   56.72%
      0     0        0.0076     2        0.0175 UserPurge1: 1    10118   56.72%
      0     0        0.0076     2        0.0175 UserPurge1: 1    10119   56.72%
      0     0        0.0076     2        0.0175 UserPurge1: 1    10120   56.72%
      0     0        0.0076     2        0.0175 UserPurge1: 1    10121   56.72%
      0     0        0.0076     2        0.0175 UserPurge1: 1    10122   56.72%
      0     0        0.0076     2        0.0175 UserPurge1: 1    10123   56.72%
      0     0        0.0076     2        0.0175 UserPurge1: 1    10124   56.72%
      0     0        0.0076     2        0.0175 UserPurge1: 1    10125   56.72%
      0     0        0.0076     2        0.0175 UserPurge1: 1    10126   56.72%
      0     0        0.0076     2        0.0175 UserPurge1: 1    10127   56.72%
      0     0        0.0076     2        0.0175 UserPurge1: 1    10128   56.72%
      0     0        0.0076     2        0.0175 UserPurge1: 1    10129   56.72%
      0     0        0.0076     2        0.0175 UserPurge1: 1    10130   56.72%
      0     0        0.0076     2        0.0175 UserPurge1: 1    10131   56.72%
      0     0        0.0076     2        0.0175 UserPurge1: 1    10132   56.72%
      0     0        0.0076     2        0.0175 UserPurge1: 1    10133   56.72%
      0     0        0.0076     2        0.0175 UserPurge1: 1    10134   56.72%
      0     0        0.0076     2        0.0175 UserPurge1: 1    10135   56.72%
      0     0        0.0076     2        0.0175 UserPurge1: 1    10136   56.72%
      0     0        0.0076     2        0.0175 UserPurge1: 1    10137   56.72%
      0     0        0.0076     2        0.0175 UserPurge1: 1    10138   56.72%
      0     0        0.0076     2        0.0175 UserPurge1: 1    10139   56.72%
      0     0        0.0076     2        0.0175 UserPurge1: 1    10140   56.72%
      0     0        0.0076     2        0.0175 UserPurge1: 1    10141   56.72%
      0     0        0.0076     2        0.0175 UserPurge1: 1    10142   56.72%
      0     0        0.0076     2        0.0175 UserPurge1: 1    10143   56.72%
      0     0        0.0076     2        0.0175 UserPurge1: 1    10144   56.72%
      0     0        0.0076     2        0.0175 UserPurge1: 1    10145   56.72%
      0     0        0.0076     2        0.0175 UserPurge1: 1    10146   56.72%
      0     0        0.0076     2        0.0175 UserPurge1: 1    10147   56.72%
      0     0        0.0076     2        0.0175 UserPurge1: 1    10148   56.72%
      0     0        0.0076     2        0.0175 UserPurge1: 1    10149   56.72%
      0     0        0.0076     2        0.0175 UserPurge1: 1    10150   56.72%
      0     0        0.0076     2        0.0175 UserPurge1: 1    10151   56.72%
      0     0        0.0076     2        0.0175 UserPurge1: 1    10152   56.72%
      0     0        0.0076     2        0.0175 UserPurge1: 1    10153   56.72%
      0     0        0.0076     2        0.0175 UserPurge1: 1    10154   56.72%
      0     0        0.0076     2        0.0175 UserPurge1: 1    10155   56.72%
      0     0        0.0076     2        0.0175 UserPurge1: 1    10156   56.72%
      0     0        0.0076     2        0.0175 UserPurge1: 1    10157   56.72%
      0     0        0.0076     2        0.0175 UserPurge1: 1    10158   56.72%
      0     0        0.0076     2        0.0175 UserPurge1: 1    10159   56.72%
      0     0        0.0076     2        0.0175 UserPurge1: 1    10160   56.72%
      0     0        0.0076     2        0.0175 UserPurge1: 1    10161   56.72%
      0     0        0.0076     2        0.0175 UserPurge1: 1    10162   56.72%
      0     0        0.0076     2        0.0175 UserPurge1: 1    10163   56.72%
      0     0        0.0076     2        0.0175 UserPurge1: 1    10164   56.72%
      0     0        0.0076     2        0.0175 UserPurge1: 1    10165   56.72%
      0     0        0.0076     2        0.0175 UserPurge1: 1    10166   56.72%
      0     0        0.0076     2        0.0175 UserPurge1: 1    10167   56.72%
      0     0        0.0076     2        0.0175 UserPurge1: 1    10168   56.72%
      0     0        0.0076     2        0.0175 UserPurge1: 1    10169   56.72%
      0     0        0.0076     2        0.0175 UserPurge1: 1    10170   56.72%
      0     0        0.0076     2        0.0175 UserPurge1: 1    10171   56.72%
      0     0        0.0076     2        0.0175 UserPurge1: 1    10172   56.72%
      0     0        0.0076     2        0.0175 UserPurge1: 1    10173   56.72%
      0     0        0.0076     2        0.0175 UserPurge1: 1    10174   56.72%
      0     0        0.0076     2        0.0175 UserPurge1: 1    10175   56.72%
      0     0        0.0076     2        0.0175 UserPurge1: 1    10176   56.72%
      0     0        0.0076     2        0.0175 UserPurge1: 1    10177   56.72%
      0     0        0.0076     2        0.0175 UserPurge1: 1    10178   56.72%
      0     0        0.0076     2        0.0175 UserPurge1: 1    10179   56.72%
      0     0        0.0076     2        0.0175 UserPurge1: 1    10180   56.72%
      0     0        0.0076     2        0.0175 UserPurge1: 1    10181   56.72%
      0     0        0.0076     2        0.0175 UserPurge1: 1    10182   56.72%
      0     0        0.0076     2        0.0175 UserPurge1: 1    10183   56.72%
      0     0        0.0076     2        0.0175 UserPurge1: 1    10184   56.72%
      0     0        0.0076     2        0.0175 UserPurge1: 1    10185   56.72%
      0     0        0.0076     2        0.0175 UserPurge1: 1    10186   56.72%
      0     0        0.0076     2        0.0175 UserPurge1: 1    10187   56.72%
      0     0        0.0076     2        0.0175 UserPurge1: 1    10188   56.72%
      0     0        0.0076     2        0.0175 UserPurge1: 1    10189   56.72%
      0     0        0.0076     2        0.0175 UserPurge1: 1    10190   56.72%
      0     0        0.0076     2        0.0175 UserPurge1: 1    10191   56.72%
      0     0        0.0076     2        0.0175 UserPurge1: 1    10192   56.72%
      0     0        0.0076     2        0.0175 UserPurge1: 1    10193   56.72%
      0     0        0.0076     2        0.0175 UserPurge1: 1    10194   56.72%
      0     0        0.0076     2        0.0175 UserPurge1: 1    10195   56.72%
      0     0        0.0076     2        0.0175 UserPurge1: 1    10196   56.72%
      0     0        0.0076     2        0.0175 UserPurge1: 1    10197   56.72%
      0     0        0.0076     2        0.0175 UserPurge1: 1    10198   56.72%
      0     0        0.0076     2        0.0175 UserPurge1: 1    10199   56.72%
      0     0        0.0076     2        0.0175 UserPurge1: 1    10200   56.72%
      0     0        0.0076     2        0.0175 UserPurge1: 1    10201   56.72%
      0     0        0.0076     2        0.0175 UserPurge1: 1    10202   56.72%
      0     0        0.0076     2        0.0175 UserPurge1: 1    10203   56.72%
      0     0        0.0076     2        0.0175 UserPurge1: 1    10204   56.72%
      0     0        0.0076     2        0.0175 UserPurge1: 1    10205   56.72%
      0     0        0.0076     2        0.0175 UserPurge1: 1    10206   56.72%
      0     0        0.0076     2        0.0175 UserPurge1: 1    10207   56.72%
      0     0        0.0076     2        0.0175 UserPurge1: 1    10208   56.72%
      0     0        0.0076     2        0.0175 UserPurge1: 1    10209   56.72%
      0     0        0.0076     2        0.0175 UserPurge1: 1    10210   56.72%
      0     0        0.0076     2        0.0175 UserPurge1: 1    10211   56.72%
      0     0        0.0076     2        0.0175 UserPurge1: 1    10212   56.72%
      0     0        0.0076     2        0.0175 UserPurge1: 1    10213   56.72%
      0     0        0.0076     2        0.0175 UserPurge1: 1    10214   56.72%
      0     0        0.0076     2        0.0175 UserPurge1: 1    10215   56.72%
      0     0        0.0076     2        0.0175 UserPurge1: 1    10216   56.72%
      0     0        0.0076     2        0.0175 UserPurge1: 1    10217   56.72%
      0     0        0.0076     2        0.0175 UserPurge1: 1    10218   56.72%
      0     0        0.0076     2        0.0175 UserPurge1: 1    10219   56.72%
      0     0        0.0076     2        0.0175 UserPurge1: 1    10220   56.72%
      0     0        0.0076     2        0.0175 UserPurge1: 1    10221   56.72%
      0     0        0.0076     2        0.0175 UserPurge1: 1    10222   56.72%
      0     0        0.0076     2        0.0175 UserPurge1: 1    10223   56.72%
      0     0        0.0076     2        0.0175 UserPurge1: 1    10224   56.72%
      0     0        0.0076     2        0.0175 UserPurge1: 1    10225   56.72%
      0     0        0.0076     2        0.0175 UserPurge1: 1    10226   56.72%
      0     0        0.0076     2        0.0175 UserPurge1: 1    10227   56.72%
      0     0        0.0076     2        0.0175 UserPurge1: 1    10228   56.72%
      0     0        0.0076     2        0.0175 UserPurge1: 1    10229   56.72%
      0     0        0.0076     2        0.0175 UserPurge1: 1    10230   56.72%
      0     0        0.0076     2        0.0175 UserPurge1: 1    10231   56.72%
      0     0        0.0076     2        0.0175 UserPurge1: 1    10232   56.72%
      0     0        0.0076     2        0.0175 UserPurge1: 1    10233   56.72%
      0     0        0.0076     2        0.0175 UserPurge1: 1    10234   56.72%
      0     0        0.0076     2        0.0175 UserPurge1: 1    10235   56.72%
      0     0        0.0076     2        0.0175 UserPurge1: 1    10236   56.72%
      0     0        0.0076     2        0.0175 UserPurge1: 1    10237   56.72%
      0     0        0.0076     2        0.0175 UserPurge1: 1    10238   56.72%
      0     0        0.0076     2        0.0175 UserPurge1: 1    10239   56.72%
      0     0        0.0076     2        0.0175 UserPurge1: 1    10240   56.72%
      0     0        0.0076     2        0.0175 UserPurge1: 1    10241   56.72%
      0     0        0.0076     2        0.0175 UserPurge1: 1    10242   56.72%
      0     0        0.0076     2        0.0175 UserPurge1: 1    10243   56.72%
      0     0        0.0076     2        0.0175 UserPurge1: 1    10244   56.72%
      0     0        0.0076     2        0.0175 UserPurge1: 1    10245   56.72%
      0     0        0.0076     2        0.0175 UserPurge1: 1    10246   56.72%
      0     0        0.0076     2        0.0175 UserPurge1: 1    10247   56.72%
      0     0        0.0076     2        0.0175 UserPurge1: 1    10248   56.72%
      0     0        0.0076     2        0.0175 UserPurge1: 1    10249   56.72%
      0     0        0.0076     2        0.0175 UserPurge1: 1    10250   56.72%
      0     0        0.0076     2        0.0175 UserPurge1: 1    10251   56.72%
      0     0        0.0076     2        0.0175 UserPurge1: 1    10252   56.72%
      0     0        0.0076     2        0.0175 UserPurge1: 1    10253   56.72%
      0     0        0.0076     2        0.0175 UserPurge1: 1    10254   56.72%
      0     0        0.0076     2        0.0175 UserPurge1: 1    10255   56.72%
      0     0        0.0076     2        0.0175 UserPurge1: 1    10256   56.72%
      0     0        0.0076     2        0.0175 UserPurge1: 1    10257   56.72%
      0     0        0.0076     2        0.0175 UserPurge1: 1    10258   56.72%
      0     0        0.0076     2        0.0175 UserPurge1: 1    10259   56.72%
      0     0        0.0076     2        0.0175 UserPurge1: 1    10260   56.72%
      0     0        0.0076     2        0.0175 UserPurge1: 1    10261   56.72%
      0     0        0.0076     2        0.0175 UserPurge1: 1    10262   56.72%
      0     0        0.0076     2        0.0175 UserPurge1: 1    10263   56.72%
      0     0        0.0076     2        0.0175 UserPurge1: 1    10264   56.72%
      0     0        0.0076     2        0.0175 UserPurge1: 1    10265   56.72%
      0     0        0.0076     2        0.0175 UserPurge1: 1    10266   56.72%
      0     0        0.0076     2        0.0175 UserPurge1: 1    10267   56.72%
      0     0        0.0076     2        0.0175 UserPurge1: 1    10268   56.72%
      0     0        0.0076     2        0.0175 UserPurge1: 1    10269   56.72%
      0     0        0.0076     2        0.0175 UserPurge1: 1    10270   56.72%
      0     0        0.0076     2        0.0175 UserPurge1: 1    10271   56.72%
      0     0        0.0076     2        0.0175 UserPurge1: 1    10272   56.72%
      0     0        0.0076     2        0.0175 UserPurge1: 1    10273   56.72%
      0     0        0.0076     2        0.0175 UserPurge1: 1    10274   56.72%
      0     0        0.0076     2        0.0175 UserPurge1: 1    10275   56.72%
      0     0        0.0076     2        0.0175 UserPurge1: 1    10276   56.72%
      0     0        0.0076     2        0.0175 UserPurge1: 1    10277   56.72%
      0     0        0.0076     2        0.0175 UserPurge1: 1    10278   56.72%
      0     0        0.0076     2        0.0175 UserPurge1: 1    10279   56.72%
      0     0        0.0076     2        0.0175 UserPurge1: 1    10280   56.72%
      0     0        0.0076     2        0.0175 UserPurge1: 1    10281   56.72%
      0     0        0.0076     2        0.0175 UserPurge1: 1    10282   56.72%
      0     0        0.0076     2        0.0175 UserPurge1: 1    10283   56.72%
      0     0        0.0076     2        0.0175 UserPurge1: 1    10284   56.72%
      0     0        0.0076     2        0.0175 UserPurge1: 1    10285   56.72%
      0     0        0.0076     2        0.0175 UserPurge1: 1    10286   56.72%
      0     0        0.0076     2        0.0175 UserPurge1: 1    10287   56.72%
      0     0        0.0076     2        0.0175 UserPurge1: 1    10288   56.72%
      0     0        0.0076     2        0.0175 UserPurge1: 1    10289   56.72%
      0     0        0.0076     2        0.0175 UserPurge1: 1    10290   56.72%
      0     0        0.0076     2        0.0175 UserPurge1: 1    10291   56.72%
      0     0        0.0076     2        0.0175 UserPurge1: 1    10292   56.72%
      0     0        0.0076     2        0.0175 UserPurge1: 1    10293   56.72%
      0     0        0.0076     2        0.0175 UserPurge1: 1    10294   56.72%
      0     0        0.0076     2        0.0175 UserPurge1: 1    10295   56.72%
      0     0        0.0076     2        0.0175 UserPurge1: 1    10296   56.72%
      0     0        0.0076     2        0.0175 UserPurge1: 1    10297   56.72%
      0     0        0.0076     2        0.0175 UserPurge1: 1    10298   56.72%
      0     0        0.0076     2        0.0175 UserPurge1: 1    10299   56.72%
      0     0        0.0076     2        0.0175 UserPurge1: 1    10300   56.72%
      0     0        0.0076     2        0.0175 UserPurge1: 1    10301   56.72%
      0     0        0.0076     2        0.0175 UserPurge1: 1    10302   56.72%
      0     0        0.0076     2        0.0175 UserPurge1: 1    10303   56.72%
      0     0        0.0076     2        0.0175 UserPurge1: 1    10304   56.72%
      0     0        0.0076     2        0.0175 UserPurge1: 1    10305   56.72%
      0     0        0.0076     2        0.0175 UserPurge1: 1    10306   56.72%
      0     0        0.0076     2        0.0175 UserPurge1: 1    10307   56.72%
      0     0        0.0076     2        0.0175 UserPurge1: 1    10308   56.72%
      0     0        0.0076     2        0.0175 UserPurge1: 1    10309   56.72%
      0     0        0.0076     2        0.0175 UserPurge1: 1    10310   56.72%
      0     0        0.0076     2        0.0175 UserPurge1: 1    10311   56.72%
      0     0        0.0076     2        0.0175 UserPurge1: 1    10312   56.72%
      0     0        0.0076     2        0.0175 UserPurge1: 1    10313   56.72%
      0     0        0.0076     2        0.0175 UserPurge1: 1    10314   56.72%
      0     0        0.0076     2        0.0175 UserPurge1: 1    10315   56.72%
      0     0        0.0076     2        0.0175 UserPurge1: 1    10316   56.72%
      0     0        0.0076     2        0.0175 UserPurge1: 1    10317   56.72%
      0     0        0.0076     2        0.0175 UserPurge1: 1    10318   56.72%
      0     0        0.0076     2        0.0175 UserPurge1: 1    10319   56.72%
      0     0        0.0076     2        0.0175 UserPurge1: 1    10320   56.72%
      0     0        0.0076     2        0.0175 UserPurge1: 1    10321   56.72%
      0     0        0.0076     2        0.0175 UserPurge1: 1    10322   56.72%
      0     0        0.0076     2        0.0175 UserPurge1: 1    10323   56.72%
      0     0        0.0076     2        0.0175 UserPurge1: 1    10324   56.72%
      0     0        0.0076     2        0.0175 UserPurge1: 1    10325   56.72%
      0     0        0.0076     2        0.0175 UserPurge1: 1    10326   56.72%
      0     0        0.0076     2        0.0175 UserPurge1: 1    10327   56.72%
      0     0        0.0076     2        0.0175 UserPurge1: 1    10328   56.72%
      0     0        0.0076     2        0.0175 UserPurge1: 1    10329   56.72%
      0     0        0.0076     2        0.0175 UserPurge1: 1    10330   56.72%
      0     0        0.0076     2        0.0175 UserPurge1: 1    10331   56.72%
      0     0        0.0076     2        0.0175 UserPurge1: 1    10332   56.72%
      0     0        0.0076     2        0.0175 UserPurge1: 1    10333   56.72%
      0     0        0.0076     2        0.0175 UserPurge1: 1    10334   56.72%
      0     0        0.0076     2        0.0175 UserPurge1: 1    10335   56.72%
      0     0        0.0076     2        0.0175 UserPurge1: 1    10336   56.72%
      0     0        0.0076     2        0.0175 UserPurge1: 1    10337   56.72%
      0     0        0.0076     2        0.0175 UserPurge1: 1    10338   56.72%
      0     0        0.0076     2        0.0175 UserPurge1: 1    10339   56.72%
      0     0        0.0076     2        0.0175 UserPurge1: 1    10340   56.72%
      0     0        0.0076     2        0.0175 UserPurge1: 1    10341   56.72%
      0     0        0.0076     2        0.0175 UserPurge1: 1    10342   56.72%
      0     0        0.0076     2        0.0175 UserPurge1: 1    10343   56.72%
      0     0        0.0076     2        0.0175 UserPurge1: 1    10344   56.72%
      0     0        0.0076     2        0.0175 UserPurge1: 1    10345   56.72%
      0     0        0.0076     2        0.0175 UserPurge1: 1    10346   56.72%
      0     0        0.0076     2        0.0175 UserPurge1: 1    10347   56.72%
      0     0        0.0076     2        0.0175 UserPurge1: 1    10348   56.72%
      0     0        0.0076     2        0.0175 UserPurge1: 1    10349   56.72%
      0     0        0.0076     2        0.0175 UserPurge1: 1    10350   56.72%
      0     0        0.0076     2        0.0175 UserPurge1: 1    10351   56.72%
      0     0        0.0076     2        0.0175 UserPurge1: 1    10352   56.72%
      0     0        0.0076     2        0.0175 UserPurge1: 1    10353   56.72%
      0     0        0.0076     2        0.0175 UserPurge1: 1    10354   56.72%
      0     0        0.0076     2        0.0175 UserPurge1: 1    10355   56.72%
      0     0        0.0076     2        0.0175 UserPurge1: 1    10356   56.72%
      0     0        0.0076     2        0.0175 UserPurge1: 1    10357   56.72%
      0     0        0.0076     2        0.0175 UserPurge1: 1    10358   56.72%
      0     0        0.0076     2        0.0175 UserPurge1: 1    10359   56.72%
      0     0        0.0076     2        0.0175 UserPurge1: 1    10360   56.72%
      0     0        0.0076     2        0.0175 UserPurge1: 1    10361   56.72%
      0     0        0.0076     2        0.0175 UserPurge1: 1    10362   56.72%
      0     0        0.0076     2        0.0175 UserPurge1: 1    10363   56.72%
      0     0        0.0076     2        0.0175 UserPurge1: 1    10364   56.72%
      0     0        0.0076     2        0.0175 UserPurge1: 1    10365   56.72%
      0     0        0.0076     2        0.0175 UserPurge1: 1    10366   56.72%
      0     0        0.0076     2        0.0175 UserPurge1: 1    10367   56.72%
      0     0        0.0076     2        0.0175 UserPurge1: 1    10368   56.72%
      0     0        0.0076     2        0.0175 UserPurge1: 1    10369   56.72%
      0     0        0.0076     2        0.0175 UserPurge1: 1    10370   56.72%
      0     0        0.0076     2        0.0175 UserPurge1: 1    10371   56.72%
      0     0        0.0076     2        0.0175 UserPurge1: 1    10372   56.72%
      0     0        0.0076     2        0.0175 UserPurge1: 1    10373   56.72%
      0     0        0.0076     2        0.0175 UserPurge1: 1    10374   56.72%
      0     0        0.0076     2        0.0175 UserPurge1: 1    10375   56.72%
      0     0        0.0076     2        0.0175 UserPurge1: 1    10376   56.72%
      0     0        0.0076     2        0.0175 UserPurge1: 1    10377   56.72%
      0     0        0.0076     2        0.0175 UserPurge1: 1    10378   56.72%
      0     0        0.0076     2        0.0175 UserPurge1: 1    10379   56.72%
      0     0        0.0076     2        0.0175 UserPurge1: 1    10380   56.72%
      0     0        0.0076     2        0.0175 UserPurge1: 1    10381   56.72%
      0     0        0.0076     2        0.0175 UserPurge1: 1    10382   56.72%
      0     0        0.0076     2        0.0175 UserPurge1: 1    10383   56.72%
      0     0        0.0076     2        0.0175 UserPurge1: 1    10384   56.72%
      0     0        0.0076     2        0.0175 UserPurge1: 1    10385   56.72%
      0     0        0.0076     2        0.0175 UserPurge1: 1    10386   56.72%
      0     0        0.0076     2        0.0175 UserPurge1: 1    10387   56.72%
      0     0        0.0076     2        0.0175 UserPurge1: 1    10388   56.72%
      0     0        0.0076     2        0.0175 UserPurge1: 1    10389   56.72%
      0     0        0.0076     2        0.0175 UserPurge1: 1    10390   56.72%
      0     0        0.0076     2        0.0175 UserPurge1: 1    10391   56.72%
      0     0        0.0076     2        0.0175 UserPurge1: 1    10392   56.72%
      0     0        0.0076     2        0.0175 UserPurge1: 1    10393   56.72%
      0     0        0.0076     2        0.0175 UserPurge1: 1    10394   56.72%
      0     0        0.0076     2        0.0175 UserPurge1: 1    10395   56.72%
      0     0        0.0076     2        0.0175 UserPurge1: 1    10396   56.72%
      0     0        0.0076     2        0.0175 UserPurge1: 1    10397   56.72%
      0     0        0.0076     2        0.0175 UserPurge1: 1    10398   56.72%
      0     0        0.0076     2        0.0175 UserPurge1: 1    10399   56.72%
      0     0        0.0076     2        0.0175 UserPurge1: 1    10400   56.72%
      0     0        0.0076     2        0.0175 UserPurge1: 1    10401   56.72%
      0     0        0.0076     2        0.0175 UserPurge1: 1    10402   56.72%
      0     0        0.0076     2        0.0175 UserPurge1: 1    10403   56.72%
      0     0        0.0076     2        0.0175 UserPurge1: 1    10404   56.72%
      0     0        0.0076     2        0.0175 UserPurge1: 1    10405   56.72%
      0     0        0.0076     2        0.0175 UserPurge1: 1    10406   56.72%
      0     0        0.0076     2        0.0175 UserPurge1: 1    10407   56.72%
      0     0        0.0076     2        0.0175 UserPurge1: 1    10408   56.72%
      0     0        0.0076     2        0.0175 UserPurge1: 1    10409   56.72%
      0     0        0.0076     2        0.0175 UserPurge1: 1    10410   56.72%
      0     0        0.0076     2        0.0175 UserPurge1: 1    10411   56.72%
      0     0        0.0076     2        0.0175 UserPurge1: 1    10412   56.72%
      0     0        0.0076     2        0.0175 UserPurge1: 1    10413   56.72%
      0     0        0.0076     2        0.0175 UserPurge1: 1    10414   56.72%
      0     0        0.0076     2        0.0175 UserPurge1: 1    10415   56.72%
      0     0        0.0076     2        0.0175 UserPurge1: 1    10416   56.72%
      0     0        0.0076     2        0.0175 UserPurge1: 1    10417   56.72%
      0     0        0.0076     2        0.0175 UserPurge1: 1    10418   56.72%
      0     0        0.0076     2        0.0175 UserPurge1: 1    10419   56.72%
      0     0        0.0076     2        0.0175 UserPurge1: 1    10420   56.72%
      0     0        0.0076     2        0.0175 UserPurge1: 1    10421   56.72%
      0     0        0.0076     2        0.0175 UserPurge1: 1    10422   56.72%
      0     0        0.0076     2        0.0175 UserPurge1: 1    10423   56.72%
      0     0        0.0076     2        0.0175 UserPurge1: 1    10424   56.72%
      0     0        0.0076     2        0.0175 UserPurge1: 1    10425   56.72%
      0     0        0.0076     2        0.0175 UserPurge1: 1    10426   56.72%
      0     0        0.0076     2        0.0175 UserPurge1: 1    10427   56.72%
      0     0        0.0076     2        0.0175 UserPurge1: 1    10428   56.72%
      0     0        0.0076     2        0.0175 UserPurge1: 1    10429   56.72%
      0     0        0.0076     2        0.0175 UserPurge1: 1    10430   56.72%
      0     0        0.0076     2        0.0175 UserPurge1: 1    10431   56.72%
      0     0        0.0076     2        0.0175 UserPurge1: 1    10432   56.72%
      0     0        0.0076     2        0.0175 UserPurge1: 1    10433   56.72%
      0     0        0.0076     2        0.0175 UserPurge1: 1    10434   56.72%
      0     0        0.0076     2        0.0175 UserPurge1: 1    10435   56.72%
      0     0        0.0076     2        0.0175 UserPurge1: 1    10436   56.72%
      0     0        0.0076     2        0.0175 UserPurge1: 1    10437   56.72%
      0     0        0.0076     2        0.0175 UserPurge1: 1    10438   56.72%
      0     0        0.0076     2        0.0175 UserPurge1: 1    10439   56.72%
      0     0        0.0076     2        0.0175 UserPurge1: 1    10440   56.72%
      0     0        0.0076     2        0.0175 UserPurge1: 1    10441   56.72%
      0     0        0.0076     2        0.0175 UserPurge1: 1    10442   56.72%
      0     0        0.0076     2        0.0175 UserPurge1: 1    10443   56.72%
      0     0        0.0076     2        0.0175 UserPurge1: 1    10444   56.72%
      0     0        0.0076     2        0.0175 UserPurge1: 1    10445   56.72%
      0     0        0.0076     2        0.0175 UserPurge1: 1    10446   56.72%
      0     0        0.0076     2        0.0175 UserPurge1: 1    10447   56.72%
      0     0        0.0076     2        0.0175 UserPurge1: 1    10448   56.72%
      0     0        0.0076     2        0.0175 UserPurge1: 1    10449   56.72%
      0     0        0.0076     2        0.0175 UserPurge1: 1    10450   56.72%
      0     0        0.0076     2        0.0175 UserPurge1: 1    10451   56.72%
      0     0        0.0076     2        0.0175 UserPurge1: 1    10452   56.72%
      0     0        0.0076     2        0.0175 UserPurge1: 1    10453   56.72%
      0     0        0.0076     2        0.0175 UserPurge1: 1    10454   56.72%
      0     0        0.0076     2        0.0175 UserPurge1: 1    10455   56.72%
      0     0        0.0076     2        0.0175 UserPurge1: 1    10456   56.72%
      0     0        0.0076     2        0.0175 UserPurge1: 1    10457   56.72%
      0     0        0.0076     2        0.0175 UserPurge1: 1    10458   56.72%
      0     0        0.0076     2        0.0175 UserPurge1: 1    10459   56.72%
      0     0        0.0076     2        0.0175 UserPurge1: 1    10460   56.72%
      0     0        0.0076     2        0.0175 UserPurge1: 1    10461   56.72%
      0     0        0.0076     2        0.0175 UserPurge1: 1    10462   56.72%
      0     0        0.0076     2        0.0175 UserPurge1: 1    10463   56.72%
      0     0        0.0076     2        0.0175 UserPurge1: 1    10464   56.72%
      0     0        0.0076     2        0.0175 UserPurge1: 1    10465   56.72%
      0     0        0.0076     2        0.0175 UserPurge1: 1    10466   56.72%
      0     0        0.0076     2        0.0175 UserPurge1: 1    10467   56.72%
      0     0        0.0076     2        0.0175 UserPurge1: 1    10468   56.72%
      0     0        0.0076     2        0.0175 UserPurge1: 1    10469   56.72%
      0     0        0.0076     2        0.0175 UserPurge1: 1    10470   56.72%
      0     0        0.0076     2        0.0175 UserPurge1: 1    10471   56.72%
      0     0        0.0076     2        0.0175 UserPurge1: 1    10472   56.72%
      0     0        0.0076     2        0.0175 UserPurge1: 1    10473   56.72%
      0     0        0.0076     2        0.0175 UserPurge1: 1    10474   56.72%
      0     0        0.0076     2        0.0175 UserPurge1: 1    10475   56.72%
      0     0        0.0076     2        0.0175 UserPurge1: 1    10476   56.72%
      0     0        0.0076     2        0.0175 UserPurge1: 1    10477   56.72%
      0     0        0.0076     2        0.0175 UserPurge1: 1    10478   56.72%
      0     0        0.0076     2        0.0175 UserPurge1: 1    10479   56.72%
      0     0        0.0076     2        0.0175 UserPurge1: 1    10480   56.72%
      0     0        0.0076     2        0.0175 UserPurge1: 1    10481   56.72%
      0     0        0.0076     2        0.0175 UserPurge1: 1    10482   56.72%
      0     0        0.0076     2        0.0175 UserPurge1: 1    10483   56.72%
      0     0        0.0076     2        0.0175 UserPurge1: 1    10484   56.72%
      0     0        0.0076     2        0.0175 UserPurge1: 1    10485   56.72%
      0     0        0.0076     2        0.0175 UserPurge1: 1    10486   56.72%
      0     0        0.0076     2        0.0175 UserPurge1: 1    10487   56.72%
      0     0        0.0076     2        0.0175 UserPurge1: 1    10488   56.72%
      0     0        0.0076     2        0.0175 UserPurge1: 1    10489   56.72%
      0     0        0.0076     2        0.0175 UserPurge1: 1    10490   56.72%
      0     0        0.0076     2        0.0175 UserPurge1: 1    10491   56.72%
      0     0        0.0076     2        0.0175 UserPurge1: 1    10492   56.72%
      0     0        0.0076     2        0.0175 UserPurge1: 1    10493   56.72%
      0     0        0.0076     2        0.0175 UserPurge1: 1    10494   56.72%
      0     0        0.0076     2        0.0175 UserPurge1: 1    10495   56.72%
      0     0        0.0076     2        0.0175 UserPurge1: 1    10496   56.72%
      0     0        0.0076     2        0.0175 UserPurge1: 1    10497   56.72%
      0     0        0.0076     2        0.0175 UserPurge1: 1    10498   56.72%
      0     0        0.0076     2        0.0175 UserPurge1: 1    10499   56.72%
      0     0        0.0076     2        0.0175 UserPurge1: 1    10500   56.72%
      0     0        0.0076     2        0.0175 UserPurge1: 1    10501   56.72%
      0     0        0.0076     2        0.0175 UserPurge1: 1    10502   56.72%
      0     0        0.0076     2        0.0175 UserPurge1: 1    10503   56.72%
      0     0        0.0076     2        0.0175 UserPurge1: 1    10504   56.72%
      0     0        0.0076     2        0.0175 UserPurge1: 1    10505   56.72%
      0     0        0.0076     2        0.0175 UserPurge1: 1    10506   56.72%
      0     0        0.0076     2        0.0175 UserPurge1: 1    10507   56.72%
      0     0        0.0076     2        0.0175 UserPurge1: 1    10508   56.72%
      0     0        0.0076     2        0.0175 UserPurge1: 1    10509   56.72%
      0     0        0.0076     2        0.0175 UserPurge1: 1    10510   56.72%
      0     0        0.0076     2        0.0175 UserPurge1: 1    10511   56.72%
      0     0        0.0076     2        0.0175 UserPurge1: 1    10512   56.72%
      0     0        0.0076     2        0.0175 UserPurge1: 1    10513   56.72%
      0     0        0.0076     2        0.0175 UserPurge1: 1    10514   56.72%
      0     0        0.0076     2        0.0175 UserPurge1: 1    10515   56.72%
      0     0        0.0076     2        0.0175 UserPurge1: 1    10516   56.72%
      0     0        0.0076     2        0.0175 UserPurge1: 1    10517   56.72%
      0     0        0.0076     2        0.0175 UserPurge1: 1    10518   56.72%
      0     0        0.0076     2        0.0175 UserPurge1: 1    10519   56.72%
      0     0        0.0076     2        0.0175 UserPurge1: 1    10520   56.72%
      0     0        0.0076     2        0.0175 UserPurge1: 1    10521   56.72%
      0     0        0.0076     2        0.0175 UserPurge1: 1    10522   56.72%
      0     0        0.0076     2        0.0175 UserPurge1: 1    10523   56.72%
      0     0        0.0076     2        0.0175 UserPurge1: 1    10524   56.72%
      0     0        0.0076     2        0.0175 UserPurge1: 1    10525   56.72%
      0     0        0.0076     2        0.0175 UserPurge1: 1    10526   56.72%
      0     0        0.0076     2        0.0175 UserPurge1: 1    10527   56.72%
      0     0        0.0076     2        0.0175 UserPurge1: 1    10528   56.72%
      0     0        0.0076     2        0.0175 UserPurge1: 1    10529   56.72%
      0     0        0.0076     2        0.0175 UserPurge1: 1    10530   56.72%
      0     0        0.0076     2        0.0175 UserPurge1: 1    10531   56.72%
      0     0        0.0076     2        0.0175 UserPurge1: 1    10532   56.72%
      0     0        0.0076     2        0.0175 UserPurge1: 1    10533   56.72%
      0     0        0.0076     2        0.0175 UserPurge1: 1    10534   56.72%
      0     0        0.0076     2        0.0175 UserPurge1: 1    10535   56.72%
      0     0        0.0076     2        0.0175 UserPurge1: 1    10536   56.72%
      0     0        0.0076     2        0.0175 UserPurge1: 1    10537   56.72%
      0     0        0.0076     2        0.0175 UserPurge1: 1    10538   56.72%
      0     0        0.0076     2        0.0175 UserPurge1: 1    10539   56.72%
      0     0        0.0076     2        0.0175 UserPurge1: 1    10540   56.72%
      0     0        0.0076     2        0.0175 UserPurge1: 1    10541   56.72%
      0     0        0.0076     2        0.0175 UserPurge1: 1    10542   56.72%
      0     0        0.0076     2        0.0175 UserPurge1: 1    10543   56.72%
      0     0        0.0076     2        0.0175 UserPurge1: 1    10544   56.72%
      0     0        0.0076     2        0.0175 UserPurge1: 1    10545   56.72%
      0     0        0.0076     2        0.0175 UserPurge1: 1    10546   56.72%
      0     0        0.0076     2        0.0175 UserPurge1: 1    10547   56.72%
      0     0        0.0076     2        0.0175 UserPurge1: 1    10548   56.72%
      0     0        0.0076     2        0.0175 UserPurge1: 1    10549   56.72%
      0     0        0.0076     2        0.0175 UserPurge1: 1    10550   56.72%
      0     0        0.0076     2        0.0175 UserPurge1: 1    10551   56.72%
      0     0        0.0076     2        0.0175 UserPurge1: 1    10552   56.72%
      0     0        0.0076     2        0.0175 UserPurge1: 1    10553   56.72%
      0     0        0.0076     2        0.0175 UserPurge1: 1    10554   56.72%
      0     0        0.0076     2        0.0175 UserPurge1: 1    10555   56.72%
      0     0        0.0076     2        0.0175 UserPurge1: 1    10556   56.72%
      0     0        0.0076     2        0.0175 UserPurge1: 1    10557   56.72%
      0     0        0.0076     2        0.0175 UserPurge1: 1    10558   56.72%
      0     0        0.0076     2        0.0175 UserPurge1: 1    10559   56.72%
      0     0        0.0076     2        0.0175 UserPurge1: 1    10560   56.72%
      0     0        0.0076     2        0.0175 UserPurge1: 1    10561   56.72%
      0     0        0.0076     2        0.0175 UserPurge1: 1    10562   56.72%
      0     0        0.0076     2        0.0175 UserPurge1: 1    10563   56.72%
      0     0        0.0076     2        0.0175 UserPurge1: 1    10564   56.72%
      0     0        0.0076     2        0.0175 UserPurge1: 1    10565   56.72%
      0     0        0.0076     2        0.0175 UserPurge1: 1    10566   56.72%
      0     0        0.0076     2        0.0175 UserPurge1: 1    10567   56.72%
      0     0        0.0076     2        0.0175 UserPurge1: 1    10568   56.72%
      0     0        0.0076     2        0.0175 UserPurge1: 1    10569   56.72%
      0     0        0.0076     2        0.0175 UserPurge1: 1    10570   56.72%
      0     0        0.0076     2        0.0175 UserPurge1: 1    10571   56.72%
      0     0        0.0076     2        0.0175 UserPurge1: 1    10572   56.72%
      0     0        0.0076     2        0.0175 UserPurge1: 1    10573   56.72%
      0     0        0.0076     2        0.0175 UserPurge1: 1    10574   56.72%
      0     0        0.0076     2        0.0175 UserPurge1: 1    10575   56.72%
      0     0        0.0076     2        0.0175 UserPurge1: 1    10576   56.72%
      0     0        0.0076     2        0.0175 UserPurge1: 1    10577   56.72%
      0     0        0.0076     2        0.0175 UserPurge1: 1    10578   56.72%
      0     0        0.0076     2        0.0175 UserPurge1: 1    10579   56.72%
      0     0        0.0076     2        0.0175 UserPurge1: 1    10580   56.72%
      0     0        0.0076     2        0.0175 UserPurge1: 1    10581   56.72%
      0     0        0.0076     2        0.0175 UserPurge1: 1    10582   56.72%
      0     0        0.0076     2        0.0175 UserPurge1: 1    10583   56.72%
      0     0        0.0076     2        0.0175 UserPurge1: 1    10584   56.72%
      0     0        0.0076     2        0.0175 UserPurge1: 1    10585   56.72%
      0     0        0.0076     2        0.0175 UserPurge1: 1    10586   56.72%
      0     0        0.0076     2        0.0175 UserPurge1: 1    10587   56.72%
      0     0        0.0076     2        0.0175 UserPurge1: 1    10588   56.72%
      0     0        0.0076     2        0.0175 UserPurge1: 1    10589   56.72%
      0     0        0.0076     2        0.0175 UserPurge1: 1    10590   56.72%
      0     0        0.0076     2        0.0175 UserPurge1: 1    10591   56.72%
      0     0        0.0076     2        0.0175 UserPurge1: 1    10592   56.72%
      0     0        0.0076     2        0.0175 UserPurge1: 1    10593   56.72%
      0     0        0.0076     2        0.0175 UserPurge1: 1    10594   56.72%
      0     0        0.0076     2        0.0175 UserPurge1: 1    10595   56.72%
      0     0        0.0076     2        0.0175 UserPurge1: 1    10596   56.72%
      0     0        0.0076     2        0.0175 UserPurge1: 1    10597   56.72%
      0     0        0.0076     2        0.0175 UserPurge1: 1    10598   56.72%
      0     0        0.0076     2        0.0175 UserPurge1: 1    10599   56.72%
      0     0        0.0076     2        0.0175 UserPurge1: 1    10600   56.72%
      0     0        0.0076     2        0.0175 UserPurge1: 1    10601   56.72%
      0     0        0.0076     2        0.0175 UserPurge1: 1    10602   56.72%
      0     0        0.0076     2        0.0175 UserPurge1: 1    10603   56.72%
      0     0        0.0076     2        0.0175 UserPurge1: 1    10604   56.72%
      0     0        0.0076     2        0.0175 UserPurge1: 1    10605   56.72%
      0     0        0.0076     2        0.0175 UserPurge1: 1    10606   56.72%
      0     0        0.0076     2        0.0175 UserPurge1: 1    10607   56.72%
      0     0        0.0076     2        0.0175 UserPurge1: 1    10608   56.72%
      0     0        0.0076     2        0.0175 UserPurge1: 1    10609   56.72%
      0     0        0.0076     2        0.0175 UserPurge1: 1    10610   56.72%
      0     0        0.0076     2        0.0175 UserPurge1: 1    10611   56.72%
      0     0        0.0076     2        0.0175 UserPurge1: 1    10612   56.72%
      0     0        0.0076     2        0.0175 UserPurge1: 1    10613   56.72%
      0     0        0.0076     2        0.0175 UserPurge1: 1    10614   56.72%
      0     0        0.0076     2        0.0175 UserPurge1: 1    10615   56.72%
      0     0        0.0076     2        0.0175 UserPurge1: 1    10616   56.72%
      0     0        0.0076     2        0.0175 UserPurge1: 1    10617   56.72%
      0     0        0.0076     2        0.0175 UserPurge1: 1    10618   56.72%
      0     0        0.0076     2        0.0175 UserPurge1: 1    10619   56.72%
      0     0        0.0076     2        0.0175 UserPurge1: 1    10620   56.72%
      0     0        0.0076     2        0.0175 UserPurge1: 1    10621   56.72%
      0     0        0.0076     2        0.0175 UserPurge1: 1    10622   56.72%
      0     0        0.0076     2        0.0175 UserPurge1: 1    10623   56.72%
      0     0        0.0076     2        0.0175 UserPurge1: 1    10624   56.72%
      0     0        0.0076     2        0.0175 UserPurge1: 1    10625   56.72%
      0     0        0.0076     2        0.0175 UserPurge1: 1    10626   56.72%
      0     0        0.0076     2        0.0175 UserPurge1: 1    10627   56.72%
      0     0        0.0076     2        0.0175 UserPurge1: 1    10628   56.72%
      0     0        0.0076     2        0.0175 UserPurge1: 1    10629   56.72%
      0     0        0.0076     2        0.0175 UserPurge1: 1    10630   56.72%
      0     0        0.0076     2        0.0175 UserPurge1: 1    10631   56.72%
      0     0        0.0076     2        0.0175 UserPurge1: 1    10632   56.72%
      0     0        0.0076     2        0.0175 UserPurge1: 1    10633   56.72%
      0     0        0.0076     2        0.0175 UserPurge1: 1    10634   56.72%
      0     0        0.0076     2        0.0175 UserPurge1: 1    10635   56.72%
      0     0        0.0076     2        0.0175 UserPurge1: 1    10636   56.72%
      0     0        0.0076     2        0.0175 UserPurge1: 1    10637   56.72%
      0     0        0.0076     2        0.0175 UserPurge1: 1    10638   56.72%
      0     0        0.0076     2        0.0175 UserPurge1: 1    10639   56.72%
      0     0        0.0076     2        0.0175 UserPurge1: 1    10640   56.72%
      0     0        0.0076     2        0.0175 UserPurge1: 1    10641   56.72%
      0     0        0.0076     2        0.0175 UserPurge1: 1    10642   56.72%
      0     0        0.0076     2        0.0175 UserPurge1: 1    10643   56.72%
      0     0        0.0076     2        0.0175 UserPurge1: 1    10644   56.72%
      0     0        0.0076     2        0.0175 UserPurge1: 1    10645   56.72%
      0     0        0.0076     2        0.0175 UserPurge1: 1    10646   56.72%
      0     0        0.0076     2        0.0175 UserPurge1: 1    10647   56.72%
      0     0        0.0076     2        0.0175 UserPurge1: 1    10648   56.72%
      0     0        0.0076     2        0.0175 UserPurge1: 1    10649   56.72%
      0     0        0.0076     2        0.0175 UserPurge1: 1    10650   56.72%
      0     0        0.0076     2        0.0175 UserPurge1: 1    10651   56.72%
      0     0        0.0076     2        0.0175 UserPurge1: 1    10652   56.72%
      0     0        0.0076     2        0.0175 UserPurge1: 1    10653   56.72%
      0     0        0.0076     2        0.0175 UserPurge1: 1    10654   56.72%
      0     0        0.0076     2        0.0175 UserPurge1: 1    10655   56.72%
      0     0        0.0076     2        0.0175 UserPurge1: 1    10656   56.72%
      0     0        0.0076     2        0.0175 UserPurge1: 1    10657   56.72%
      0     0        0.0076     2        0.0175 UserPurge1: 1    10658   56.72%
      0     0        0.0076     2        0.0175 UserPurge1: 1    10659   56.72%
      0     0        0.0076     2        0.0175 UserPurge1: 1    10660   56.72%
      0     0        0.0076     2        0.0175 UserPurge1: 1    10661   56.72%
      0     0        0.0076     2        0.0175 UserPurge1: 1    10662   56.72%
      0     0        0.0076     2        0.0175 UserPurge1: 1    10663   56.72%
      0     0        0.0076     2        0.0175 UserPurge1: 1    10664   56.72%
      0     0        0.0076     2        0.0175 UserPurge1: 1    10665   56.72%
      0     0        0.0076     2        0.0175 UserPurge1: 1    10666   56.72%
      0     0        0.0076     2        0.0175 UserPurge1: 1    10667   56.72%
      0     0        0.0076     2        0.0175 UserPurge1: 1    10668   56.72%
      0     0        0.0076     2        0.0175 UserPurge1: 1    10669   56.72%
      0     0        0.0076     2        0.0175 UserPurge1: 1    10670   56.72%
      0     0        0.0076     2        0.0175 UserPurge1: 1    10671   56.72%
      0     0        0.0076     2        0.0175 UserPurge1: 1    10672   56.72%
      0     0        0.0076     2        0.0175 UserPurge1: 1    10673   56.72%
      0     0        0.0076     2        0.0175 UserPurge1: 1    10674   56.72%
      0     0        0.0076     2        0.0175 UserPurge1: 1    10675   56.72%
      0     0        0.0076     2        0.0175 UserPurge1: 1    10676   56.72%
      0     0        0.0076     2        0.0175 UserPurge1: 1    10677   56.72%
      0     0        0.0076     2        0.0175 UserPurge1: 1    10678   56.72%
      0     0        0.0076     2        0.0175 UserPurge1: 1    10679   56.72%
      0     0        0.0076     2        0.0175 UserPurge1: 1    10680   56.72%
      0     0        0.0076     2        0.0175 UserPurge1: 1    10681   56.72%
      0     0        0.0076     2        0.0175 UserPurge1: 1    10682   56.72%
      0     0        0.0076     2        0.0175 UserPurge1: 1    10683   56.72%
      0     0        0.0076     2        0.0175 UserPurge1: 1    10684   56.72%
      0     0        0.0076     2        0.0175 UserPurge1: 1    10685   56.72%
      0     0        0.0076     2        0.0175 UserPurge1: 1    10686   56.72%
      0     0        0.0076     2        0.0175 UserPurge1: 1    10687   56.72%
      0     0        0.0076     2        0.0175 UserPurge1: 1    10688   56.72%
      0     0        0.0076     2        0.0175 UserPurge1: 1    10689   56.72%
      0     0        0.0076     2        0.0175 UserPurge1: 1    10690   56.72%
      0     0        0.0076     2        0.0175 UserPurge1: 1    10691   56.72%
      0     0        0.0076     2        0.0175 UserPurge1: 1    10692   56.72%
      0     0        0.0076     2        0.0175 UserPurge1: 1    10693   56.72%
      0     0        0.0076     2        0.0175 UserPurge1: 1    10694   56.72%
      0     0        0.0076     2        0.0175 UserPurge1: 1    10695   56.72%
      0     0        0.0076     2        0.0175 UserPurge1: 1    10696   56.72%
      0     0        0.0076     2        0.0175 UserPurge1: 1    10697   56.72%
      0     0        0.0076     2        0.0175 UserPurge1: 1    10698   56.72%
      0     0        0.0076     2        0.0175 UserPurge1: 1    10699   56.72%
      0     0        0.0076     2        0.0175 UserPurge1: 1    10700   56.72%
      0     0        0.0076     2        0.0175 UserPurge1: 1    10701   56.72%
      0     0        0.0076     2        0.0175 UserPurge1: 1    10702   56.72%
      0     0        0.0076     2        0.0175 UserPurge1: 1    10703   56.72%
      0     0        0.0076     2        0.0175 UserPurge1: 1    10704   56.72%
      0     0        0.0076     2        0.0175 UserPurge1: 1    10705   56.72%
      0     0        0.0076     2        0.0175 UserPurge1: 1    10706   56.72%
      0     0        0.0076     2        0.0175 UserPurge1: 1    10707   56.72%
      0     0        0.0076     2        0.0175 UserPurge1: 1    10708   56.72%
      0     0        0.0076     2        0.0175 UserPurge1: 1    10709   56.72%
      0     0        0.0076     2        0.0175 UserPurge1: 1    10710   56.72%
      0     0        0.0076     2        0.0175 UserPurge1: 1    10711   56.72%
      0     0        0.0076     2        0.0175 UserPurge1: 1    10712   56.72%
      0     0        0.0076     2        0.0175 UserPurge1: 1    10713   56.72%
      0     0        0.0076     2        0.0175 UserPurge1: 1    10714   56.72%
      0     0        0.0076     2        0.0175 UserPurge1: 1    10715   56.72%
      0     0        0.0076     2        0.0175 UserPurge1: 1    10716   56.72%
      0     0        0.0076     2        0.0175 UserPurge1: 1    10717   56.72%
      0     0        0.0076     2        0.0175 UserPurge1: 1    10718   56.72%
      0     0        0.0076     2        0.0175 UserPurge1: 1    10719   56.72%
      0     0        0.0076     2        0.0175 UserPurge1: 1    10720   56.72%
      0     0        0.0076     2        0.0175 UserPurge1: 1    10721   56.72%
      0     0        0.0076     2        0.0175 UserPurge1: 1    10722   56.72%
      0     0        0.0076     2        0.0175 UserPurge1: 1    10723   56.72%
      0     0        0.0076     2        0.0175 UserPurge1: 1    10724   56.72%
      0     0        0.0076     2        0.0175 UserPurge1: 1    10725   56.72%
      0     0        0.0076     2        0.0175 UserPurge1: 1    10726   56.72%
      0     0        0.0076     2        0.0175 UserPurge1: 1    10727   56.72%
      0     0        0.0076     2        0.0175 UserPurge1: 1    10728   56.72%
      0     0        0.0076     2        0.0175 UserPurge1: 1    10729   56.72%
      0     0        0.0076     2        0.0175 UserPurge1: 1    10730   56.72%
      0     0        0.0076     2        0.0175 UserPurge1: 1    10731   56.72%
      0     0        0.0076     2        0.0175 UserPurge1: 1    10732   56.72%
      0     0        0.0076     2        0.0175 UserPurge1: 1    10733   56.72%
      0     0        0.0076     2        0.0175 UserPurge1: 1    10734   56.72%
      0     0        0.0076     2        0.0175 UserPurge1: 1    10735   56.72%
      0     0        0.0076     2        0.0175 UserPurge1: 1    10736   56.72%
      0     0        0.0076     2        0.0175 UserPurge1: 1    10737   56.72%
      0     0        0.0076     2        0.0175 UserPurge1: 1    10738   56.72%
      0     0        0.0076     2        0.0175 UserPurge1: 1    10739   56.72%
      0     0        0.0076     2        0.0175 UserPurge1: 1    10740   56.72%
      0     0        0.0076     2        0.0175 UserPurge1: 1    10741   56.72%
      0     0        0.0076     2        0.0175 UserPurge1: 1    10742   56.72%
      0     0        0.0076     2        0.0175 UserPurge1: 1    10743   56.72%
      0     0        0.0076     2        0.0175 UserPurge1: 1    10744   56.72%
      0     0        0.0076     2        0.0175 UserPurge1: 1    10745   56.72%
      0     0        0.0076     2        0.0175 UserPurge1: 1    10746   56.72%
      0     0        0.0076     2        0.0175 UserPurge1: 1    10747   56.72%
      0     0        0.0076     2        0.0175 UserPurge1: 1    10748   56.72%
      0     0        0.0076     2        0.0175 UserPurge1: 1    10749   56.72%
      0     0        0.0076     2        0.0175 UserPurge1: 1    10750   56.72%
      0     0        0.0076     2        0.0175 UserPurge1: 1    10751   56.72%
      0     0        0.0076     2        0.0175 UserPurge1: 1    10752   56.72%
      0     0        0.0076     2        0.0175 UserPurge1: 1    10753   56.72%
      0     0        0.0076     2        0.0175 UserPurge1: 1    10754   56.72%
      0     0        0.0076     2        0.0175 UserPurge1: 1    10755   56.72%
      0     0        0.0076     2        0.0175 UserPurge1: 1    10756   56.72%
      0     0        0.0076     2        0.0175 UserPurge1: 1    10757   56.72%
      0     0        0.0076     2        0.0175 UserPurge1: 1    10758   56.72%
      0     0        0.0076     2        0.0175 UserPurge1: 1    10759   56.72%
      0     0        0.0076     2        0.0175 UserPurge1: 1    10760   56.72%
      0     0        0.0076     2        0.0175 UserPurge1: 1    10761   56.72%
      0     0        0.0076     2        0.0175 UserPurge1: 1    10762   56.72%
      0     0        0.0076     2        0.0175 UserPurge1: 1    10763   56.72%
      0     0        0.0076     2        0.0175 UserPurge1: 1    10764   56.72%
      0     0        0.0076     2        0.0175 UserPurge1: 1    10765   56.72%
      0     0        0.0076     2        0.0175 UserPurge1: 1    10766   56.72%
      0     0        0.0076     2        0.0175 UserPurge1: 1    10767   56.72%
      0     0        0.0076     2        0.0175 UserPurge1: 1    10768   56.72%
      0     0        0.0076     2        0.0175 UserPurge1: 1    10769   56.72%
      0     0        0.0076     2        0.0175 UserPurge1: 1    10770   56.72%
      0     0        0.0076     2        0.0175 UserPurge1: 1    10771   56.72%
      0     0        0.0076     2        0.0175 UserPurge1: 1    10772   56.72%
      0     0        0.0076     2        0.0175 UserPurge1: 1    10773   56.72%
      0     0        0.0076     2        0.0175 UserPurge1: 1    10774   56.72%
      0     0        0.0076     2        0.0175 UserPurge1: 1    10775   56.72%
      0     0        0.0076     2        0.0175 UserPurge1: 1    10776   56.72%
      0     0        0.0076     2        0.0175 UserPurge1: 1    10777   56.72%
      0     0        0.0076     2        0.0175 UserPurge1: 1    10778   56.72%
      0     0        0.0076     2        0.0175 UserPurge1: 1    10779   56.72%
      0     0        0.0076     2        0.0175 UserPurge1: 1    10780   56.72%
      0     0        0.0076     2        0.0175 UserPurge1: 1    10781   56.72%

User cuts applied:  137

Root node processing (before b&c):
  Real time             =  180.02 sec. (154022.22 ticks)
Parallel b&c, 4 threads:
  Real time             =    0.00 sec. (0.00 ticks)
  Sync time (average)   =    0.00 sec.
  Wait time (average)   =    0.00 sec.
                          ------------
Total (root+branch&cut) =  180.02 sec. (154022.22 ticks)
